Product Name,Product Price,Old Price,Product Cat,Time Added,Source,Product URL,Brand
Pure Drive Spectra Edition Racket,246.90 €,,Tennis Rackets,2026-09-11 14:51:05,Tennis Warehouse Europe,https://www.tenniswarehouse-europe.com/Babolat_Pure_Drive_Spectra_Edition_Racket_/descpageRCQBA-BPDSPR-EN.html,Babolat
Pure Drive Team Spectra Edition Racket,249.90 €,,Tennis Rackets,2026-09-11 14:51:05,Tennis Warehouse Europe,https://www.tenniswarehouse-europe.com/Babolat_Pure_Drive_Team_Spectra_Edition_Racket_/descpageRCQBA-BPDTSP-EN.html,Babolat
Pure Drive Racket Wimbledon 2026,189.90 €,279.95 €,Tennis Rackets,2026-09-11 14:51:05,Tennis Warehouse Europe,https://www.tenniswarehouse-europe.com/Babolat_Pure_Drive_Racket_Wimbledon_2026/descpageRCQBA-BPDW26-EN.html,Babolat
Pure Drive 2025 Racket,183.89 €,269.95 €,Tennis Rackets,2026-09-11 14:51:05,Tennis Warehouse Europe,https://www.tenniswarehouse-europe.com/Babolat_Pure_Drive_2025_Racket_/descpageRCQBA-BPD25R-EN.html,Babolat
Pure Drive Team 2025 Racket,183.90 €,239.95 €,Tennis Rackets,2026-09-11 14:51:05,Tennis Warehouse Europe,https://www.tenniswarehouse-europe.com/Babolat_Pure_Drive_Team_2025_Racket_/descpageRCQBA-BRPTR-EN.html,Babolat
Pure Drive 98 2025 Racket,205.90 €,299.95 €,Tennis Rackets,2026-09-11 14:51:05,Tennis Warehouse Europe,https://www.tenniswarehouse-europe.com/Babolat_Pure_Drive_98_2025_Racket/descpageRCQBA-PD98R-EN.html,Babolat
Pure Drive 98 2025 Racket x2,403.90 €,599.95 €,Tennis Rackets,2026-09-11 14:51:05,Tennis Warehouse Europe,https://www.tenniswarehouse-europe.com/Babolat_Pure_Drive_98_2025_Racket_x2/descpageRCQBA-PD98D-EN.html,Babolat
Pure Drive Plus 2025 Racket,215.70 €,269.95 €,Tennis Rackets,2026-09-11 14:51:05,Tennis Warehouse Europe,https://www.tenniswarehouse-europe.com/Babolat_Pure_Drive_Plus_2025_Racket_/descpageRCQBA-BPDPR-EN.html,Babolat
Pure Drive 107 2025 Racket,188.90 €,249.95 €,Tennis Rackets,2026-09-11 14:51:05,Tennis Warehouse Europe,https://www.tenniswarehouse-europe.com/Babolat_Pure_Drive_107_2025_Racket_/descpageRCQBA-BPD17R-EN.html,Babolat
Pure Drive Lite 2025 Racket,153.90 €,229.95 €,Tennis Rackets,2026-09-11 14:51:05,Tennis Warehouse Europe,https://www.tenniswarehouse-europe.com/Babolat_Pure_Drive_Lite_2025_Racket_/descpageRCQBA-BPDLR-EN.html,Babolat
Pure Drive Super Lite 2025 Racket,169.90 €,219.95 €,Tennis Rackets,2026-09-11 14:51:05,Tennis Warehouse Europe,https://www.tenniswarehouse-europe.com/Babolat_Pure_Drive_Super_Lite_2025_Racket_/descpageRCQBA-BPDSLR-EN.html,Babolat
Pure Aero 98 (SINGLE) Racket,240.90 €,299.95 €,Tennis Rackets,2026-09-11 14:51:05,Tennis Warehouse Europe,https://www.tenniswarehouse-europe.com/Babolat_Pure_Aero_98_SINGLE_Racket/descpageRCQBA-BPA98R-EN.html,Babolat
Pure Aero 98 x2 Racket,436.90 €,599.95 €,Tennis Rackets,2026-09-11 14:51:05,Tennis Warehouse Europe,https://www.tenniswarehouse-europe.com/Babolat_Pure_Aero_98_x2_Racket/descpageRCQBA-BPA982-EN.html,Babolat
Pure Aero 2026 Racket,240.90 €,,Tennis Rackets,2026-09-11 14:51:05,Tennis Warehouse Europe,https://www.tenniswarehouse-europe.com/Babolat_Pure_Aero_2026_Racket/descpageRCQBA-BPAR26-EN.html,Babolat
Pure Aero Team 2026 Racket,210.90 €,269.95 €,Tennis Rackets,2026-09-11 14:51:05,Tennis Warehouse Europe,https://www.tenniswarehouse-europe.com/Babolat_Pure_Aero_Team_2026_Racket/descpageRCQBA-BPAT26-EN.html,Babolat
Pure Aero Plus 2026 Racket,231.90 €,289.95 €,Tennis Rackets,2026-09-11 14:51:05,Tennis Warehouse Europe,https://www.tenniswarehouse-europe.com/Babolat_Pure_Aero_Plus_2026_Racket/descpageRCQBA-BPAPLR-EN.html,Babolat
Pure Aero Lite 2026 Racket,224.90 €,249.95 €,Tennis Rackets,2026-09-11 14:51:05,Tennis Warehouse Europe,https://www.tenniswarehouse-europe.com/Babolat_Pure_Aero_Lite_2026_Racket/descpageRCQBA-BPALTR-EN.html,Babolat
Pure Aero Super Lite 2026 Racket,159.90 €,229.95 €,Tennis Rackets,2026-09-11 14:51:05,Tennis Warehouse Europe,https://www.tenniswarehouse-europe.com/Babolat_Pure_Aero_Super_Lite_2026_Racket/descpageRCQBA-BPARSL-EN.html,Babolat
Pure Aero Rafa Racket,169.90 €,299.95 €,Tennis Rackets,2026-09-11 14:51:05,Tennis Warehouse Europe,https://www.tenniswarehouse-europe.com/Babolat_Pure_Aero_Rafa_Racket/descpageRCQBA-PARRA-EN.html,Babolat
Pure Strike 100 (2025) Racket,181.90 €,259.95 €,Tennis Rackets,2026-09-11 14:51:05,Tennis Warehouse Europe,https://www.tenniswarehouse-europe.com/Babolat_Pure_Strike_100_2025_Racket/descpageRCQBA-PS1019-EN.html,Babolat
Pure Strike 100 16x20 (2025) Racket,167.90 €,279.95 €,Tennis Rackets,2026-09-11 14:51:05,Tennis Warehouse Europe,https://www.tenniswarehouse-europe.com/Babolat_Pure_Strike_100_16x20_2025_Racket/descpageRCQBA-PS1020-EN.html,Babolat
Pure Strike 16x19 (2025) Racket,164.90 €,269.95 €,Tennis Rackets,2026-09-11 14:51:05,Tennis Warehouse Europe,https://www.tenniswarehouse-europe.com/Babolat_Pure_Strike_16x19_2025_Racket/descpageRCQBA-PS9816-EN.html,Babolat
Pure Strike 18x20 (2025) Racket,161.90 €,269.95 €,Tennis Rackets,2026-09-11 14:51:05,Tennis Warehouse Europe,https://www.tenniswarehouse-europe.com/Babolat_Pure_Strike_18x20_2025_Racket/descpageRCQBA-PS9818-EN.html,Babolat
Pure Strike 97 Racket (SINGLE),199.90 €,299.95 €,Tennis Rackets,2026-09-11 14:51:05,Tennis Warehouse Europe,https://www.tenniswarehouse-europe.com/Babolat_Pure_Strike_97_Racket_SINGLE/descpageRCQBA-PS97SN-EN.html,Babolat
Pure Strike 97 Racket x2,359.90 €,599.95 €,Tennis Rackets,2026-09-11 14:51:05,Tennis Warehouse Europe,https://www.tenniswarehouse-europe.com/Babolat_Pure_Strike_97_Racket_x2/descpageRCQBA-PS97DN-EN.html,Babolat
Pure Strike Lite Racket (2025),137.90 €,229.95 €,Tennis Rackets,2026-09-11 14:51:05,Tennis Warehouse Europe,https://www.tenniswarehouse-europe.com/Babolat_Pure_Strike_Lite_Racket_2025/descpageRCQBA-PSLI25-EN.html,Babolat
Pure Strike Team (2025) Racket,166.90 €,239.95 €,Tennis Rackets,2026-09-11 14:51:05,Tennis Warehouse Europe,https://www.tenniswarehouse-europe.com/Babolat_Pure_Strike_Team_2025_Racket/descpageRCQBA-PSTE25-EN.html,Babolat
Pure Strike 18x20 Racket (2024),119.90 €,269.95 €,Tennis Rackets,2026-09-11 14:51:05,Tennis Warehouse Europe,https://www.tenniswarehouse-europe.com/Babolat_Pure_Strike_18x20_Racket_2024/descpageRCQBA-PSSTRR-EN.html,Babolat
Pure Strike 97 Racket (SINGLE),129.90 €,299.95 €,Tennis Rackets,2026-09-11 14:51:05,Tennis Warehouse Europe,https://www.tenniswarehouse-europe.com/Babolat_Pure_Strike_97_Racket_SINGLE/descpageRCQBA-PS97S-EN.html,Babolat
Pure Strike 97 Racket x2,259.90 €,599.95 €,Tennis Rackets,2026-09-11 14:51:05,Tennis Warehouse Europe,https://www.tenniswarehouse-europe.com/Babolat_Pure_Strike_97_Racket_x2/descpageRCQBA-PS97D-EN.html,Babolat
Pure Strike 100 16x20 (2024) Racket (Strung),139.90 €,279.95 €,Tennis Rackets,2026-09-11 14:51:05,Tennis Warehouse Europe,https://www.tenniswarehouse-europe.com/Babolat_Pure_Strike_100_16x20_2024_Racket_Strung/descpageRCQBA-PS1620-EN.html,Babolat
Pure Strike Lite Racket (2024),109.90 €,229.95 €,Tennis Rackets,2026-09-11 14:51:05,Tennis Warehouse Europe,https://www.tenniswarehouse-europe.com/Babolat_Pure_Strike_Lite_Racket_2024/descpageRCQBA-PSLITE-EN.html,Babolat
Pure Strike Team (2024) Racket,114.91 €,239.95 €,Tennis Rackets,2026-09-11 14:51:05,Tennis Warehouse Europe,https://www.tenniswarehouse-europe.com/Babolat_Pure_Strike_Team_2024_Racket/descpageRCQBA-PSTRKT-EN.html,Babolat
Evo Aero Lite Pink 2026 Racket,124.90 €,169.95 €,Tennis Rackets,2026-09-11 14:51:05,Tennis Warehouse Europe,https://www.tenniswarehouse-europe.com/Babolat_Evo_Aero_Lite_Pink_2026_Racket/descpageRCQBA-BEALPR-EN.html,Babolat
Evo Aero Pink 2026 Racket,136.90 €,179.95 €,Tennis Rackets,2026-09-11 14:51:05,Tennis Warehouse Europe,https://www.tenniswarehouse-europe.com/Babolat_Evo_Aero_Pink_2026_Racket/descpageRCQBA-BEARPK-EN.html,Babolat
Evo Aero Lite 2026 Racket,133.90 €,169.95 €,Tennis Rackets,2026-09-11 14:51:05,Tennis Warehouse Europe,https://www.tenniswarehouse-europe.com/Babolat_Evo_Aero_Lite_2026_Racket/descpageRCQBA-BEALR-EN.html,Babolat
Evo Drive Tour Racket 2025,134.90 €,179.95 €,Tennis Rackets,2026-09-11 14:51:05,Tennis Warehouse Europe,https://www.tenniswarehouse-europe.com/Babolat_Evo_Drive_Tour_Racket_2025/descpageRCQBA-BEDTR-EN.html,Babolat
Evo Drive Lite Racket White 2025,112.90 €,159.95 €,Tennis Rackets,2026-09-11 14:51:05,Tennis Warehouse Europe,https://www.tenniswarehouse-europe.com/Babolat_Evo_Drive_Lite_Racket_White_2025/descpageRCQBA-BELWR-EN.html,Babolat
Evo Drive Lite Racket 2025,109.90 €,159.95 €,Tennis Rackets,2026-09-11 14:51:05,Tennis Warehouse Europe,https://www.tenniswarehouse-europe.com/Babolat_Evo_Drive_Lite_Racket_2025/descpageRCQBA-BEDLR-EN.html,Babolat
Evo Drive Racket 2025,124.90 €,169.95 €,Tennis Rackets,2026-09-11 14:51:05,Tennis Warehouse Europe,https://www.tenniswarehouse-europe.com/Babolat_Evo_Drive_Racket_2025/descpageRCQBA-BEDR-EN.html,Babolat
Evo Aero Pink 2022 Racket,109.90 €,169.95 €,Tennis Rackets,2026-09-11 14:51:05,Tennis Warehouse Europe,https://www.tenniswarehouse-europe.com/Babolat_Evo_Aero_Pink_2022_Racket/descpageRCQBA-BEARP-EN.html,Babolat
Boost Racket Wimbledon 2026 (Pre Strung),94.90 €,,Tennis Rackets,2026-09-11 14:51:05,Tennis Warehouse Europe,https://www.tenniswarehouse-europe.com/Babolat_Boost_Racket_Wimbledon_2026_Pre_Strung/descpageRCQBA-BBOWIM-EN.html,Babolat
Boost Aero Pink 2026 Racket (Pre Strung),78.90 €,109.95 €,Tennis Rackets,2026-09-11 14:51:05,Tennis Warehouse Europe,https://www.tenniswarehouse-europe.com/Babolat_Boost_Aero_Pink_2026_Racket_Pre_Strung/descpageRCQBA-BBOAPS-EN.html,Babolat
Boost Aero 2026 Racket (Pre Strung),81.90 €,109.95 €,Tennis Rackets,2026-09-11 14:51:05,Tennis Warehouse Europe,https://www.tenniswarehouse-europe.com/Babolat_Boost_Aero_2026_Racket_Pre_Strung/descpageRCQBA-BBOASR-EN.html,Babolat
Boost Drive W Racket 2025 (strung),88.90 €,109.95 €,Tennis Rackets,2026-09-11 14:51:05,Tennis Warehouse Europe,https://www.tenniswarehouse-europe.com/Babolat_Boost_Drive_W_Racket_2025_strung/descpageRCQBA-BBDWR-EN.html,Babolat
Boost Drive Racket 2025 (Strung),80.90 €,,Tennis Rackets,2026-09-11 14:51:05,Tennis Warehouse Europe,https://www.tenniswarehouse-europe.com/Babolat_Boost_Drive_Racket_2025_Strung/descpageRCQBA-BBSTDR-EN.html,Babolat
"Pure Aero 26"" Junior Racket",105.90 €,129.95 €,Tennis Rackets,2026-09-11 14:51:05,Tennis Warehouse Europe,https://www.tenniswarehouse-europe.com/Babolat_Pure_Aero_26_Junior_Racket/descpageRCQBA-BPAJR6-EN.html,Babolat
"Pure Strike 26"" Junior Racket",83.70 €,119.95 €,Tennis Rackets,2026-09-11 14:51:05,Tennis Warehouse Europe,https://www.tenniswarehouse-europe.com/Babolat_Pure_Strike_26_Junior_Racket/descpageRCQBA-BPSJ26-EN.html,Babolat
"Pure Drive 26"" Junior Racket 2025",86.89 €,119.95 €,Tennis Rackets,2026-09-11 14:51:05,Tennis Warehouse Europe,https://www.tenniswarehouse-europe.com/Babolat_Pure_Drive_26_Junior/descpageRCQBA-BPJ26R-EN.html,Babolat
"Pure Drive 26"" Jr Light Blue Racket 2025",96.90 €,119.95 €,Tennis Rackets,2026-09-11 14:51:05,Tennis Warehouse Europe,https://www.tenniswarehouse-europe.com/Babolat_Pure_Drive_26_Jr_Light_Blue_Racket_2025/descpageRCQBA-PDJ26R-EN.html,Babolat
"Aero 26"" Junior Racket",63.90 €,,Tennis Rackets,2026-09-11 14:51:05,Tennis Warehouse Europe,https://www.tenniswarehouse-europe.com/Babolat_Aero_26_Junior_Racket/descpageRCQBA-BAEJR6-EN.html,Babolat
Carlitos 26'' Junior Racket,37.90 €,44.95 €,Tennis Rackets,2026-09-11 14:51:05,Tennis Warehouse Europe,https://www.tenniswarehouse-europe.com/Babolat_Carlitos_26_Junior_Racket/descpageRCQBA-BCJR26-EN.html,Babolat
"Junior Wimbledon 25"" Racket",34.90 €,,Tennis Rackets,2026-09-11 14:51:05,Tennis Warehouse Europe,https://www.tenniswarehouse-europe.com/Babolat_Junior_Wimbledon_25_Racket/descpageRCQBA-BJW25R-EN.html,Babolat
"Pure Aero 25"" Junior Racket",93.90 €,,Tennis Rackets,2026-09-11 14:51:05,Tennis Warehouse Europe,https://www.tenniswarehouse-europe.com/Babolat_Pure_Aero_25_Junior_Racket/descpageRCQBA-BPAJR5-EN.html,Babolat
Drive Junior 25 Racket 2025,48.90 €,69.95 €,Tennis Rackets,2026-09-11 14:51:05,Tennis Warehouse Europe,https://www.tenniswarehouse-europe.com/Babolat_Drive_Junior_25_Racket_2025/descpageRCQBA-BDJ25R-EN.html,Babolat
Drive Junior 25 Red Racket 2025,48.90 €,69.95 €,Tennis Rackets,2026-09-11 14:51:05,Tennis Warehouse Europe,https://www.tenniswarehouse-europe.com/Babolat_Drive_Junior_25_Red_Racket_2025/descpageRCQBA-BD25RR-EN.html,Babolat
"Pure Drive 25"" Junior L/B Racket 2025",85.90 €,119.95 €,Tennis Rackets,2026-09-11 14:51:05,Tennis Warehouse Europe,https://www.tenniswarehouse-europe.com/Babolat_Pure_Drive_25_Junior_L_B_Racket_2025/descpageRCQBA-BJPD25-EN.html,Babolat
"Aero 25"" Junior Racket",63.90 €,74.95 €,Tennis Rackets,2026-09-11 14:51:05,Tennis Warehouse Europe,https://www.tenniswarehouse-europe.com/Babolat_Aero_25_Junior_Racket/descpageRCQBA-BAEJR5-EN.html,Babolat
Drive Junior 24 Racket 2025,51.90 €,64.95 €,Tennis Rackets,2026-09-11 14:51:05,Tennis Warehouse Europe,https://www.tenniswarehouse-europe.com/Babolat_Drive_Junior_24_Racket_2025/descpageRCQBA-BDJ24R-EN.html,Babolat
Drive Junior 24 W Racket 2025,54.89 €,64.95 €,Tennis Rackets,2026-09-11 14:51:05,Tennis Warehouse Europe,https://www.tenniswarehouse-europe.com/Babolat_Drive_Junior_24_W_Racket_2025/descpageRCQBA-BDJ24W-EN.html,Babolat
Carlitos 25'' Junior Racket,32.90 €,44.95 €,Tennis Rackets,2026-09-11 14:51:05,Tennis Warehouse Europe,https://www.tenniswarehouse-europe.com/Babolat_Carlitos_25_Junior_Racket/descpageRCQBA-BCJR25-EN.html,Babolat
Ballfighter 25'' Junior Racket,26.89 €,34.95 €,Tennis Rackets,2026-09-11 14:51:05,Tennis Warehouse Europe,https://www.tenniswarehouse-europe.com/Babolat_Ballfighter_25_Junior_Racket/descpageRCQBA-BB25R-EN.html,Babolat
"B'Fly 25"" 2023 Junior Racket",23.90 €,34.90 €,Tennis Rackets,2026-09-11 14:51:05,Tennis Warehouse Europe,https://www.tenniswarehouse-europe.com/Babolat_BFly_25_2023_Junior_Racket/descpageRCQBA-BBF25J-EN.html,Babolat
"Junior Wimbledon 23"" Racket",34.90 €,,Tennis Rackets,2026-09-11 14:51:05,Tennis Warehouse Europe,https://www.tenniswarehouse-europe.com/Babolat_Junior_Wimbledon_23_Racket/descpageRCQBA-BJW23R-EN.html,Babolat
Carlitos 23'' Junior Racket,29.90 €,39.95 €,Tennis Rackets,2026-09-11 14:51:05,Tennis Warehouse Europe,https://www.tenniswarehouse-europe.com/Babolat_Carlitos_23_Junior_Racket/descpageRCQBA-BCJR23-EN.html,Babolat
Drive Junior 23 Racket 2025,44.90 €,59.95 €,Tennis Rackets,2026-09-11 14:51:05,Tennis Warehouse Europe,https://www.tenniswarehouse-europe.com/Babolat_Drive_Junior_23_Racket_2025/descpageRCQBA-BDJ23R-EN.html,Babolat
Drive Junior 23 W Racket 2025,47.90 €,,Tennis Rackets,2026-09-11 14:51:05,Tennis Warehouse Europe,https://www.tenniswarehouse-europe.com/Babolat_Drive_Junior_23_W_Racket_2025/descpageRCQBA-BDJ23W-EN.html,Babolat
"B'Fly 23"" 2023 Junior Racket",24.89 €,34.95 €,Tennis Rackets,2026-09-11 14:51:05,Tennis Warehouse Europe,https://www.tenniswarehouse-europe.com/Babolat_BFly_23_2023_Junior_Racket/descpageRCQBA-BBF23J-EN.html,Babolat
"Junior Wimbledon 21"" Racket",34.90 €,,Tennis Rackets,2026-09-11 14:51:05,Tennis Warehouse Europe,https://www.tenniswarehouse-europe.com/Babolat_Junior_Wimbledon_21_Racket/descpageRCQBA-BJW21R-EN.html,Babolat
Carlitos 21'' Junior Racket,29.90 €,39.95 €,Tennis Rackets,2026-09-11 14:51:05,Tennis Warehouse Europe,https://www.tenniswarehouse-europe.com/Babolat_Carlitos_21_Junior_Racket/descpageRCQBA-BCJR21-EN.html,Babolat
"B'Fly 21"" 2023 Junior Racket",23.90 €,32.95 €,Tennis Rackets,2026-09-11 14:51:05,Tennis Warehouse Europe,https://www.tenniswarehouse-europe.com/Babolat_BFly_21_2023_Junior_Racket/descpageRCQBA-BBF21J-EN.html,Babolat
Ballfighter 21'' Junior Racket,19.70 €,32.95 €,Tennis Rackets,2026-09-11 14:51:05,Tennis Warehouse Europe,https://www.tenniswarehouse-europe.com/Babolat_Ballfighter_21_Junior_Racket/descpageRCQBA-BB21R-EN.html,Babolat
Carlitos 19'' Junior Racket,29.90 €,39.95 €,Tennis Rackets,2026-09-11 14:51:05,Tennis Warehouse Europe,https://www.tenniswarehouse-europe.com/Babolat_Carlitos_19_Junior_Racket/descpageRCQBA-BCJR19-EN.html,Babolat
"B'Fly 19"" 2023 Junior Racket",20.90 €,27.95 €,Tennis Rackets,2026-09-11 14:51:05,Tennis Warehouse Europe,https://www.tenniswarehouse-europe.com/Babolat_BFly_19_2023_Junior_Racket/descpageRCQBA-BBF19J-EN.html,Babolat
Ballfighter 19'' Junior Racket,20.90 €,32.95 €,Tennis Rackets,2026-09-11 14:51:05,Tennis Warehouse Europe,https://www.tenniswarehouse-europe.com/Babolat_Ballfighter_19_Junior_Racket/descpageRCQBA-BB19R-EN.html,Babolat
"B'Fly 17"" 2023 Junior Racket",24.89 €,32.95 €,Tennis Rackets,2026-09-11 14:51:05,Tennis Warehouse Europe,https://www.tenniswarehouse-europe.com/Babolat_BFly_17_2023_Junior_Racket/descpageRCQBA-BBF17J-EN.html,Babolat
RF 01 Hall of Fame 2026 Racket,279.90 €,,Tennis Rackets,2026-09-11 14:51:05,Tennis Warehouse Europe,https://www.tenniswarehouse-europe.com/Wilson_RF_01_Hall_of_Fame_2026_Racket/descpageRCWILSON-WRFHOF-EN.html,Wilson
RF 01 PRO Rackets,219.91 €,300.00 €,Tennis Rackets,2026-09-11 14:51:05,Tennis Warehouse Europe,https://www.tenniswarehouse-europe.com/Wilson_RF_01_PRO_Rackets/descpageRCWILSON-WRFPR-EN.html,Wilson
RF 01 Rackets,191.90 €,280.00 €,Tennis Rackets,2026-09-11 14:51:05,Tennis Warehouse Europe,https://www.tenniswarehouse-europe.com/Wilson_RF_01_Rackets/descpageRCWILSON-WRF1R-EN.html,Wilson
RF 01 Future Rackets,176.89 €,260.00 €,Tennis Rackets,2026-09-11 14:51:05,Tennis Warehouse Europe,https://www.tenniswarehouse-europe.com/Wilson_RF_01_Future_Rackets/descpageRCWILSON-WRFFR-EN.html,Wilson
RF 01 Future Lite Racket,173.89 €,240.00 €,Tennis Rackets,2026-09-11 14:51:05,Tennis Warehouse Europe,https://www.tenniswarehouse-europe.com/Wilson_RF_01_Future_Lite_Racket/descpageRCWILSON-WRFFL-EN.html,Wilson
Blade 100 v10 US Open 2026 Racket,239.90 €,,Tennis Rackets,2026-09-11 14:51:05,Tennis Warehouse Europe,https://www.tenniswarehouse-europe.com/Wilson_Blade_100_v10_US_Open_2026_Racket/descpageRCWILSON-WB10US-EN.html,Wilson
Blade 98 16x19 v10 US Open 2026 Racket,269.90 €,290.00 €,Tennis Rackets,2026-09-11 14:51:05,Tennis Warehouse Europe,https://www.tenniswarehouse-europe.com/Wilson_Blade_98_16x19_v10_US_Open_2026_Racket/descpageRCWILSON-WBUSO26-EN.html,Wilson
Blade Pro 98 16x19 v10 Racket,229.90 €,290.00 €,Tennis Rackets,2026-09-11 14:51:05,Tennis Warehouse Europe,https://www.tenniswarehouse-europe.com/Wilson_Blade_Pro_98_16x19_v10_Racket/descpageRCWILSON-WB98P1-EN.html,Wilson
Blade Pro 98 18x20 v10 Racket,229.90 €,290.00 €,Tennis Rackets,2026-09-11 14:51:05,Tennis Warehouse Europe,https://www.tenniswarehouse-europe.com/Wilson_Blade_Pro_98_18x20_v10_Racket/descpageRCWILSON-WB98P8-EN.html,Wilson
Blade 98 16x19 v10 Racket,228.90 €,,Tennis Rackets,2026-09-11 14:51:05,Tennis Warehouse Europe,https://www.tenniswarehouse-europe.com/Wilson_Blade_98_16x19_v10_Racket/descpageRCWILSON-WB9810-EN.html,Wilson
Blade 98 18x20 v10 Racket,216.90 €,290.00 €,Tennis Rackets,2026-09-11 14:51:05,Tennis Warehouse Europe,https://www.tenniswarehouse-europe.com/Wilson_Blade_98_18x20_v10_Racket/descpageRCWILSON-WB9818-EN.html,Wilson
Blade 98S v10 Racket,193.90 €,290.00 €,Tennis Rackets,2026-09-11 14:51:05,Tennis Warehouse Europe,https://www.tenniswarehouse-europe.com/Wilson_Blade_98S_v10_Racket/descpageRCWILSON-WB98S1-EN.html,Wilson
Blade 100 Pro v10 Racket,260.90 €,290.00 €,Tennis Rackets,2026-09-11 14:51:05,Tennis Warehouse Europe,https://www.tenniswarehouse-europe.com/Wilson_Blade_100_Pro_v10_Racket/descpageRCWILSON-WB100P-EN.html,Wilson
Blade 100 v10 Racket,219.90 €,,Tennis Rackets,2026-09-11 14:51:05,Tennis Warehouse Europe,https://www.tenniswarehouse-europe.com/Wilson_Blade_100_v10_Racket/descpageRCWILSON-WB1001-EN.html,Wilson
Blade 100L v10 Racket,224.90 €,250.00 €,Tennis Rackets,2026-09-11 14:51:05,Tennis Warehouse Europe,https://www.tenniswarehouse-europe.com/Wilson_Blade_100L_v10_Racket/descpageRCWILSON-WB10L1-EN.html,Wilson
Blade 104 v10 Racket,233.90 €,260.00 €,Tennis Rackets,2026-09-11 14:51:05,Tennis Warehouse Europe,https://www.tenniswarehouse-europe.com/Wilson_Blade_104_v10_Racket/descpageRCWILSON-WB104V-EN.html,Wilson
Blade 100UL v10 Racket,215.90 €,240.00 €,Tennis Rackets,2026-09-11 14:51:05,Tennis Warehouse Europe,https://www.tenniswarehouse-europe.com/Wilson_Blade_100UL_v10_Racket/descpageRCWILSON-WB1UL1-EN.html,Wilson
Blade 101 Team v10 Racket (Pre Strung),161.90 €,180.00 €,Tennis Rackets,2026-09-11 14:51:05,Tennis Warehouse Europe,https://www.tenniswarehouse-europe.com/Wilson_Blade_101_Team_v10_Racket_Pre_Strung/descpageRCWILSON-WB101T-EN.html,Wilson
Blade Feel 103 2026 Racket (Pre Strung),75.90 €,,Tennis Rackets,2026-09-11 14:51:05,Tennis Warehouse Europe,https://www.tenniswarehouse-europe.com/Wilson_Blade_Feel_103_2026_Racket_Pre_Strung/descpageRCWILSON-WBF103-EN.html,Wilson
Wilson Defyer,,,Tennis Rackets,2026-09-11 14:51:05,Tennis Warehouse Europe,,
Defyer 100 Racket,279.90 €,,Tennis Rackets,2026-09-11 14:51:05,Tennis Warehouse Europe,https://www.tenniswarehouse-europe.com/Wilson_Defyer_100_Racket/descpageRCWILSON-WRL100-EN.html,Wilson
Defyer 98 Pro Racket,289.90 €,,Tennis Rackets,2026-09-11 14:51:05,Tennis Warehouse Europe,https://www.tenniswarehouse-europe.com/Wilson_Defyer_98_Pro_Racket/descpageRCWILSON-WRL98-EN.html,Wilson
Defyer 100L Racket,249.90 €,,Tennis Rackets,2026-09-11 14:51:05,Tennis Warehouse Europe,https://www.tenniswarehouse-europe.com/Wilson_Defyer_100L_Racket/descpageRCWILSON-WRL10L-EN.html,Wilson
Defyer 100 UL Racket,239.90 €,,Tennis Rackets,2026-09-11 14:51:05,Tennis Warehouse Europe,https://www.tenniswarehouse-europe.com/Wilson_Defyer_100_UL_Racket/descpageRCWILSON-WRL1UL-EN.html,Wilson
Ultra 95 QZ v5 Racket,174.91 €,250.00 €,Tennis Rackets,2026-09-11 14:51:05,Tennis Warehouse Europe,https://www.tenniswarehouse-europe.com/Wilson_Ultra_95_QZ_v5_Racket/descpageRCWILSON-WU95QZ-EN.html,Wilson
Ultra Tour 98 v5 Racket,171.90 €,250.00 €,Tennis Rackets,2026-09-11 14:51:05,Tennis Warehouse Europe,https://www.tenniswarehouse-europe.com/Wilson_Ultra_Tour_98_v5_Racket/descpageRCWILSON-WUTR98-EN.html,Wilson
Ultra 100 V5 Roland Garros Racket (2026),167.90 €,240.00 €,Tennis Rackets,2026-09-11 14:51:05,Tennis Warehouse Europe,https://www.tenniswarehouse-europe.com/Wilson_Ultra_100_V5_Roland_Garros_Racket_2026/descpageRCWILSON-WU1RG6-EN.html,Wilson
Ultra 99 Pro V5 Racket,206.90 €,260.00 €,Tennis Rackets,2026-09-11 14:51:05,Tennis Warehouse Europe,https://www.tenniswarehouse-europe.com/Wilson_Ultra_99_Pro_V5_Racket/descpageRCWILSON-WU99P5-EN.html,Wilson
Ultra 100 V5 Racket,189.90 €,240.00 €,Tennis Rackets,2026-09-11 14:51:05,Tennis Warehouse Europe,https://www.tenniswarehouse-europe.com/Wilson_Ultra_100_V5_Racket/descpageRCWILSON-WU1005-EN.html,Wilson
Ultra 100L V5 Racket,149.90 €,220.00 €,Tennis Rackets,2026-09-11 14:51:05,Tennis Warehouse Europe,https://www.tenniswarehouse-europe.com/Wilson_Ultra_100L_V5_Racket/descpageRCWILSON-WU10L5-EN.html,Wilson
Ultra 100UL V5 Racket,158.90 €,200.00 €,Tennis Rackets,2026-09-11 14:51:05,Tennis Warehouse Europe,https://www.tenniswarehouse-europe.com/Wilson_Ultra_100UL_V5_Racket/descpageRCWILSON-WU1UL5-EN.html,Wilson
Clash 100 Pro V3.0 Reverse Racket,189.90 €,,Tennis Rackets,2026-09-11 14:51:05,Tennis Warehouse Europe,https://www.tenniswarehouse-europe.com/Wilson_Clash_100_Pro_V30_Reverse_Racket/descpageRCWILSON-WC1P3R-EN.html,Wilson
Clash 100 V3.0 Reverse Racket,196.90 €,250.00 €,Tennis Rackets,2026-09-11 14:51:05,Tennis Warehouse Europe,https://www.tenniswarehouse-europe.com/Wilson_Clash_100_V30_Reverse_Racket/descpageRCWILSON-WC103R-EN.html,Wilson
Clash 100L V3.0 Reverse Racket,182.90 €,,Tennis Rackets,2026-09-11 14:51:05,Tennis Warehouse Europe,https://www.tenniswarehouse-europe.com/Wilson_Clash_100L_V30_Reverse_Racket/descpageRCWILSON-WC1L3R-EN.html,Wilson
Clash 100 Pro V3.0 Racket,198.90 €,250.00 €,Tennis Rackets,2026-09-11 14:51:05,Tennis Warehouse Europe,https://www.tenniswarehouse-europe.com/Wilson_Clash_100_Pro_V30_Racket/descpageRCWILSON-WC1V3P-EN.html,Wilson
Clash 100 V3.0 Racket,198.90 €,250.00 €,Tennis Rackets,2026-09-11 14:51:05,Tennis Warehouse Europe,https://www.tenniswarehouse-europe.com/Wilson_Clash_100_V30_Racket/descpageRCWILSON-WC10V3-EN.html,Wilson
Clash 100L V3.0 Racket,182.90 €,230.00 €,Tennis Rackets,2026-09-11 14:51:05,Tennis Warehouse Europe,https://www.tenniswarehouse-europe.com/Wilson_Clash_100L_V30_Racket/descpageRCWILSON-WC10L3-EN.html,Wilson
Clash Team 103 V3.0 Racket,125.90 €,170.00 €,Tennis Rackets,2026-09-11 14:51:05,Tennis Warehouse Europe,https://www.tenniswarehouse-europe.com/Wilson_Clash_Team_103_V30_Racket/descpageRCWILSON-WCT103-EN.html,Wilson
Clash 100 UL V3.0 Racket,142.90 €,210.00 €,Tennis Rackets,2026-09-11 14:51:05,Tennis Warehouse Europe,https://www.tenniswarehouse-europe.com/Wilson_Clash_100_UL_V30_Racket/descpageRCWILSON-WC1UL3-EN.html,Wilson
Pro Staff 97 Classic Racket,197.90 €,260.00 €,Tennis Rackets,2026-09-11 14:51:05,Tennis Warehouse Europe,https://www.tenniswarehouse-europe.com/Wilson_Pro_Staff_97_Classic_Racket/descpageRCWILSON-WPS97C-EN.html,Wilson
Pro Staff 97L Classic Racket,191.90 €,240.00 €,Tennis Rackets,2026-09-11 14:51:05,Tennis Warehouse Europe,https://www.tenniswarehouse-europe.com/Wilson_Pro_Staff_97L_Classic_Racket/descpageRCWILSON-WPS97L-EN.html,Wilson
Pro Staff Team Classic Racket,144.89 €,170.00 €,Tennis Rackets,2026-09-11 14:51:05,Tennis Warehouse Europe,https://www.tenniswarehouse-europe.com/Wilson_Pro_Staff_Team_Classic_Racket/descpageRCWILSON-WPSTMC-EN.html,Wilson
Pro Staff 97UL Classic Racket,169.90 €,220.00 €,Tennis Rackets,2026-09-11 14:51:05,Tennis Warehouse Europe,https://www.tenniswarehouse-europe.com/Wilson_Pro_Staff_97UL_Classic_Racket/descpageRCWILSON-WPSULC-EN.html,Wilson
Pro Staff 97L V14.0 Racket,139.90 €,280.00 €,Tennis Rackets,2026-09-11 14:51:05,Tennis Warehouse Europe,https://www.tenniswarehouse-europe.com/Wilson_Pro_Staff_97L_V140_Racket/descpageRCWILSON-97V14L-EN.html,Wilson
Pro Staff 97UL V14.0 Racket,124.90 €,250.00 €,Tennis Rackets,2026-09-11 14:51:05,Tennis Warehouse Europe,https://www.tenniswarehouse-europe.com/Wilson_Pro_Staff_97UL_V140_Racket/descpageRCWILSON-9714UL-EN.html,Wilson
Blade 100 Pro v10 Racket,260.90 €,290.00 €,Tennis Rackets,2026-09-11 14:51:05,Tennis Warehouse Europe,https://www.tenniswarehouse-europe.com/Wilson_Blade_100_Pro_v10_Racket/descpageRCWILSON-WB100P-EN.html,Wilson
Blade Pro 98 18x20 v10 Racket,229.90 €,290.00 €,Tennis Rackets,2026-09-11 14:51:05,Tennis Warehouse Europe,https://www.tenniswarehouse-europe.com/Wilson_Blade_Pro_98_18x20_v10_Racket/descpageRCWILSON-WB98P8-EN.html,Wilson
Blade Pro 98 16x19 v10 Racket,229.90 €,290.00 €,Tennis Rackets,2026-09-11 14:51:05,Tennis Warehouse Europe,https://www.tenniswarehouse-europe.com/Wilson_Blade_Pro_98_16x19_v10_Racket/descpageRCWILSON-WB98P1-EN.html,Wilson
Shift 99 (300g) Racket,134.90 €,270.00 €,Tennis Rackets,2026-09-11 14:51:05,Tennis Warehouse Europe,https://www.tenniswarehouse-europe.com/Wilson_Shift_99_300g_Racket/descpageRCWILSON-WSP300-EN.html,Wilson
Shift 99 Pro (315g) Racket,129.90 €,270.00 €,Tennis Rackets,2026-09-11 14:51:05,Tennis Warehouse Europe,https://www.tenniswarehouse-europe.com/Wilson_Shift_99_Pro_315g_Racket/descpageRCWILSON-WSP315-EN.html,Wilson
Shift 99 L (285g) Racket,124.90 €,250.00 €,Tennis Rackets,2026-09-11 14:51:05,Tennis Warehouse Europe,https://www.tenniswarehouse-europe.com/Wilson_Shift_99_L_285g_Racket/descpageRCWILSON-WSP285-EN.html,Wilson
Burn 100 ULS V6 Racket,95.90 €,160.00 €,Tennis Rackets,2026-09-11 14:51:05,Tennis Warehouse Europe,https://www.tenniswarehouse-europe.com/Wilson_Burn_100_ULS_V6_Racket/descpageRCWILSON-BRULS6-EN.html,Wilson
Burn 100 LS V6 Racket,125.90 €,180.00 €,Tennis Rackets,2026-09-11 14:51:05,Tennis Warehouse Europe,https://www.tenniswarehouse-europe.com/Wilson_Burn_100_LS_V6_Racket/descpageRCWILSON-BRNLS6-EN.html,Wilson
Burn 100S V6 Racket,139.90 €,200.00 €,Tennis Rackets,2026-09-11 14:51:05,Tennis Warehouse Europe,https://www.tenniswarehouse-europe.com/Wilson_Burn_100S_V6_Racket/descpageRCWILSON-WB1SV6-EN.html,Wilson
Ultra 100 V5 Roland Garros Racket (2026),167.90 €,240.00 €,Tennis Rackets,2026-09-11 14:51:05,Tennis Warehouse Europe,https://www.tenniswarehouse-europe.com/Wilson_Ultra_100_V5_Roland_Garros_Racket_2026/descpageRCWILSON-WU1RG6-EN.html,Wilson
Roland Garros Team 102 2025 Racket (Pre-Strung),79.90 €,145.00 €,Tennis Rackets,2026-09-11 14:51:05,Tennis Warehouse Europe,https://www.tenniswarehouse-europe.com/Wilson_Roland_Garros_Team_102_2025_Racket_Pre-Strung/descpageRCWILSON-WRG102-EN.html,Wilson
Six LV Racket (Pre Strung),99.90 €,150.00 €,Tennis Rackets,2026-09-11 14:51:05,Tennis Warehouse Europe,https://www.tenniswarehouse-europe.com/Wilson_Six_LV_Racket_Pre_Strung/descpageRCWILSON-WR6LV-EN.html,Wilson
Intrigue SE Racket (Pre Strung),125.90 €,140.00 €,Tennis Rackets,2026-09-11 14:51:05,Tennis Warehouse Europe,https://www.tenniswarehouse-europe.com/Wilson_Intrigue_SE_Racket_Pre_Strung_/descpageRCWILSON-WINSE-EN.html,Wilson
Allure 105 Racket (Pre Strung),59.90 €,90.00 €,Tennis Rackets,2026-09-11 14:51:05,Tennis Warehouse Europe,https://www.tenniswarehouse-europe.com/Wilson_Allure_105_Racket_Pre_Strung/descpageRCWILSON-WAL105-EN.html,Wilson
Ultra 26 V5 Junior Racket,87.91 €,110.00 €,Tennis Rackets,2026-09-11 14:51:05,Tennis Warehouse Europe,https://www.tenniswarehouse-europe.com/Wilson_Ultra_26_V5_Junior_Racket/descpageRCWILSON-WU265R-EN.html,Wilson
Clash 26 V3.0 Junior Racket,93.90 €,125.00 €,Tennis Rackets,2026-09-11 14:51:05,Tennis Warehouse Europe,https://www.tenniswarehouse-europe.com/Wilson_Clash_26_V30_Junior_Racket/descpageRCWILSON-WC26V3-EN.html,Wilson
Burn Spin 26 Junior Racket,63.90 €,85.00 €,Tennis Rackets,2026-09-11 14:51:05,Tennis Warehouse Europe,https://www.tenniswarehouse-europe.com/Wilson_Burn_Spin_26_Junior_Racket/descpageRCWILSON-WJRB26-EN.html,Wilson
Ultra 25 V5 Junior Racket,87.91 €,110.00 €,Tennis Rackets,2026-09-11 14:51:05,Tennis Warehouse Europe,https://www.tenniswarehouse-europe.com/Wilson_Ultra_25_V5_Junior_Racket/descpageRCWILSON-WU255R-EN.html,Wilson
Blade Feel Comp Junior 25 Racket,50.90 €,65.00 €,Tennis Rackets,2026-09-11 14:51:05,Tennis Warehouse Europe,https://www.tenniswarehouse-europe.com/Wilson_Blade_Feel_Comp_Junior_25_Racket/descpageRCWILSON-WFCJ25-EN.html,Wilson
Burn Spin 25 Junior Racket,55.91 €,85.00 €,Tennis Rackets,2026-09-11 14:51:05,Tennis Warehouse Europe,https://www.tenniswarehouse-europe.com/Wilson_Burn_Spin_25_Junior_Racket/descpageRCWILSON-WJRB25-EN.html,Wilson
Intrigue 23 Junior Racket,21.90 €,30.00 €,Tennis Rackets,2026-09-11 14:51:05,Tennis Warehouse Europe,https://www.tenniswarehouse-europe.com/Wilson_Intrigue_23_Junior_Racket/descpageRCWILSON-WI23J6-EN.html,Wilson
Slam 23 Junior Racket,22.90 €,30.00 €,Tennis Rackets,2026-09-11 14:51:05,Tennis Warehouse Europe,https://www.tenniswarehouse-europe.com/Wilson_Slam_23_Junior_Racket/descpageRCWILSON-WS23J6-EN.html,Wilson
Roland Garros Elite 23 Junior Racket,29.90 €,50.00 €,Tennis Rackets,2026-09-11 14:51:05,Tennis Warehouse Europe,https://www.tenniswarehouse-europe.com/Wilson_Roland_Garros_Elite_23_Junior_Racket/descpageRCWILSON-WRGEL3-EN.html,Wilson
Burn Spin 24 Junior Racket,67.90 €,85.00 €,Tennis Rackets,2026-09-11 14:51:05,Tennis Warehouse Europe,https://www.tenniswarehouse-europe.com/Wilson_Burn_Spin_24_Junior_Racket/descpageRCWILSON-WJBS24-EN.html,Wilson
Intrigue 21 Junior Racket,21.90 €,30.00 €,Tennis Rackets,2026-09-11 14:51:05,Tennis Warehouse Europe,https://www.tenniswarehouse-europe.com/Wilson_Intrigue_21_Junior_Racket/descpageRCWILSON-WI21J6-EN.html,Wilson
Slam 21 Junior Racket,22.90 €,30.00 €,Tennis Rackets,2026-09-11 14:51:05,Tennis Warehouse Europe,https://www.tenniswarehouse-europe.com/Wilson_Slam_21_Junior_Racket/descpageRCWILSON-WS21J6-EN.html,Wilson
Intrigue 19 Junior Racket,24.89 €,30.00 €,Tennis Rackets,2026-09-11 14:51:05,Tennis Warehouse Europe,https://www.tenniswarehouse-europe.com/Wilson_Intrigue_19_Junior_Racket/descpageRCWILSON-WI19J6-EN.html,Wilson
Slam 19 Junior Racket,23.90 €,30.00 €,Tennis Rackets,2026-09-11 14:51:05,Tennis Warehouse Europe,https://www.tenniswarehouse-europe.com/Wilson_Slam_19_Junior_Racket/descpageRCWILSON-WS19J6-EN.html,Wilson
Roland Garros Elite 21 Junior Racket,26.89 €,,Tennis Rackets,2026-09-11 14:51:05,Tennis Warehouse Europe,https://www.tenniswarehouse-europe.com/Wilson_Roland_Garros_Elite_21_Junior_Racket/descpageRCWILSON-WRGEL1-EN.html,Wilson
Alexander Zverev,,,Tennis Rackets,2026-09-11 14:51:05,Tennis Warehouse Europe,,
Gravity Tour Zverev 2026 Racket,251.90 €,280.00 €,Tennis Rackets,2026-09-11 14:51:05,Tennis Warehouse Europe,https://www.tenniswarehouse-europe.com/Head_Gravity_Tour_Zverev_2026_Racket/descpageRCHEAD-HGTZR6-EN.html,Head
Gravity MP L Zverev 2026 Racket,224.90 €,250.00 €,Tennis Rackets,2026-09-11 14:51:05,Tennis Warehouse Europe,https://www.tenniswarehouse-europe.com/Head_Gravity_MP_L_Zverev_2026_Racket/descpageRCHEAD-HGMPZ6-EN.html,Head
Gravity MP XL 2025 Racket (pre strung),149.90 €,280.00 €,Tennis Rackets,2026-09-11 14:51:05,Tennis Warehouse Europe,https://www.tenniswarehouse-europe.com/Head_Gravity_MP_XL_2025_Racket_pre_strung/descpageRCHEAD-HGMXL-EN.html,Head
Gravity Pro 2025 Racket,208.90 €,300.00 €,Tennis Rackets,2026-09-11 14:51:05,Tennis Warehouse Europe,https://www.tenniswarehouse-europe.com/Head_Gravity_Pro_2025_Racket/descpageRCHEAD-HGPRR-EN.html,Head
Gravity Tour 2025 Racket,194.90 €,280.00 €,Tennis Rackets,2026-09-11 14:51:05,Tennis Warehouse Europe,https://www.tenniswarehouse-europe.com/Head_Gravity_Tour_2025_Racket/descpageRCHEAD-HGTRR-EN.html,Head
Gravity MP 2025 Racket,197.90 €,280.00 €,Tennis Rackets,2026-09-11 14:51:05,Tennis Warehouse Europe,https://www.tenniswarehouse-europe.com/Head_Gravity_MP_2025_Racket/descpageRCHEAD-HRMPG-EN.html,Head
Gravity MP L 2025 Racket,174.91 €,250.00 €,Tennis Rackets,2026-09-11 14:51:05,Tennis Warehouse Europe,https://www.tenniswarehouse-europe.com/Head_Gravity_MP_L_2025_Racket/descpageRCHEAD-HRMLPG-EN.html,Head
Gravity Team 2025 Racket,139.90 €,250.00 €,Tennis Rackets,2026-09-11 14:51:05,Tennis Warehouse Europe,https://www.tenniswarehouse-europe.com/Head_Gravity_Team_2025_Racket/descpageRCHEAD-HRTMPG-EN.html,Head
Gravity MP 2023 Racket,139.90 €,280.00 €,Tennis Rackets,2026-09-11 14:51:05,Tennis Warehouse Europe,https://www.tenniswarehouse-europe.com/Head_Gravity_MP_2023_Racket/descpageRCHEAD-HGMPR-EN.html,Head
Gravity Pro 2023 Racket,149.90 €,300.00 €,Tennis Rackets,2026-09-11 14:51:05,Tennis Warehouse Europe,https://www.tenniswarehouse-europe.com/Head_Gravity_Pro_2023_Racket/descpageRCHEAD-HGPR-EN.html,Head
Gravity Pro Racket,107.90 €,270.00 €,Tennis Rackets,2026-09-11 14:51:05,Tennis Warehouse Europe,https://www.tenniswarehouse-europe.com/Head_Gravity_Pro_Racket/descpageRCHEAD-HRGP-EN.html,Head
Boom Pro 2026 Racket,195.90 €,280.00 €,Tennis Rackets,2026-09-11 14:51:05,Tennis Warehouse Europe,https://www.tenniswarehouse-europe.com/Head_Boom_Pro_2026_Racket/descpageRCHEAD-HBOOP6-EN.html,Head
Boom MP 2026 Racket,201.90 €,260.00 €,Tennis Rackets,2026-09-11 14:51:05,Tennis Warehouse Europe,https://www.tenniswarehouse-europe.com/Head_Boom_MP_2026_Racket/descpageRCHEAD-HBOMP6-EN.html,Head
Boom MP Alternate 2026 Racket,179.90 €,260.00 €,Tennis Rackets,2026-09-11 14:51:05,Tennis Warehouse Europe,https://www.tenniswarehouse-europe.com/Head_Boom_MP_Alternate_2026_Racket/descpageRCHEAD-HBOMPA-EN.html,Head
Boom MP L 2026 Racket,184.90 €,230.00 €,Tennis Rackets,2026-09-11 14:51:05,Tennis Warehouse Europe,https://www.tenniswarehouse-europe.com/Head_Boom_MP_L_2026_Racket/descpageRCHEAD-HBMPL6-EN.html,Head
Boom MP L Alternate 2026 Racket,185.90 €,230.00 €,Tennis Rackets,2026-09-11 14:51:05,Tennis Warehouse Europe,https://www.tenniswarehouse-europe.com/Head_Boom_MP_L_Alternate_2026_Racket/descpageRCHEAD-BMPLA6-EN.html,Head
Boom Team 2026 Racket,139.90 €,210.00 €,Tennis Rackets,2026-09-11 14:51:05,Tennis Warehouse Europe,https://www.tenniswarehouse-europe.com/Head_Boom_Team_2026_Racket/descpageRCHEAD-HBOT26-EN.html,Head
Boom Team 2026 Alternate Racket,144.89 €,210.00 €,Tennis Rackets,2026-09-11 14:51:05,Tennis Warehouse Europe,https://www.tenniswarehouse-europe.com/Head_Boom_Team_2026_Alternate_Racket/descpageRCHEAD-HBMTAL-EN.html,Head
Boom MP UL 2026 Racket,158.90 €,230.00 €,Tennis Rackets,2026-09-11 14:51:05,Tennis Warehouse Europe,https://www.tenniswarehouse-europe.com/Head_Boom_MP_UL_2026_Racket/descpageRCHEAD-HBMPUL-EN.html,Head
Boom MP UL Alternate 2026 Racket,175.91 €,230.00 €,Tennis Rackets,2026-09-11 14:51:05,Tennis Warehouse Europe,https://www.tenniswarehouse-europe.com/Head_Boom_MP_UL_Alternate_2026_Racket/descpageRCHEAD-BMPULA-EN.html,Head
Boom Elite 2026 Racket (strung),119.90 €,160.00 €,Tennis Rackets,2026-09-11 14:51:05,Tennis Warehouse Europe,https://www.tenniswarehouse-europe.com/Head_Boom_Elite_2026_Racket_strung/descpageRCHEAD-HBMELT-EN.html,Head
Boom MP L Neon 2025 Racket (strung),135.90 €,230.00 €,Tennis Rackets,2026-09-11 14:51:05,Tennis Warehouse Europe,https://www.tenniswarehouse-europe.com/Head_Boom_MP_L_Neon_2025_Racket_strung/descpageRCHEAD-HBMPLN-EN.html,Head
Boom MP Neon 2025 Racket (strung),179.90 €,260.00 €,Tennis Rackets,2026-09-11 14:51:05,Tennis Warehouse Europe,https://www.tenniswarehouse-europe.com/Head_Boom_MP_Neon_2025_Racket_strung/descpageRCHEAD-HBMPNR-EN.html,Head
Boom Pro 2024 Racket,120.90 €,280.00 €,Tennis Rackets,2026-09-11 14:51:05,Tennis Warehouse Europe,https://www.tenniswarehouse-europe.com/Head_Boom_Pro_2024_Racket/descpageRCHEAD-HBOOMP-EN.html,Head
Boom MP 2024 Racket,119.90 €,260.00 €,Tennis Rackets,2026-09-11 14:51:05,Tennis Warehouse Europe,https://www.tenniswarehouse-europe.com/Head_Boom_MP_2024_Racket/descpageRCHEAD-HBOOMM-EN.html,Head
Boom MP Alternate 2024 Racket,129.90 €,260.00 €,Tennis Rackets,2026-09-11 14:51:05,Tennis Warehouse Europe,https://www.tenniswarehouse-europe.com/Head_Boom_MP_Alternate_2024_Racket/descpageRCHEAD-BOOMMA-EN.html,Head
Boom MP L 2024 Racket,115.00 €,230.00 €,Tennis Rackets,2026-09-11 14:51:05,Tennis Warehouse Europe,https://www.tenniswarehouse-europe.com/Head_Boom_MP_L_2024_Racket/descpageRCHEAD-HBMPL-EN.html,Head
Boom MP L Alternate 2024 Racket,115.00 €,230.00 €,Tennis Rackets,2026-09-11 14:51:05,Tennis Warehouse Europe,https://www.tenniswarehouse-europe.com/Head_Boom_MP_L_Alternate_2024_Racket/descpageRCHEAD-HBMPLA-EN.html,Head
Boom Team 2024 Racket,129.90 €,230.00 €,Tennis Rackets,2026-09-11 14:51:05,Tennis Warehouse Europe,https://www.tenniswarehouse-europe.com/Head_Boom_Team_2024_Racket/descpageRCHEAD-HBOOMT-EN.html,Head
Boom Pro Strung 2022 Racket,99.90 €,280.00 €,Tennis Rackets,2026-09-11 14:51:05,Tennis Warehouse Europe,https://www.tenniswarehouse-europe.com/Head_Boom_Pro_Strung_2022_Racket/descpageRCHEAD-BOOMPS-EN.html,Head
Extreme Pro 2026 Racket,251.90 €,280.00 €,Tennis Rackets,2026-09-11 14:51:05,Tennis Warehouse Europe,https://www.tenniswarehouse-europe.com/Head_Extreme_Pro_2026_Racket/descpageRCHEAD-HEXP26-EN.html,Head
Extreme MP XL 2026 Racket,233.90 €,260.00 €,Tennis Rackets,2026-09-11 14:51:05,Tennis Warehouse Europe,https://www.tenniswarehouse-europe.com/Head_Extreme_MP_XL_2026_Racket/descpageRCHEAD-HEMPXL-EN.html,Head
Extreme MP 2026 Racket,208.90 €,260.00 €,Tennis Rackets,2026-09-11 14:51:05,Tennis Warehouse Europe,https://www.tenniswarehouse-europe.com/Head_Extreme_MP_2026_Racket/descpageRCHEAD-HEMP26-EN.html,Head
Extreme MP L 2026 Racket,179.90 €,230.00 €,Tennis Rackets,2026-09-11 14:51:05,Tennis Warehouse Europe,https://www.tenniswarehouse-europe.com/Head_Extreme_MP_L_2026_Racket/descpageRCHEAD-HEMPL6-EN.html,Head
Extreme MP UL 2026 Racket,175.91 €,230.00 €,Tennis Rackets,2026-09-11 14:51:05,Tennis Warehouse Europe,https://www.tenniswarehouse-europe.com/Head_Extreme_MP_UL_2026_Racket/descpageRCHEAD-HEMPUL-EN.html,Head
Extreme Team 2026 Racket,161.90 €,210.00 €,Tennis Rackets,2026-09-11 14:51:05,Tennis Warehouse Europe,https://www.tenniswarehouse-europe.com/Head_Extreme_Team_2026_Racket/descpageRCHEAD-HEXT26-EN.html,Head
Extreme Elite 2026 Racket,102.91 €,160.00 €,Tennis Rackets,2026-09-11 14:51:05,Tennis Warehouse Europe,https://www.tenniswarehouse-europe.com/Head_Extreme_Elite_2026_Racket_/descpageRCHEAD-HELT26-EN.html,Head
Extreme Pro 2024 Racket,130.00 €,260.00 €,Tennis Rackets,2026-09-11 14:51:05,Tennis Warehouse Europe,https://www.tenniswarehouse-europe.com/Head_Extreme_Pro_2024_Racket/descpageRCHEAD-HREP24-EN.html,Head
Extreme MP 2024 Racket,138.90 €,260.00 €,Tennis Rackets,2026-09-11 14:51:05,Tennis Warehouse Europe,https://www.tenniswarehouse-europe.com/Head_Extreme_MP_2024_Racket/descpageRCHEAD-HREM24-EN.html,Head
Extreme MPL 2024 Racket,129.90 €,230.00 €,Tennis Rackets,2026-09-11 14:51:05,Tennis Warehouse Europe,https://www.tenniswarehouse-europe.com/Head_Extreme_MPL_2024_Racket/descpageRCHEAD-HEMPL4-EN.html,Head
Extreme Team 2024 Racket,140.90 €,230.00 €,Tennis Rackets,2026-09-11 14:51:05,Tennis Warehouse Europe,https://www.tenniswarehouse-europe.com/Head_Extreme_Team_2024_Racket/descpageRCHEAD-HRET24-EN.html,Head
Extreme Elite 2024 Racket,84.89 €,170.00 €,Tennis Rackets,2026-09-11 14:51:05,Tennis Warehouse Europe,https://www.tenniswarehouse-europe.com/Head_Extreme_Elite_2024_Racket_/descpageRCHEAD-HRELT24-EN.html,Head
Extreme MP 2022 Racket,129.90 €,260.00 €,Tennis Rackets,2026-09-11 14:51:05,Tennis Warehouse Europe,https://www.tenniswarehouse-europe.com/Head_Extreme_MP_2022_Racket/descpageRCHEAD-HREM22-EN.html,Head
Graphene 360+ Extreme MP Racket (strung),119.90 €,210.00 €,Tennis Rackets,2026-09-11 14:51:05,Tennis Warehouse Europe,https://www.tenniswarehouse-europe.com/Head_Graphene_360_Extreme_MP_Racket_strung/descpageRCHEAD-HREMP-EN.html,Head
Extreme Team 2022 Racket,99.90 €,230.00 €,Tennis Rackets,2026-09-11 14:51:05,Tennis Warehouse Europe,https://www.tenniswarehouse-europe.com/Head_Extreme_Team_2022_Racket/descpageRCHEAD-HRETE2-EN.html,Head
Extreme Team L (pre strung) 2022 Racket,83.90 €,210.00 €,Tennis Rackets,2026-09-11 14:51:05,Tennis Warehouse Europe,https://www.tenniswarehouse-europe.com/Head_Extreme_Team_L_pre_strung_2022_Racket/descpageRCHEAD-HRETL2-EN.html,Head
Graphene 360+ Extreme Tour Racket,99.00 €,220.00 €,Tennis Rackets,2026-09-11 14:51:05,Tennis Warehouse Europe,https://www.tenniswarehouse-europe.com/Head_Graphene_360_Extreme_Tour_Racket/descpageRCHEAD-HRET-EN.html,Head
Speed Pro 2026 Racket,238.90 €,300.00 €,Tennis Rackets,2026-09-11 14:51:05,Tennis Warehouse Europe,https://www.tenniswarehouse-europe.com/Head_Speed_Pro_2026_Racket/descpageRCHEAD-HSPDP6-EN.html,Head
Speed Tour 2026 Racket,189.90 €,280.00 €,Tennis Rackets,2026-09-11 14:51:05,Tennis Warehouse Europe,https://www.tenniswarehouse-europe.com/Head_Speed_Tour_2026_Racket/descpageRCHEAD-HSPDT6-EN.html,Head
Speed MP 2026 Racket,187.90 €,280.00 €,Tennis Rackets,2026-09-11 14:51:05,Tennis Warehouse Europe,https://www.tenniswarehouse-europe.com/Head_Speed_MP_2026_Racket/descpageRCHEAD-HSPMP6-EN.html,Head
Speed MP L 2026 Racket,163.90 €,250.00 €,Tennis Rackets,2026-09-11 14:51:05,Tennis Warehouse Europe,https://www.tenniswarehouse-europe.com/Head_Speed_MP_L_2026_Racket/descpageRCHEAD-HSMPL6-EN.html,Head
Speed Team 2026 Racket,161.90 €,250.00 €,Tennis Rackets,2026-09-11 14:51:05,Tennis Warehouse Europe,https://www.tenniswarehouse-europe.com/Head_Speed_Team_2026_Racket/descpageRCHEAD-HSPTM6-EN.html,Head
Speed MP UL 2026 Racket,162.90 €,230.00 €,Tennis Rackets,2026-09-11 14:51:05,Tennis Warehouse Europe,https://www.tenniswarehouse-europe.com/Head_Speed_MP_UL_2026_Racket/descpageRCHEAD-HSMPUL-EN.html,Head
Speed MP Legend 2025 Racket,225.90 €,280.00 €,Tennis Rackets,2026-09-11 14:51:05,Tennis Warehouse Europe,https://www.tenniswarehouse-europe.com/Head_Speed_MP_Legend_2025_Racket/descpageRCHEAD-HSMPL5-EN.html,Head
Speed Pro Legend 2025 Racket,207.90 €,300.00 €,Tennis Rackets,2026-09-11 14:51:05,Tennis Warehouse Europe,https://www.tenniswarehouse-europe.com/Head_Speed_Pro_Legend_2025_Racket/descpageRCHEAD-HSPPL5-EN.html,Head
Speed Pro Legend 2024 Racket,139.90 €,300.00 €,Tennis Rackets,2026-09-11 14:51:05,Tennis Warehouse Europe,https://www.tenniswarehouse-europe.com/Head_Speed_Pro_Legend_2024_Racket/descpageRCHEAD-HSPDPL-EN.html,Head
Speed MP Legend 2024 Racket,139.90 €,280.00 €,Tennis Rackets,2026-09-11 14:51:05,Tennis Warehouse Europe,https://www.tenniswarehouse-europe.com/Head_Speed_MP_Legend_2024_Racket/descpageRCHEAD-HSPMPL-EN.html,Head
Speed Pro 2024 Racket,149.90 €,300.00 €,Tennis Rackets,2026-09-11 14:51:05,Tennis Warehouse Europe,https://www.tenniswarehouse-europe.com/Head_Speed_Pro_2024_Racket/descpageRCHEAD-HSPDP-EN.html,Head
Speed MP 2024 Racket,139.90 €,280.00 €,Tennis Rackets,2026-09-11 14:51:05,Tennis Warehouse Europe,https://www.tenniswarehouse-europe.com/Head_Speed_MP_2024_Racket/descpageRCHEAD-HSPDM-EN.html,Head
Speed Team 2024 Racket,119.90 €,250.00 €,Tennis Rackets,2026-09-11 14:51:05,Tennis Warehouse Europe,https://www.tenniswarehouse-europe.com/Head_Speed_Team_2024_Racket/descpageRCHEAD-HSPDTM-EN.html,Head
Speed Power 2024 Racket,175.91 €,280.00 €,Tennis Rackets,2026-09-11 14:51:05,Tennis Warehouse Europe,https://www.tenniswarehouse-europe.com/Head_Speed_Power_2024_Racket/descpageRCHEAD-HSPWR-EN.html,Head
Speed Elite 2026 Racket (strung),128.90 €,160.00 €,Tennis Rackets,2026-09-11 14:51:05,Tennis Warehouse Europe,https://www.tenniswarehouse-europe.com/Head_Speed_Elite_2026_Racket_strung/descpageRCHEAD-HSPELT-EN.html,Head
Speed Elite Racket,75.90 €,170.00 €,Tennis Rackets,2026-09-11 14:51:05,Tennis Warehouse Europe,https://www.tenniswarehouse-europe.com/Head_Speed_Elite_Racket/descpageRCHEAD-SPEELT-EN.html,Head
Speed MP 2022 Racket,139.90 €,280.00 €,Tennis Rackets,2026-09-11 14:51:05,Tennis Warehouse Europe,https://www.tenniswarehouse-europe.com/Head_Speed_MP_2022_Racket/descpageRCHEAD-SPDM-EN.html,Head
Speed Pro 2022 Racket,119.00 €,300.00 €,Tennis Rackets,2026-09-11 14:51:05,Tennis Warehouse Europe,https://www.tenniswarehouse-europe.com/Head_Speed_Pro_2022_Racket/descpageRCHEAD-SPDP-EN.html,Head
Speed Team 2022 Racket,124.90 €,250.00 €,Tennis Rackets,2026-09-11 14:51:05,Tennis Warehouse Europe,https://www.tenniswarehouse-europe.com/Head_Speed_Team_2022_Racket/descpageRCHEAD-SPDTM-EN.html,Head
Radical Pro 2025 Racket,208.90 €,300.00 €,Tennis Rackets,2026-09-11 14:51:05,Tennis Warehouse Europe,https://www.tenniswarehouse-europe.com/Head_Radical_Pro_2025_Racket/descpageRCHEAD-HPRR-EN.html,Head
Radical MP 2025 Racket,189.90 €,280.00 €,Tennis Rackets,2026-09-11 14:51:05,Tennis Warehouse Europe,https://www.tenniswarehouse-europe.com/Head_Radical_MP_2025_Racket/descpageRCHEAD-HRMP-EN.html,Head
Radical Team 2025 Racket,174.91 €,250.00 €,Tennis Rackets,2026-09-11 14:51:05,Tennis Warehouse Europe,https://www.tenniswarehouse-europe.com/Head_Radical_Team_2025_Racket/descpageRCHEAD-HRRT-EN.html,Head
Radical Team L 2025 Racket (strung),151.90 €,230.00 €,Tennis Rackets,2026-09-11 14:51:05,Tennis Warehouse Europe,https://www.tenniswarehouse-europe.com/Head_Radical_Team_L_2025_Racket_strung/descpageRCHEAD-HRRTL-EN.html,Head
Radical Elite 2025 Racket,136.90 €,160.00 €,Tennis Rackets,2026-09-11 14:51:05,Tennis Warehouse Europe,https://www.tenniswarehouse-europe.com/Head_Radical_Elite_2025_Racket/descpageRCHEAD-RADELT-EN.html,Head
Radical Pro 2023 Racket,128.90 €,300.00 €,Tennis Rackets,2026-09-11 14:51:05,Tennis Warehouse Europe,https://www.tenniswarehouse-europe.com/Head_Radical_Pro_2023_Racket/descpageRCHEAD-HRPR-EN.html,Head
Radical MP Palm Tree Crew 2025 Racket,139.90 €,280.00 €,Tennis Rackets,2026-09-11 14:51:05,Tennis Warehouse Europe,https://www.tenniswarehouse-europe.com/Head_Radical_MP_Palm_Tree_Crew_2025_Racket/descpageRCHEAD-HRMPPT-EN.html,Head
Radical Tour 2023 Racket,129.90 €,280.00 €,Tennis Rackets,2026-09-11 14:51:05,Tennis Warehouse Europe,https://www.tenniswarehouse-europe.com/Head_Radical_Tour_2023_Racket/descpageRCHEAD-HRTO-EN.html,Head
Radical MP 2023 Racket,129.90 €,280.00 €,Tennis Rackets,2026-09-11 14:51:05,Tennis Warehouse Europe,https://www.tenniswarehouse-europe.com/Head_Radical_MP_2023_Racket/descpageRCHEAD-HMPR-EN.html,Head
Radical Team 2023 Racket,124.90 €,250.00 €,Tennis Rackets,2026-09-11 14:51:05,Tennis Warehouse Europe,https://www.tenniswarehouse-europe.com/Head_Radical_Team_2023_Racket/descpageRCHEAD-HRTR-EN.html,Head
Graphene 360+ Radical MP Racket,119.90 €,250.00 €,Tennis Rackets,2026-09-11 14:51:05,Tennis Warehouse Europe,https://www.tenniswarehouse-europe.com/Head_Graphene_360_Radical_MP_Racket/descpageRCHEAD-HRRMP-EN.html,Head
Instinct MP Racket 2025,118.90 €,160.00 €,Tennis Rackets,2026-09-11 14:51:05,Tennis Warehouse Europe,https://www.tenniswarehouse-europe.com/Head_Instinct_MP_Racket_2025/descpageRCHEAD-HINMP-EN.html,Head
Instinct Team L Racket 2025,104.90 €,140.00 €,Tennis Rackets,2026-09-11 14:51:05,Tennis Warehouse Europe,https://www.tenniswarehouse-europe.com/Head_Instinct_Team_L_Racket_2025/descpageRCHEAD-HINTL-EN.html,Head
Instinct Team Racket 2025,118.90 €,150.00 €,Tennis Rackets,2026-09-11 14:51:05,Tennis Warehouse Europe,https://www.tenniswarehouse-europe.com/Head_Instinct_Team_Racket_2025/descpageRCHEAD-HINT25-EN.html,Head
Instinct PWR 115 Racket 2025,138.90 €,190.00 €,Tennis Rackets,2026-09-11 14:51:05,Tennis Warehouse Europe,https://www.tenniswarehouse-europe.com/Head_Instinct_PWR_115_Racket_2025/descpageRCHEAD-HINSP-EN.html,Head
Instinct MP Racket (strung),89.90 €,180.00 €,Tennis Rackets,2026-09-11 14:51:05,Tennis Warehouse Europe,https://www.tenniswarehouse-europe.com/Head_Instinct_MP_Racket_strung/descpageRCHEAD-HINSMP-EN.html,Head
Prestige Classic 2.0 Rackets,159.90 €,300.00 €,Tennis Rackets,2026-09-11 14:51:05,Tennis Warehouse Europe,https://www.tenniswarehouse-europe.com/Head_Prestige_Classic_20_Rackets/descpageRCHEAD-HRPCL2-EN.html,Head
Prestige Pro 2023 Racket,222.90 €,320.00 €,Tennis Rackets,2026-09-11 14:51:05,Tennis Warehouse Europe,https://www.tenniswarehouse-europe.com/Head_Prestige_Pro_2023_Racket/descpageRCHEAD-PRPROR-EN.html,Head
Prestige MP 2023 Racket,206.90 €,280.00 €,Tennis Rackets,2026-09-11 14:51:05,Tennis Warehouse Europe,https://www.tenniswarehouse-europe.com/Head_Prestige_MP_2023_Racket/descpageRCHEAD-HPRMP-EN.html,Head
Prestige MP L 2023 Racket,194.90 €,280.00 €,Tennis Rackets,2026-09-11 14:51:05,Tennis Warehouse Europe,https://www.tenniswarehouse-europe.com/Head_Prestige_MP_L_2023_Racket/descpageRCHEAD-HPRMPL-EN.html,Head
Prestige Tour 2023 Racket,208.90 €,300.00 €,Tennis Rackets,2026-09-11 14:51:05,Tennis Warehouse Europe,https://www.tenniswarehouse-europe.com/Head_Prestige_Tour_2023_Racket/descpageRCHEAD-THPRTR-EN.html,Head
Squared Racket,179.90 €,,Tennis Rackets,2026-09-11 14:51:05,Tennis Warehouse Europe,https://www.tenniswarehouse-europe.com/Head_Squared_Racket/descpageRCHEAD-HSQUR-EN.html,Head
PWR 110 Racket (strung),149.90 €,200.00 €,Tennis Rackets,2026-09-11 14:51:05,Tennis Warehouse Europe,https://www.tenniswarehouse-europe.com/Head_PWR_110_Racket_strung/descpageRCHEAD-HPWR10-EN.html,Head
PWR 115 Racket (strung),179.90 €,200.00 €,Tennis Rackets,2026-09-11 14:51:05,Tennis Warehouse Europe,https://www.tenniswarehouse-europe.com/Head_PWR_115_Racket_strung/descpageRCHEAD-HPWR15-EN.html,Head
"Novak 2024 17"" Junior Racket",19.90 €,25.00 €,Tennis Rackets,2026-09-11 14:51:05,Tennis Warehouse Europe,https://www.tenniswarehouse-europe.com/Head_Novak_2024_17_Junior_Racket/descpageRCHEAD-NVK17J-EN.html,Head
"Jannik 17"" Junior 2026 Racket",17.90 €,25.00 €,Tennis Rackets,2026-09-11 14:51:05,Tennis Warehouse Europe,https://www.tenniswarehouse-europe.com/Head_Jannik_17_Junior_2026_Racket/descpageRCHEAD-HJ17J6-EN.html,Head
"Coco 17"" Junior 2026 Racket",20.90 €,,Tennis Rackets,2026-09-11 14:51:05,Tennis Warehouse Europe,https://www.tenniswarehouse-europe.com/Head_Coco_17_Junior_2026_Racket/descpageRCHEAD-HC17J6-EN.html,Head
"Paw 17"" Junior Racket (White)",23.90 €,30.00 €,Tennis Rackets,2026-09-11 14:51:05,Tennis Warehouse Europe,https://www.tenniswarehouse-europe.com/Head_Paw_17_Junior_Racket_White/descpageRCHEAD-PAW17W-EN.html,Head
"Paw 17"" Junior Racket (Blue)",19.90 €,30.00 €,Tennis Rackets,2026-09-11 14:51:05,Tennis Warehouse Europe,https://www.tenniswarehouse-europe.com/Head_Paw_17_Junior_Racket_Blue/descpageRCHEAD-PAW17B-EN.html,Head
"Coco 19"" Junior 2026 Racket",24.89 €,30.00 €,Tennis Rackets,2026-09-11 14:51:05,Tennis Warehouse Europe,https://www.tenniswarehouse-europe.com/Head_Coco_19_Junior_2026_Racket/descpageRCHEAD-HC19J6-EN.html,Head
Extreme Junior 19 2024 Racket,25.90 €,35.00 €,Tennis Rackets,2026-09-11 14:51:05,Tennis Warehouse Europe,https://www.tenniswarehouse-europe.com/Head_Extreme_Junior_19_2024_Racket/descpageRCHEAD-HEXJ1924-EN.html,Head
"Jannik 19"" Junior 2026 Racket",24.89 €,30.00 €,Tennis Rackets,2026-09-11 14:51:05,Tennis Warehouse Europe,https://www.tenniswarehouse-europe.com/Head_Jannik_19_Junior_2026_Racket/descpageRCHEAD-HJ19J6-EN.html,Head
"Paw 19"" Junior Racket (Blue)",27.89 €,35.00 €,Tennis Rackets,2026-09-11 14:51:05,Tennis Warehouse Europe,https://www.tenniswarehouse-europe.com/Head_Paw_19_Junior_Racket_Blue/descpageRCHEAD-PAW19B-EN.html,Head
"Paw 19"" Junior Racket (White)",25.90 €,35.00 €,Tennis Rackets,2026-09-11 14:51:05,Tennis Warehouse Europe,https://www.tenniswarehouse-europe.com/Head_Paw_19_Junior_Racket_White/descpageRCHEAD-PAW19W-EN.html,Head
"Coco 21"" Junior 2026 Racket",25.90 €,30.00 €,Tennis Rackets,2026-09-11 14:51:05,Tennis Warehouse Europe,https://www.tenniswarehouse-europe.com/Head_Coco_21_Junior_2026_Racket/descpageRCHEAD-HC21J6-EN.html,Head
"Coco 2024 19"" Junior Racket",21.90 €,30.00 €,Tennis Rackets,2026-09-11 14:51:05,Tennis Warehouse Europe,https://www.tenniswarehouse-europe.com/Head_Coco_2024_19_Junior_Racket/descpageRCHEAD-COCO19J-EN.html,Head
"Coco 2024 21"" Junior Racket",21.90 €,30.00 €,Tennis Rackets,2026-09-11 14:51:05,Tennis Warehouse Europe,https://www.tenniswarehouse-europe.com/Head_Coco_2024_21_Junior_Racket/descpageRCHEAD-COCO21J-EN.html,Head
"Jannik 21"" Junior 2026 Racket",25.90 €,,Tennis Rackets,2026-09-11 14:51:05,Tennis Warehouse Europe,https://www.tenniswarehouse-europe.com/Head_Jannik_21_Junior_2026_Racket/descpageRCHEAD-HJ21J6-EN.html,Head
"IG Speed 21"" Junior 2024 Racket",42.90 €,55.00 €,Tennis Rackets,2026-09-11 14:51:05,Tennis Warehouse Europe,https://www.tenniswarehouse-europe.com/Head_IG_Speed_21_Junior_2024_Racket/descpageRCHEAD-HIGSP21-EN.html,Head
Extreme Junior 21 2026 Racket,35.90 €,,Tennis Rackets,2026-09-11 14:51:05,Tennis Warehouse Europe,https://www.tenniswarehouse-europe.com/Head_Extreme_Junior_21_2026_Racket/descpageRCHEAD-HEXJ2126-EN.html,Head
Extreme Junior 21 2024 Racket,28.91 €,40.00 €,Tennis Rackets,2026-09-11 14:51:05,Tennis Warehouse Europe,https://www.tenniswarehouse-europe.com/Head_Extreme_Junior_21_2024_Racket/descpageRCHEAD-HEXJ2124-EN.html,Head
"IG Speed 21"" Junior 2026 Racket",43.90 €,55.00 €,Tennis Rackets,2026-09-11 14:51:05,Tennis Warehouse Europe,https://www.tenniswarehouse-europe.com/Head_IG_Speed_21_Junior_2026_Racket/descpageRCHEAD-HIGSD21-EN.html,Head
"Paw 21"" Junior Racket (White)",24.89 €,40.00 €,Tennis Rackets,2026-09-11 14:51:05,Tennis Warehouse Europe,https://www.tenniswarehouse-europe.com/Head_Paw_21_Junior_Racket_White/descpageRCHEAD-PAW21W-EN.html,Head
"Paw 21"" Junior Racket (Blue)",31.90 €,40.00 €,Tennis Rackets,2026-09-11 14:51:05,Tennis Warehouse Europe,https://www.tenniswarehouse-europe.com/Head_Paw_21_Junior_Racket_Blue/descpageRCHEAD-PAW21B-EN.html,Head
"Jannik 23"" Junior 2026 Racket",29.90 €,35.00 €,Tennis Rackets,2026-09-11 14:51:05,Tennis Warehouse Europe,https://www.tenniswarehouse-europe.com/Head_Jannik_23_Junior_2026_Racket/descpageRCHEAD-HJ23J6-EN.html,Head
"Coco 23"" Junior 2026 Racket",30.90 €,,Tennis Rackets,2026-09-11 14:51:05,Tennis Warehouse Europe,https://www.tenniswarehouse-europe.com/Head_Coco_23_Junior_2026_Racket/descpageRCHEAD-HC23J6-EN.html,Head
Extreme Junior 23 2026 Racket,35.90 €,,Tennis Rackets,2026-09-11 14:51:05,Tennis Warehouse Europe,https://www.tenniswarehouse-europe.com/Head_Extreme_Junior_23_2026_Racket/descpageRCHEAD-HEXJ2326-EN.html,Head
"Paw 23"" Junior Racket (Blue)",24.89 €,40.00 €,Tennis Rackets,2026-09-11 14:51:05,Tennis Warehouse Europe,https://www.tenniswarehouse-europe.com/Head_Paw_23_Junior_Racket_Blue/descpageRCHEAD-PAW23B-EN.html,Head
"IG Speed 23"" Junior 2026 Racket",44.90 €,,Tennis Rackets,2026-09-11 14:51:05,Tennis Warehouse Europe,https://www.tenniswarehouse-europe.com/Head_IG_Speed_23_Junior_2026_Racket/descpageRCHEAD-HIGSP23-EN.html,Head
"Novak 2024 23"" Junior Racket",24.89 €,35.00 €,Tennis Rackets,2026-09-11 14:51:05,Tennis Warehouse Europe,https://www.tenniswarehouse-europe.com/Head_Novak_2024_23_Junior_Racket/descpageRCHEAD-NVK23J-EN.html,Head
Extreme Junior 23 2024 Racket,31.90 €,40.00 €,Tennis Rackets,2026-09-11 14:51:05,Tennis Warehouse Europe,https://www.tenniswarehouse-europe.com/Head_Extreme_Junior_23_2024_Racket/descpageRCHEAD-HEXJ2324-EN.html,Head
"Coco 2024 23"" Junior Racket",22.90 €,35.00 €,Tennis Rackets,2026-09-11 14:51:05,Tennis Warehouse Europe,https://www.tenniswarehouse-europe.com/Head_Coco_2024_23_Junior_Racket/descpageRCHEAD-COCO23J-EN.html,Head
"IG Speed 24"" Junior 2026 Racket",43.90 €,55.00 €,Tennis Rackets,2026-09-11 14:51:05,Tennis Warehouse Europe,https://www.tenniswarehouse-europe.com/Head_IG_Speed_24_Junior_2026_Racket/descpageRCHEAD-HIGSP24-EN.html,Head
"IG Speed 25"" Junior 2026 Racket",56.90 €,70.00 €,Tennis Rackets,2026-09-11 14:51:05,Tennis Warehouse Europe,https://www.tenniswarehouse-europe.com/Head_IG_Speed_25_Junior_2026_Racket/descpageRCHEAD-HIGSP25-EN.html,Head
"Gravity 2025 25"" Junior Racket",84.89 €,120.00 €,Tennis Rackets,2026-09-11 14:51:05,Tennis Warehouse Europe,https://www.tenniswarehouse-europe.com/Head_Gravity_2025_25_Junior_Racket/descpageRCHEAD-HGR25-EN.html,Head
"Speed Junior 25"" 2026 Racket",99.90 €,120.00 €,Tennis Rackets,2026-09-11 14:51:05,Tennis Warehouse Europe,https://www.tenniswarehouse-europe.com/Head_Speed_Junior_25_2026_Racket_/descpageRCHEAD-HSJR25-EN.html,Head
Extreme Junior 25 2026 Racket,44.90 €,,Tennis Rackets,2026-09-11 14:51:05,Tennis Warehouse Europe,https://www.tenniswarehouse-europe.com/Head_Extreme_Junior_25_2026_Racket/descpageRCHEAD-HEXJ2526-EN.html,Head
"Coco 25"" Junior 2026 Racket",30.90 €,35.00 €,Tennis Rackets,2026-09-11 14:51:05,Tennis Warehouse Europe,https://www.tenniswarehouse-europe.com/Head_Coco_25_Junior_2026_Racket/descpageRCHEAD-HC25J6-EN.html,Head
"Coco 2024 25"" Junior Racket",22.90 €,35.00 €,Tennis Rackets,2026-09-11 14:51:05,Tennis Warehouse Europe,https://www.tenniswarehouse-europe.com/Head_Coco_2024_25_Junior_Racket/descpageRCHEAD-COCO25J-EN.html,Head
"Jannik 25"" Junior 2026 Racket",29.90 €,35.00 €,Tennis Rackets,2026-09-11 14:51:05,Tennis Warehouse Europe,https://www.tenniswarehouse-europe.com/Head_Jannik_25_Junior_2026_Racket/descpageRCHEAD-HJ25J6-EN.html,Head
"Boom Junior 25"" Alternate 2026 Racket",106.90 €,130.00 €,Tennis Rackets,2026-09-11 14:51:05,Tennis Warehouse Europe,https://www.tenniswarehouse-europe.com/Head_Boom_Junior_25_Alternate_2026_Racket/descpageRCHEAD-HBJRA5-EN.html,Head
"Boom Junior 25"" 2026 Racket",99.90 €,130.00 €,Tennis Rackets,2026-09-11 14:51:05,Tennis Warehouse Europe,https://www.tenniswarehouse-europe.com/Head_Boom_Junior_25_2026_Racket/descpageRCHEAD-HBJR25-EN.html,Head
"Boom Junior 25"" Alternate 2024 Racket",59.90 €,130.00 €,Tennis Rackets,2026-09-11 14:51:05,Tennis Warehouse Europe,https://www.tenniswarehouse-europe.com/Head_Boom_Junior_25_Alternate_2024_Racket/descpageRCHEAD-HBJR25A-EN.html,Head
Extreme Junior 26 2026 Racket,44.90 €,,Tennis Rackets,2026-09-11 14:51:05,Tennis Warehouse Europe,https://www.tenniswarehouse-europe.com/Head_Extreme_Junior_26_2026_Racket/descpageRCHEAD-HEXJ2626-EN.html,Head
Extreme Junior 26 2024 Racket,39.90 €,50.00 €,Tennis Rackets,2026-09-11 14:51:05,Tennis Warehouse Europe,https://www.tenniswarehouse-europe.com/Head_Extreme_Junior_26_2024_Racket/descpageRCHEAD-HEXJ2624-EN.html,Head
"Extreme 26"" Junior 2024 Racket",60.00 €,120.00 €,Tennis Rackets,2026-09-11 14:51:05,Tennis Warehouse Europe,https://www.tenniswarehouse-europe.com/Head_Extreme_26_Junior_2024_Racket/descpageRCHEAD-HREJ24-EN.html,Head
"Gravity 2025 26"" Junior Racket",83.90 €,120.00 €,Tennis Rackets,2026-09-11 14:51:05,Tennis Warehouse Europe,https://www.tenniswarehouse-europe.com/Head_Gravity_2025_26_Junior_Racket/descpageRCHEAD-HGR26-EN.html,Head
"Boom 26"" Junior 2024 Alternate Racket",59.90 €,130.00 €,Tennis Rackets,2026-09-11 14:51:05,Tennis Warehouse Europe,https://www.tenniswarehouse-europe.com/Head_Boom_26_Junior_2024_Alternate_Racket/descpageRCHEAD-HBMJRA-EN.html,Head
"Boom 26"" Junior 2024 Racket",64.90 €,130.00 €,Tennis Rackets,2026-09-11 14:51:05,Tennis Warehouse Europe,https://www.tenniswarehouse-europe.com/Head_Boom_26_Junior_2024_Racket/descpageRCHEAD-HBMJR-EN.html,Head
"IG Speed 26"" Junior 2026 Racket",55.91 €,70.00 €,Tennis Rackets,2026-09-11 14:51:05,Tennis Warehouse Europe,https://www.tenniswarehouse-europe.com/Head_IG_Speed_26_Junior_2026_Racket_/descpageRCHEAD-HIGSP26-EN.html,Head
Extreme Junior 2026 Racket,129.90 €,,Tennis Rackets,2026-09-11 14:51:05,Tennis Warehouse Europe,https://www.tenniswarehouse-europe.com/Head_Extreme_Junior_2026_Racket/descpageRCHEAD-HEXJU6-EN.html,Head
Boom Junior 2026 Alternate Racket,109.90 €,130.00 €,Tennis Rackets,2026-09-11 14:51:05,Tennis Warehouse Europe,https://www.tenniswarehouse-europe.com/Head_Boom_Junior_2026_Alternate_Racket/descpageRCHEAD-HBJRA6-EN.html,Head
Boom Junior 2026 Racket,109.90 €,130.00 €,Tennis Rackets,2026-09-11 14:51:05,Tennis Warehouse Europe,https://www.tenniswarehouse-europe.com/Head_Boom_Junior_2026_Racket/descpageRCHEAD-HBMJR6-EN.html,Head
Speed Junior 2026 Racket,84.89 €,120.00 €,Tennis Rackets,2026-09-11 14:51:05,Tennis Warehouse Europe,https://www.tenniswarehouse-europe.com/Head_Speed_Junior_2026_Racket/descpageRCHEAD-HSPJR6-EN.html,Head
Radical Junior 2025 Racket,89.90 €,120.00 €,Tennis Rackets,2026-09-11 14:51:05,Tennis Warehouse Europe,https://www.tenniswarehouse-europe.com/Head_Radical_Junior_2025_Racket/descpageRCHEAD-HRJR-EN.html,Head
Prince X Toroline Racket (Tour 98),299.90 €,,Tennis Rackets,2026-09-11 14:51:05,Tennis Warehouse Europe,https://www.tenniswarehouse-europe.com/Prince_X_Toroline_Racket_Tour_98/descpageRCPRINCEH-PXTORO-EN.html,Prince Hardgoods
Prince Tour 98 Rackets (305g) 2026,189.90 €,,Tennis Rackets,2026-09-11 14:51:05,Tennis Warehouse Europe,https://www.tenniswarehouse-europe.com/Prince_Tour_98_Rackets_305g_2026/descpageRCPRINCEH-PTR698-EN.html,Prince Hardgoods
Prince Tour 100 Rackets (310g) 2026,165.90 €,,Tennis Rackets,2026-09-11 14:51:05,Tennis Warehouse Europe,https://www.tenniswarehouse-europe.com/Prince_Tour_100_Rackets_310g_2026/descpageRCPRINCEH-PTR631-EN.html,Prince Hardgoods
Prince Tour 100P Rackets (305g) 2026,181.90 €,,Tennis Rackets,2026-09-11 14:51:05,Tennis Warehouse Europe,https://www.tenniswarehouse-europe.com/Prince_Tour_100P_Rackets_305g_2026/descpageRCPRINCEH-PTR61P-EN.html,Prince Hardgoods
Prince Tour 100 Rackets (290g) 2026,229.90 €,,Tennis Rackets,2026-09-11 14:51:05,Tennis Warehouse Europe,https://www.tenniswarehouse-europe.com/Prince_Tour_100_Rackets_290g_2026/descpageRCPRINCEH-PTR629-EN.html,Prince Hardgoods
Prince Tour Carbon 100 Rackets (290g),137.90 €,229.95 €,Tennis Rackets,2026-09-11 14:51:05,Tennis Warehouse Europe,https://www.tenniswarehouse-europe.com/Prince_Tour_Carbon_100_Rackets_290g/descpageRCPRINCEH-PTC290-EN.html,Prince Hardgoods
Prince Ripcord 98 XS Racket,189.90 €,239.95 €,Tennis Rackets,2026-09-11 14:51:05,Tennis Warehouse Europe,https://www.tenniswarehouse-europe.com/Prince_Ripcord_98_XS_Racket_/descpageRCPRINCEH-PRIPXS-EN.html,Prince Hardgoods
Prince Ripcord 300g Racket,150.90 €,229.95 €,Tennis Rackets,2026-09-11 14:51:05,Tennis Warehouse Europe,https://www.tenniswarehouse-europe.com/Prince_Ripcord_300g_Racket_/descpageRCPRINCEH-PRIP30-EN.html,Prince Hardgoods
Prince Ripcord 280g Racket,140.90 €,219.95 €,Tennis Rackets,2026-09-11 14:51:05,Tennis Warehouse Europe,https://www.tenniswarehouse-europe.com/Prince_Ripcord_280g_Racket_/descpageRCPRINCEH-PRIP28-EN.html,Prince Hardgoods
Prince Ripcord 265g Racket,115.91 €,209.95 €,Tennis Rackets,2026-09-11 14:51:05,Tennis Warehouse Europe,https://www.tenniswarehouse-europe.com/Prince_Ripcord_265g_Racket_/descpageRCPRINCEH-PRIP26-EN.html,Prince Hardgoods
Prince Ripstick 98 (310g) Racket,159.90 €,239.95 €,Tennis Rackets,2026-09-11 14:51:05,Tennis Warehouse Europe,https://www.tenniswarehouse-europe.com/Prince_Ripstick_98_310g_Racket_/descpageRCPRINCEH-PRPK98-EN.html,Prince Hardgoods
Prince Ripstick 100 (300g) Racket,159.90 €,239.95 €,Tennis Rackets,2026-09-11 14:51:05,Tennis Warehouse Europe,https://www.tenniswarehouse-europe.com/Prince_Ripstick_100_300g_Racket_/descpageRCPRINCEH-PRPK30-EN.html,Prince Hardgoods
Prince Ripstick 100 (280g) Racket,125.90 €,229.95 €,Tennis Rackets,2026-09-11 14:51:05,Tennis Warehouse Europe,https://www.tenniswarehouse-europe.com/Prince_Ripstick_100_280g_Racket_/descpageRCPRINCEH-PRPK28-EN.html,Prince Hardgoods
Prince Warrior White Edt 100 (300g) Racket (Pre Strung),101.90 €,169.95 €,Tennis Rackets,2026-09-11 14:51:05,Tennis Warehouse Europe,https://www.tenniswarehouse-europe.com/Prince_Warrior_White_Edt_100_300g_Racket_Pre_Strung/descpageRCPRINCEH-PWWE30-EN.html,Prince Hardgoods
Prince Warrior White Edt 100 (285g) Racket (Pre Strung),101.90 €,169.95 €,Tennis Rackets,2026-09-11 14:51:05,Tennis Warehouse Europe,https://www.tenniswarehouse-europe.com/Prince_Warrior_White_Edt_100_285g_Racket_Pre_Strung/descpageRCPRINCEH-PWWE28-EN.html,Prince Hardgoods
Prince Warrior White Edt 100 (265g) Racket (Pre Strung),99.90 €,169.95 €,Tennis Rackets,2026-09-11 14:51:05,Tennis Warehouse Europe,https://www.tenniswarehouse-europe.com/Prince_Warrior_White_Edt_100_265g_Racket_Pre_Strung/descpageRCPRINCEH-PWWE26-EN.html,Prince Hardgoods
Prince Warrior 100 (300g) Racket (Pre Strung),99.90 €,149.95 €,Tennis Rackets,2026-09-11 14:51:05,Tennis Warehouse Europe,https://www.tenniswarehouse-europe.com/Prince_Warrior_100_300g_Racket_Pre_Strung/descpageRCPRINCEH-PWA300-EN.html,Prince Hardgoods
Prince Warrior 100 (285g) Racket (Pre Strung),119.90 €,149.95 €,Tennis Rackets,2026-09-11 14:51:05,Tennis Warehouse Europe,https://www.tenniswarehouse-europe.com/Prince_Warrior_100_285g_Racket_Pre_Strung/descpageRCPRINCEH-PWA285-EN.html,Prince Hardgoods
Prince Warrior 100 (265g) Racket (Pre Strung),93.90 €,149.95 €,Tennis Rackets,2026-09-11 14:51:05,Tennis Warehouse Europe,https://www.tenniswarehouse-europe.com/Prince_Warrior_100_265g_Racket_Pre_Strung/descpageRCPRINCEH-PWA265-EN.html,Prince Hardgoods
Prince Warrior 107 (275g) Bk/Br Racket (Pre Strung),110.90 €,149.95 €,Tennis Rackets,2026-09-11 14:51:05,Tennis Warehouse Europe,https://www.tenniswarehouse-europe.com/Prince_Warrior_107_275g_Bk_Br_Racket_Pre_Strung/descpageRCPRINCEH-PWA107-EN.html,Prince Hardgoods
Prince Warrior 107 Wh/Pu (275g) Racket (Pre Strung),119.90 €,149.95 €,Tennis Rackets,2026-09-11 14:51:05,Tennis Warehouse Europe,https://www.tenniswarehouse-europe.com/Prince_Warrior_107_Wh_Pu_275g_Racket_Pre_Strung/descpageRCPRINCEH-PWA27P-EN.html,Prince Hardgoods
Prince O3 Phantom 100X (310g) Racket,198.90 €,259.90 €,Tennis Rackets,2026-09-11 14:51:05,Tennis Warehouse Europe,https://www.tenniswarehouse-europe.com/Prince_O3_Phantom_100X_310g_Racket/descpageRCPRINCEH-PO310X-EN.html,Prince Hardgoods
Prince Phantom 100X (290g) (2024) Racket,139.90 €,259.95 €,Tennis Rackets,2026-09-11 14:51:05,Tennis Warehouse Europe,https://www.tenniswarehouse-europe.com/Prince_Phantom_100X_290g_2024_Racket/descpageRCPRINCEH-PHNX9-EN.html,Prince Hardgoods
Prince Phantom 100X (305g) (2024) Racket,158.90 €,259.95 €,Tennis Rackets,2026-09-11 14:51:05,Tennis Warehouse Europe,https://www.tenniswarehouse-europe.com/Prince_Phantom_100X_305g_2024_Racket/descpageRCPRINCEH-PHNX5-EN.html,Prince Hardgoods
Prince Phantom 100P (310g) Racket,149.00 €,259.95 €,Tennis Rackets,2026-09-11 14:51:05,Tennis Warehouse Europe,https://www.tenniswarehouse-europe.com/Prince_Phantom_100P_310g_Racket/descpageRCPRINCEH-PHNP1-EN.html,Prince Hardgoods
Prince Phantom 100X (320g) (2024) Racket,148.90 €,259.95 €,Tennis Rackets,2026-09-11 14:51:05,Tennis Warehouse Europe,https://www.tenniswarehouse-europe.com/Prince_Phantom_100X_320g_2024_Racket/descpageRCPRINCEH-PHNX2-EN.html,Prince Hardgoods
Prince Beast Smiley Edition Racket (265g),114.91 €,219.95 €,Tennis Rackets,2026-09-11 14:51:05,Tennis Warehouse Europe,https://www.tenniswarehouse-europe.com/Prince_Beast_Smiley_Edition_Racket_265g_/descpageRCPRINCEH-PBS265-EN.html,Prince Hardgoods
Prince Beast Smiley Edition Racket (280g),125.90 €,229.95 €,Tennis Rackets,2026-09-11 14:51:05,Tennis Warehouse Europe,https://www.tenniswarehouse-europe.com/Prince_Beast_Smiley_Edition_Racket_280g_/descpageRCPRINCEH-PBS280-EN.html,Prince Hardgoods
Prince Beast Smiley Edition Racket (300g),140.90 €,239.95 €,Tennis Rackets,2026-09-11 14:51:05,Tennis Warehouse Europe,https://www.tenniswarehouse-europe.com/Prince_Beast_Smiley_Edition_Racket_300g_/descpageRCPRINCEH-PBS300-EN.html,Prince Hardgoods
Prince Beast 100 LTD Racket (280g),131.90 €,219.95 €,Tennis Rackets,2026-09-11 14:51:05,Tennis Warehouse Europe,https://www.tenniswarehouse-europe.com/Prince_Beast_100_LTD_Racket_280g_/descpageRCPRINCEH-PBLTD2-EN.html,Prince Hardgoods
Prince Beast 100 Racket Pink (280g),110.90 €,209.95 €,Tennis Rackets,2026-09-11 14:51:05,Tennis Warehouse Europe,https://www.tenniswarehouse-europe.com/Prince_Beast_100_Racket_Pink_280g_/descpageRCPRINCEH-PB280P-EN.html,Prince Hardgoods
Prince Hydrogen Neon (305g) Racket (pre Strung),100.90 €,249.95 €,Tennis Rackets,2026-09-11 14:51:05,Tennis Warehouse Europe,https://www.tenniswarehouse-europe.com/Prince_Hydrogen_Neon_305g_Racket_pre_Strung/descpageRCPRINCEH-PHDR3-EN.html,Prince Hardgoods
Prince Hydrogen Neon (290g) Racket (pre Strung),119.90 €,239.95 €,Tennis Rackets,2026-09-11 14:51:05,Tennis Warehouse Europe,https://www.tenniswarehouse-europe.com/Prince_Hydrogen_Neon_290g_Racket_pre_Strung/descpageRCPRINCEH-PHDR29-EN.html,Prince Hardgoods
Prince Hydrogen Neon (275g) Racket (pre Strung),120.90 €,229.95 €,Tennis Rackets,2026-09-11 14:51:05,Tennis Warehouse Europe,https://www.tenniswarehouse-europe.com/Prince_Hydrogen_Neon_275g_Racket_pre_Strung/descpageRCPRINCEH-PHDR27-EN.html,Prince Hardgoods
Prince Hydrogen Neon (260g) Racket (pre Strung),120.90 €,219.95 €,Tennis Rackets,2026-09-11 14:51:05,Tennis Warehouse Europe,https://www.tenniswarehouse-europe.com/Prince_Hydrogen_Neon_260g_Racket_pre_Strung/descpageRCPRINCEH-PHDR26-EN.html,Prince Hardgoods
Prince Hydrogen Skulls (260g) Racket (pre Strung),103.90 €,219.95 €,Tennis Rackets,2026-09-11 14:51:05,Tennis Warehouse Europe,https://www.tenniswarehouse-europe.com/Prince_Hydrogen_Skulls_260g_Racket_pre_Strung/descpageRCPRINCEH-PHSR26-EN.html,Prince Hardgoods
Prince Beast Smiley Edition Racket (300g),140.90 €,239.95 €,Tennis Rackets,2026-09-11 14:51:05,Tennis Warehouse Europe,https://www.tenniswarehouse-europe.com/Prince_Beast_Smiley_Edition_Racket_300g_/descpageRCPRINCEH-PBS300-EN.html,Prince Hardgoods
Prince Beast Smiley Edition Racket (280g),125.90 €,229.95 €,Tennis Rackets,2026-09-11 14:51:05,Tennis Warehouse Europe,https://www.tenniswarehouse-europe.com/Prince_Beast_Smiley_Edition_Racket_280g_/descpageRCPRINCEH-PBS280-EN.html,Prince Hardgoods
Prince Beast Smiley Edition Racket (265g),114.91 €,219.95 €,Tennis Rackets,2026-09-11 14:51:05,Tennis Warehouse Europe,https://www.tenniswarehouse-europe.com/Prince_Beast_Smiley_Edition_Racket_265g_/descpageRCPRINCEH-PBS265-EN.html,Prince Hardgoods
Prince Smiley 25 Junior Racket,98.90 €,109.95 €,Tennis Rackets,2026-09-11 14:51:05,Tennis Warehouse Europe,https://www.tenniswarehouse-europe.com/Prince_Smiley_25_Junior_Racket/descpageRCPRINCEH-PJSM25-EN.html,Prince Hardgoods
Prince O3 Legacy 120 Racket (Pre Strung) (2024),179.00 €,269.95 €,Tennis Rackets,2026-09-11 14:51:05,Tennis Warehouse Europe,https://www.tenniswarehouse-europe.com/Prince_O3_Legacy_120_Racket_Pre_Strung_2024/descpageRCPRINCEH-PLEG2-EN.html,Prince Hardgoods
Prince O3 Legacy 105 Racket (Pre Strung) (2024),149.90 €,249.95 €,Tennis Rackets,2026-09-11 14:51:05,Tennis Warehouse Europe,https://www.tenniswarehouse-europe.com/Prince_O3_Legacy_105_Racket_Pre_Strung_2024/descpageRCPRINCEH-PLEG5-EN.html,Prince Hardgoods
Prince Premier 105 Racket (Pre Strung),109.90 €,,Tennis Rackets,2026-09-11 14:51:05,Tennis Warehouse Europe,https://www.tenniswarehouse-europe.com/Prince_Premier_105_Racket_Pre_Strung/descpageRCPRINCEH-PREM105-EN.html,Prince Hardgoods
Prince Premier 110 Racket (Pre Strung),119.90 €,,Tennis Rackets,2026-09-11 14:51:05,Tennis Warehouse Europe,https://www.tenniswarehouse-europe.com/Prince_Premier_110_Racket_Pre_Strung/descpageRCPRINCEH-PREM10-EN.html,Prince Hardgoods
Prince Smiley 25 Junior Racket,98.90 €,109.95 €,Tennis Rackets,2026-09-11 14:51:05,Tennis Warehouse Europe,https://www.tenniswarehouse-europe.com/Prince_Smiley_25_Junior_Racket/descpageRCPRINCEH-PJSM25-EN.html,Prince Hardgoods
Muse 98 (305g) Racket,269.90 €,,Tennis Rackets,2026-09-11 14:51:05,Tennis Warehouse Europe,https://www.tenniswarehouse-europe.com/Yonex_Muse_98_305g_Racket/descpageRCYONEX-YMUS8-EN.html,Yonex
Muse 100 (295g) Racket,248.90 €,,Tennis Rackets,2026-09-11 14:51:05,Tennis Warehouse Europe,https://www.tenniswarehouse-europe.com/Yonex_Muse_100_295g_Racket/descpageRCYONEX-YMU100-EN.html,Yonex
Muse 100L (280g) Racket,239.90 €,,Tennis Rackets,2026-09-11 14:51:05,Tennis Warehouse Europe,https://www.tenniswarehouse-europe.com/Yonex_Muse_100L_280g_Racket/descpageRCYONEX-YMU10L-EN.html,Yonex
Muse 107 (280g) Racket,229.90 €,229.90 €,Tennis Rackets,2026-09-11 14:51:05,Tennis Warehouse Europe,https://www.tenniswarehouse-europe.com/Yonex_Muse_107_280g_Racket/descpageRCYONEX-YMU107-EN.html,Yonex
EZONE 100 (300g) Espresso Racket,269.90 €,299.90 €,Tennis Rackets,2026-09-11 14:51:05,Tennis Warehouse Europe,https://www.tenniswarehouse-europe.com/Yonex_EZONE_100_300g_Espresso_Racket/descpageRCYONEX-EZ10EB-EN.html,Yonex
EZONE 98 (305g) Espresso Racket,269.90 €,299.90 €,Tennis Rackets,2026-09-11 14:51:05,Tennis Warehouse Europe,https://www.tenniswarehouse-europe.com/Yonex_EZONE_98_305g_Espresso_Racket/descpageRCYONEX-EZ98EB-EN.html,Yonex
EZONE 98 (305g) Blast Blue Racket,230.90 €,279.90 €,Tennis Rackets,2026-09-11 14:51:05,Tennis Warehouse Europe,https://www.tenniswarehouse-europe.com/Yonex_EZONE_98_305g_Blast_Blue_Racket/descpageRCYONEX-EZ98BB-EN.html,Yonex
EZONE 100L (285g) Blast Blue Racket,229.90 €,259.90 €,Tennis Rackets,2026-09-11 14:51:05,Tennis Warehouse Europe,https://www.tenniswarehouse-europe.com/Yonex_EZONE_100L_285g_Blast_Blue_Racket/descpageRCYONEX-EZ1LBB-EN.html,Yonex
EZONE ACE (260g) Blast Blue Racket Pre Strung,124.90 €,149.90 €,Tennis Rackets,2026-09-11 14:51:05,Tennis Warehouse Europe,https://www.tenniswarehouse-europe.com/Yonex_EZONE_ACE_260g_Blast_Blue_Racket_Pre_Strung/descpageRCYONEX-EZACBB-EN.html,Yonex
EZONE Alpha SL(245g) Blast Blue Racket Pre Strung,119.90 €,159.95 €,Tennis Rackets,2026-09-11 14:51:05,Tennis Warehouse Europe,https://www.tenniswarehouse-europe.com/Yonex_EZONE_Alpha_SL245g_Blast_Blue_Racket_Pre_Strung/descpageRCYONEX-EZASLB-EN.html,Yonex
VCORE 100 Ruby Red (300g) Racket,268.90 €,,Tennis Rackets,2026-09-11 14:51:05,Tennis Warehouse Europe,https://www.tenniswarehouse-europe.com/Yonex_VCORE_100_Ruby_Red_300g_Racket/descpageRCYONEX-YVC106-EN.html,Yonex
VCORE 98 Ruby Red (305g) Racket,274.90 €,,Tennis Rackets,2026-09-11 14:51:05,Tennis Warehouse Europe,https://www.tenniswarehouse-europe.com/Yonex_VCORE_98_Ruby_Red_305g_Racket/descpageRCYONEX-YVC986-EN.html,Yonex
VCORE 100L Ruby Red (280g) Racket,289.90 €,,Tennis Rackets,2026-09-11 14:51:05,Tennis Warehouse Europe,https://www.tenniswarehouse-europe.com/Yonex_VCORE_100L_Ruby_Red_280g_Racket/descpageRCYONEX-YVC10L-EN.html,Yonex
VCORE 98L Ruby Red (285g) Racket,214.90 €,289.90 €,Tennis Rackets,2026-09-11 14:51:05,Tennis Warehouse Europe,https://www.tenniswarehouse-europe.com/Yonex_VCORE_98L_Ruby_Red_285g_Racket/descpageRCYONEX-YV98L6-EN.html,Yonex
VCORE Alpha Ruby Red (275g) Rackets,139.90 €,179.90 €,Tennis Rackets,2026-09-11 14:51:05,Tennis Warehouse Europe,https://www.tenniswarehouse-europe.com/Yonex_VCORE_Alpha_Ruby_Red_275g_Rackets/descpageRCYONEX-YVCAP6-EN.html,Yonex
Percept 100 Midnight Navy Racket,218.90 €,309.90 €,Tennis Rackets,2026-09-11 14:51:05,Tennis Warehouse Europe,https://www.tenniswarehouse-europe.com/Yonex_Percept_100_Midnight_Navy_Racket/descpageRCYONEX-YPER10-EN.html,Yonex
Percept 97 Midnight Navy Racket,235.91 €,,Tennis Rackets,2026-09-11 14:51:05,Tennis Warehouse Europe,https://www.tenniswarehouse-europe.com/Yonex_Percept_97_Midnight_Navy_Racket/descpageRCYONEX-YPER97-EN.html,Yonex
Percept 100 L Midnight Navy Racket,219.90 €,299.90 €,Tennis Rackets,2026-09-11 14:51:05,Tennis Warehouse Europe,https://www.tenniswarehouse-europe.com/Yonex_Percept_100_L_Midnight_Navy_Racket/descpageRCYONEX-YPER1L-EN.html,Yonex
Percept Game Midnight Navy Racket,157.90 €,229.90 €,Tennis Rackets,2026-09-11 14:51:05,Tennis Warehouse Europe,https://www.tenniswarehouse-europe.com/Yonex_Percept_Game_Midnight_Navy_Racket/descpageRCYONEX-YPERGA-EN.html,Yonex
Percept 100 Racket,209.90 €,309.90 €,Tennis Rackets,2026-09-11 14:51:05,Tennis Warehouse Europe,https://www.tenniswarehouse-europe.com/Yonex_Percept_100_Racket/descpageRCYONEX-PERC1-EN.html,Yonex
Percept 100D Racket,198.90 €,319.90 €,Tennis Rackets,2026-09-11 14:51:05,Tennis Warehouse Europe,https://www.tenniswarehouse-europe.com/Yonex_Percept_100D_Racket/descpageRCYONEX-PERCY-EN.html,Yonex
Percept 97 Racket,235.91 €,309.90 €,Tennis Rackets,2026-09-11 14:51:05,Tennis Warehouse Europe,https://www.tenniswarehouse-europe.com/Yonex_Percept_97_Racket/descpageRCYONEX-PERC9-EN.html,Yonex
Percept 97 L Racket,224.90 €,299.90 €,Tennis Rackets,2026-09-11 14:51:05,Tennis Warehouse Europe,https://www.tenniswarehouse-europe.com/Yonex_Percept_97_L_Racket/descpageRCYONEX-PERC9L-EN.html,Yonex
Percept 100 L Racket,199.90 €,299.90 €,Tennis Rackets,2026-09-11 14:51:05,Tennis Warehouse Europe,https://www.tenniswarehouse-europe.com/Yonex_Percept_100_L_Racket/descpageRCYONEX-PERC1L-EN.html,Yonex
Percept Game Racket,164.90 €,229.90 €,Tennis Rackets,2026-09-11 14:51:05,Tennis Warehouse Europe,https://www.tenniswarehouse-europe.com/Yonex_Percept_Game_Racket/descpageRCYONEX-PERCG-EN.html,Yonex
Junior 19 Ocean Blue Racket,33.90 €,,Tennis Rackets,2026-09-11 14:51:05,Tennis Warehouse Europe,https://www.tenniswarehouse-europe.com/Yonex_Junior_19_Ocean_Blue_Racket/descpageRCYONEX-YJ19O-EN.html,Yonex
Junior 19 Coral Racket,33.90 €,,Tennis Rackets,2026-09-11 14:51:05,Tennis Warehouse Europe,https://www.tenniswarehouse-europe.com/Yonex_Junior_19_Coral_Racket/descpageRCYONEX-YJ19C-EN.html,Yonex
Junior 21 Ocean Blue Racket,36.90 €,,Tennis Rackets,2026-09-11 14:51:05,Tennis Warehouse Europe,https://www.tenniswarehouse-europe.com/Yonex_Junior_21_Ocean_Blue_Racket/descpageRCYONEX-YJ21O-EN.html,Yonex
Junior 21 Coral Racket,36.90 €,,Tennis Rackets,2026-09-11 14:51:05,Tennis Warehouse Europe,https://www.tenniswarehouse-europe.com/Yonex_Junior_21_Coral_Racket/descpageRCYONEX-YJ21C-EN.html,Yonex
Junior 25 Coral Racket,39.90 €,,Tennis Rackets,2026-09-11 14:51:05,Tennis Warehouse Europe,https://www.tenniswarehouse-europe.com/Yonex_Junior_25_Coral_Racket/descpageRCYONEX-YJ25C-EN.html,Yonex
EZONE 24 Hybrid (220g) Junior Racket,62.90 €,69.90 €,Tennis Rackets,2026-09-11 14:51:05,Tennis Warehouse Europe,https://www.tenniswarehouse-europe.com/Yonex_EZONE_24_Hybrid_220g_Junior_Racket/descpageRCYONEX-EZOJ24H-EN.html,Yonex
EZONE 25 Hybrid (230g) Junior Racket,62.90 €,74.90 €,Tennis Rackets,2026-09-11 14:51:05,Tennis Warehouse Europe,https://www.tenniswarehouse-europe.com/Yonex_EZONE_25_Hybrid_230g_Junior_Racket/descpageRCYONEX-EZOJ25H-EN.html,Yonex
VCORE 25 Junior Racket,116.90 €,129.90 €,Tennis Rackets,2026-09-11 14:51:05,Tennis Warehouse Europe,https://www.tenniswarehouse-europe.com/Yonex_VCORE_25_Junior_Racket/descpageRCYONEX-YVC256-EN.html,Yonex
EZONE 25 Blast Blue Junior Racket,96.90 €,129.90 €,Tennis Rackets,2026-09-11 14:51:05,Tennis Warehouse Europe,https://www.tenniswarehouse-europe.com/Yonex_EZONE_25_Blast_Blue_Junior_Racket/descpageRCYONEX-EZOJ25-EN.html,Yonex
EZONE 26 Blast Blue Junior Racket,98.90 €,139.90 €,Tennis Rackets,2026-09-11 14:51:05,Tennis Warehouse Europe,https://www.tenniswarehouse-europe.com/Yonex_EZONE_26_Blast_Blue_Junior_Racket/descpageRCYONEX-EZOJ26-EN.html,Yonex
EZONE 26 Hybrid (240g) Junior Racket,64.90 €,,Tennis Rackets,2026-09-11 14:51:05,Tennis Warehouse Europe,https://www.tenniswarehouse-europe.com/Yonex_EZONE_26_Hybrid_240g_Junior_Racket/descpageRCYONEX-EZOJ26H-EN.html,Yonex
VCORE 26 Junior Racket,125.90 €,,Tennis Rackets,2026-09-11 14:51:05,Tennis Warehouse Europe,https://www.tenniswarehouse-europe.com/Yonex_VCORE_26_Junior_Racket/descpageRCYONEX-YVC266-EN.html,Yonex
Dunlop FX 500 Tour Racket,145.90 €,249.99 €,Tennis Rackets,2026-09-11 14:51:05,Tennis Warehouse Europe,https://www.tenniswarehouse-europe.com/Dunlop_FX_500_Tour_Racket/descpageRCDUNHGER-FX5TR6-EN.html,Dunlop Hardgoods Ger.-Diadora
Dunlop FX 500 Racket,144.89 €,239.99 €,Tennis Rackets,2026-09-11 14:51:05,Tennis Warehouse Europe,https://www.tenniswarehouse-europe.com/Dunlop_FX_500_Racket/descpageRCDUNHGER-DFX526-EN.html,Dunlop Hardgoods Ger.-Diadora
Dunlop FX 500 Lite Racket,130.90 €,219.99 €,Tennis Rackets,2026-09-11 14:51:05,Tennis Warehouse Europe,https://www.tenniswarehouse-europe.com/Dunlop_FX_500_Lite_Racket/descpageRCDUNHGER-FX5LR6-EN.html,Dunlop Hardgoods Ger.-Diadora
Dunlop FX 500 LS Racket,137.90 €,229.99 €,Tennis Rackets,2026-09-11 14:51:05,Tennis Warehouse Europe,https://www.tenniswarehouse-europe.com/Dunlop_FX_500_LS_Racket/descpageRCDUNHGER-FX5LS6-EN.html,Dunlop Hardgoods Ger.-Diadora
Dunlop FX 500 Super Lite Racket,125.90 €,209.99 €,Tennis Rackets,2026-09-11 14:51:05,Tennis Warehouse Europe,https://www.tenniswarehouse-europe.com/Dunlop_FX_500_Super_Lite_Racket/descpageRCDUNHGER-FX5SLR-EN.html,Dunlop Hardgoods Ger.-Diadora
Dunlop FX 700 Racket (2023),110.90 €,199.95 €,Tennis Rackets,2026-09-11 14:51:05,Tennis Warehouse Europe,https://www.tenniswarehouse-europe.com/Dunlop_FX_700_Racket_2023/descpageRCDUNHGER-DFX7R-EN.html,Dunlop Hardgoods Ger.-Diadora
Dunlop SX300 Tour 305g (2025) Racket,149.90 €,249.99 €,Tennis Rackets,2026-09-11 14:51:05,Tennis Warehouse Europe,https://www.tenniswarehouse-europe.com/Dunlop_SX300_Tour_305g_2025_Racket/descpageRCDUNHGER-DSXTR-EN.html,Dunlop Hardgoods Ger.-Diadora
Dunlop SX300 300g (2025) Racket,155.90 €,259.99 €,Tennis Rackets,2026-09-11 14:51:05,Tennis Warehouse Europe,https://www.tenniswarehouse-europe.com/Dunlop_SX300_300g_2025_Racket/descpageRCDUNHGER-DSX3R-EN.html,Dunlop Hardgoods Ger.-Diadora
Dunlop SX300 LS 285g (2025) Racket,139.90 €,229.99 €,Tennis Rackets,2026-09-11 14:51:05,Tennis Warehouse Europe,https://www.tenniswarehouse-europe.com/Dunlop_SX300_LS_285g_2025_Racket/descpageRCDUNHGER-DSXLSR-EN.html,Dunlop Hardgoods Ger.-Diadora
Dunlop SX300 Lite 270g (2025) Racket,125.90 €,209.99 €,Tennis Rackets,2026-09-11 14:51:05,Tennis Warehouse Europe,https://www.tenniswarehouse-europe.com/Dunlop_SX300_Lite_270g_2025_Racket/descpageRCDUNHGER-DSXLIR-EN.html,Dunlop Hardgoods Ger.-Diadora
Dunlop CX 200 (305g) Rackets,161.90 €,259.99 €,Tennis Rackets,2026-09-11 14:51:05,Tennis Warehouse Europe,https://www.tenniswarehouse-europe.com/Dunlop_CX_200_305g_Rackets/descpageRCDUNHGER-DCX2S-EN.html,Dunlop Hardgoods Ger.-Diadora
Dunlop CX 200 Tour 18x20 (315g) Rackets,168.90 €,269.99 €,Tennis Rackets,2026-09-11 14:51:05,Tennis Warehouse Europe,https://www.tenniswarehouse-europe.com/Dunlop_CX_200_Tour_18x20_315g_Rackets/descpageRCDUNHGER-DCX2T8-EN.html,Dunlop Hardgoods Ger.-Diadora
Dunlop CX 400 Racket,110.90 €,229.99 €,Tennis Rackets,2026-09-11 14:51:05,Tennis Warehouse Europe,https://www.tenniswarehouse-europe.com/Dunlop_CX_400_Racket/descpageRCDUNHGER-DCX4R-EN.html,Dunlop Hardgoods Ger.-Diadora
Dunlop CX 400 Tour (300g) Rackets,152.90 €,239.99 €,Tennis Rackets,2026-09-11 14:51:05,Tennis Warehouse Europe,https://www.tenniswarehouse-europe.com/Dunlop_CX_400_Tour_300g_Rackets/descpageRCDUNHGER-DCX4T-EN.html,Dunlop Hardgoods Ger.-Diadora
Dunlop LX1000 (255g) 2024 Racket,125.90 €,199.99 €,Tennis Rackets,2026-09-11 14:51:05,Tennis Warehouse Europe,https://www.tenniswarehouse-europe.com/Dunlop_LX1000_255g_2024_Racket/descpageRCDUNHGER-LX1000-EN.html,Dunlop Hardgoods Ger.-Diadora
ProKennex Ki Q+15 Light (260g) Racket,246.90 €,275.00 €,Tennis Rackets,2026-09-11 14:51:05,Tennis Warehouse Europe,https://www.tenniswarehouse-europe.com/ProKennex_Ki_Q15_Light_260g_Racket/descpageRCWESTGUT-Q15KIL-EN.html,West Gut/Pro Kennex/Tretorn
ProKennex Ki Q+20 (285g) Racket,249.90 €,279.00 €,Tennis Rackets,2026-09-11 14:51:05,Tennis Warehouse Europe,https://www.tenniswarehouse-europe.com/ProKennex_Ki_Q20_285g_Racket/descpageRCWESTGUT-Q20KIG-EN.html,West Gut/Pro Kennex/Tretorn
ProKennex Ki Q+5 Flair (255g) Racket,214.90 €,255.00 €,Tennis Rackets,2026-09-11 14:51:05,Tennis Warehouse Europe,https://www.tenniswarehouse-europe.com/ProKennex_Ki_Q5_Flair_255g_Racket/descpageRCWESTGUT-Q5KIFY-EN.html,West Gut/Pro Kennex/Tretorn
ProKennex Ki Q+Tour Pro (305g) Racket,228.90 €,255.00 €,Tennis Rackets,2026-09-11 14:51:05,Tennis Warehouse Europe,https://www.tenniswarehouse-europe.com/ProKennex_Ki_QTour_Pro_305g_Racket/descpageRCWESTGUT-QTPKIY-EN.html,West Gut/Pro Kennex/Tretorn
ProKennex Ki Q+Tour (305g) Racket,228.90 €,255.00 €,Tennis Rackets,2026-09-11 14:51:05,Tennis Warehouse Europe,https://www.tenniswarehouse-europe.com/ProKennex_Ki_QTour_305g_Racket/descpageRCWESTGUT-QTKIY-EN.html,West Gut/Pro Kennex/Tretorn
ProKennex Ki Q+5X Pro (305g) Extended Racket,228.90 €,255.00 €,Tennis Rackets,2026-09-11 14:51:05,Tennis Warehouse Europe,https://www.tenniswarehouse-europe.com/ProKennex_Ki_Q5X_Pro_305g_Extended_Racket/descpageRCWESTGUT-Q5XPKI-EN.html,West Gut/Pro Kennex/Tretorn
ProKennex Ki Q+5 Pro (310g) Racket,228.90 €,255.00 €,Tennis Rackets,2026-09-11 14:51:05,Tennis Warehouse Europe,https://www.tenniswarehouse-europe.com/ProKennex_Ki_Q5_Pro_310g_Racket/descpageRCWESTGUT-Q5PKIY-EN.html,West Gut/Pro Kennex/Tretorn
ProKennex Ki Q+5 (300g) Racket,228.90 €,255.00 €,Tennis Rackets,2026-09-11 14:51:05,Tennis Warehouse Europe,https://www.tenniswarehouse-europe.com/ProKennex_Ki_Q5_300g_Racket/descpageRCWESTGUT-Q5KIY-EN.html,West Gut/Pro Kennex/Tretorn
ProKennex Ki Q+5 Light (280g) Racket,228.90 €,255.00 €,Tennis Rackets,2026-09-11 14:51:05,Tennis Warehouse Europe,https://www.tenniswarehouse-europe.com/ProKennex_Ki_Q5_Light_280g_Racket/descpageRCWESTGUT-Q5KILY-EN.html,West Gut/Pro Kennex/Tretorn
ProKennex Ki Q+15 Pro (305g) Racket,246.90 €,275.00 €,Tennis Rackets,2026-09-11 14:51:05,Tennis Warehouse Europe,https://www.tenniswarehouse-europe.com/ProKennex_Ki_Q15_Pro_305g_Racket/descpageRCWESTGUT-Q15PKI-EN.html,West Gut/Pro Kennex/Tretorn
ProKennex Ki Q+15 (285g) Racket,234.91 €,275.00 €,Tennis Rackets,2026-09-11 14:51:05,Tennis Warehouse Europe,https://www.tenniswarehouse-europe.com/ProKennex_Ki_Q15_285g_Racket/descpageRCWESTGUT-Q15KIY-EN.html,West Gut/Pro Kennex/Tretorn
ProKennex Ki Q+30 (260g) Racket,255.90 €,285.00 €,Tennis Rackets,2026-09-11 14:51:05,Tennis Warehouse Europe,https://www.tenniswarehouse-europe.com/ProKennex_Ki_Q30_260g_Racket/descpageRCWESTGUT-Q30KIY-EN.html,West Gut/Pro Kennex/Tretorn
ProKennex Ki 5 (295g) Racket,169.90 €,219.00 €,Tennis Rackets,2026-09-11 14:51:05,Tennis Warehouse Europe,https://www.tenniswarehouse-europe.com/ProKennex_Ki_5_295g_Racket/descpageRCWESTGUT-295KI-EN.html,West Gut/Pro Kennex/Tretorn
ProKennex Ki 5 (270g) Racket,120.90 €,219.00 €,Tennis Rackets,2026-09-11 14:51:05,Tennis Warehouse Europe,https://www.tenniswarehouse-europe.com/ProKennex_Ki_5_270g_Racket/descpageRCWESTGUT-270KI-EN.html,West Gut/Pro Kennex/Tretorn
ProKennex Ki 5 (260g) Racket,120.90 €,219.00 €,Tennis Rackets,2026-09-11 14:51:05,Tennis Warehouse Europe,https://www.tenniswarehouse-europe.com/ProKennex_Ki_5_260g_Racket/descpageRCWESTGUT-260KI-EN.html,West Gut/Pro Kennex/Tretorn
ProKennex Ki 15 (300g) Blue Racket,178.90 €,229.00 €,Tennis Rackets,2026-09-11 14:51:05,Tennis Warehouse Europe,https://www.tenniswarehouse-europe.com/ProKennex_Ki_15_300g_Blue_Racket/descpageRCWESTGUT-300KIB-EN.html,West Gut/Pro Kennex/Tretorn
ProKennex Ki 15 (280g) Blue Racket,178.90 €,229.00 €,Tennis Rackets,2026-09-11 14:51:05,Tennis Warehouse Europe,https://www.tenniswarehouse-europe.com/ProKennex_Ki_15_280g_Blue_Racket/descpageRCWESTGUT-28KIB-EN.html,West Gut/Pro Kennex/Tretorn
ProKennex Ki 15 (260g) Blue Racket,150.90 €,229.00 €,Tennis Rackets,2026-09-11 14:51:05,Tennis Warehouse Europe,https://www.tenniswarehouse-europe.com/ProKennex_Ki_15_260g_Blue_Racket_/descpageRCWESTGUT-260KIB-EN.html,West Gut/Pro Kennex/Tretorn
ProKennex Ki 10 (305g) Racket,169.90 €,229.00 €,Tennis Rackets,2026-09-11 14:51:05,Tennis Warehouse Europe,https://www.tenniswarehouse-europe.com/ProKennex_Ki_10_305g_Racket_/descpageRCWESTGUT-305KI-EN.html,West Gut/Pro Kennex/Tretorn
ProKennex Ki 10 (290g) Racket,115.91 €,229.00 €,Tennis Rackets,2026-09-11 14:51:05,Tennis Warehouse Europe,https://www.tenniswarehouse-europe.com/ProKennex_Ki_10_290g_Racket/descpageRCWESTGUT-290KI-EN.html,West Gut/Pro Kennex/Tretorn
ProKennex Ki Black Ace (315g) Racket,172.90 €,279.00 €,Tennis Rackets,2026-09-11 14:51:05,Tennis Warehouse Europe,https://www.tenniswarehouse-europe.com/ProKennex_Ki_Black_Ace_315g_Racket/descpageRCWESTGUT-KBA315-EN.html,West Gut/Pro Kennex/Tretorn
ProKennex Ki Black Ace 105 (300g) Racket,188.90 €,279.00 €,Tennis Rackets,2026-09-11 14:51:05,Tennis Warehouse Europe,https://www.tenniswarehouse-europe.com/ProKennex_Ki_Black_Ace_105_300g_Racket_/descpageRCWESTGUT-KBA105-EN.html,West Gut/Pro Kennex/Tretorn
ProKennex Ki Black Ace Pro (305g) Racket,218.90 €,279.00 €,Tennis Rackets,2026-09-11 14:51:05,Tennis Warehouse Europe,https://www.tenniswarehouse-europe.com/ProKennex_Ki_Black_Ace_Pro_305g_Racket/descpageRCWESTGUT-KBAP35-EN.html,West Gut/Pro Kennex/Tretorn
ProKennex Ki Black Ace (300g) Racket,199.90 €,279.00 €,Tennis Rackets,2026-09-11 14:51:05,Tennis Warehouse Europe,https://www.tenniswarehouse-europe.com/ProKennex_Ki_Black_Ace_300g_Racket_/descpageRCWESTGUT-PKBA30-EN.html,West Gut/Pro Kennex/Tretorn
ProKennex Ki Black Ace (285g) Racket,198.90 €,279.00 €,Tennis Rackets,2026-09-11 14:51:05,Tennis Warehouse Europe,https://www.tenniswarehouse-europe.com/ProKennex_Ki_Black_Ace_285g_Racket/descpageRCWESTGUT-KIBA85-EN.html,West Gut/Pro Kennex/Tretorn
ProKennex Destiny FCS (265g) Orange Racket,79.90 €,139.00 €,Tennis Rackets,2026-09-11 14:51:05,Tennis Warehouse Europe,https://www.tenniswarehouse-europe.com/ProKennex_Destiny_FCS_265g_Orange_Racket/descpageRCWESTGUT-DFS65O-EN.html,West Gut/Pro Kennex/Tretorn
ProKennex Destiny FCS (265g) Gold Racket,80.90 €,139.00 €,Tennis Rackets,2026-09-11 14:51:05,Tennis Warehouse Europe,https://www.tenniswarehouse-europe.com/ProKennex_Destiny_FCS_265g_Gold_Racket/descpageRCWESTGUT-DFS65B-EN.html,West Gut/Pro Kennex/Tretorn
ProKennex Destiny FCS (290g) Green Racket,80.90 €,139.00 €,Tennis Rackets,2026-09-11 14:51:05,Tennis Warehouse Europe,https://www.tenniswarehouse-europe.com/ProKennex_Destiny_FCS_290g_Green_Racket/descpageRCWESTGUT-DFCS2G-EN.html,West Gut/Pro Kennex/Tretorn
Solinco Whiteout 305 XTD 18x20 V2 Camo Racket,199.90 €,229.00 €,Tennis Rackets,2026-09-11 14:51:05,Tennis Warehouse Europe,https://www.tenniswarehouse-europe.com/Solinco_Whiteout_305_XTD_18x20_V2_Camo_Racket_/descpageRCNOASOLH-SWO2X8-EN.html,Noa Sports\Solinco
Solinco Whiteout 305 18x20 V2 Camo Racket,183.90 €,,Tennis Rackets,2026-09-11 14:51:05,Tennis Warehouse Europe,https://www.tenniswarehouse-europe.com/Solinco_Whiteout_305_18x20_V2_Camo_Racket_/descpageRCNOASOLH-SWO28-EN.html,Noa Sports\Solinco
Solinco Whiteout 305 V2 Camo Racket,183.90 €,,Tennis Rackets,2026-09-11 14:51:05,Tennis Warehouse Europe,https://www.tenniswarehouse-europe.com/Solinco_Whiteout_305_V2_Camo_Racket_/descpageRCNOASOLH-WTOCAH-EN.html,Noa Sports\Solinco
Solinco Whiteout 305 XTD V2 Camo Racket,199.90 €,229.00 €,Tennis Rackets,2026-09-11 14:51:05,Tennis Warehouse Europe,https://www.tenniswarehouse-europe.com/Solinco_Whiteout_305_XTD_V2_Camo_Racket_/descpageRCNOASOLH-WTOCAX-EN.html,Noa Sports\Solinco
Solinco Whiteout 290 V2 Camo Racket,199.90 €,229.00 €,Tennis Rackets,2026-09-11 14:51:05,Tennis Warehouse Europe,https://www.tenniswarehouse-europe.com/Solinco_Whiteout_290_V2_Camo_Racket/descpageRCNOASOLH-WTOCAL-EN.html,Noa Sports\Solinco
Solinco Whiteout 98 (305g) Racket,167.90 €,210.00 €,Tennis Rackets,2026-09-11 14:51:05,Tennis Warehouse Europe,https://www.tenniswarehouse-europe.com/Solinco_Whiteout_98_305g_Racket_/descpageRCNOASOLH-WHTO30-EN.html,Noa Sports\Solinco
Solinco Whiteout XTD+ 98 (305g) Racket,184.90 €,210.00 €,Tennis Rackets,2026-09-11 14:51:05,Tennis Warehouse Europe,https://www.tenniswarehouse-europe.com/Solinco_Whiteout_XTD_98_305g_Racket_/descpageRCNOASOLH-SWHT28-EN.html,Noa Sports\Solinco
Solinco Whiteout 98 (305g) XTD Racket,149.90 €,210.00 €,Tennis Rackets,2026-09-11 14:51:05,Tennis Warehouse Europe,https://www.tenniswarehouse-europe.com/Solinco_Whiteout_98_305g_XTD_Racket_/descpageRCNOASOLH-WHO30X-EN.html,Noa Sports\Solinco
Solinco Whiteout 98 (305g) 18x20 Racket,167.90 €,220.00 €,Tennis Rackets,2026-09-11 14:51:05,Tennis Warehouse Europe,https://www.tenniswarehouse-europe.com/Solinco_Whiteout_98_305g_18x20_Racket_/descpageRCNOASOLH-WHO18X-EN.html,Noa Sports\Solinco
Solinco Whiteout 98 (305g) XTD 18x20 Racket,189.90 €,,Tennis Rackets,2026-09-11 14:51:05,Tennis Warehouse Europe,https://www.tenniswarehouse-europe.com/Solinco_Whiteout_98_305g_XTD_18x20_Racket_/descpageRCNOASOLH-WHO18XT-EN.html,Noa Sports\Solinco
Solinco Whiteout 98 (290g) Racket,147.91 €,210.00 €,Tennis Rackets,2026-09-11 14:51:05,Tennis Warehouse Europe,https://www.tenniswarehouse-europe.com/Solinco_Whiteout_98_290g_Racket/descpageRCNOASOLH-WHTO29-EN.html,Noa Sports\Solinco
Solinco Blackout 300 XTD v2 Camo Racket,229.90 €,250.00 €,Tennis Rackets,2026-09-11 14:51:05,Tennis Warehouse Europe,https://www.tenniswarehouse-europe.com/Solinco_Blackout_300_XTD_v2_Camo_Racket_/descpageRCNOASOLH-BKOCAX-EN.html,Noa Sports\Solinco
Solinco Blackout 300 v2 Camo Racket,182.90 €,250.00 €,Tennis Rackets,2026-09-11 14:51:05,Tennis Warehouse Europe,https://www.tenniswarehouse-europe.com/Solinco_Blackout_300_v2_Camo_Racket_/descpageRCNOASOLH-BKOCAH-EN.html,Noa Sports\Solinco
Solinco Blackout 100 (300g) Racket,167.90 €,210.00 €,Tennis Rackets,2026-09-11 14:51:05,Tennis Warehouse Europe,https://www.tenniswarehouse-europe.com/Solinco_Blackout_100_300g_Racket_/descpageRCNOASOLH-BLKO30-EN.html,Noa Sports\Solinco
Solinco Blackout XTD+ 100 (300g) Racket,189.90 €,210.00 €,Tennis Rackets,2026-09-11 14:51:05,Tennis Warehouse Europe,https://www.tenniswarehouse-europe.com/Solinco_Blackout_XTD_100_300g_Racket_/descpageRCNOASOLH-SBLK28-EN.html,Noa Sports\Solinco
Solinco Blackout 100 (285g) Racket,160.90 €,210.00 €,Tennis Rackets,2026-09-11 14:51:05,Tennis Warehouse Europe,https://www.tenniswarehouse-europe.com/Solinco_Blackout_100_285g_Racket_/descpageRCNOASOLH-BLKO28-EN.html,Noa Sports\Solinco
Tecnifibre TF40 V1 (315g) 18x20 Racket,119.90 €,,Tennis Rackets,2026-09-11 14:51:05,Tennis Warehouse Europe,https://www.tenniswarehouse-europe.com/Tecnifibre_TF40_V1_315g_18x20_Racket/descpageRCTECNIH-TF4158-EN.html,Tecnifibre Hardgoods
Tecnifibre TF40 V1 (305g) 18x20 Racket,124.90 €,,Tennis Rackets,2026-09-11 14:51:05,Tennis Warehouse Europe,https://www.tenniswarehouse-europe.com/Tecnifibre_TF40_V1_305g_18x20_Racket/descpageRCTECNIH-TF4018-EN.html,Tecnifibre Hardgoods
Tecnifibre TF40 V1 (305g) 16x19 Racket,116.90 €,,Tennis Rackets,2026-09-11 14:51:05,Tennis Warehouse Europe,https://www.tenniswarehouse-europe.com/Tecnifibre_TF40_V1_305g_16x19_Racket/descpageRCTECNIH-TF4016-EN.html,Tecnifibre Hardgoods
Tecnifibre TF40 (315g) 18x20 Racket,201.90 €,269.90 €,Tennis Rackets,2026-09-11 14:51:05,Tennis Warehouse Europe,https://www.tenniswarehouse-europe.com/Tecnifibre_TF40_315g_18x20_Racket/descpageRCTECNIH-TF40R8-EN.html,Tecnifibre Hardgoods
Tecnifibre TF40 (305g) 16x19 Racket,194.90 €,259.90 €,Tennis Rackets,2026-09-11 14:51:05,Tennis Warehouse Europe,https://www.tenniswarehouse-europe.com/Tecnifibre_TF40_305g_16x19_Racket/descpageRCTECNIH-TF40R1-EN.html,Tecnifibre Hardgoods
Tecnifibre TF40 (305g) 18x20 Racket,194.90 €,259.90 €,Tennis Rackets,2026-09-11 14:51:05,Tennis Warehouse Europe,https://www.tenniswarehouse-europe.com/Tecnifibre_TF40_305g_18x20_Racket/descpageRCTECNIH-TF40R2-EN.html,Tecnifibre Hardgoods
Tecnifibre TF40 (290g) 16x19 Racket,186.90 €,249.90 €,Tennis Rackets,2026-09-11 14:51:05,Tennis Warehouse Europe,https://www.tenniswarehouse-europe.com/Tecnifibre_TF40_290g_16x19_Racket/descpageRCTECNIH-TF40R9-EN.html,Tecnifibre Hardgoods
Tecnifibre TF40 (315g) 16x19 Racket,201.90 €,269.90 €,Tennis Rackets,2026-09-11 14:51:05,Tennis Warehouse Europe,https://www.tenniswarehouse-europe.com/Tecnifibre_TF40_315g_16x19_Racket/descpageRCTECNIH-TF40R5-EN.html,Tecnifibre Hardgoods
Tecnifibre TFight Blue 300 Racket,215.90 €,269.95 €,Tennis Rackets,2026-09-11 14:51:05,Tennis Warehouse Europe,https://www.tenniswarehouse-europe.com/Tecnifibre_TFight_Blue_300_Racket/descpageRCTECNIH-TFB300-EN.html,Tecnifibre Hardgoods
Tecnifibre TFight Blue 305S Racket,215.90 €,269.95 €,Tennis Rackets,2026-09-11 14:51:05,Tennis Warehouse Europe,https://www.tenniswarehouse-europe.com/Tecnifibre_TFight_Blue_305S_Racket/descpageRCTECNIH-TFB305-EN.html,Tecnifibre Hardgoods
Tecnifibre TFight 300S IG Racket,169.90 €,,Tennis Rackets,2026-09-11 14:51:05,Tennis Warehouse Europe,https://www.tenniswarehouse-europe.com/Tecnifibre_TFight_300S_IG_Racket/descpageRCTECNIH-TF3IGS-EN.html,Tecnifibre Hardgoods
Tecnifibre TFight 300 IG Racket,158.90 €,,Tennis Rackets,2026-09-11 14:51:05,Tennis Warehouse Europe,https://www.tenniswarehouse-europe.com/Tecnifibre_TFight_300_IG_Racket/descpageRCTECNIH-TF30IG-EN.html,Tecnifibre Hardgoods
Tecnifibre TFight 315S Racket,188.90 €,269.99 €,Tennis Rackets,2026-09-11 14:51:05,Tennis Warehouse Europe,https://www.tenniswarehouse-europe.com/Tecnifibre_TFight_315S_Racket/descpageRCTECNIH-TF315S-EN.html,Tecnifibre Hardgoods
Tecnifibre TFight 305S Racket,181.99 €,259.99 €,Tennis Rackets,2026-09-11 14:51:05,Tennis Warehouse Europe,https://www.tenniswarehouse-europe.com/Tecnifibre_TFight_305S_Racket/descpageRCTECNIH-TF305S-EN.html,Tecnifibre Hardgoods
Tecnifibre TFight 300S Racket,181.90 €,259.99 €,Tennis Rackets,2026-09-11 14:51:05,Tennis Warehouse Europe,https://www.tenniswarehouse-europe.com/Tecnifibre_TFight_300S_Racket/descpageRCTECNIH-TF300S-EN.html,Tecnifibre Hardgoods
Tecnifibre TFight 300 Racket (Pre Strung),199.91 €,249.99 €,Tennis Rackets,2026-09-11 14:51:05,Tennis Warehouse Europe,https://www.tenniswarehouse-europe.com/Tecnifibre_TFight_300_Racket_Pre_Strung/descpageRCTECNIH-TF30ST-EN.html,Tecnifibre Hardgoods
Tecnifibre TFight 285 Racket (Pre Strung),160.90 €,229.99 €,Tennis Rackets,2026-09-11 14:51:05,Tennis Warehouse Europe,https://www.tenniswarehouse-europe.com/Tecnifibre_TFight_285_Racket_Pre_Strung/descpageRCTECNIH-TF285S-EN.html,Tecnifibre Hardgoods
Tecnifibre TFight 270 Racket  (Pre Strung),146.89 €,209.99 €,Tennis Rackets,2026-09-11 14:51:05,Tennis Warehouse Europe,https://www.tenniswarehouse-europe.com/Tecnifibre_TFight_270_Racket__Pre_Strung/descpageRCTECNIH-TF270S-EN.html,Tecnifibre Hardgoods
Tecnifibre TFight 255 Racket  (Pre Strung),132.90 €,189.99 €,Tennis Rackets,2026-09-11 14:51:05,Tennis Warehouse Europe,https://www.tenniswarehouse-europe.com/Tecnifibre_TFight_255_Racket__Pre_Strung/descpageRCTECNIH-TF255S-EN.html,Tecnifibre Hardgoods
Tecnifibre FIRE 305 Racket,179.90 €,,Tennis Rackets,2026-09-11 14:51:05,Tennis Warehouse Europe,https://www.tenniswarehouse-europe.com/Tecnifibre_FIRE_305_Racket/descpageRCTECNIH-TFFI35-EN.html,Tecnifibre Hardgoods
Tecnifibre FIRE 300 Racket,199.90 €,,Tennis Rackets,2026-09-11 14:51:05,Tennis Warehouse Europe,https://www.tenniswarehouse-europe.com/Tecnifibre_FIRE_300_Racket/descpageRCTECNIH-TFFI30-EN.html,Tecnifibre Hardgoods
Tecnifibre FIRE 285 Racket (Pre Strung),165.90 €,,Tennis Rackets,2026-09-11 14:51:05,Tennis Warehouse Europe,https://www.tenniswarehouse-europe.com/Tecnifibre_FIRE_285_Racket_Pre_Strung/descpageRCTECNIH-TFFI28-EN.html,Tecnifibre Hardgoods
Tecnifibre FIRE 270 Racket (Pre Strung),167.90 €,,Tennis Rackets,2026-09-11 14:51:05,Tennis Warehouse Europe,https://www.tenniswarehouse-europe.com/Tecnifibre_FIRE_270_Racket_Pre_Strung/descpageRCTECNIH-TFFI27-EN.html,Tecnifibre Hardgoods
Tecnifibre FIRE 255 Racket (Pre Strung),151.90 €,,Tennis Rackets,2026-09-11 14:51:05,Tennis Warehouse Europe,https://www.tenniswarehouse-europe.com/Tecnifibre_FIRE_255_Racket_Pre_Strung/descpageRCTECNIH-TFFI25-EN.html,Tecnifibre Hardgoods
Tecnifibre FIRE 260 OS Racket (Pre Strung),183.90 €,,Tennis Rackets,2026-09-11 14:51:05,Tennis Warehouse Europe,https://www.tenniswarehouse-europe.com/Tecnifibre_FIRE_260_OS_Racket_Pre_Strung/descpageRCTECNIH-TFFI26-EN.html,Tecnifibre Hardgoods
Tecnifibre TF-X1 270 V2 Racket,129.90 €,219.99 €,Tennis Rackets,2026-09-11 14:51:05,Tennis Warehouse Europe,https://www.tenniswarehouse-europe.com/Tecnifibre_TF-X1_270_V2_Racket/descpageRCTECNIH-TFX170-EN.html,Tecnifibre Hardgoods
Tecnifibre TF-X1 305 V2 Racket,161.90 €,269.99 €,Tennis Rackets,2026-09-11 14:51:05,Tennis Warehouse Europe,https://www.tenniswarehouse-europe.com/Tecnifibre_TF-X1_305_V2_Racket/descpageRCTECNIH-TFX135-EN.html,Tecnifibre Hardgoods
Tecnifibre Tempo Iga 23 Racket,26.89 €,32.99 €,Tennis Rackets,2026-09-11 14:51:05,Tennis Warehouse Europe,https://www.tenniswarehouse-europe.com/Tecnifibre_Tempo_Iga_23_Racket/descpageRCTECNIH-TTI23-EN.html,Tecnifibre Hardgoods
Tecnifibre Tempo Iga 25 Racket,24.89 €,32.99 €,Tennis Rackets,2026-09-11 14:51:05,Tennis Warehouse Europe,https://www.tenniswarehouse-europe.com/Tecnifibre_Tempo_Iga_25_Racket/descpageRCTECNIH-TTI25-EN.html,Tecnifibre Hardgoods
Tecnifibre Tempo Iga 26 Racket,99.90 €,109.99 €,Tennis Rackets,2026-09-11 14:51:05,Tennis Warehouse Europe,https://www.tenniswarehouse-europe.com/Tecnifibre_Tempo_Iga_26_Racket/descpageRCTECNIH-TTI26-EN.html,Tecnifibre Hardgoods
Volkl Vostra V1 PRO Racket,239.90 €,300.00 €,Tennis Rackets,2026-09-11 14:51:05,Tennis Warehouse Europe,https://www.tenniswarehouse-europe.com/Volkl_Vostra_V1_PRO_Racket/descpageRCVOLKLGH-VOSV1P-EN.html,Volkl Germany Hardgoods
Volkl Vostra V1 MP Racket,179.90 €,300.00 €,Tennis Rackets,2026-09-11 14:51:05,Tennis Warehouse Europe,https://www.tenniswarehouse-europe.com/Volkl_Vostra_V1_MP_Racket/descpageRCVOLKLGH-VTV1MP-EN.html,Volkl Germany Hardgoods
Volkl Vostra V7 Racket,167.90 €,280.00 €,Tennis Rackets,2026-09-11 14:51:05,Tennis Warehouse Europe,https://www.tenniswarehouse-europe.com/Volkl_Vostra_V7_Racket/descpageRCVOLKLGH-VOSV7-EN.html,Volkl Germany Hardgoods
Volkl Vostra V3 Racket,223.90 €,320.00 €,Tennis Rackets,2026-09-11 14:51:05,Tennis Warehouse Europe,https://www.tenniswarehouse-europe.com/Volkl_Vostra_V3_Racket/descpageRCVOLKLGH-VOSV3-EN.html,Volkl Germany Hardgoods
Volkl Vostra 1 Power Arm Racket,315.00 €,350.00 €,Tennis Rackets,2026-09-11 14:51:05,Tennis Warehouse Europe,https://www.tenniswarehouse-europe.com/Volkl_Vostra_1_Power_Arm_Racket/descpageRCVOLKLGH-VOSV1-EN.html,Volkl Germany Hardgoods
Volkl Vostra V10 (320g) Racket,200.90 €,300.00 €,Tennis Rackets,2026-09-11 14:51:05,Tennis Warehouse Europe,https://www.tenniswarehouse-europe.com/Volkl_Vostra_V10_320g_Racket/descpageRCVOLKLGH-VOSV10B-EN.html,Volkl Germany Hardgoods
Volkl Vostra V10 (300g) Racket,239.90 €,300.00 €,Tennis Rackets,2026-09-11 14:51:05,Tennis Warehouse Europe,https://www.tenniswarehouse-europe.com/Volkl_Vostra_V10_300g_Racket/descpageRCVOLKLGH-VOSV10-EN.html,Volkl Germany Hardgoods
Volkl Vostra V5 Racket,155.90 €,290.00 €,Tennis Rackets,2026-09-11 14:51:05,Tennis Warehouse Europe,https://www.tenniswarehouse-europe.com/Volkl_Vostra_V5_Racket/descpageRCVOLKLGH-VOSV5-EN.html,Volkl Germany Hardgoods
Volkl Vostra V2 Racket,229.90 €,330.00 €,Tennis Rackets,2026-09-11 14:51:05,Tennis Warehouse Europe,https://www.tenniswarehouse-europe.com/Volkl_Vostra_V2_Racket/descpageRCVOLKLGH-VOSV2-EN.html,Volkl Germany Hardgoods
Volkl Vostra V9 (290g) Racket 2024,173.89 €,290.00 €,Tennis Rackets,2026-09-11 14:51:05,Tennis Warehouse Europe,https://www.tenniswarehouse-europe.com/Volkl_Vostra_V9_290g_Racket_2024/descpageRCVOLKLGH-VOVS9-EN.html,Volkl Germany Hardgoods
Volkl Vostra V8 (315g) Racket,173.89 €,290.00 €,Tennis Rackets,2026-09-11 14:51:05,Tennis Warehouse Europe,https://www.tenniswarehouse-europe.com/Volkl_Vostra_V8_315g_Racket/descpageRCVOLKLGH-VOSV8H-EN.html,Volkl Germany Hardgoods
Volkl Vostra V8 (300g) Racket,239.00 €,290.00 €,Tennis Rackets,2026-09-11 14:51:05,Tennis Warehouse Europe,https://www.tenniswarehouse-europe.com/Volkl_Vostra_V8_300g_Racket/descpageRCVOLKLGH-VOSV8M-EN.html,Volkl Germany Hardgoods
Volkl Vostra V8 (285g) Racket,239.00 €,290.00 €,Tennis Rackets,2026-09-11 14:51:05,Tennis Warehouse Europe,https://www.tenniswarehouse-europe.com/Volkl_Vostra_V8_285g_Racket/descpageRCVOLKLGH-VOSV8L-EN.html,Volkl Germany Hardgoods
Volkl Icon C10 Pro Racket,215.90 €,270.00 €,Tennis Rackets,2026-09-11 14:51:05,Tennis Warehouse Europe,https://www.tenniswarehouse-europe.com/Volkl_Icon_C10_Pro_Racket/descpageRCVOLKLGH-V10P10-EN.html,Volkl Germany Hardgoods
Volkl Icon C10 Evo Racket,242.90 €,270.00 €,Tennis Rackets,2026-09-11 14:51:05,Tennis Warehouse Europe,https://www.tenniswarehouse-europe.com/Volkl_Icon_C10_Evo_Racket/descpageRCVOLKLGH-V10EV2-EN.html,Volkl Germany Hardgoods
Volkl Icon V1 Classic Racket,215.90 €,270.00 €,Tennis Rackets,2026-09-11 14:51:05,Tennis Warehouse Europe,https://www.tenniswarehouse-europe.com/Volkl_Icon_V1_Classic_Racket/descpageRCVOLKLGH-V1CL12-EN.html,Volkl Germany Hardgoods
Volkl Icon V1 Evo Racket,195.90 €,270.00 €,Tennis Rackets,2026-09-11 14:51:05,Tennis Warehouse Europe,https://www.tenniswarehouse-europe.com/Volkl_Icon_V1_Evo_Racket/descpageRCVOLKLGH-V1EV2-EN.html,Volkl Germany Hardgoods
Volkl Icon V8 Pro Racket,260.90 €,290.00 €,Tennis Rackets,2026-09-11 14:51:05,Tennis Warehouse Europe,https://www.tenniswarehouse-europe.com/Volkl_Icon_V8_Pro_Racket/descpageRCVOLKLGH-V8PV3-EN.html,Volkl Germany Hardgoods
Volkl V-Cell V1 Pro Racket,149.90 €,290.00 €,Tennis Rackets,2026-09-11 14:51:05,Tennis Warehouse Europe,https://www.tenniswarehouse-europe.com/Volkl_V-Cell_V1_Pro_Racket/descpageRCVOLKLGH-VCEV1P-EN.html,Volkl Germany Hardgoods
Volkl V-Cell V1 MP Racket,202.90 €,290.00 €,Tennis Rackets,2026-09-11 14:51:05,Tennis Warehouse Europe,https://www.tenniswarehouse-europe.com/Volkl_V-Cell_V1_MP_Racket/descpageRCVOLKLGH-VCEV1M-EN.html,Volkl Germany Hardgoods
Nike Men's New York Slam Alcaraz Reversible Tank,99.90 €,,Tennis Clothing,2026-09-11 14:51:34,Tennis Warehouse Europe,https://www.tenniswarehouse-europe.com/Nike_Mens_New_York_Slam_Alcaraz_Reversible_Tank/descpageMANIKEA-NYSVST-EN.html?color=RD,Nike -
Nike Men's New York Slam Sinner Polo,99.90 €,100.00 €,Tennis Clothing,2026-09-11 14:51:34,Tennis Warehouse Europe,https://www.tenniswarehouse-europe.com/Nike_Mens_New_York_Slam_Sinner_Polo/descpageMANIKEA-NYSLP-EN.html?color=BE,Nike -
Nike Men's New York Slam Sinner Polo,99.90 €,100.00 €,Tennis Clothing,2026-09-11 14:51:34,Tennis Warehouse Europe,https://www.tenniswarehouse-europe.com/Nike_Mens_New_York_Slam_Sinner_Polo/descpageMANIKEA-NYSLP-EN.html?color=MR,Nike -
Nike Men's New York Slam Advantage Top,89.90 €,,Tennis Clothing,2026-09-11 14:51:34,Tennis Warehouse Europe,https://www.tenniswarehouse-europe.com/Nike_Mens_New_York_Slam_Advantage_Top/descpageMANIKEA-NYSLAT-EN.html?color=BK,Nike -
Nike Men's New York Slam Advantage Top,89.90 €,,Tennis Clothing,2026-09-11 14:51:34,Tennis Warehouse Europe,https://www.tenniswarehouse-europe.com/Nike_Mens_New_York_Slam_Advantage_Top/descpageMANIKEA-NYSLAT-EN.html?color=BL,Nike -
"Nike Men's New York Slam 7"" Alcaraz Short",89.90 €,,Tennis Clothing,2026-09-11 14:51:34,Tennis Warehouse Europe,https://www.tenniswarehouse-europe.com/Nike_Mens_New_York_Slam_7_Alcaraz_Short/descpageMANIKEA-NYALCS-EN.html?color=BK,Nike -
"Nike Men's New York Slam Pocket 7"" Sinner Short",89.90 €,,Tennis Clothing,2026-09-11 14:51:34,Tennis Warehouse Europe,https://www.tenniswarehouse-europe.com/Nike_Mens_New_York_Slam_Pocket_7_Sinner_Short/descpageMANIKEA-NYSIPS-EN.html?color=MR,Nike -
"Nike Men's New York Slam 7"" Short",89.90 €,,Tennis Clothing,2026-09-11 14:51:34,Tennis Warehouse Europe,https://www.tenniswarehouse-europe.com/Nike_Mens_New_York_Slam_7_Short/descpageMANIKEA-NYSLS-EN.html?color=BL,Nike -
"Nike Men's New York Slam 7"" Short",89.90 €,,Tennis Clothing,2026-09-11 14:51:34,Tennis Warehouse Europe,https://www.tenniswarehouse-europe.com/Nike_Mens_New_York_Slam_7_Short/descpageMANIKEA-NYSLS-EN.html?color=GR,Nike -
Nike Men's New York Slam Alcaraz Button-Up Shirt,119.90 €,,Tennis Clothing,2026-09-11 14:51:34,Tennis Warehouse Europe,https://www.tenniswarehouse-europe.com/Nike_Mens_New_York_Slam_Alcaraz_Button-Up_Shirt/descpageMANIKEA-NYSABS-EN.html?color=MR,Nike -
Nike Men's New York Slam Alcaraz Button-Up Shirt,119.90 €,,Tennis Clothing,2026-09-11 14:51:34,Tennis Warehouse Europe,https://www.tenniswarehouse-europe.com/Nike_Mens_New_York_Slam_Alcaraz_Button-Up_Shirt/descpageMANIKEA-NYSABS-EN.html?color=PU,Nike -
Nike Men's Court New York Slam Sinner Jacket,119.90 €,120.00 €,Tennis Clothing,2026-09-11 14:51:34,Tennis Warehouse Europe,https://www.tenniswarehouse-europe.com/Nike_Mens_Court_New_York_Slam_Sinner_Jacket/descpageMANIKEA-NYSIJ-EN.html?color=MR,Nike -
Nike Men's Court Vamos Alcaraz T-Shirt,39.90 €,,Tennis Clothing,2026-09-11 14:51:34,Tennis Warehouse Europe,https://www.tenniswarehouse-europe.com/Nike_Mens_Court_Vamos_Alcaraz_T-Shirt/descpageMANIKEA-NVALT-EN.html?color=BK,Nike -
Nike Men's Court Vamos Alcaraz T-Shirt,39.90 €,,Tennis Clothing,2026-09-11 14:51:34,Tennis Warehouse Europe,https://www.tenniswarehouse-europe.com/Nike_Mens_Court_Vamos_Alcaraz_T-Shirt/descpageMANIKEA-NVALT-EN.html?color=WH,Nike -
Nike Men's Court Forza Sinner T-Shirt,39.90 €,40.00 €,Tennis Clothing,2026-09-11 14:51:34,Tennis Warehouse Europe,https://www.tenniswarehouse-europe.com/Nike_Mens_Court_Forza_Sinner_T-Shirt/descpageMANIKEA-NFSIT-EN.html?color=BE,Nike -
Nike Men's Court Forza Sinner T-Shirt,39.90 €,40.00 €,Tennis Clothing,2026-09-11 14:51:34,Tennis Warehouse Europe,https://www.tenniswarehouse-europe.com/Nike_Mens_Court_Forza_Sinner_T-Shirt/descpageMANIKEA-NFSIT-EN.html?color=MR,Nike -
Nike Men's Fall Victory Top,31.90 €,40.00 €,Tennis Clothing,2026-09-11 14:51:34,Tennis Warehouse Europe,https://www.tenniswarehouse-europe.com/Nike_Mens_Fall_Victory_Top/descpageMANIKEA-NMFVI-EN.html?color=BD,Nike -
Nike Men's Fall Victory Top,31.90 €,40.00 €,Tennis Clothing,2026-09-11 14:51:34,Tennis Warehouse Europe,https://www.tenniswarehouse-europe.com/Nike_Mens_Fall_Victory_Top/descpageMANIKEA-NMFVI-EN.html?color=RD,Nike -
Nike Men's Basic Victory Top,29.90 € - 35.90 €,40.00€,Tennis Clothing,2026-09-11 14:51:34,Tennis Warehouse Europe,https://www.tenniswarehouse-europe.com/Nike_Mens_Basic_Victory_Top/descpageMANIKEA-NMBVC-EN.html?color=BK,Nike -
Nike Men's Basic Victory Top,29.90 € - 35.90 €,40.00€,Tennis Clothing,2026-09-11 14:51:34,Tennis Warehouse Europe,https://www.tenniswarehouse-europe.com/Nike_Mens_Basic_Victory_Top/descpageMANIKEA-NMBVC-EN.html?color=NV,Nike -
Nike Men's Basic Victory Top,29.90 € - 35.90 €,40.00€,Tennis Clothing,2026-09-11 14:51:34,Tennis Warehouse Europe,https://www.tenniswarehouse-europe.com/Nike_Mens_Basic_Victory_Top/descpageMANIKEA-NMBVC-EN.html?color=RD,Nike -
Nike Men's Basic Victory Top,29.90 € - 35.90 €,40.00€,Tennis Clothing,2026-09-11 14:51:34,Tennis Warehouse Europe,https://www.tenniswarehouse-europe.com/Nike_Mens_Basic_Victory_Top/descpageMANIKEA-NMBVC-EN.html?color=WH,Nike -
Nike Men's Fall Victory Print Top,43.90 €,55.00 €,Tennis Clothing,2026-09-11 14:51:34,Tennis Warehouse Europe,https://www.tenniswarehouse-europe.com/Nike_Mens_Fall_Victory_Print_Top/descpageMANIKEA-NMFPVI-EN.html?color=BD,Nike -
Nike Men's Fall Advantage Top,47.90 €,60.00 €,Tennis Clothing,2026-09-11 14:51:34,Tennis Warehouse Europe,https://www.tenniswarehouse-europe.com/Nike_Mens_Fall_Advantage_Top/descpageMANIKEA-NMFAD-EN.html?color=BL,Nike -
Nike Men's Fall Advantage Top,47.90 €,60.00 €,Tennis Clothing,2026-09-11 14:51:34,Tennis Warehouse Europe,https://www.tenniswarehouse-europe.com/Nike_Mens_Fall_Advantage_Top/descpageMANIKEA-NMFAD-EN.html?color=CO,Nike -
Nike Men's Fall Advantage Top,47.90 €,60.00 €,Tennis Clothing,2026-09-11 14:51:34,Tennis Warehouse Europe,https://www.tenniswarehouse-europe.com/Nike_Mens_Fall_Advantage_Top/descpageMANIKEA-NMFAD-EN.html?color=NV,Nike -
Nike Men's Basic Advantage Top,44.90 € - 53.90 €,60.00€,Tennis Clothing,2026-09-11 14:51:34,Tennis Warehouse Europe,https://www.tenniswarehouse-europe.com/Nike_Mens_Basic_Advantage_Top/descpageMANIKEA-NMBAC-EN.html?color=BK,Nike -
Nike Men's Basic Advantage Top,44.90 € - 53.90 €,60.00€,Tennis Clothing,2026-09-11 14:51:34,Tennis Warehouse Europe,https://www.tenniswarehouse-europe.com/Nike_Mens_Basic_Advantage_Top/descpageMANIKEA-NMBAC-EN.html?color=NV,Nike -
Nike Men's Basic Advantage Top,44.90 € - 53.90 €,60.00€,Tennis Clothing,2026-09-11 14:51:34,Tennis Warehouse Europe,https://www.tenniswarehouse-europe.com/Nike_Mens_Basic_Advantage_Top/descpageMANIKEA-NMBAC-EN.html?color=WH,Nike -
Nike Men's Fall Advantage Print Top,59.90 €,75.00 €,Tennis Clothing,2026-09-11 14:51:34,Tennis Warehouse Europe,https://www.tenniswarehouse-europe.com/Nike_Mens_Fall_Advantage_Print_Top/descpageMANIKEA-NMFPAD-EN.html?color=BE,Nike -
Nike Men's Fall Advantage Print Top,59.90 €,75.00 €,Tennis Clothing,2026-09-11 14:51:34,Tennis Warehouse Europe,https://www.tenniswarehouse-europe.com/Nike_Mens_Fall_Advantage_Print_Top/descpageMANIKEA-NMFPAD-EN.html?color=NV,Nike -
Nike Men's Fall Heritage Top,51.90 €,65.00 €,Tennis Clothing,2026-09-11 14:51:34,Tennis Warehouse Europe,https://www.tenniswarehouse-europe.com/Nike_Mens_Fall_Heritage_Top/descpageMANIKEA-NMFHRT-EN.html?color=BL,Nike -
Nike Men's Basic Heritage Top,44.90 €,50.00 €,Tennis Clothing,2026-09-11 14:51:34,Tennis Warehouse Europe,https://www.tenniswarehouse-europe.com/Nike_Mens_Basic_Heritage_Top/descpageMANIKEA-NIFHTGC-EN.html?color=BK,Nike -
Nike Men's Basic Heritage Top,44.90 €,50.00 €,Tennis Clothing,2026-09-11 14:51:34,Tennis Warehouse Europe,https://www.tenniswarehouse-europe.com/Nike_Mens_Basic_Heritage_Top/descpageMANIKEA-NIFHTGC-EN.html?color=WH,Nike -
Nike Men's Fall Dri-Fit Solid Polo,35.90 €,45.00 €,Tennis Clothing,2026-09-11 14:51:34,Tennis Warehouse Europe,https://www.tenniswarehouse-europe.com/Nike_Mens_Fall_Dri-Fit_Solid_Polo/descpageMANIKEA-NSFAPO-EN.html?color=BD,Nike -
Nike Men's Fall Dri-Fit Solid Polo,35.90 €,45.00 €,Tennis Clothing,2026-09-11 14:51:34,Tennis Warehouse Europe,https://www.tenniswarehouse-europe.com/Nike_Mens_Fall_Dri-Fit_Solid_Polo/descpageMANIKEA-NSFAPO-EN.html?color=RD,Nike -
Nike Men's Basic Dri-Fit Solid Polo,40.90 €,45.00 €,Tennis Clothing,2026-09-11 14:51:34,Tennis Warehouse Europe,https://www.tenniswarehouse-europe.com/Nike_Mens_Basic_Dri-Fit_Solid_Polo/descpageMANIKEA-NMBASOP-EN.html?color=BK,Nike -
Nike Men's Basic Dri-Fit Solid Polo,40.90 €,45.00 €,Tennis Clothing,2026-09-11 14:51:34,Tennis Warehouse Europe,https://www.tenniswarehouse-europe.com/Nike_Mens_Basic_Dri-Fit_Solid_Polo/descpageMANIKEA-NMBASOP-EN.html?color=NV,Nike -
Nike Men's Basic Dri-Fit Solid Polo,40.90 €,45.00 €,Tennis Clothing,2026-09-11 14:51:34,Tennis Warehouse Europe,https://www.tenniswarehouse-europe.com/Nike_Mens_Basic_Dri-Fit_Solid_Polo/descpageMANIKEA-NMBASOP-EN.html?color=WH,Nike -
Nike Men's Fall Advantage Polo,51.90 €,65.00 €,Tennis Clothing,2026-09-11 14:51:34,Tennis Warehouse Europe,https://www.tenniswarehouse-europe.com/Nike_Mens_Fall_Advantage_Polo/descpageMANIKEA-NFAPM-EN.html?color=BL,Nike -
Nike Men's Fall Advantage Polo,51.90 €,65.00 €,Tennis Clothing,2026-09-11 14:51:34,Tennis Warehouse Europe,https://www.tenniswarehouse-europe.com/Nike_Mens_Fall_Advantage_Polo/descpageMANIKEA-NFAPM-EN.html?color=GR,Nike -
Nike Men's Fall Advantage Polo,51.90 €,65.00 €,Tennis Clothing,2026-09-11 14:51:34,Tennis Warehouse Europe,https://www.tenniswarehouse-europe.com/Nike_Mens_Fall_Advantage_Polo/descpageMANIKEA-NFAPM-EN.html?color=GY,Nike -
Nike Men's Basic Advantage Polo,54.89 €,65.00 €,Tennis Clothing,2026-09-11 14:51:34,Tennis Warehouse Europe,https://www.tenniswarehouse-europe.com/Nike_Mens_Basic_Advantage_Polo/descpageMANIKEA-NMBAPO-EN.html?color=BK,Nike -
Nike Men's Basic Advantage Polo,54.89 €,65.00 €,Tennis Clothing,2026-09-11 14:51:34,Tennis Warehouse Europe,https://www.tenniswarehouse-europe.com/Nike_Mens_Basic_Advantage_Polo/descpageMANIKEA-NMBAPO-EN.html?color=NV,Nike -
Nike Men's Basic Advantage Polo,54.89 €,65.00 €,Tennis Clothing,2026-09-11 14:51:34,Tennis Warehouse Europe,https://www.tenniswarehouse-europe.com/Nike_Mens_Basic_Advantage_Polo/descpageMANIKEA-NMBAPO-EN.html?color=WH,Nike -
Nike Men's Fall Heritage Polo,59.90 €,75.00 €,Tennis Clothing,2026-09-11 14:51:34,Tennis Warehouse Europe,https://www.tenniswarehouse-europe.com/Nike_Mens_Fall_Heritage_Polo/descpageMANIKEA-NFHPM-EN.html?color=GY,Nike -
Nike Men's Basic Heritage Polo,59.90 €,75.00 €,Tennis Clothing,2026-09-11 14:51:34,Tennis Warehouse Europe,https://www.tenniswarehouse-europe.com/Nike_Mens_Basic_Heritage_Polo/descpageMANIKEA-NMFHTGP-EN.html?color=BK,Nike -
Nike Men's Basic Heritage Polo,59.90 €,75.00 €,Tennis Clothing,2026-09-11 14:51:34,Tennis Warehouse Europe,https://www.tenniswarehouse-europe.com/Nike_Mens_Basic_Heritage_Polo/descpageMANIKEA-NMFHTGP-EN.html?color=WH,Nike -
"Nike Men's Basic Victory 7"" Short",29.90 € - 40.90 €,45.00€,Tennis Clothing,2026-09-11 14:51:34,Tennis Warehouse Europe,https://www.tenniswarehouse-europe.com/Nike_Mens_Basic_Victory_7_Short/descpageMANIKEA-NMCRVCS-EN.html?color=BK,Nike -
"Nike Men's Basic Victory 7"" Short",29.90 € - 40.90 €,45.00€,Tennis Clothing,2026-09-11 14:51:34,Tennis Warehouse Europe,https://www.tenniswarehouse-europe.com/Nike_Mens_Basic_Victory_7_Short/descpageMANIKEA-NMCRVCS-EN.html?color=NV,Nike -
"Nike Men's Basic Victory 7"" Short",29.90 € - 40.90 €,45.00€,Tennis Clothing,2026-09-11 14:51:34,Tennis Warehouse Europe,https://www.tenniswarehouse-europe.com/Nike_Mens_Basic_Victory_7_Short/descpageMANIKEA-NMCRVCS-EN.html?color=RD,Nike -
"Nike Men's Basic Victory 7"" Short",29.90 € - 40.90 €,45.00€,Tennis Clothing,2026-09-11 14:51:34,Tennis Warehouse Europe,https://www.tenniswarehouse-europe.com/Nike_Mens_Basic_Victory_7_Short/descpageMANIKEA-NMCRVCS-EN.html?color=WH,Nike -
"Nike Men's Fall Victory 7"" Short",35.90 €,45.00 €,Tennis Clothing,2026-09-11 14:51:34,Tennis Warehouse Europe,https://www.tenniswarehouse-europe.com/Nike_Mens_Fall_Victory_7_Short/descpageMANIKEA-NMF26S-EN.html?color=BO,Nike -
"Nike Men's Fall Victory 7"" Short",35.90 €,45.00 €,Tennis Clothing,2026-09-11 14:51:34,Tennis Warehouse Europe,https://www.tenniswarehouse-europe.com/Nike_Mens_Fall_Victory_7_Short/descpageMANIKEA-NMF26S-EN.html?color=RD,Nike -
"Nike Men's Fall Victory Print 7"" Short",43.90 €,55.00 €,Tennis Clothing,2026-09-11 14:51:34,Tennis Warehouse Europe,https://www.tenniswarehouse-europe.com/Nike_Mens_Fall_Victory_Print_7_Short/descpageMANIKEA-NMFP26S-EN.html?color=BO,Nike -
"Nike Men's Basic Victory 9"" Short",24.89 € - 39.90 €,45.00€,Tennis Clothing,2026-09-11 14:51:34,Tennis Warehouse Europe,https://www.tenniswarehouse-europe.com/Nike_Mens_Basic_Victory_9_Short/descpageMANIKEA-NMCVNSH-EN.html?color=BK,Nike -
"Nike Men's Basic Victory 9"" Short",24.89 € - 39.90 €,45.00€,Tennis Clothing,2026-09-11 14:51:34,Tennis Warehouse Europe,https://www.tenniswarehouse-europe.com/Nike_Mens_Basic_Victory_9_Short/descpageMANIKEA-NMCVNSH-EN.html?color=NV,Nike -
"Nike Men's Basic Victory 9"" Short",24.89 € - 39.90 €,45.00€,Tennis Clothing,2026-09-11 14:51:34,Tennis Warehouse Europe,https://www.tenniswarehouse-europe.com/Nike_Mens_Basic_Victory_9_Short/descpageMANIKEA-NMCVNSH-EN.html?color=WH,Nike -
"Nike Men's Basic Advantage 6"" Short",44.90 € - 53.90 €,60.00€,Tennis Clothing,2026-09-11 14:51:34,Tennis Warehouse Europe,https://www.tenniswarehouse-europe.com/Nike_Mens_Basic_Advantage_6_Short/descpageMANIKEA-NMBA6S-EN.html?color=BK,Nike -
"Nike Men's Basic Advantage 6"" Short",44.90 € - 53.90 €,60.00€,Tennis Clothing,2026-09-11 14:51:34,Tennis Warehouse Europe,https://www.tenniswarehouse-europe.com/Nike_Mens_Basic_Advantage_6_Short/descpageMANIKEA-NMBA6S-EN.html?color=NV,Nike -
"Nike Men's Basic Advantage 6"" Short",44.90 € - 53.90 €,60.00€,Tennis Clothing,2026-09-11 14:51:34,Tennis Warehouse Europe,https://www.tenniswarehouse-europe.com/Nike_Mens_Basic_Advantage_6_Short/descpageMANIKEA-NMBA6S-EN.html?color=WH,Nike -
"Nike Men's Fall Advantage 6"" Short",47.90 €,60.00 €,Tennis Clothing,2026-09-11 14:51:34,Tennis Warehouse Europe,https://www.tenniswarehouse-europe.com/Nike_Mens_Fall_Advantage_6_Short/descpageMANIKEA-N26FAS-EN.html?color=BL,Nike -
"Nike Men's Fall Advantage 6"" Short",47.90 €,60.00 €,Tennis Clothing,2026-09-11 14:51:34,Tennis Warehouse Europe,https://www.tenniswarehouse-europe.com/Nike_Mens_Fall_Advantage_6_Short/descpageMANIKEA-N26FAS-EN.html?color=GR,Nike -
"Nike Men's Fall Advantage 6"" Short",47.90 €,60.00 €,Tennis Clothing,2026-09-11 14:51:34,Tennis Warehouse Europe,https://www.tenniswarehouse-europe.com/Nike_Mens_Fall_Advantage_6_Short/descpageMANIKEA-N26FAS-EN.html?color=NV,Nike -
"Nike Men's Fall Advantage 6"" Short",47.90 €,60.00 €,Tennis Clothing,2026-09-11 14:51:34,Tennis Warehouse Europe,https://www.tenniswarehouse-europe.com/Nike_Mens_Fall_Advantage_6_Short/descpageMANIKEA-N26FAS-EN.html?color=RD,Nike -
"Nike Men's Basic Advantage 8"" Short",49.90 € - 53.90 €,60.00€,Tennis Clothing,2026-09-11 14:51:34,Tennis Warehouse Europe,https://www.tenniswarehouse-europe.com/Nike_Mens_Basic_Advantage_8_Short/descpageMANIKEA-NMBA8S-EN.html?color=BK,Nike -
"Nike Men's Basic Advantage 8"" Short",49.90 € - 53.90 €,60.00€,Tennis Clothing,2026-09-11 14:51:34,Tennis Warehouse Europe,https://www.tenniswarehouse-europe.com/Nike_Mens_Basic_Advantage_8_Short/descpageMANIKEA-NMBA8S-EN.html?color=WH,Nike -
Nike Men's Fall M90 T-Shirt,27.89 €,35.00 €,Tennis Clothing,2026-09-11 14:51:34,Tennis Warehouse Europe,https://www.tenniswarehouse-europe.com/Nike_Mens_Fall_M90_T-Shirt/descpageMANIKEA-NFAMT-EN.html?color=PU,Nike -
Nike Men's Fall M90 T-Shirt,27.89 €,35.00 €,Tennis Clothing,2026-09-11 14:51:34,Tennis Warehouse Europe,https://www.tenniswarehouse-europe.com/Nike_Mens_Fall_M90_T-Shirt/descpageMANIKEA-NFAMT-EN.html?color=RD,Nike -
Nike Men's Basic M90 T-Shirt,27.89 €,35.00 €,Tennis Clothing,2026-09-11 14:51:34,Tennis Warehouse Europe,https://www.tenniswarehouse-europe.com/Nike_Mens_Basic_M90_T-Shirt/descpageMANIKEA-NMM90T-EN.html?color=BK,Nike -
Nike Men's Basic M90 T-Shirt,27.89 €,35.00 €,Tennis Clothing,2026-09-11 14:51:34,Tennis Warehouse Europe,https://www.tenniswarehouse-europe.com/Nike_Mens_Basic_M90_T-Shirt/descpageMANIKEA-NMM90T-EN.html?color=WH,Nike -
Nike Men's Fall EOY T-Shirt,31.90 €,40.00 €,Tennis Clothing,2026-09-11 14:51:34,Tennis Warehouse Europe,https://www.tenniswarehouse-europe.com/Nike_Mens_Fall_EOY_T-Shirt/descpageMANIKEA-NFAECTT-EN.html?color=BK,Nike -
Nike Men's Fall EOY T-Shirt,31.90 €,40.00 €,Tennis Clothing,2026-09-11 14:51:34,Tennis Warehouse Europe,https://www.tenniswarehouse-europe.com/Nike_Mens_Fall_EOY_T-Shirt/descpageMANIKEA-NFAECTT-EN.html?color=PU,Nike -
Nike Men's Fall EOY T-Shirt,31.90 €,40.00 €,Tennis Clothing,2026-09-11 14:51:34,Tennis Warehouse Europe,https://www.tenniswarehouse-europe.com/Nike_Mens_Fall_EOY_T-Shirt/descpageMANIKEA-NFAECTT-EN.html?color=WH,Nike -
Nike Men's Fall Court T-Shirt,31.90 €,40.00 €,Tennis Clothing,2026-09-11 14:51:34,Tennis Warehouse Europe,https://www.tenniswarehouse-europe.com/Nike_Mens_Fall_Court_T-Shirt/descpageMANIKEA-NFACTT-EN.html?color=BL,Nike -
Nike Men's Fall Court T-Shirt,31.90 €,40.00 €,Tennis Clothing,2026-09-11 14:51:34,Tennis Warehouse Europe,https://www.tenniswarehouse-europe.com/Nike_Mens_Fall_Court_T-Shirt/descpageMANIKEA-NFACTT-EN.html?color=GR,Nike -
Nike Men's Fall Court T-Shirt,31.90 €,40.00 €,Tennis Clothing,2026-09-11 14:51:34,Tennis Warehouse Europe,https://www.tenniswarehouse-europe.com/Nike_Mens_Fall_Court_T-Shirt/descpageMANIKEA-NFACTT-EN.html?color=MR,Nike -
Nike Men's Fall Court T-Shirt,31.90 €,40.00 €,Tennis Clothing,2026-09-11 14:51:34,Tennis Warehouse Europe,https://www.tenniswarehouse-europe.com/Nike_Mens_Fall_Court_T-Shirt/descpageMANIKEA-NFACTT-EN.html?color=WH,Nike -
Nike Men's Basic Heritage Suit Jacket,70.90 €,80.00 €,Tennis Clothing,2026-09-11 14:51:34,Tennis Warehouse Europe,https://www.tenniswarehouse-europe.com/Nike_Mens_Basic_Heritage_Suit_Jacket/descpageMANIKEA-NMBHSJ-EN.html?color=BK,Nike -
Nike Men's Basic Heritage Suit Jacket,70.90 €,80.00 €,Tennis Clothing,2026-09-11 14:51:34,Tennis Warehouse Europe,https://www.tenniswarehouse-europe.com/Nike_Mens_Basic_Heritage_Suit_Jacket/descpageMANIKEA-NMBHSJ-EN.html?color=WH,Nike -
Nike Men's Basic Heritage Suit Pant,58.90 €,65.00 €,Tennis Clothing,2026-09-11 14:51:34,Tennis Warehouse Europe,https://www.tenniswarehouse-europe.com/Nike_Mens_Basic_Heritage_Suit_Pant/descpageMANIKEA-NMBAHP-EN.html?color=BK,Nike -
Nike Men's Basic Heritage Suit Pant,58.90 €,65.00 €,Tennis Clothing,2026-09-11 14:51:34,Tennis Warehouse Europe,https://www.tenniswarehouse-europe.com/Nike_Mens_Basic_Heritage_Suit_Pant/descpageMANIKEA-NMBAHP-EN.html?color=WH,Nike -
Nike Men's Fall Court Hoodie,47.90 €,60.00 €,Tennis Clothing,2026-09-11 14:51:34,Tennis Warehouse Europe,https://www.tenniswarehouse-europe.com/Nike_Mens_Fall_Court_Hoodie/descpageMANIKEA-NMF26CH-EN.html?color=BK,Nike -
Nike Men's Fall Court Hoodie,47.90 €,60.00 €,Tennis Clothing,2026-09-11 14:51:34,Tennis Warehouse Europe,https://www.tenniswarehouse-europe.com/Nike_Mens_Fall_Court_Hoodie/descpageMANIKEA-NMF26CH-EN.html?color=GR1,Nike -
Nike Men's Fall Court Hoodie,47.90 €,60.00 €,Tennis Clothing,2026-09-11 14:51:34,Tennis Warehouse Europe,https://www.tenniswarehouse-europe.com/Nike_Mens_Fall_Court_Hoodie/descpageMANIKEA-NMF26CH-EN.html?color=MR,Nike -
Nike Men's Winter Heritage Fleece Short,53.90 €,60.00 €,Tennis Clothing,2026-09-11 14:51:34,Tennis Warehouse Europe,https://www.tenniswarehouse-europe.com/Nike_Mens_Winter_Heritage_Fleece_Short/descpageMANIKEA-NFHWRS-EN.html?color=BK,Nike -
Nike Men's Fall Heritage Fleece Short,47.90 €,60.00 €,Tennis Clothing,2026-09-11 14:51:34,Tennis Warehouse Europe,https://www.tenniswarehouse-europe.com/Nike_Mens_Fall_Heritage_Fleece_Short/descpageMANIKEA-NFHFLS-EN.html?color=BL,Nike -
Nike Men's Fall Dri-Fit Miler Top,27.89 €,35.00 €,Tennis Clothing,2026-09-11 14:51:34,Tennis Warehouse Europe,https://www.tenniswarehouse-europe.com/Nike_Mens_Fall_Dri-Fit_Miler_Top/descpageMANIKEA-NFAMIT-EN.html?color=RD,Nike -
Nike Men's Basic Dri-Fit Miler Top,29.89 €,35.00 €,Tennis Clothing,2026-09-11 14:51:34,Tennis Warehouse Europe,https://www.tenniswarehouse-europe.com/Nike_Mens_Basic_Dri-Fit_Miler_Top/descpageMANIKEA-NBAMIT-EN.html?color=BK,Nike -
Nike Men's Basic Dri-Fit Miler Top,29.89 €,35.00 €,Tennis Clothing,2026-09-11 14:51:34,Tennis Warehouse Europe,https://www.tenniswarehouse-europe.com/Nike_Mens_Basic_Dri-Fit_Miler_Top/descpageMANIKEA-NBAMIT-EN.html?color=GY,Nike -
Nike Men's Basic Dri-Fit Miler Top,29.89 €,35.00 €,Tennis Clothing,2026-09-11 14:51:34,Tennis Warehouse Europe,https://www.tenniswarehouse-europe.com/Nike_Mens_Basic_Dri-Fit_Miler_Top/descpageMANIKEA-NBAMIT-EN.html?color=NV,Nike -
Nike Men's Basic Dri-Fit Miler Top,29.89 €,35.00 €,Tennis Clothing,2026-09-11 14:51:34,Tennis Warehouse Europe,https://www.tenniswarehouse-europe.com/Nike_Mens_Basic_Dri-Fit_Miler_Top/descpageMANIKEA-NBAMIT-EN.html?color=WH,Nike -
Nike Men's Basic Miler Sleeveless Top,26.89 €,30.00 €,Tennis Clothing,2026-09-11 14:51:34,Tennis Warehouse Europe,https://www.tenniswarehouse-europe.com/Nike_Mens_Basic_Miler_Sleeveless_Top/descpageMANIKEA-NBAMLT-EN.html?color=BK,Nike -
Nike Men's Basic Miler Sleeveless Top,26.89 €,30.00 €,Tennis Clothing,2026-09-11 14:51:34,Tennis Warehouse Europe,https://www.tenniswarehouse-europe.com/Nike_Mens_Basic_Miler_Sleeveless_Top/descpageMANIKEA-NBAMLT-EN.html?color=WH,Nike -
Nike Men's Fall Sportswear T-Shirt,19.90 €,25.00 €,Tennis Clothing,2026-09-11 14:51:34,Tennis Warehouse Europe,https://www.tenniswarehouse-europe.com/Nike_Mens_Fall_Sportswear_T-Shirt/descpageMANIKEA-NMSPTS-EN.html?color=GR,Nike -
Nike Men's Basic Sportswear T-Shirt,19.90 €,25.00 €,Tennis Clothing,2026-09-11 14:51:34,Tennis Warehouse Europe,https://www.tenniswarehouse-europe.com/Nike_Mens_Basic_Sportswear_T-Shirt_/descpageMANIKEA-NMBSWT-EN.html?color=NV,Nike -
Nike Men's Summer Sportswear T-Shirt,21.90 €,25.00 €,Tennis Clothing,2026-09-11 14:51:34,Tennis Warehouse Europe,https://www.tenniswarehouse-europe.com/Nike_Mens_Summer_Sportswear_T-Shirt/descpageMANIKEA-NMSSW-EN.html?color=RD,Nike -
Nike Men's Basic Sportswear T-Shirt,21.90 €,25.00 €,Tennis Clothing,2026-09-11 14:51:34,Tennis Warehouse Europe,https://www.tenniswarehouse-europe.com/Nike_Mens_Basic_Sportswear_T-Shirt/descpageMANIKEA-NMCSWTS-EN.html?color=BK,Nike -
Nike Men's Basic Sportswear T-Shirt,21.90 €,25.00 €,Tennis Clothing,2026-09-11 14:51:34,Tennis Warehouse Europe,https://www.tenniswarehouse-europe.com/Nike_Mens_Basic_Sportswear_T-Shirt/descpageMANIKEA-NMCSWTS-EN.html?color=WH,Nike -
Nike Men's Basic Dri-Fit Miler Longsleeve Top,33.90 €,40.00 €,Tennis Clothing,2026-09-11 14:51:34,Tennis Warehouse Europe,https://www.tenniswarehouse-europe.com/Nike_Mens_Basic_Dri-Fit_Miler_Longsleeve_Top/descpageMANIKEA-NMILSLT-EN.html?color=BK,Nike -
Nike Men's Basic Dri-Fit Miler Longsleeve Top,33.90 €,40.00 €,Tennis Clothing,2026-09-11 14:51:34,Tennis Warehouse Europe,https://www.tenniswarehouse-europe.com/Nike_Mens_Basic_Dri-Fit_Miler_Longsleeve_Top/descpageMANIKEA-NMILSLT-EN.html?color=GY,Nike -
Nike Men's Fall Winning Top,29.90 €,38.00 €,Tennis Clothing,2026-09-11 14:51:34,Tennis Warehouse Europe,https://www.tenniswarehouse-europe.com/Nike_Mens_Fall_Winning_Top/descpageMANIKEA-NFAWIT-EN.html?color=BK,Nike -
Nike Men's Fall Winning Top,29.90 €,38.00 €,Tennis Clothing,2026-09-11 14:51:34,Tennis Warehouse Europe,https://www.tenniswarehouse-europe.com/Nike_Mens_Fall_Winning_Top/descpageMANIKEA-NFAWIT-EN.html?color=BL,Nike -
Nike Men's Fall International Champions T-Shirt,23.90 €,30.00 €,Tennis Clothing,2026-09-11 14:51:34,Tennis Warehouse Europe,https://www.tenniswarehouse-europe.com/Nike_Mens_Fall_International_Champions_T-Shirt/descpageMANIKEA-NMINCT-EN.html?color=BE,Nike -
Nike Men's Fall International Champions T-Shirt,23.90 €,30.00 €,Tennis Clothing,2026-09-11 14:51:34,Tennis Warehouse Europe,https://www.tenniswarehouse-europe.com/Nike_Mens_Fall_International_Champions_T-Shirt/descpageMANIKEA-NMINCT-EN.html?color=BK,Nike -
Nike Men's Fall International Champions T-Shirt,23.90 €,30.00 €,Tennis Clothing,2026-09-11 14:51:34,Tennis Warehouse Europe,https://www.tenniswarehouse-europe.com/Nike_Mens_Fall_International_Champions_T-Shirt/descpageMANIKEA-NMINCT-EN.html?color=RY,Nike -
Nike Men's Fall Just Do It Island T-Shirt,23.90 €,30.00 €,Tennis Clothing,2026-09-11 14:51:34,Tennis Warehouse Europe,https://www.tenniswarehouse-europe.com/Nike_Mens_Fall_Just_Do_It_Island_T-Shirt/descpageMANIKEA-NJDIIT-EN.html?color=WH,Nike -
Nike Men's Fall Just Do It Square T-Shirt,19.90 €,25.00 €,Tennis Clothing,2026-09-11 14:51:34,Tennis Warehouse Europe,https://www.tenniswarehouse-europe.com/Nike_Mens_Fall_Just_Do_It_Square_T-Shirt/descpageMANIKEA-NJDSQT-EN.html?color=BK,Nike -
Nike Men's Fall Just Do It Square T-Shirt,19.90 €,25.00 €,Tennis Clothing,2026-09-11 14:51:34,Tennis Warehouse Europe,https://www.tenniswarehouse-europe.com/Nike_Mens_Fall_Just_Do_It_Square_T-Shirt/descpageMANIKEA-NJDSQT-EN.html?color=WH,Nike -
Nike Men's Fall Just Do It Swoosh T-Shirt,19.90 €,25.00 €,Tennis Clothing,2026-09-11 14:51:34,Tennis Warehouse Europe,https://www.tenniswarehouse-europe.com/Nike_Mens_Fall_Just_Do_It_Swoosh_T-Shirt/descpageMANIKEA-NJDIST-EN.html?color=GR,Nike -
Nike Men's Fall Ball Vortex T-Shirt,35.90 €,45.00 €,Tennis Clothing,2026-09-11 14:51:34,Tennis Warehouse Europe,https://www.tenniswarehouse-europe.com/Nike_Mens_Fall_Ball_Vortex_T-Shirt/descpageMANIKEA-NMBVT-EN.html?color=WH,Nike -
Nike Men's Fall Houndstooth Pattern T-Shirt,39.90 €,50.00 €,Tennis Clothing,2026-09-11 14:51:34,Tennis Warehouse Europe,https://www.tenniswarehouse-europe.com/Nike_Mens_Fall_Houndstooth_Pattern_T-Shirt/descpageMANIKEA-NMHPT-EN.html?color=BK,Nike -
"Nike Men's Fall Dri-Fit Miler 7"" Short",29.90 €,38.00 €,Tennis Clothing,2026-09-11 14:51:34,Tennis Warehouse Europe,https://www.tenniswarehouse-europe.com/Nike_Mens_Fall_Dri-Fit_Miler_7_Short/descpageMANIKEA-NFMI7S-EN.html?color=RD,Nike -
"Nike Men's Basic Dri-Fit Miler 7"" Short",31.90 €,38.00 €,Tennis Clothing,2026-09-11 14:51:34,Tennis Warehouse Europe,https://www.tenniswarehouse-europe.com/Nike_Mens_Basic_Dri-Fit_Miler_7_Short/descpageMANIKEA-NBMI7S-EN.html?color=BK,Nike -
"Nike Men's Basic Dri-Fit Miler 7"" Short",31.90 €,38.00 €,Tennis Clothing,2026-09-11 14:51:34,Tennis Warehouse Europe,https://www.tenniswarehouse-europe.com/Nike_Mens_Basic_Dri-Fit_Miler_7_Short/descpageMANIKEA-NBMI7S-EN.html?color=GY,Nike -
"Nike Men's Basic Dri-Fit Miler 7"" Short",31.90 €,38.00 €,Tennis Clothing,2026-09-11 14:51:34,Tennis Warehouse Europe,https://www.tenniswarehouse-europe.com/Nike_Mens_Basic_Dri-Fit_Miler_7_Short/descpageMANIKEA-NBMI7S-EN.html?color=NV,Nike -
"Nike Men's Basic Miler 5"" Short",35.90 €,40.00 €,Tennis Clothing,2026-09-11 14:51:34,Tennis Warehouse Europe,https://www.tenniswarehouse-europe.com/Nike_Mens_Basic_Miler_5_Short/descpageMANIKEA-NBMI5S-EN.html?color=BK,Nike -
Nike Men's Pro Dri-Fit Performance Boxer,33.89 €,38.00 €,Tennis Clothing,2026-09-11 14:51:34,Tennis Warehouse Europe,https://www.tenniswarehouse-europe.com/Nike_Mens_Pro_Dri-Fit_Performance_Boxer/descpageMANIKEA-NITNBOX-EN.html?color=BK,Nike -
Nike Men's Pro Dri-Fit Performance Boxer,33.89 €,38.00 €,Tennis Clothing,2026-09-11 14:51:34,Tennis Warehouse Europe,https://www.tenniswarehouse-europe.com/Nike_Mens_Pro_Dri-Fit_Performance_Boxer/descpageMANIKEA-NITNBOX-EN.html?color=GY,Nike -
Nike Men's Pro Dri-Fit Performance Long Boxer,33.89 €,38.00 €,Tennis Clothing,2026-09-11 14:51:34,Tennis Warehouse Europe,https://www.tenniswarehouse-europe.com/Nike_Mens_Pro_Dri-Fit_Performance_Long_Boxer/descpageMANIKEA-NITLBOX-EN.html?color=BK,Nike -
Nike Men's Pro Dri-Fit Performance Long Boxer,33.89 €,38.00 €,Tennis Clothing,2026-09-11 14:51:34,Tennis Warehouse Europe,https://www.tenniswarehouse-europe.com/Nike_Mens_Pro_Dri-Fit_Performance_Long_Boxer/descpageMANIKEA-NITLBOX-EN.html?color=GY,Nike -
Nike Men's Basic Club Jogger Pant,48.90 €,55.00 €,Tennis Clothing,2026-09-11 14:51:34,Tennis Warehouse Europe,https://www.tenniswarehouse-europe.com/Nike_Mens_Basic_Club_Jogger_Pant/descpageMANIKEA-NIBAJOG-EN.html?color=BK,Nike -
Nike Men's Basic Club Jogger Pant,48.90 €,55.00 €,Tennis Clothing,2026-09-11 14:51:34,Tennis Warehouse Europe,https://www.tenniswarehouse-europe.com/Nike_Mens_Basic_Club_Jogger_Pant/descpageMANIKEA-NIBAJOG-EN.html?color=GY,Nike -
Nike Men's Basic Club Jogger Pant,48.90 €,55.00 €,Tennis Clothing,2026-09-11 14:51:34,Tennis Warehouse Europe,https://www.tenniswarehouse-europe.com/Nike_Mens_Basic_Club_Jogger_Pant/descpageMANIKEA-NIBAJOG-EN.html?color=NV,Nike -
Nike Men's Fall Club Hoodie,51.90 €,65.00 €,Tennis Clothing,2026-09-11 14:51:34,Tennis Warehouse Europe,https://www.tenniswarehouse-europe.com/Nike_Mens_Fall_Club_Hoodie/descpageMANIKEA-NFLCH-EN.html?color=GR,Nike -
Nike Men's Fall Miler Jacket,67.90 €,85.00 €,Tennis Clothing,2026-09-11 14:51:34,Tennis Warehouse Europe,https://www.tenniswarehouse-europe.com/Nike_Mens_Fall_Miler_Jacket/descpageMANIKEA-NMILJ-EN.html?color=BK,Nike -
Nike Men's Cotton Stretch 3-Pack Brief,31.90 €,35.99 €,Tennis Clothing,2026-09-11 14:51:34,Tennis Warehouse Europe,https://www.tenniswarehouse-europe.com/Nike_Mens_Cotton_Stretch_3-Pack_Brief/descpageMAPVH-NKCS3BG-EN.html?color=BGR,PVH - Nike Underwear
Nike Men's Cotton Stretch 3-Pack Trunk,35.90 €,39.99 €,Tennis Clothing,2026-09-11 14:51:34,Tennis Warehouse Europe,https://www.tenniswarehouse-europe.com/Nike_Mens_Cotton_Stretch_3-Pack_Trunk/descpageMAPVH-NKCT3BG-EN.html?color=BGR,PVH - Nike Underwear
Nike Men's Cotton Stretch 3-Pack Trunk,35.90 €,39.99 €,Tennis Clothing,2026-09-11 14:51:34,Tennis Warehouse Europe,https://www.tenniswarehouse-europe.com/Nike_Mens_Cotton_Stretch_3-Pack_Trunk/descpageMAPVH-NKCT3BR-EN.html?color=BLR,PVH - Nike Underwear
Nike Men's Cotton Stretch 3-Pack Trunk,35.90 €,39.99 €,Tennis Clothing,2026-09-11 14:51:34,Tennis Warehouse Europe,https://www.tenniswarehouse-europe.com/Nike_Mens_Cotton_Stretch_3-Pack_Trunk/descpageMAPVH-NKCT3BO-EN.html?color=BO,PVH - Nike Underwear
Nike Men's Cotton Stretch 3-Pack Boxer Brief,35.90 €,39.99 €,Tennis Clothing,2026-09-11 14:51:34,Tennis Warehouse Europe,https://www.tenniswarehouse-europe.com/Nike_Mens_Cotton_Stretch_3-Pack_Boxer_Brief/descpageMAPVH-NCSTNBG-EN.html?color=BGR,PVH - Nike Underwear
Nike Men's Essential Micro 3-Pack Brief - Bk/Or/Gn,31.90 €,35.99 €,Tennis Clothing,2026-09-11 14:51:34,Tennis Warehouse Europe,https://www.tenniswarehouse-europe.com/Nike_Mens_Essential_Micro_3-Pack_Brief_-_Bk_Or_Gn/descpageMAPVH-NKE3BM-EN.html?color=BOG,PVH - Nike Underwear
Nike Men's Essential Micro 3-Pack Trunk,35.90 €,39.99 €,Tennis Clothing,2026-09-11 14:51:34,Tennis Warehouse Europe,https://www.tenniswarehouse-europe.com/Nike_Mens_Essential_Micro_3-Pack_Trunk/descpageMAPVH-NMICTBO-EN.html?color=BO,PVH - Nike Underwear
Nike Men's Essential Micro 5-Pack Trunk - Black,53.90 €,59.99 €,Tennis Clothing,2026-09-11 14:51:34,Tennis Warehouse Europe,https://www.tenniswarehouse-europe.com/Nike_Mens_Essential_Micro_5-Pack_Trunk_-_Black/descpageMAPVH-NEM5P-EN.html?color=BK,PVH - Nike Underwear
Nike Men's Essential Micro LE 3-Pack Trunk - Org/Blue,35.90 €,39.99 €,Tennis Clothing,2026-09-11 14:51:34,Tennis Warehouse Europe,https://www.tenniswarehouse-europe.com/Nike_Mens_Essential_Micro_LE_3-Pack_Trunk_-_Org_Blue/descpageMAPVH-NMICLEB-EN.html?color=OR,PVH - Nike Underwear
Nike Men's Ultra Comfort 3-Pack Boxer Brief - Bk/Rd/Gn,37.90 €,42.00 €,Tennis Clothing,2026-09-11 14:51:34,Tennis Warehouse Europe,https://www.tenniswarehouse-europe.com/Nike_Mens_Ultra_Comfort_3-Pack_Boxer_Brief_-_Bk_Rd_Gn/descpageMAPVH-NKUCBO-EN.html?color=BGR,PVH - Nike Underwear
Nike Men's Elite Breathe 3-Pack Trunk - Black/Blue,39.90 €,43.99 €,Tennis Clothing,2026-09-11 14:51:34,Tennis Warehouse Europe,https://www.tenniswarehouse-europe.com/Nike_Mens_Elite_Breathe_3-Pack_Trunk_-_Black_Blue/descpageMAPVH-NKEBBT-EN.html?color=BBL,PVH - Nike Underwear
Nike Men's Essential Micro 3-Pack Trunk - Grey,31.90 €,39.99 €,Tennis Clothing,2026-09-11 14:51:34,Tennis Warehouse Europe,https://www.tenniswarehouse-europe.com/Nike_Mens_Essential_Micro_3-Pack_Trunk_-_Grey/descpageMAPVH-NMICTDC-EN.html?color=GY,PVH - Nike Underwear
Nike Men's Cotton Stretch 3-Pack Boxer Brief,31.90 €,39.99 €,Tennis Clothing,2026-09-11 14:51:34,Tennis Warehouse Europe,https://www.tenniswarehouse-europe.com/Nike_Mens_Cotton_Stretch_3-Pack_Boxer_Brief/descpageMAPVH-NCSTNGO-EN.html?color=GO,PVH - Nike Underwear
Nike Men's Cotton Stretch 3-Pack Trunk,31.90 €,39.99 €,Tennis Clothing,2026-09-11 14:51:34,Tennis Warehouse Europe,https://www.tenniswarehouse-europe.com/Nike_Mens_Cotton_Stretch_3-Pack_Trunk/descpageMAPVH-NKCS3GR-EN.html?color=BOG,PVH - Nike Underwear
Nike Men's Ultra Comfort 3-Pack Boxer Brief,33.90 €,42.00 €,Tennis Clothing,2026-09-11 14:51:34,Tennis Warehouse Europe,https://www.tenniswarehouse-europe.com/Nike_Mens_Ultra_Comfort_3-Pack_Boxer_Brief/descpageMAPVH-NKUCBBB-EN.html?color=BK,PVH - Nike Underwear
Nike Men's Ultra Comfort 3-Pack Trunk,33.90 €,42.00 €,Tennis Clothing,2026-09-11 14:51:34,Tennis Warehouse Europe,https://www.tenniswarehouse-europe.com/Nike_Mens_Ultra_Comfort_3-Pack_Trunk/descpageMAPVH-NKUCBBP-EN.html?color=BBP,PVH - Nike Underwear
Nike Men's Essential Micro 3-Pack Trunk,31.90 €,39.99 €,Tennis Clothing,2026-09-11 14:51:34,Tennis Warehouse Europe,https://www.tenniswarehouse-europe.com/Nike_Mens_Essential_Micro_3-Pack_Trunk/descpageMAPVH-NMICTOR-EN.html?color=BLR,PVH - Nike Underwear
Nike Men's Essential Micro 3-Pack Trunk,31.90 €,39.99 €,Tennis Clothing,2026-09-11 14:51:34,Tennis Warehouse Europe,https://www.tenniswarehouse-europe.com/Nike_Mens_Essential_Micro_3-Pack_Trunk/descpageMAPVH-NMICTOR-EN.html?color=BO,PVH - Nike Underwear
Nike Men's Essential Micro 3-Pack Brief - Black,28.91 €,35.99 €,Tennis Clothing,2026-09-11 14:51:34,Tennis Warehouse Europe,https://www.tenniswarehouse-europe.com/Nike_Mens_Essential_Micro_3-Pack_Brief_-_Black/descpageMAPVH-NKE3BK-EN.html?color=BK,PVH - Nike Underwear
Nike Men's Cotton Stretch 5-Pack Trunk - Multicolor,47.90 €,59.99 €,Tennis Clothing,2026-09-11 14:51:34,Tennis Warehouse Europe,https://www.tenniswarehouse-europe.com/Nike_Mens_Cotton_Stretch_5-Pack_Trunk_-_Multicolor/descpageMAPVH-NKCS5MC-EN.html?color=MU,PVH - Nike Underwear
Nike Men's Cotton Stretch 3-Pack Trunk,31.90 €,39.99 €,Tennis Clothing,2026-09-11 14:51:34,Tennis Warehouse Europe,https://www.tenniswarehouse-europe.com/Nike_Mens_Cotton_Stretch_3-Pack_Trunk/descpageMAPVH-NKCS3BO-EN.html?color=BO,PVH - Nike Underwear
Nike Men's Cotton Stretch 3-Pack Trunk,31.90 €,39.99 €,Tennis Clothing,2026-09-11 14:51:34,Tennis Warehouse Europe,https://www.tenniswarehouse-europe.com/Nike_Mens_Cotton_Stretch_3-Pack_Trunk/descpageMAPVH-NKCS3BO-EN.html?color=GY,PVH - Nike Underwear
Nike Men's Cotton Stretch 3-Pack Brief,28.91 €,35.99 €,Tennis Clothing,2026-09-11 14:51:34,Tennis Warehouse Europe,https://www.tenniswarehouse-europe.com/Nike_Mens_Cotton_Stretch_3-Pack_Brief/descpageMAPVH-NKCS3OR-EN.html?color=BO,PVH - Nike Underwear
Nike Men's Essential Micro 3-Pack Boxer Brief - Black,31.90 €,39.99 €,Tennis Clothing,2026-09-11 14:51:34,Tennis Warehouse Europe,https://www.tenniswarehouse-europe.com/Nike_Mens_Essential_Micro_3-Pack_Boxer_Brief_-_Black/descpageMAPVH-NKE3BL-EN.html?color=BK,PVH - Nike Underwear
Nike Men's Essential Micro 3-Pack Boxer Brief,31.90 €,39.99 €,Tennis Clothing,2026-09-11 14:51:34,Tennis Warehouse Europe,https://www.tenniswarehouse-europe.com/Nike_Mens_Essential_Micro_3-Pack_Boxer_Brief/descpageMAPVH-NKE3MC-EN.html?color=BK,PVH - Nike Underwear
Nike Men's Essential Micro 3-Pack Trunk,31.90 €,39.99 €,Tennis Clothing,2026-09-11 14:51:34,Tennis Warehouse Europe,https://www.tenniswarehouse-europe.com/Nike_Mens_Essential_Micro_3-Pack_Trunk_/descpageMAPVH-NMICTMC-EN.html?color=BBY,PVH - Nike Underwear
Nike Men's Essential Micro 3-Pack Trunk,31.90 €,39.99 €,Tennis Clothing,2026-09-11 14:51:34,Tennis Warehouse Europe,https://www.tenniswarehouse-europe.com/Nike_Mens_Essential_Micro_3-Pack_Trunk_/descpageMAPVH-NMICTMC-EN.html?color=NV,PVH - Nike Underwear
Nike Men's Essential Micro 3-Pack Brief - Grey,28.91 €,35.99 €,Tennis Clothing,2026-09-11 14:51:34,Tennis Warehouse Europe,https://www.tenniswarehouse-europe.com/Nike_Mens_Essential_Micro_3-Pack_Brief_-_Grey/descpageMAPVH-NKE3GR-EN.html?color=GY,PVH - Nike Underwear
Nike Men's Cotton Stretch 3-Pack Boxer Brief - Bk/Bl/PP,31.90 €,39.99 €,Tennis Clothing,2026-09-11 14:51:34,Tennis Warehouse Europe,https://www.tenniswarehouse-europe.com/Nike_Mens_Cotton_Stretch_3-Pack_Boxer_Brief_-_Bk_Bl_PP/descpageMAPVH-NCSTBBP-EN.html?color=BBP,PVH - Nike Underwear
Nike Men's Cotton Stretch 3-Pack Trunk,31.90 €,39.99 €,Tennis Clothing,2026-09-11 14:51:34,Tennis Warehouse Europe,https://www.tenniswarehouse-europe.com/Nike_Mens_Cotton_Stretch_3-Pack_Trunk/descpageMAPVH-NKCS3BN-EN.html?color=BBY,PVH - Nike Underwear
Nike Men's Cotton Stretch 3-Pack Trunk,31.90 €,39.99 €,Tennis Clothing,2026-09-11 14:51:34,Tennis Warehouse Europe,https://www.tenniswarehouse-europe.com/Nike_Mens_Cotton_Stretch_3-Pack_Trunk/descpageMAPVH-NKCS3BN-EN.html?color=BN,PVH - Nike Underwear
Nike Men's Cotton Stretch 3-Pack Boxer Brief - Rd/Gr,28.91 €,35.99 €,Tennis Clothing,2026-09-11 14:51:34,Tennis Warehouse Europe,https://www.tenniswarehouse-europe.com/Nike_Mens_Cotton_Stretch_3-Pack_Boxer_Brief_-_Rd_Gr/descpageMAPVH-NCSTRG-EN.html?color=RG,PVH - Nike Underwear
Nike Men's Long Boxer Brief 3-Pack - Black,35.90 €,39.99 €,Tennis Clothing,2026-09-11 14:51:34,Tennis Warehouse Europe,https://www.tenniswarehouse-europe.com/Nike_Mens_Long_Boxer_Brief_3-Pack_-_Black/descpageMAPVH-NLBB3PB-EN.html?color=BK,PVH - Nike Underwear
Nike Men's Trunk 3-Pack,35.90 €,39.99 €,Tennis Clothing,2026-09-11 14:51:34,Tennis Warehouse Europe,https://www.tenniswarehouse-europe.com/Nike_Mens_Trunk_3-Pack/descpageMAPVH-NMT3PMC-EN.html?color=BGB,PVH - Nike Underwear
Nike Men's Trunk 3-Pack,35.90 €,39.99 €,Tennis Clothing,2026-09-11 14:51:34,Tennis Warehouse Europe,https://www.tenniswarehouse-europe.com/Nike_Mens_Trunk_3-Pack/descpageMAPVH-NMT3PMC-EN.html?color=WH,PVH - Nike Underwear
Nike Men's Cotton Stretch 3-Pack Trunk - Black/Red,29.90 €,38.00 €,Tennis Clothing,2026-09-11 14:51:34,Tennis Warehouse Europe,https://www.tenniswarehouse-europe.com/Nike_Mens_Cotton_Stretch_3-Pack_Trunk_-_Black_Red/descpageMAPVH-NKCS3R-EN.html?color=BLR,PVH - Nike Underwear
Nike Men's Cotton Stretch 3-Pack Boxer Brief - Bk/Rd/Ye,29.90 €,38.00 €,Tennis Clothing,2026-09-11 14:51:34,Tennis Warehouse Europe,https://www.tenniswarehouse-europe.com/Nike_Mens_Cotton_Stretch_3-Pack_Boxer_Brief_-_Bk_Rd_Ye/descpageMAPVH-NCSTBB-EN.html?color=BK,PVH - Nike Underwear
Nike Men's Ultra Comfort 3-Pack Boxer Brief - Grey/Pink,33.90 €,42.00 €,Tennis Clothing,2026-09-11 14:51:34,Tennis Warehouse Europe,https://www.tenniswarehouse-europe.com/Nike_Mens_Ultra_Comfort_3-Pack_Boxer_Brief_-_Grey_Pink/descpageMAPVH-NKUCBB-EN.html?color=GY,PVH - Nike Underwear
Nike Men's Cotton Stretch 3-Pack Trunk - Bk/Bl/Gn,29.90 €,38.00 €,Tennis Clothing,2026-09-11 14:51:34,Tennis Warehouse Europe,https://www.tenniswarehouse-europe.com/Nike_Mens_Cotton_Stretch_3-Pack_Trunk_-_Bk_Bl_Gn/descpageMAPVH-NKCS3B-EN.html?color=BK,PVH - Nike Underwear
Nike Men's Cotton Stretch 3-Pack Trunk - Bk/Bl/Ye,29.90 €,38.00 €,Tennis Clothing,2026-09-11 14:51:34,Tennis Warehouse Europe,https://www.tenniswarehouse-europe.com/Nike_Mens_Cotton_Stretch_3-Pack_Trunk_-_Bk_Bl_Ye/descpageMAPVH-NKCS3Y-EN.html?color=BK,PVH - Nike Underwear
Nike Men's Cotton Stretch 3-Pack Trunk - Print,31.90 €,40.00 €,Tennis Clothing,2026-09-11 14:51:34,Tennis Warehouse Europe,https://www.tenniswarehouse-europe.com/Nike_Mens_Cotton_Stretch_3-Pack_Trunk_-_Print/descpageMAPVH-NPCS3B-EN.html?color=PR,PVH - Nike Underwear
Nike Men's Cotton Stretch 3-Pack Boxer Brief - Bk/Gn/Bl,29.90 €,38.00 €,Tennis Clothing,2026-09-11 14:51:34,Tennis Warehouse Europe,https://www.tenniswarehouse-europe.com/Nike_Mens_Cotton_Stretch_3-Pack_Boxer_Brief_-_Bk_Gn_Bl/descpageMAPVH-NCSTBR-EN.html?color=BGR,PVH - Nike Underwear
Nike Men's Essential Micro 3-Pack Trunk - Bk/Ye/Bl,29.90 €,38.00 €,Tennis Clothing,2026-09-11 14:51:34,Tennis Warehouse Europe,https://www.tenniswarehouse-europe.com/Nike_Mens_Essential_Micro_3-Pack_Trunk_-_Bk_Ye_Bl/descpageMAPVH-NMICTY-EN.html?color=BK,PVH - Nike Underwear
Nike Men's Essential Micro 3-Pack Trunk - Print,31.90 €,40.00 €,Tennis Clothing,2026-09-11 14:51:34,Tennis Warehouse Europe,https://www.tenniswarehouse-europe.com/Nike_Mens_Essential_Micro_3-Pack_Trunk_-_Print/descpageMAPVH-NMICTP-EN.html?color=PR,PVH - Nike Underwear
Nike Men's Ultra Comfort 3-Pack Boxer Brief - Bk/Gn/Bl,33.90 €,42.00 €,Tennis Clothing,2026-09-11 14:51:34,Tennis Warehouse Europe,https://www.tenniswarehouse-europe.com/Nike_Mens_Ultra_Comfort_3-Pack_Boxer_Brief_-_Bk_Gn_Bl/descpageMAPVH-NKUCB-EN.html?color=BK,PVH - Nike Underwear
Nike Men's Cotton Stretch 3-Pack Trunk - Ny/Bk/Wh,29.90 €,38.00 €,Tennis Clothing,2026-09-11 14:51:34,Tennis Warehouse Europe,https://www.tenniswarehouse-europe.com/Nike_Mens_Cotton_Stretch_3-Pack_Trunk_-_Ny_Bk_Wh/descpageMAPVH-NMCS3N-EN.html?color=NWH,PVH - Nike Underwear
Nike Men's Long Boxer Brief 3-Pack - Black,33.90 €,38.00 €,Tennis Clothing,2026-09-11 14:51:34,Tennis Warehouse Europe,https://www.tenniswarehouse-europe.com/Nike_Mens_Long_Boxer_Brief_3-Pack_-_Black/descpageMAPVH-NMLB3PB-EN.html?color=BK,PVH - Nike Underwear
Nike Men's Brief 3-Pack - Black,30.90 €,34.00 €,Tennis Clothing,2026-09-11 14:51:34,Tennis Warehouse Europe,https://www.tenniswarehouse-europe.com/Nike_Mens_Brief_3-Pack_-_Black/descpageMAPVH-NMBR3PB-EN.html?color=BK,PVH - Nike Underwear
Nike Men's Microfiber Trunk 3-Pack Print/Grey/Black,35.90 €,39.99 €,Tennis Clothing,2026-09-11 14:51:34,Tennis Warehouse Europe,https://www.tenniswarehouse-europe.com/Nike_Mens_Microfiber_Trunk_3-Pack_Print_Grey_Black/descpageMAPVH-NMMT3PP-EN.html?color=PR,PVH - Nike Underwear
Nike Men's Microfiber Long Boxer Brief 3-Pack Black,35.90 €,39.99 €,Tennis Clothing,2026-09-11 14:51:34,Tennis Warehouse Europe,https://www.tenniswarehouse-europe.com/Nike_Mens_Microfiber_Long_Boxer_Brief_3-Pack_Black/descpageMAPVH-NMMLBB3-EN.html?color=BK,PVH - Nike Underwear
Nike Men's London Slam Advantage Top,64.90 €,90.00 €,Tennis Clothing,2026-09-11 14:51:34,Tennis Warehouse Europe,https://www.tenniswarehouse-europe.com/Nike_Mens_London_Slam_Advantage_Top/descpageMANIKEA-NLOSAT-EN.html?color=GR,Nike -
Nike Men's London Slam Advantage Top,64.90 €,90.00 €,Tennis Clothing,2026-09-11 14:51:34,Tennis Warehouse Europe,https://www.tenniswarehouse-europe.com/Nike_Mens_London_Slam_Advantage_Top/descpageMANIKEA-NLOSAT-EN.html?color=WH,Nike -
Nike Men's London Slam Advantage Polo,83.90 €,105.00 €,Tennis Clothing,2026-09-11 14:51:34,Tennis Warehouse Europe,https://www.tenniswarehouse-europe.com/Nike_Mens_London_Slam_Advantage_Polo/descpageMANIKEA-NLOSAP-EN.html?color=GR,Nike -
Nike Men's London Slam Short,71.90 €,90.00 €,Tennis Clothing,2026-09-11 14:51:34,Tennis Warehouse Europe,https://www.tenniswarehouse-europe.com/Nike_Mens_London_Slam_Short/descpageMANIKEA-NLOSLS-EN.html?color=GR,Nike -
Nike Men's London Slam Short,71.90 €,90.00 €,Tennis Clothing,2026-09-11 14:51:34,Tennis Warehouse Europe,https://www.tenniswarehouse-europe.com/Nike_Mens_London_Slam_Short/descpageMANIKEA-NLOSLS-EN.html?color=WH,Nike -
Nike Men's London Slam Sweater Vest,95.90 €,120.00 €,Tennis Clothing,2026-09-11 14:51:34,Tennis Warehouse Europe,https://www.tenniswarehouse-europe.com/Nike_Mens_London_Slam_Sweater_Vest/descpageMANIKEA-NLOSSV-EN.html?color=WH,Nike -
Nike Men's Spring Victory Top,29.89 €,40.00 €,Tennis Clothing,2026-09-11 14:51:34,Tennis Warehouse Europe,https://www.tenniswarehouse-europe.com/Nike_Mens_Spring_Victory_Top/descpageMANIKEA-NMBV26C-EN.html?color=BL,Nike -
Nike Men's Spring Victory Top,29.89 €,40.00 €,Tennis Clothing,2026-09-11 14:51:34,Tennis Warehouse Europe,https://www.tenniswarehouse-europe.com/Nike_Mens_Spring_Victory_Top/descpageMANIKEA-NMBV26C-EN.html?color=GR,Nike -
Nike Men's Paris Slam Alcaraz Top,71.90 €,90.00 €,Tennis Clothing,2026-09-11 14:51:34,Tennis Warehouse Europe,https://www.tenniswarehouse-europe.com/Nike_Mens_Paris_Slam_Alcaraz_Top/descpageMANIKEA-NMRGAT-EN.html?color=PU,Nike -
Nike Men's Paris Slam Sinner Polo,83.90 €,105.00 €,Tennis Clothing,2026-09-11 14:51:34,Tennis Warehouse Europe,https://www.tenniswarehouse-europe.com/Nike_Mens_Paris_Slam_Sinner_Polo/descpageMANIKEA-NMRGSP-EN.html?color=LB,Nike -
Nike Men's Paris Slam Polo,83.90 €,105.00 €,Tennis Clothing,2026-09-11 14:51:34,Tennis Warehouse Europe,https://www.tenniswarehouse-europe.com/Nike_Mens_Paris_Slam_Polo/descpageMANIKEA-NMRGTP-EN.html?color=DGY,Nike -
Nike Men's Paris Slam Polo,83.90 €,105.00 €,Tennis Clothing,2026-09-11 14:51:34,Tennis Warehouse Europe,https://www.tenniswarehouse-europe.com/Nike_Mens_Paris_Slam_Polo/descpageMANIKEA-NMRGTP-EN.html?color=GRL,Nike -
Nike Men's Melbourne Slam Alcaraz Night Sesssion Short,71.90 €,90.00 €,Tennis Clothing,2026-09-11 14:51:34,Tennis Warehouse Europe,https://www.tenniswarehouse-europe.com/Nike_Mens_Melbourne_Slam_Alcaraz_Night_Sesssion_Short/descpageMANIKEA-NMANS-EN.html?color=BK,Nike -
Nike Men's Melbourne Slam Advantage Top,62.90 €,90.00 €,Tennis Clothing,2026-09-11 14:51:34,Tennis Warehouse Europe,https://www.tenniswarehouse-europe.com/Nike_Mens_Melbourne_Slam_Advantage_Top/descpageMANIKEA-NMAOST-EN.html?color=BR,Nike -
Nike Men's Melbourne Slam Advantage Polo,73.90 €,105.00 €,Tennis Clothing,2026-09-11 14:51:34,Tennis Warehouse Europe,https://www.tenniswarehouse-europe.com/Nike_Mens_Melbourne_Slam_Advantage_Polo/descpageMANIKEA-NMASLP-EN.html?color=OR,Nike -
Nike Men's Melbourne Slam Advantage Sinner Polo,73.90 €,105.00 €,Tennis Clothing,2026-09-11 14:51:34,Tennis Warehouse Europe,https://www.tenniswarehouse-europe.com/Nike_Mens_Melbourne_Slam_Advantage_Sinner_Polo/descpageMANIKEA-NMAOSP-EN.html?color=GR,Nike -
Nike Men's Melbourne Slam Advantage Sinner Polo,73.90 €,105.00 €,Tennis Clothing,2026-09-11 14:51:34,Tennis Warehouse Europe,https://www.tenniswarehouse-europe.com/Nike_Mens_Melbourne_Slam_Advantage_Sinner_Polo/descpageMANIKEA-NMAOSP-EN.html?color=YE,Nike -
Nike Men's Melbourne Slam Sinner Short,62.90 €,90.00 €,Tennis Clothing,2026-09-11 14:51:34,Tennis Warehouse Europe,https://www.tenniswarehouse-europe.com/Nike_Mens_Melbourne_Slam_Sinner_Short/descpageMANIKEA-NMASIS-EN.html?color=GR,Nike -
Nike Men's Melbourne Slam Short,62.90 €,90.00 €,Tennis Clothing,2026-09-11 14:51:34,Tennis Warehouse Europe,https://www.tenniswarehouse-europe.com/Nike_Mens_Melbourne_Slam_Short/descpageMANIKEA-NMASLS-EN.html?color=NV,Nike -
Nike Men's Basic Victory Top,29.90 € - 35.90 €,40.00€,Tennis Clothing,2026-09-11 14:51:34,Tennis Warehouse Europe,https://www.tenniswarehouse-europe.com/Nike_Mens_Basic_Victory_Top/descpageMANIKEA-NMBVC-EN.html?color=BK,Nike -
Nike Men's Basic Victory Top,29.90 € - 35.90 €,40.00€,Tennis Clothing,2026-09-11 14:51:34,Tennis Warehouse Europe,https://www.tenniswarehouse-europe.com/Nike_Mens_Basic_Victory_Top/descpageMANIKEA-NMBVC-EN.html?color=NV,Nike -
Nike Men's Basic Victory Top,29.90 € - 35.90 €,40.00€,Tennis Clothing,2026-09-11 14:51:34,Tennis Warehouse Europe,https://www.tenniswarehouse-europe.com/Nike_Mens_Basic_Victory_Top/descpageMANIKEA-NMBVC-EN.html?color=RD,Nike -
Nike Men's Basic Victory Top,29.90 € - 35.90 €,40.00€,Tennis Clothing,2026-09-11 14:51:34,Tennis Warehouse Europe,https://www.tenniswarehouse-europe.com/Nike_Mens_Basic_Victory_Top/descpageMANIKEA-NMBVC-EN.html?color=WH,Nike -
Nike Men's Basic Advantage Top,44.90 € - 53.90 €,60.00€,Tennis Clothing,2026-09-11 14:51:34,Tennis Warehouse Europe,https://www.tenniswarehouse-europe.com/Nike_Mens_Basic_Advantage_Top/descpageMANIKEA-NMBAC-EN.html?color=BK,Nike -
Nike Men's Basic Advantage Top,44.90 € - 53.90 €,60.00€,Tennis Clothing,2026-09-11 14:51:34,Tennis Warehouse Europe,https://www.tenniswarehouse-europe.com/Nike_Mens_Basic_Advantage_Top/descpageMANIKEA-NMBAC-EN.html?color=NV,Nike -
Nike Men's Basic Advantage Top,44.90 € - 53.90 €,60.00€,Tennis Clothing,2026-09-11 14:51:34,Tennis Warehouse Europe,https://www.tenniswarehouse-europe.com/Nike_Mens_Basic_Advantage_Top/descpageMANIKEA-NMBAC-EN.html?color=WH,Nike -
Nike Men's Basic Heritage Polo,59.90 €,75.00 €,Tennis Clothing,2026-09-11 14:51:34,Tennis Warehouse Europe,https://www.tenniswarehouse-europe.com/Nike_Mens_Basic_Heritage_Polo/descpageMANIKEA-NMFHTGP-EN.html?color=BK,Nike -
Nike Men's Basic Heritage Polo,59.90 €,75.00 €,Tennis Clothing,2026-09-11 14:51:34,Tennis Warehouse Europe,https://www.tenniswarehouse-europe.com/Nike_Mens_Basic_Heritage_Polo/descpageMANIKEA-NMFHTGP-EN.html?color=WH,Nike -
"Nike Men's Basic Victory 7"" Short",29.90 € - 40.90 €,45.00€,Tennis Clothing,2026-09-11 14:51:34,Tennis Warehouse Europe,https://www.tenniswarehouse-europe.com/Nike_Mens_Basic_Victory_7_Short/descpageMANIKEA-NMCRVCS-EN.html?color=BK,Nike -
"Nike Men's Basic Victory 7"" Short",29.90 € - 40.90 €,45.00€,Tennis Clothing,2026-09-11 14:51:34,Tennis Warehouse Europe,https://www.tenniswarehouse-europe.com/Nike_Mens_Basic_Victory_7_Short/descpageMANIKEA-NMCRVCS-EN.html?color=NV,Nike -
"Nike Men's Basic Victory 7"" Short",29.90 € - 40.90 €,45.00€,Tennis Clothing,2026-09-11 14:51:34,Tennis Warehouse Europe,https://www.tenniswarehouse-europe.com/Nike_Mens_Basic_Victory_7_Short/descpageMANIKEA-NMCRVCS-EN.html?color=RD,Nike -
"Nike Men's Basic Victory 7"" Short",29.90 € - 40.90 €,45.00€,Tennis Clothing,2026-09-11 14:51:34,Tennis Warehouse Europe,https://www.tenniswarehouse-europe.com/Nike_Mens_Basic_Victory_7_Short/descpageMANIKEA-NMCRVCS-EN.html?color=WH,Nike -
"Nike Men's Basic Victory 9"" Short",24.89 € - 39.90 €,45.00€,Tennis Clothing,2026-09-11 14:51:34,Tennis Warehouse Europe,https://www.tenniswarehouse-europe.com/Nike_Mens_Basic_Victory_9_Short/descpageMANIKEA-NMCVNSH-EN.html?color=BK,Nike -
"Nike Men's Basic Victory 9"" Short",24.89 € - 39.90 €,45.00€,Tennis Clothing,2026-09-11 14:51:34,Tennis Warehouse Europe,https://www.tenniswarehouse-europe.com/Nike_Mens_Basic_Victory_9_Short/descpageMANIKEA-NMCVNSH-EN.html?color=NV,Nike -
"Nike Men's Basic Victory 9"" Short",24.89 € - 39.90 €,45.00€,Tennis Clothing,2026-09-11 14:51:34,Tennis Warehouse Europe,https://www.tenniswarehouse-europe.com/Nike_Mens_Basic_Victory_9_Short/descpageMANIKEA-NMCVNSH-EN.html?color=WH,Nike -
"Nike Men's Basic Advantage 8"" Short",49.90 € - 53.90 €,60.00€,Tennis Clothing,2026-09-11 14:51:34,Tennis Warehouse Europe,https://www.tenniswarehouse-europe.com/Nike_Mens_Basic_Advantage_8_Short/descpageMANIKEA-NMBA8S-EN.html?color=BK,Nike -
"Nike Men's Basic Advantage 8"" Short",49.90 € - 53.90 €,60.00€,Tennis Clothing,2026-09-11 14:51:34,Tennis Warehouse Europe,https://www.tenniswarehouse-europe.com/Nike_Mens_Basic_Advantage_8_Short/descpageMANIKEA-NMBA8S-EN.html?color=WH,Nike -
Nike Men's Summer Victory Top,31.90 €,40.00 €,Tennis Clothing,2026-09-11 14:51:34,Tennis Warehouse Europe,https://www.tenniswarehouse-europe.com/Nike_Mens_Summer_Victory_Top/descpageMANIKEA-NMVY26C-EN.html?color=PK,Nike -
Nike Men's Summer Victory Top,31.90 €,40.00 €,Tennis Clothing,2026-09-11 14:51:34,Tennis Warehouse Europe,https://www.tenniswarehouse-europe.com/Nike_Mens_Summer_Victory_Top/descpageMANIKEA-NMVY26C-EN.html?color=PU,Nike -
Nike Men's Summer Victory Print Top,33.90 €,45.00 €,Tennis Clothing,2026-09-11 14:51:34,Tennis Warehouse Europe,https://www.tenniswarehouse-europe.com/Nike_Mens_Summer_Victory_Print_Top/descpageMANIKEA-NMPV26C-EN.html?color=PU,Nike -
Nike Men's Spring Advantage Top,47.90 €,60.00 €,Tennis Clothing,2026-09-11 14:51:34,Tennis Warehouse Europe,https://www.tenniswarehouse-europe.com/Nike_Mens_Spring_Advantage_Top/descpageMANIKEA-NMSUATO-EN.html?color=PU,Nike -
Nike Men's Spring Advantage Top,47.90 €,60.00 €,Tennis Clothing,2026-09-11 14:51:34,Tennis Warehouse Europe,https://www.tenniswarehouse-europe.com/Nike_Mens_Spring_Advantage_Top/descpageMANIKEA-NMSUATO-EN.html?color=RD,Nike -
"Nike Men's Summer Advantage 6"" Short",44.90 €,60.00 €,Tennis Clothing,2026-09-11 14:51:34,Tennis Warehouse Europe,https://www.tenniswarehouse-europe.com/Nike_Mens_Summer_Advantage_6_Short/descpageMANIKEA-N26SAS-EN.html?color=GR,Nike -
"Nike Men's Summer Advantage 6"" Short",44.90 €,60.00 €,Tennis Clothing,2026-09-11 14:51:34,Tennis Warehouse Europe,https://www.tenniswarehouse-europe.com/Nike_Mens_Summer_Advantage_6_Short/descpageMANIKEA-N26SAS-EN.html?color=RD,Nike -
"Nike Men's Summer Victory Print 7"" Short",40.90 €,55.00 €,Tennis Clothing,2026-09-11 14:51:34,Tennis Warehouse Europe,https://www.tenniswarehouse-europe.com/Nike_Mens_Summer_Victory_Print_7_Short/descpageMANIKEA-NMSV26S-EN.html?color=BR,Nike -
"Nike Men's Summer Victory Print 7"" Short",40.90 €,55.00 €,Tennis Clothing,2026-09-11 14:51:34,Tennis Warehouse Europe,https://www.tenniswarehouse-europe.com/Nike_Mens_Summer_Victory_Print_7_Short/descpageMANIKEA-NMSV26S-EN.html?color=PU,Nike -
"Nike Men's Summer Victory 7"" Short",33.90 €,45.00 €,Tennis Clothing,2026-09-11 14:51:34,Tennis Warehouse Europe,https://www.tenniswarehouse-europe.com/Nike_Mens_Summer_Victory_7_Short/descpageMANIKEA-NMS26S-EN.html?color=PK,Nike -
"Nike Men's Summer Victory 7"" Short",33.90 €,45.00 €,Tennis Clothing,2026-09-11 14:51:34,Tennis Warehouse Europe,https://www.tenniswarehouse-europe.com/Nike_Mens_Summer_Victory_7_Short/descpageMANIKEA-NMS26S-EN.html?color=PU,Nike -
Nike Men's Winter Heritage Fleece Hoodie,59.90 €,85.00 €,Tennis Clothing,2026-09-11 14:51:34,Tennis Warehouse Europe,https://www.tenniswarehouse-europe.com/Nike_Mens_Winter_Heritage_Fleece_Hoodie/descpageMANIKEA-NFHEFHW-EN.html?color=BK,Nike -
Nike Men's Winter Heritage Fleece Hoodie,59.90 €,85.00 €,Tennis Clothing,2026-09-11 14:51:34,Tennis Warehouse Europe,https://www.tenniswarehouse-europe.com/Nike_Mens_Winter_Heritage_Fleece_Hoodie/descpageMANIKEA-NFHEFHW-EN.html?color=GR,Nike -
Nike Men's Winter Heritage Fleece Hoodie,59.90 €,85.00 €,Tennis Clothing,2026-09-11 14:51:34,Tennis Warehouse Europe,https://www.tenniswarehouse-europe.com/Nike_Mens_Winter_Heritage_Fleece_Hoodie/descpageMANIKEA-NFHEFHW-EN.html?color=WH,Nike -
Nike Men's Basic Icon Futura T-Shirt,19.90 €,25.00 €,Tennis Clothing,2026-09-11 14:51:34,Tennis Warehouse Europe,https://www.tenniswarehouse-europe.com/Nike_Mens_Basic_Icon_Futura_T-Shirt/descpageMANIKEA-NMCIFTS-EN.html?color=BK,Nike -
Nike Men's Summer Sportswear T-Shirt,19.90 €,25.00 €,Tennis Clothing,2026-09-11 14:51:34,Tennis Warehouse Europe,https://www.tenniswarehouse-europe.com/Nike_Mens_Summer_Sportswear_T-Shirt/descpageMANIKEA-NSUSWT-EN.html?color=PK,Nike -
Nike Men's Summer Sportswear T-Shirt,19.90 €,25.00 €,Tennis Clothing,2026-09-11 14:51:34,Tennis Warehouse Europe,https://www.tenniswarehouse-europe.com/Nike_Mens_Summer_Sportswear_T-Shirt/descpageMANIKEA-NSUSWT-EN.html?color=RY,Nike -
Nike Men's Summer Heritage T-Shirt,25.90 €,35.00 €,Tennis Clothing,2026-09-11 14:51:34,Tennis Warehouse Europe,https://www.tenniswarehouse-europe.com/Nike_Mens_Summer_Heritage_T-Shirt/descpageMANIKEA-NMSU26T-EN.html?color=BE,Nike -
Nike Men's Summer Heritage T-Shirt,25.90 €,35.00 €,Tennis Clothing,2026-09-11 14:51:34,Tennis Warehouse Europe,https://www.tenniswarehouse-europe.com/Nike_Mens_Summer_Heritage_T-Shirt/descpageMANIKEA-NMSU26T-EN.html?color=GR,Nike -
Nike Men's Spring Heritage T-Shirt,27.89 €,35.00 €,Tennis Clothing,2026-09-11 14:51:34,Tennis Warehouse Europe,https://www.tenniswarehouse-europe.com/Nike_Mens_Spring_Heritage_T-Shirt/descpageMANIKEA-NMSP26T-EN.html?color=BK,Nike -
"Nike Men's Summer Advantage Print 6"" Short",48.90 €,65.00 €,Tennis Clothing,2026-09-11 14:51:34,Tennis Warehouse Europe,https://www.tenniswarehouse-europe.com/Nike_Mens_Summer_Advantage_Print_6_Short/descpageMANIKEA-N26DI6S-EN.html?color=GR,Nike -
"Nike Men's Summer Advantage Print 6"" Short",48.90 €,65.00 €,Tennis Clothing,2026-09-11 14:51:34,Tennis Warehouse Europe,https://www.tenniswarehouse-europe.com/Nike_Mens_Summer_Advantage_Print_6_Short/descpageMANIKEA-N26DI6S-EN.html?color=PU,Nike -
Nike Men's Spring Club Hoodie,51.90 €,65.00 €,Tennis Clothing,2026-09-11 14:51:34,Tennis Warehouse Europe,https://www.tenniswarehouse-europe.com/Nike_Mens_Spring_Club_Hoodie/descpageMANIKEA-NSPCH-EN.html?color=BL,Nike -
"Nike Men's Summer Dri-Fit Miler Lined 7"" Short",31.90 €,40.00 €,Tennis Clothing,2026-09-11 14:51:34,Tennis Warehouse Europe,https://www.tenniswarehouse-europe.com/Nike_Mens_Summer_Dri-Fit_Miler_Lined_7_Short/descpageMANIKEA-NSLM7S-EN.html?color=LB,Nike -
"Nike Men's Summer Dri-Fit Miler Lined 7"" Short",31.90 €,40.00 €,Tennis Clothing,2026-09-11 14:51:34,Tennis Warehouse Europe,https://www.tenniswarehouse-europe.com/Nike_Mens_Summer_Dri-Fit_Miler_Lined_7_Short/descpageMANIKEA-NSLM7S-EN.html?color=YE,Nike -
"Nike Men's Basic Miler 7"" 2-in-1 Short",37.90 €,48.00 €,Tennis Clothing,2026-09-11 14:51:34,Tennis Warehouse Europe,https://www.tenniswarehouse-europe.com/Nike_Mens_Basic_Miler_7_2-in-1_Short/descpageMANIKEA-NBMI72S-EN.html?color=BK,Nike -
"Nike Men's Basic Miler 7"" 2-in-1 Short",37.90 €,48.00 €,Tennis Clothing,2026-09-11 14:51:34,Tennis Warehouse Europe,https://www.tenniswarehouse-europe.com/Nike_Mens_Basic_Miler_7_2-in-1_Short/descpageMANIKEA-NBMI72S-EN.html?color=NV,Nike -
Nike Men's Basic Dri-Fit Legend Longsleeve Top,27.89 €,35.00 €,Tennis Clothing,2026-09-11 14:51:34,Tennis Warehouse Europe,https://www.tenniswarehouse-europe.com/Nike_Mens_Basic_Dri-Fit_Legend_Longsleeve_Top/descpageMANIKEA-NMBLLS-EN.html?color=BK,Nike -
Nike Men's Basic Dri-Fit Legend Sleeveless Top,23.90 €,30.00 €,Tennis Clothing,2026-09-11 14:51:34,Tennis Warehouse Europe,https://www.tenniswarehouse-europe.com/Nike_Mens_Basic_Dri-Fit_Legend_Sleeveless_Top/descpageMANIKEA-NMBLSL-EN.html?color=BK,Nike -
Nike Men's Summer Dri-Fit Legend Top,23.90 €,30.00 €,Tennis Clothing,2026-09-11 14:51:34,Tennis Warehouse Europe,https://www.tenniswarehouse-europe.com/Nike_Mens_Summer_Dri-Fit_Legend_Top/descpageMANIKEA-NMSLT-EN.html?color=GR,Nike -
Nike Men's Summer Heritage Suit Pant,48.90 €,65.00 €,Tennis Clothing,2026-09-11 14:51:34,Tennis Warehouse Europe,https://www.tenniswarehouse-europe.com/Nike_Mens_Summer_Heritage_Suit_Pant/descpageMANIKEA-NMSU26P-EN.html?color=BL,Nike -
Nike Men's Summer Heritage Suit Jacket,59.90 €,80.00 €,Tennis Clothing,2026-09-11 14:51:34,Tennis Warehouse Europe,https://www.tenniswarehouse-europe.com/Nike_Mens_Summer_Heritage_Suit_Jacket/descpageMANIKEA-NMS26JK-EN.html?color=BL,Nike -
Nike Men's Melbourne Slam Alcaraz Day Session Short,71.90 €,90.00 €,Tennis Clothing,2026-09-11 14:51:34,Tennis Warehouse Europe,https://www.tenniswarehouse-europe.com/Nike_Mens_Melbourne_Slam_Alcaraz_Day_Session_Short/descpageMANIKEA-NMADS-EN.html?color=GR,Nike -
Nike Men's Basic Club Hoodie,51.90 €,65.00 €,Tennis Clothing,2026-09-11 14:51:34,Tennis Warehouse Europe,https://www.tenniswarehouse-europe.com/Nike_Mens_Basic_Club_Hoodie/descpageMANIKEA-NMCLH-EN.html?color=BK,Nike -
Nike Men's Spring Tracksuit,67.90 €,90.00 €,Tennis Clothing,2026-09-11 14:51:34,Tennis Warehouse Europe,https://www.tenniswarehouse-europe.com/Nike_Mens_Spring_Tracksuit/descpageMANIKEA-NMSTR-EN.html?color=RD,Nike -
Nike Men's Basic Tracksuit,67.90 €,90.00 €,Tennis Clothing,2026-09-11 14:51:34,Tennis Warehouse Europe,https://www.tenniswarehouse-europe.com/Nike_Mens_Basic_Tracksuit/descpageMANIKEA-NMBAT-EN.html?color=BK,Nike -
Nike Men's Winter Dri-Fit Miler HZ Longsleeve Top,29.90 €,40.00 €,Tennis Clothing,2026-09-11 14:51:34,Tennis Warehouse Europe,https://www.tenniswarehouse-europe.com/Nike_Mens_Winter_Dri-Fit_Miler_HZ_Longsleeve_Top/descpageMANIKEA-NDRFMT-EN.html?color=GY,Nike -
Nike Men's Basic Dri-Fit Miler HZ Longsleeve Top,31.90 €,40.00 €,Tennis Clothing,2026-09-11 14:51:34,Tennis Warehouse Europe,https://www.tenniswarehouse-europe.com/Nike_Mens_Basic_Dri-Fit_Miler_HZ_Longsleeve_Top/descpageMANIKEA-NDRMIT-EN.html?color=NV,Nike -
Nike Men's Basic Solid Swoosh Top,19.90 €,28.00 €,Tennis Clothing,2026-09-11 14:51:34,Tennis Warehouse Europe,https://www.tenniswarehouse-europe.com/Nike_Mens_Basic_Solid_Swoosh_Top/descpageMANIKEA-NMCSSC-EN.html?color=BK,Nike -
Nike Men's Basic Solid Swoosh Top,19.90 €,28.00 €,Tennis Clothing,2026-09-11 14:51:34,Tennis Warehouse Europe,https://www.tenniswarehouse-europe.com/Nike_Mens_Basic_Solid_Swoosh_Top/descpageMANIKEA-NMCSSC-EN.html?color=GY,Nike -
Nike Men's Spring Heritage Alcaraz Suit Pant,51.90 €,65.00 €,Tennis Clothing,2026-09-11 14:51:34,Tennis Warehouse Europe,https://www.tenniswarehouse-europe.com/Nike_Mens_Spring_Heritage_Alcaraz_Suit_Pant/descpageMANIKEA-NMS26AP-EN.html?color=GR,Nike -
Nike Men's Basic Club FZ Jacket,53.90 €,70.00 €,Tennis Clothing,2026-09-11 14:51:34,Tennis Warehouse Europe,https://www.tenniswarehouse-europe.com/Nike_Mens_Basic_Club_FZ_Jacket/descpageMANIKEA-NMCFJ-EN.html?color=BK,Nike -
Nike Men's Basic Club FZ Jacket,53.90 €,70.00 €,Tennis Clothing,2026-09-11 14:51:34,Tennis Warehouse Europe,https://www.tenniswarehouse-europe.com/Nike_Mens_Basic_Club_FZ_Jacket/descpageMANIKEA-NMCFJ-EN.html?color=NV,Nike -
Nike Men's Spring Heritage Suit Pant,51.90 €,65.00 €,Tennis Clothing,2026-09-11 14:51:34,Tennis Warehouse Europe,https://www.tenniswarehouse-europe.com/Nike_Mens_Spring_Heritage_Suit_Pant/descpageMANIKEA-NMS26HP-EN.html?color=BE,Nike -
"Nike Men's Spring Advantage 6"" Short",35.90 €,60.00 €,Tennis Clothing,2026-09-11 14:51:34,Tennis Warehouse Europe,https://www.tenniswarehouse-europe.com/Nike_Mens_Spring_Advantage_6_Short/descpageMANIKEA-N26A6S-EN.html?color=GR,Nike -
"Nike Men's Spring Victory Print 7"" Short",32.90 €,55.00 €,Tennis Clothing,2026-09-11 14:51:34,Tennis Warehouse Europe,https://www.tenniswarehouse-europe.com/Nike_Mens_Spring_Victory_Print_7_Short/descpageMANIKEA-NMC26SH-EN.html?color=GRL,Nike -
"Nike Men's Spring Victory Print 7"" Short",32.90 €,55.00 €,Tennis Clothing,2026-09-11 14:51:34,Tennis Warehouse Europe,https://www.tenniswarehouse-europe.com/Nike_Mens_Spring_Victory_Print_7_Short/descpageMANIKEA-NMC26SH-EN.html?color=BL,Nike -
"Nike Men's Spring Victory 7"" Short",25.00 €,45.00 €,Tennis Clothing,2026-09-11 14:51:34,Tennis Warehouse Europe,https://www.tenniswarehouse-europe.com/Nike_Mens_Spring_Victory_7_Short/descpageMANIKEA-NMC26CS-EN.html?color=OR,Nike -
"Nike Men's Spring Victory 7"" Short",25.00 €,45.00 €,Tennis Clothing,2026-09-11 14:51:34,Tennis Warehouse Europe,https://www.tenniswarehouse-europe.com/Nike_Mens_Spring_Victory_7_Short/descpageMANIKEA-NMC26CS-EN.html?color=YE,Nike -
"Nike Men's New York Slam 7"" Short",53.90 €,75.00 €,Tennis Clothing,2026-09-11 14:51:34,Tennis Warehouse Europe,https://www.tenniswarehouse-europe.com/Nike_Mens_New_York_Slam_7_Short/descpageMANIKEA-NMUO7S-EN.html?color=BR,Nike -
Nike Men's Winter Miler Top,27.89 €,35.00 €,Tennis Clothing,2026-09-11 14:51:34,Tennis Warehouse Europe,https://www.tenniswarehouse-europe.com/Nike_Mens_Winter_Miler_Top/descpageMANIKEA-NWIMIC-EN.html?color=TE,Nike -
Nike Men's Winter Heritage Polo,44.90 €,75.00 €,Tennis Clothing,2026-09-11 14:51:34,Tennis Warehouse Europe,https://www.tenniswarehouse-europe.com/Nike_Mens_Winter_Heritage_Polo/descpageMANIKEA-NMWITGP-EN.html?color=PK,Nike -
"Nike Men's Winter Print Victory 7"" Short",34.90 €,50.00 €,Tennis Clothing,2026-09-11 14:51:34,Tennis Warehouse Europe,https://www.tenniswarehouse-europe.com/Nike_Mens_Winter_Print_Victory_7_Short/descpageMANIKEA-NWCVNSH-EN.html?color=OR,Nike -
Nike Men's Winter Court Heritage Jacket,83.90 €,120.00 €,Tennis Clothing,2026-09-11 14:51:34,Tennis Warehouse Europe,https://www.tenniswarehouse-europe.com/Nike_Mens_Winter_Court_Heritage_Jacket/descpageMANIKEA-NVWHSJ-EN.html?color=GR,Nike -
Nike Men's Winter Court Heritage Jacket,83.90 €,120.00 €,Tennis Clothing,2026-09-11 14:51:34,Tennis Warehouse Europe,https://www.tenniswarehouse-europe.com/Nike_Mens_Winter_Court_Heritage_Jacket/descpageMANIKEA-NVWHSJ-EN.html?color=GY,Nike -
Nike Men's Winter Heritage Fleece Pant,59.90 €,85.00 €,Tennis Clothing,2026-09-11 14:51:34,Tennis Warehouse Europe,https://www.tenniswarehouse-europe.com/Nike_Mens_Winter_Heritage_Fleece_Pant/descpageMANIKEA-NFDHFQ-EN.html?color=BK,Nike -
Nike Men's Fall Tracksuit,44.90 €,90.00 €,Tennis Clothing,2026-09-11 14:51:34,Tennis Warehouse Europe,https://www.tenniswarehouse-europe.com/Nike_Mens_Fall_Tracksuit/descpageMANIKEA-NMFAT-EN.html?color=GR,Nike -
"Nike Men's Fall Victory Print 7"" Short",24.89 €,50.00 €,Tennis Clothing,2026-09-11 14:51:34,Tennis Warehouse Europe,https://www.tenniswarehouse-europe.com/Nike_Mens_Fall_Victory_Print_7_Short/descpageMANIKEA-NMFP7S-EN.html?color=GR,Nike -
Nike Men's Ultra Comfort 3-Pack Boxer Brief,33.90 €,42.00 €,Tennis Clothing,2026-09-11 14:51:34,Tennis Warehouse Europe,https://www.tenniswarehouse-europe.com/Nike_Mens_Ultra_Comfort_3-Pack_Boxer_Brief/descpageMAPVH-NKUCBBB-EN.html?color=BK,PVH - Nike Underwear
Nike Men's Ultra Comfort 3-Pack Trunk,33.90 €,42.00 €,Tennis Clothing,2026-09-11 14:51:34,Tennis Warehouse Europe,https://www.tenniswarehouse-europe.com/Nike_Mens_Ultra_Comfort_3-Pack_Trunk/descpageMAPVH-NKUCBBP-EN.html?color=BBP,PVH - Nike Underwear
Nike Men's Essential Micro 3-Pack Trunk,31.90 €,39.99 €,Tennis Clothing,2026-09-11 14:51:34,Tennis Warehouse Europe,https://www.tenniswarehouse-europe.com/Nike_Mens_Essential_Micro_3-Pack_Trunk/descpageMAPVH-NMICTOR-EN.html?color=BLR,PVH - Nike Underwear
Nike Men's Essential Micro 3-Pack Trunk,31.90 €,39.99 €,Tennis Clothing,2026-09-11 14:51:34,Tennis Warehouse Europe,https://www.tenniswarehouse-europe.com/Nike_Mens_Essential_Micro_3-Pack_Trunk/descpageMAPVH-NMICTOR-EN.html?color=BO,PVH - Nike Underwear
Nike Men's Essential Micro 3-Pack Brief - Black,28.91 €,35.99 €,Tennis Clothing,2026-09-11 14:51:34,Tennis Warehouse Europe,https://www.tenniswarehouse-europe.com/Nike_Mens_Essential_Micro_3-Pack_Brief_-_Black/descpageMAPVH-NKE3BK-EN.html?color=BK,PVH - Nike Underwear
Nike Men's Cotton Stretch 5-Pack Trunk - Multicolor,47.90 €,59.99 €,Tennis Clothing,2026-09-11 14:51:34,Tennis Warehouse Europe,https://www.tenniswarehouse-europe.com/Nike_Mens_Cotton_Stretch_5-Pack_Trunk_-_Multicolor/descpageMAPVH-NKCS5MC-EN.html?color=MU,PVH - Nike Underwear
Nike Men's Cotton Stretch 3-Pack Trunk,31.90 €,39.99 €,Tennis Clothing,2026-09-11 14:51:34,Tennis Warehouse Europe,https://www.tenniswarehouse-europe.com/Nike_Mens_Cotton_Stretch_3-Pack_Trunk/descpageMAPVH-NKCS3BO-EN.html?color=BO,PVH - Nike Underwear
Nike Men's Cotton Stretch 3-Pack Trunk,31.90 €,39.99 €,Tennis Clothing,2026-09-11 14:51:34,Tennis Warehouse Europe,https://www.tenniswarehouse-europe.com/Nike_Mens_Cotton_Stretch_3-Pack_Trunk/descpageMAPVH-NKCS3BO-EN.html?color=GY,PVH - Nike Underwear
Nike Men's Cotton Stretch 3-Pack Brief,28.91 €,35.99 €,Tennis Clothing,2026-09-11 14:51:34,Tennis Warehouse Europe,https://www.tenniswarehouse-europe.com/Nike_Mens_Cotton_Stretch_3-Pack_Brief/descpageMAPVH-NKCS3OR-EN.html?color=BO,PVH - Nike Underwear
Nike Men's Essential Micro 3-Pack Boxer Brief - Black,31.90 €,39.99 €,Tennis Clothing,2026-09-11 14:51:34,Tennis Warehouse Europe,https://www.tenniswarehouse-europe.com/Nike_Mens_Essential_Micro_3-Pack_Boxer_Brief_-_Black/descpageMAPVH-NKE3BL-EN.html?color=BK,PVH - Nike Underwear
Nike Men's Essential Micro 3-Pack Boxer Brief,31.90 €,39.99 €,Tennis Clothing,2026-09-11 14:51:34,Tennis Warehouse Europe,https://www.tenniswarehouse-europe.com/Nike_Mens_Essential_Micro_3-Pack_Boxer_Brief/descpageMAPVH-NKE3MC-EN.html?color=BK,PVH - Nike Underwear
Nike Men's Essential Micro 3-Pack Trunk,31.90 €,39.99 €,Tennis Clothing,2026-09-11 14:51:34,Tennis Warehouse Europe,https://www.tenniswarehouse-europe.com/Nike_Mens_Essential_Micro_3-Pack_Trunk_/descpageMAPVH-NMICTMC-EN.html?color=BBY,PVH - Nike Underwear
Nike Men's Essential Micro 3-Pack Trunk,31.90 €,39.99 €,Tennis Clothing,2026-09-11 14:51:34,Tennis Warehouse Europe,https://www.tenniswarehouse-europe.com/Nike_Mens_Essential_Micro_3-Pack_Trunk_/descpageMAPVH-NMICTMC-EN.html?color=NV,PVH - Nike Underwear
Nike Men's Essential Micro 3-Pack Brief - Grey,28.91 €,35.99 €,Tennis Clothing,2026-09-11 14:51:34,Tennis Warehouse Europe,https://www.tenniswarehouse-europe.com/Nike_Mens_Essential_Micro_3-Pack_Brief_-_Grey/descpageMAPVH-NKE3GR-EN.html?color=GY,PVH - Nike Underwear
Nike Men's Cotton Stretch 3-Pack Boxer Brief - Bk/Bl/PP,31.90 €,39.99 €,Tennis Clothing,2026-09-11 14:51:34,Tennis Warehouse Europe,https://www.tenniswarehouse-europe.com/Nike_Mens_Cotton_Stretch_3-Pack_Boxer_Brief_-_Bk_Bl_PP/descpageMAPVH-NCSTBBP-EN.html?color=BBP,PVH - Nike Underwear
Nike Men's Cotton Stretch 3-Pack Trunk,31.90 €,39.99 €,Tennis Clothing,2026-09-11 14:51:34,Tennis Warehouse Europe,https://www.tenniswarehouse-europe.com/Nike_Mens_Cotton_Stretch_3-Pack_Trunk/descpageMAPVH-NKCS3BN-EN.html?color=BBY,PVH - Nike Underwear
Nike Men's Cotton Stretch 3-Pack Trunk,31.90 €,39.99 €,Tennis Clothing,2026-09-11 14:51:34,Tennis Warehouse Europe,https://www.tenniswarehouse-europe.com/Nike_Mens_Cotton_Stretch_3-Pack_Trunk/descpageMAPVH-NKCS3BN-EN.html?color=BN,PVH - Nike Underwear
Nike Men's Cotton Stretch 3-Pack Boxer Brief - Rd/Gr,28.91 €,35.99 €,Tennis Clothing,2026-09-11 14:51:34,Tennis Warehouse Europe,https://www.tenniswarehouse-europe.com/Nike_Mens_Cotton_Stretch_3-Pack_Boxer_Brief_-_Rd_Gr/descpageMAPVH-NCSTRG-EN.html?color=RG,PVH - Nike Underwear
Nike Men's Cotton Stretch 3-Pack Trunk - Black/Red,29.90 €,38.00 €,Tennis Clothing,2026-09-11 14:51:34,Tennis Warehouse Europe,https://www.tenniswarehouse-europe.com/Nike_Mens_Cotton_Stretch_3-Pack_Trunk_-_Black_Red/descpageMAPVH-NKCS3R-EN.html?color=BLR,PVH - Nike Underwear
Nike Men's Cotton Stretch 3-Pack Boxer Brief - Bk/Rd/Ye,29.90 €,38.00 €,Tennis Clothing,2026-09-11 14:51:34,Tennis Warehouse Europe,https://www.tenniswarehouse-europe.com/Nike_Mens_Cotton_Stretch_3-Pack_Boxer_Brief_-_Bk_Rd_Ye/descpageMAPVH-NCSTBB-EN.html?color=BK,PVH - Nike Underwear
Nike Men's Ultra Comfort 3-Pack Boxer Brief - Grey/Pink,33.90 €,42.00 €,Tennis Clothing,2026-09-11 14:51:34,Tennis Warehouse Europe,https://www.tenniswarehouse-europe.com/Nike_Mens_Ultra_Comfort_3-Pack_Boxer_Brief_-_Grey_Pink/descpageMAPVH-NKUCBB-EN.html?color=GY,PVH - Nike Underwear
Nike Men's Cotton Stretch 3-Pack Trunk - Bk/Bl/Gn,29.90 €,38.00 €,Tennis Clothing,2026-09-11 14:51:34,Tennis Warehouse Europe,https://www.tenniswarehouse-europe.com/Nike_Mens_Cotton_Stretch_3-Pack_Trunk_-_Bk_Bl_Gn/descpageMAPVH-NKCS3B-EN.html?color=BK,PVH - Nike Underwear
Nike Men's Cotton Stretch 3-Pack Trunk - Bk/Bl/Ye,29.90 €,38.00 €,Tennis Clothing,2026-09-11 14:51:34,Tennis Warehouse Europe,https://www.tenniswarehouse-europe.com/Nike_Mens_Cotton_Stretch_3-Pack_Trunk_-_Bk_Bl_Ye/descpageMAPVH-NKCS3Y-EN.html?color=BK,PVH - Nike Underwear
Nike Men's Cotton Stretch 3-Pack Trunk - Print,31.90 €,40.00 €,Tennis Clothing,2026-09-11 14:51:34,Tennis Warehouse Europe,https://www.tenniswarehouse-europe.com/Nike_Mens_Cotton_Stretch_3-Pack_Trunk_-_Print/descpageMAPVH-NPCS3B-EN.html?color=PR,PVH - Nike Underwear
Nike Men's Cotton Stretch 3-Pack Boxer Brief - Bk/Gn/Bl,29.90 €,38.00 €,Tennis Clothing,2026-09-11 14:51:34,Tennis Warehouse Europe,https://www.tenniswarehouse-europe.com/Nike_Mens_Cotton_Stretch_3-Pack_Boxer_Brief_-_Bk_Gn_Bl/descpageMAPVH-NCSTBR-EN.html?color=BGR,PVH - Nike Underwear
Nike Men's Essential Micro 3-Pack Trunk - Bk/Ye/Bl,29.90 €,38.00 €,Tennis Clothing,2026-09-11 14:51:34,Tennis Warehouse Europe,https://www.tenniswarehouse-europe.com/Nike_Mens_Essential_Micro_3-Pack_Trunk_-_Bk_Ye_Bl/descpageMAPVH-NMICTY-EN.html?color=BK,PVH - Nike Underwear
Nike Men's Essential Micro 3-Pack Trunk - Print,31.90 €,40.00 €,Tennis Clothing,2026-09-11 14:51:34,Tennis Warehouse Europe,https://www.tenniswarehouse-europe.com/Nike_Mens_Essential_Micro_3-Pack_Trunk_-_Print/descpageMAPVH-NMICTP-EN.html?color=PR,PVH - Nike Underwear
Nike Men's Ultra Comfort 3-Pack Boxer Brief - Bk/Gn/Bl,33.90 €,42.00 €,Tennis Clothing,2026-09-11 14:51:34,Tennis Warehouse Europe,https://www.tenniswarehouse-europe.com/Nike_Mens_Ultra_Comfort_3-Pack_Boxer_Brief_-_Bk_Gn_Bl/descpageMAPVH-NKUCB-EN.html?color=BK,PVH - Nike Underwear
Nike Men's Cotton Stretch 3-Pack Trunk - Ny/Bk/Wh,29.90 €,38.00 €,Tennis Clothing,2026-09-11 14:51:34,Tennis Warehouse Europe,https://www.tenniswarehouse-europe.com/Nike_Mens_Cotton_Stretch_3-Pack_Trunk_-_Ny_Bk_Wh/descpageMAPVH-NMCS3N-EN.html?color=NWH,PVH - Nike Underwear
Nike Pro Dri-Fit 2-Pack Arm Sleeve 4.0 White,23.90 €,30.00 €,Tennis Clothing,2026-09-11 14:51:34,Tennis Warehouse Europe,https://www.tenniswarehouse-europe.com/Nike_Pro_Dri-Fit_2-Pack_Arm_Sleeve_40_White/descpageMANIKEACC-NIPAW-EN.html?color=WH,Nike - Accessories (All Sport)
Nike Pro Dri-Fit 2-Pack Arm Sleeve 4.0 Black,23.90 €,30.00 €,Tennis Clothing,2026-09-11 14:51:34,Tennis Warehouse Europe,https://www.tenniswarehouse-europe.com/Nike_Pro_Dri-Fit_2-Pack_Arm_Sleeve_40_Black/descpageMANIKEACC-NIPAS-EN.html?color=BK,Nike - Accessories (All Sport)
Nike Lightweight 2-Pack Arm Sleeve 2.0,23.90 €,25.00 €,Tennis Clothing,2026-09-11 14:51:34,Tennis Warehouse Europe,https://www.tenniswarehouse-europe.com/Nike_Lightweight_2-Pack_Arm_Sleeve_20/descpageMANIKEACC-NILIASL-EN.html?color=BK,Nike - Accessories (All Sport)
Nike Men's Fall Dri-Fit Compression Sleeveless Top,29.90 €,38.00 €,Tennis Clothing,2026-09-11 14:51:34,Tennis Warehouse Europe,https://www.tenniswarehouse-europe.com/Nike_Mens_Fall_Dri-Fit_Compression_Sleeveless_Top/descpageMANIKEA-NFACSL-EN.html?color=BL,Nike -
Nike Men's Dri-Fit Compression Sleeveless Top,33.89 €,38.00 €,Tennis Clothing,2026-09-11 14:51:34,Tennis Warehouse Europe,https://www.tenniswarehouse-europe.com/Nike_Mens_Dri-Fit_Compression_Sleeveless_Top/descpageMANIKEA-NMDFSL-EN.html?color=BK,Nike -
Nike Men's Dri-Fit Compression Top,33.89 €,38.00 €,Tennis Clothing,2026-09-11 14:51:34,Tennis Warehouse Europe,https://www.tenniswarehouse-europe.com/Nike_Mens_Dri-Fit_Compression_Top/descpageMANIKEA-NISSTC-EN.html?color=BK,Nike -
Nike Men's Fall Dri-Fit Compression Longsleeve Top,33.90 €,43.00 €,Tennis Clothing,2026-09-11 14:51:34,Tennis Warehouse Europe,https://www.tenniswarehouse-europe.com/Nike_Mens_Fall_Dri-Fit_Compression_Longsleeve_Top/descpageMANIKEA-NFACLS-EN.html?color=BL,Nike -
Nike Men's Dri-Fit Compression Longsleeve Top,38.89 €,43.00 €,Tennis Clothing,2026-09-11 14:51:34,Tennis Warehouse Europe,https://www.tenniswarehouse-europe.com/Nike_Mens_Dri-Fit_Compression_Longsleeve_Top/descpageMANIKEA-NICOLST-EN.html?color=BK,Nike -
Nike Men's Dri-Fit Compression Tight,37.90 €,43.00 €,Tennis Clothing,2026-09-11 14:51:34,Tennis Warehouse Europe,https://www.tenniswarehouse-europe.com/Nike_Mens_Dri-Fit_Compression_Tight_/descpageMANIKEA-NICPLT-EN.html?color=BK,Nike -
Nike Men's Pro Dri-Fit Performance Boxer,33.89 €,38.00 €,Tennis Clothing,2026-09-11 14:51:34,Tennis Warehouse Europe,https://www.tenniswarehouse-europe.com/Nike_Mens_Pro_Dri-Fit_Performance_Boxer/descpageMANIKEA-NITNBOX-EN.html?color=BK,Nike -
Nike Men's Pro Dri-Fit Performance Boxer,33.89 €,38.00 €,Tennis Clothing,2026-09-11 14:51:34,Tennis Warehouse Europe,https://www.tenniswarehouse-europe.com/Nike_Mens_Pro_Dri-Fit_Performance_Boxer/descpageMANIKEA-NITNBOX-EN.html?color=GY,Nike -
Nike Men's Pro Dri-Fit Performance Long Boxer,33.89 €,38.00 €,Tennis Clothing,2026-09-11 14:51:34,Tennis Warehouse Europe,https://www.tenniswarehouse-europe.com/Nike_Mens_Pro_Dri-Fit_Performance_Long_Boxer/descpageMANIKEA-NITLBOX-EN.html?color=BK,Nike -
Nike Men's Pro Dri-Fit Performance Long Boxer,33.89 €,38.00 €,Tennis Clothing,2026-09-11 14:51:34,Tennis Warehouse Europe,https://www.tenniswarehouse-europe.com/Nike_Mens_Pro_Dri-Fit_Performance_Long_Boxer/descpageMANIKEA-NITLBOX-EN.html?color=GY,Nike -
Nike Fall Advantage Hat,31.90 €,33.00 €,Tennis Clothing,2026-09-11 14:51:34,Tennis Warehouse Europe,https://www.tenniswarehouse-europe.com/Nike_Fall_Advantage_Hat/descpageMANIKEA-NAWNHA-EN.html?color=RD,Nike -
Nike Fall Advantage Hat,31.90 €,33.00 €,Tennis Clothing,2026-09-11 14:51:34,Tennis Warehouse Europe,https://www.tenniswarehouse-europe.com/Nike_Fall_Advantage_Hat/descpageMANIKEA-NAWNHA-EN.html?color=RY,Nike -
Nike Fall Club Hat,22.90 €,28.00 €,Tennis Clothing,2026-09-11 14:51:34,Tennis Warehouse Europe,https://www.tenniswarehouse-europe.com/Nike_Fall_Club_Hat/descpageMANIKEA-NIFAHT-EN.html?color=GN,Nike -
Nike Fall Club Hat,22.90 €,28.00 €,Tennis Clothing,2026-09-11 14:51:34,Tennis Warehouse Europe,https://www.tenniswarehouse-europe.com/Nike_Fall_Club_Hat/descpageMANIKEA-NIFAHT-EN.html?color=RY,Nike -
Nike Tennis Court Hat,24.89 €,28.00 €,Tennis Clothing,2026-09-11 14:51:34,Tennis Warehouse Europe,https://www.tenniswarehouse-europe.com/Nike_Tennis_Court_Hat_/descpageMANIKEA-NITFCH-EN.html?color=NV,Nike -
Nike Tennis Court Hat,24.89 € - 27.89 €,28.00€,Tennis Clothing,2026-09-11 14:51:34,Tennis Warehouse Europe,https://www.tenniswarehouse-europe.com/Nike_Tennis_Court_Hat_/descpageMANIKEA-NITCH-EN.html?color=BK,Nike -
Nike Tennis Court Hat,24.89 € - 27.89 €,28.00€,Tennis Clothing,2026-09-11 14:51:34,Tennis Warehouse Europe,https://www.tenniswarehouse-europe.com/Nike_Tennis_Court_Hat_/descpageMANIKEA-NITCH-EN.html?color=GN,Nike -
Nike Tennis Court Hat,24.89 € - 27.89 €,28.00€,Tennis Clothing,2026-09-11 14:51:34,Tennis Warehouse Europe,https://www.tenniswarehouse-europe.com/Nike_Tennis_Court_Hat_/descpageMANIKEA-NITCH-EN.html?color=WH,Nike -
Nike Summer Advantage Hat,25.90 €,33.00 €,Tennis Clothing,2026-09-11 14:51:34,Tennis Warehouse Europe,https://www.tenniswarehouse-europe.com/Nike_Summer_Advantage_Hat_/descpageMANIKEA-NKSADH-EN.html?color=BR,Nike -
Nike Summer Club Hat,19.88 € - 24.89 €,28.00€,Tennis Clothing,2026-09-11 14:51:34,Tennis Warehouse Europe,https://www.tenniswarehouse-europe.com/Nike_Summer_Club_Hat/descpageMANIKEA-NISHT-EN.html?color=BE,Nike -
Nike Summer Club Hat,19.88 € - 24.89 €,28.00€,Tennis Clothing,2026-09-11 14:51:34,Tennis Warehouse Europe,https://www.tenniswarehouse-europe.com/Nike_Summer_Club_Hat/descpageMANIKEA-NISHT-EN.html?color=BK,Nike -
Nike Summer Club Hat,19.88 € - 24.89 €,28.00€,Tennis Clothing,2026-09-11 14:51:34,Tennis Warehouse Europe,https://www.tenniswarehouse-europe.com/Nike_Summer_Club_Hat/descpageMANIKEA-NISHT-EN.html?color=KH,Nike -
Nike Summer Club Hat,24.89 €,28.00 €,Tennis Clothing,2026-09-11 14:51:34,Tennis Warehouse Europe,https://www.tenniswarehouse-europe.com/Nike_Summer_Club_Hat/descpageMANIKEA-NSCHA-EN.html?color=BK,Nike -
Nike Summer Club Hat,24.89 €,28.00 €,Tennis Clothing,2026-09-11 14:51:34,Tennis Warehouse Europe,https://www.tenniswarehouse-europe.com/Nike_Summer_Club_Hat/descpageMANIKEA-NSCHA-EN.html?color=GY,Nike -
Nike Summer Club Hat,24.89 €,28.00 €,Tennis Clothing,2026-09-11 14:51:34,Tennis Warehouse Europe,https://www.tenniswarehouse-europe.com/Nike_Summer_Club_Hat/descpageMANIKEA-NSCHA-EN.html?color=WH,Nike -
Nike Core Club Hat Navy,19.90 €,25.00 €,Tennis Clothing,2026-09-11 14:51:34,Tennis Warehouse Europe,https://www.tenniswarehouse-europe.com/Nike_Core_Club_Hat_Navy/descpageMANIKEA-NCCHN-EN.html?color=NV,Nike -
Nike Core Advantage Hat White,29.89 €,33.00 €,Tennis Clothing,2026-09-11 14:51:34,Tennis Warehouse Europe,https://www.tenniswarehouse-europe.com/Nike_Core_Advantage_Hat_White/descpageMANIKEA-NCAHW-EN.html?color=WH,Nike -
Nike Core Advantage Hat Black,29.89 €,33.00 €,Tennis Clothing,2026-09-11 14:51:34,Tennis Warehouse Europe,https://www.tenniswarehouse-europe.com/Nike_Core_Advantage_Hat_Black/descpageMANIKEA-NCAHB-EN.html?color=BK,Nike -
Nike Swoosh Headband Orange,10.90 €,12.00 €,Tennis Clothing,2026-09-11 14:51:34,Tennis Warehouse Europe,https://www.tenniswarehouse-europe.com/Nike_Swoosh_Headband_Orange/descpageNIKEACC-NSOCHOR-EN.html,Nike - Accessories (All Sport)
Nike Dri-Fit Fury Elevate Headband Black,15.90 €,18.00 €,Tennis Clothing,2026-09-11 14:51:34,Tennis Warehouse Europe,https://www.tenniswarehouse-europe.com/Nike_Dri-Fit_Fury_Elevate_Headband_Black/descpageNIKEACC-NFEHB-EN.html?color=,Nike - Accessories (All Sport)
Nike Tennis Premier Headband Old Royal,20.90 €,23.00 €,Tennis Clothing,2026-09-11 14:51:34,Tennis Warehouse Europe,https://www.tenniswarehouse-europe.com/Nike_Tennis_Premier_Headband_Old_Royal/descpageMANIKEACC-NTHBWR-EN.html,Nike - Accessories (All Sport)
Nike Tennis Premier Headband Mint,20.90 €,23.00 €,Tennis Clothing,2026-09-11 14:51:34,Tennis Warehouse Europe,https://www.tenniswarehouse-europe.com/Nike_Tennis_Premier_Headband_Mint/descpageMANIKEACC-NTHBWMI-EN.html,Nike - Accessories (All Sport)
Nike Tennis Headband Black,19.90 €,23.00 €,Tennis Clothing,2026-09-11 14:51:34,Tennis Warehouse Europe,https://www.tenniswarehouse-europe.com/Nike_Tennis_Headband_Black/descpageWANIKEACC-NFTHDWBK-EN.html?color=BK,Nike - Accessories (All Sport)
Nike Swoosh Classic Headband Navy,10.90 €,12.00 €,Tennis Clothing,2026-09-11 14:51:34,Tennis Warehouse Europe,https://www.tenniswarehouse-europe.com/Nike_Swoosh_Classic_Headband_Navy/descpageNIKEACC-NSOCHN-EN.html,Nike - Accessories (All Sport)
Nike Swoosh Classic Headband Grey,10.90 €,12.00 €,Tennis Clothing,2026-09-11 14:51:34,Tennis Warehouse Europe,https://www.tenniswarehouse-europe.com/Nike_Swoosh_Classic_Headband_Grey/descpageNIKEACC-NSOCHGY-EN.html,Nike - Accessories (All Sport)
Nike Swoosh Classic Headband Black,10.90 €,12.00 €,Tennis Clothing,2026-09-11 14:51:34,Tennis Warehouse Europe,https://www.tenniswarehouse-europe.com/Nike_Swoosh_Classic_Headband_Black/descpageNIKEACC-NSOCHBK-EN.html,Nike - Accessories (All Sport)
Nike Swoosh Classic Headband White,10.90 €,12.00 €,Tennis Clothing,2026-09-11 14:51:34,Tennis Warehouse Europe,https://www.tenniswarehouse-europe.com/Nike_Swoosh_Classic_Headband_White/descpageNIKEACC-NSOCHW-EN.html,Nike - Accessories (All Sport)
Nike Dri-Fit Fury Elevate Headband White,15.90 €,18.00 €,Tennis Clothing,2026-09-11 14:51:34,Tennis Warehouse Europe,https://www.tenniswarehouse-europe.com/Nike_Dri-Fit_Fury_Elevate_Headband_White/descpageNIKEACC-NFEHW-EN.html?color=,Nike - Accessories (All Sport)
Nike Core Fury Headband 3.0 White,14.90 €,16.00 €,Tennis Clothing,2026-09-11 14:51:34,Tennis Warehouse Europe,https://www.tenniswarehouse-europe.com/Nike_Core_Fury_Headband_30_White/descpageNIKEACC-NFUHW3-EN.html?color=,Nike - Accessories (All Sport)
Nike Core Fury Headband 3.0 Black,14.90 €,16.00 €,Tennis Clothing,2026-09-11 14:51:34,Tennis Warehouse Europe,https://www.tenniswarehouse-europe.com/Nike_Core_Fury_Headband_30_Black/descpageNIKEACC-NFUHB3-EN.html?color=,Nike - Accessories (All Sport)
Nike Tennis Headband White,20.90 €,23.00 €,Tennis Clothing,2026-09-11 14:51:34,Tennis Warehouse Europe,https://www.tenniswarehouse-europe.com/Nike_Tennis_Headband_White/descpageMANIKEACC-NFTHDWHT-EN.html?color=WH,Nike - Accessories (All Sport)
Nike Core Dri-Fit Headband 4.0,17.90 €,20.00 €,Tennis Clothing,2026-09-11 14:51:34,Tennis Warehouse Europe,https://www.tenniswarehouse-europe.com/Nike_Core_Dri-Fit_Headband_40/descpageNIKEACC-NDFHT3-EN.html?color=BK,Nike - Accessories (All Sport)
Nike Core Dri-Fit Headband 4.0,17.90 €,20.00 €,Tennis Clothing,2026-09-11 14:51:34,Tennis Warehouse Europe,https://www.tenniswarehouse-europe.com/Nike_Core_Dri-Fit_Headband_40/descpageNIKEACC-NDFHT3-EN.html?color=WH,Nike - Accessories (All Sport)
Nike Tennis Headband Black/White,19.90 €,22.00 €,Tennis Clothing,2026-09-11 14:51:34,Tennis Warehouse Europe,https://www.tenniswarehouse-europe.com/Nike_Tennis_Headband_Black_White/descpageMANIKEACC-NTHBW2-EN.html,Nike - Accessories (All Sport)
Nike Tennis Headband Black,20.90 €,23.00 €,Tennis Clothing,2026-09-11 14:51:34,Tennis Warehouse Europe,https://www.tenniswarehouse-europe.com/Nike_Tennis_Headband_Black/descpageMANIKEACC-NW19HBDBK-EN.html?color=BK,Nike - Accessories (All Sport)
Nike Flex Elastic Hairbands 3PK Khaki/White,12.90 €,14.00 €,Tennis Clothing,2026-09-11 14:51:34,Tennis Warehouse Europe,https://www.tenniswarehouse-europe.com/Nike_Flex_Elastic_Hairbands_3PK_Khaki_White/descpageNIKEACC-NFMBK-EN.html?color=,Nike - Accessories (All Sport)
Nike Flex Elastic Hairbands 6PK Black/White,14.90 €,16.00 €,Tennis Clothing,2026-09-11 14:51:34,Tennis Warehouse Europe,https://www.tenniswarehouse-europe.com/Nike_Flex_Elastic_Hairbands_6PK_Black_White/descpageNIKEACC-NFEBW-EN.html?color=,Nike - Accessories (All Sport)
Nike Flex Hairbands 6PK Pink/Blue/Green,14.90 €,16.00 €,Tennis Clothing,2026-09-11 14:51:34,Tennis Warehouse Europe,https://www.tenniswarehouse-europe.com/Nike_Flex_Hairbands_6PK_Pink_Blue_Green/descpageNIKEACC-NFHPBG-EN.html?color=,Nike - Accessories (All Sport)
Nike Swoosh Hairbands 2PK Sapphire/Navy,17.90 €,20.00 €,Tennis Clothing,2026-09-11 14:51:34,Tennis Warehouse Europe,https://www.tenniswarehouse-europe.com/Nike_Swoosh_Hairbands_2PK_Sapphire_Navy/descpageNIKEACC-NSH2PP-EN.html?color=,Nike - Accessories (All Sport)
Nike Mixed Ponytail Holder 9PK,16.20 €,18.00 €,Tennis Clothing,2026-09-11 14:51:34,Tennis Warehouse Europe,https://www.tenniswarehouse-europe.com/Nike_Mixed_Ponytail_Holder_9PK/descpageNIKEACC-NMPH9-EN.html,Nike - Accessories (All Sport)
Nike Premier DW Wristbands Sinner Burgundy/Green,19.90 €,23.00 €,Tennis Clothing,2026-09-11 14:51:34,Tennis Warehouse Europe,https://www.tenniswarehouse-europe.com/Nike_Premier_DW_Wristbands_Sinner_Burgundy_Green/descpageNIKEACC-NSDWBBG-EN.html,Nike - Accessories (All Sport)
Nike Premier DW Wristbands Sinner Green/Lt. Green,19.90 €,23.00 €,Tennis Clothing,2026-09-11 14:51:34,Tennis Warehouse Europe,https://www.tenniswarehouse-europe.com/Nike_Premier_DW_Wristbands_Sinner_Green_Lt_Green/descpageNIKEACC-NSDWBGN-EN.html,Nike - Accessories (All Sport)
Nike Premier DW Wristbands Alcaraz Red/Black,19.90 €,23.00 €,Tennis Clothing,2026-09-11 14:51:34,Tennis Warehouse Europe,https://www.tenniswarehouse-europe.com/Nike_Premier_DW_Wristbands_Alcaraz_Red_Black/descpageNIKEACC-NSDWBPP-EN.html,Nike - Accessories (All Sport)
Nike Premier DW Wristbands Alcaraz Orange,19.90 €,23.00 €,Tennis Clothing,2026-09-11 14:51:34,Tennis Warehouse Europe,https://www.tenniswarehouse-europe.com/Nike_Premier_DW_Wristbands_Alcaraz_Orange/descpageNIKEACC-NSDWBPR-EN.html,Nike - Accessories (All Sport)
Nike Premier DW Wristbands Slate Blue/Orange,19.90 €,23.00 €,Tennis Clothing,2026-09-11 14:51:34,Tennis Warehouse Europe,https://www.tenniswarehouse-europe.com/Nike_Premier_DW_Wristbands_Slate_Blue_Orange/descpageNIKEACC-NSDWBY-EN.html,Nike - Accessories (All Sport)
Nike Swoosh Reversible DW Wristbands Black/White,16.49 €,18.00 €,Tennis Clothing,2026-09-11 14:51:34,Tennis Warehouse Europe,https://www.tenniswarehouse-europe.com/Nike_Swoosh_Reversible_DW_Wristbands_Black_White/descpageNIKEACC-NDWRBK-EN.html,Nike - Accessories (All Sport)
Nike Swoosh Doublewide Wristbands Navy,14.90 €,16.00 €,Tennis Clothing,2026-09-11 14:51:34,Tennis Warehouse Europe,https://www.tenniswarehouse-europe.com/Nike_Swoosh_Doublewide_Wristbands_Navy/descpageNIKEACC-NSDWCNV-EN.html,Nike - Accessories (All Sport)
Nike Swoosh Doublewide Wristbands White/Black,14.90 €,16.00 €,Tennis Clothing,2026-09-11 14:51:34,Tennis Warehouse Europe,https://www.tenniswarehouse-europe.com/Nike_Swoosh_Doublewide_Wristbands_White_Black/descpageNIKEACC-NSDWCWH-EN.html,Nike - Accessories (All Sport)
Nike Swoosh Doublewide Wristbands Black/White,14.90 €,16.00 €,Tennis Clothing,2026-09-11 14:51:34,Tennis Warehouse Europe,https://www.tenniswarehouse-europe.com/Nike_Swoosh_Doublewide_Wristbands_Black_White/descpageNIKEACC-NSDWCBK-EN.html,Nike - Accessories (All Sport)
Nike Premier DW Wristbands Black/White,20.90 €,23.00 €,Tennis Clothing,2026-09-11 14:51:34,Tennis Warehouse Europe,https://www.tenniswarehouse-europe.com/Nike_Premier_DW_Wristbands_Black_White/descpageNIKEACC-NPDWWBKBW-EN.html,Nike - Accessories (All Sport)
Nike Swoosh Singlewide Wristbands Pink/Lilac,10.90 €,12.00 €,Tennis Clothing,2026-09-11 14:51:34,Tennis Warehouse Europe,https://www.tenniswarehouse-europe.com/Nike_Swoosh_Singlewide_Wristbands_Pink_Lilac/descpageNIKEACC-NSWOPK-EN.html,Nike - Accessories (All Sport)
Nike Premier Singlewide Wristbands Old Royal,17.90 €,20.00 €,Tennis Clothing,2026-09-11 14:51:34,Tennis Warehouse Europe,https://www.tenniswarehouse-europe.com/Nike_Premier_Singlewide_Wristbands_Old_Royal/descpageNIKEACC-NSIWBR-EN.html,Nike - Accessories (All Sport)
Nike Premier Singlewide Wristbands Mint,17.90 €,20.00 €,Tennis Clothing,2026-09-11 14:51:34,Tennis Warehouse Europe,https://www.tenniswarehouse-europe.com/Nike_Premier_Singlewide_Wristbands_Mint/descpageNIKEACC-NSIWBMI-EN.html,Nike - Accessories (All Sport)
Nike Premier Singlewide Wristbands Rise Pink,17.90 €,20.00 €,Tennis Clothing,2026-09-11 14:51:34,Tennis Warehouse Europe,https://www.tenniswarehouse-europe.com/Nike_Premier_Singlewide_Wristbands_Rise_Pink/descpageNIKEACC-NSIWBP-EN.html,Nike - Accessories (All Sport)
Nike Premier Singlewide Wristbands White/Green,17.90 €,20.00 €,Tennis Clothing,2026-09-11 14:51:34,Tennis Warehouse Europe,https://www.tenniswarehouse-europe.com/Nike_Premier_Singlewide_Wristbands_White_Green/descpageNIKEACC-NPSWWBWG-EN.html,Nike - Accessories (All Sport)
Nike Premier Singlewide Wristbands Steam Green,17.90 €,20.00 €,Tennis Clothing,2026-09-11 14:51:34,Tennis Warehouse Europe,https://www.tenniswarehouse-europe.com/Nike_Premier_Singlewide_Wristbands_Steam_Green/descpageNIKEACC-NPSWWBSG-EN.html,Nike - Accessories (All Sport)
Nike Premier Singlewide Wristbands White/Black,17.90 €,20.00 €,Tennis Clothing,2026-09-11 14:51:34,Tennis Warehouse Europe,https://www.tenniswarehouse-europe.com/Nike_Premier_Singlewide_Wristbands_White_Black/descpageNIKEACC-NFPSWOWB-EN.html?color=WH,Nike - Accessories (All Sport)
Nike Swoosh Singlewide Wristbands Royal,10.90 €,12.00 €,Tennis Clothing,2026-09-11 14:51:34,Tennis Warehouse Europe,https://www.tenniswarehouse-europe.com/Nike_Swoosh_Singlewide_Wristbands_Royal/descpageNIKEACC-NSWOCR-EN.html,Nike - Accessories (All Sport)
Nike Swoosh Singlewide Wristbands Navy,10.90 €,12.00 €,Tennis Clothing,2026-09-11 14:51:34,Tennis Warehouse Europe,https://www.tenniswarehouse-europe.com/Nike_Swoosh_Singlewide_Wristbands_Navy/descpageNIKEACC-NSWOCNH-EN.html,Nike - Accessories (All Sport)
Nike Swoosh Singlewide Wristbands White,10.90 €,12.00 €,Tennis Clothing,2026-09-11 14:51:34,Tennis Warehouse Europe,https://www.tenniswarehouse-europe.com/Nike_Swoosh_Singlewide_Wristbands_White/descpageNIKEACC-NSWOCWH-EN.html,Nike - Accessories (All Sport)
Nike Swoosh Singlewide Wristbands Black,10.90 €,12.00 €,Tennis Clothing,2026-09-11 14:51:34,Tennis Warehouse Europe,https://www.tenniswarehouse-europe.com/Nike_Swoosh_Singlewide_Wristbands_Black/descpageNIKEACC-NSWOCB-EN.html,Nike - Accessories (All Sport)
Nike Premier Singlewide Wristbands Black/White,17.90 €,20.00 €,Tennis Clothing,2026-09-11 14:51:34,Tennis Warehouse Europe,https://www.tenniswarehouse-europe.com/Nike_Premier_Singlewide_Wristbands_Black_White/descpageNIKEACC-NPSWWBW-EN.html,Nike - Accessories (All Sport)
Nike Fundamental Towel Medium White/Black,24.89 €,28.00 €,Tennis Clothing,2026-09-11 14:51:34,Tennis Warehouse Europe,https://www.tenniswarehouse-europe.com/Nike_Fundamental_Towel_Medium_White_Black/descpageNIKEACC-NFTOMWB-EN.html,Nike - Accessories (All Sport)
Nike Fundamental Towel Medium Black/White,24.89 €,28.00 €,Tennis Clothing,2026-09-11 14:51:34,Tennis Warehouse Europe,https://www.tenniswarehouse-europe.com/Nike_Fundamental_Towel_Medium_Black_White/descpageNIKEACC-NFTOMBW-EN.html,Nike - Accessories (All Sport)
Nike Club Towel XL Black,40.90 €,45.00 €,Tennis Clothing,2026-09-11 14:51:34,Tennis Warehouse Europe,https://www.tenniswarehouse-europe.com/Nike_Club_Towel_XL_Black/descpageNIKEACC-NCPTBK-EN.html,Nike - Accessories (All Sport)
Nike Cooling Medium Towel Black,22.90 €,25.00 €,Tennis Clothing,2026-09-11 14:51:34,Tennis Warehouse Europe,https://www.tenniswarehouse-europe.com/Nike_Cooling_Medium_Towel_Black/descpageNIKEACC-NCSTBLA-EN.html,Nike - Accessories (All Sport)
Nike Fundamental Towel Large White,40.90 €,45.00 €,Tennis Clothing,2026-09-11 14:51:34,Tennis Warehouse Europe,https://www.tenniswarehouse-europe.com/Nike_Fundamental_Towel_Large_White/descpageNIKEACC-NFUTLWH-EN.html,Nike - Accessories (All Sport)
Nike Renew Recharge Straw Bottle/709ml Smile,24.89 €,28.00 €,Tennis Clothing,2026-09-11 14:51:34,Tennis Warehouse Europe,https://www.tenniswarehouse-europe.com/Nike_Renew_Recharge_Straw_Bottle_709ml_Smile/descpageNIKEACC-NRBONS-EN.html?color=CL,Nike - Accessories (All Sport)
Nike Renew Recharge Straw Bottle/709ml Burgundy,24.89 €,28.00 €,Tennis Clothing,2026-09-11 14:51:34,Tennis Warehouse Europe,https://www.tenniswarehouse-europe.com/Nike_Renew_Recharge_Straw_Bottle_709ml_Burgundy/descpageNIKEACC-NRBOB-EN.html?color=RD,Nike - Accessories (All Sport)
Nike Big Mouth Bottle 2.0 22oz/650ml Purple/Orange,10.90 €,12.00 €,Tennis Clothing,2026-09-11 14:51:34,Tennis Warehouse Europe,https://www.tenniswarehouse-europe.com/Nike_Big_Mouth_Bottle_20_22oz_650ml_Purple_Orange/descpageNIKEACC-NBM25P-EN.html?color=WH,Nike - Accessories (All Sport)
Nike Refuel Bottle Graphic 24oz/709ml Orange/Red,14.90 €,16.00 €,Tennis Clothing,2026-09-11 14:51:34,Tennis Warehouse Europe,https://www.tenniswarehouse-europe.com/Nike_Refuel_Bottle_Graphic_24oz_709ml_Orange_Red/descpageNIKEACC-NREBG-EN.html,Nike - Accessories (All Sport)
Nike Refuel Bottle Locking Lid 24oz/709ml Blue,17.90 €,20.00 €,Tennis Clothing,2026-09-11 14:51:34,Tennis Warehouse Europe,https://www.tenniswarehouse-europe.com/Nike_Refuel_Bottle_Locking_Lid_24oz_709ml_Blue/descpageNIKEACC-NREBBL-EN.html,Nike - Accessories (All Sport)
Nike Refuel Bottle Grip 24oz/709ml Royal,16.51 €,18.00 €,Tennis Clothing,2026-09-11 14:51:34,Tennis Warehouse Europe,https://www.tenniswarehouse-europe.com/Nike_Refuel_Bottle_Grip_24oz_709ml_Royal/descpageNIKEACC-ASBBTOY-EN.html,Nike - Accessories (All Sport)
Nike Refuel Bottle Grip 24oz/709ml Black,16.51 €,18.00 €,Tennis Clothing,2026-09-11 14:51:34,Tennis Warehouse Europe,https://www.tenniswarehouse-europe.com/Nike_Refuel_Bottle_Grip_24oz_709ml_Black/descpageNIKEACC-ASBBLUE-EN.html,Nike - Accessories (All Sport)
Nike Renew Recharge Straw Bottle 24oz/709ml Anthracite,26.89 €,30.00 €,Tennis Clothing,2026-09-11 14:51:34,Tennis Warehouse Europe,https://www.tenniswarehouse-europe.com/Nike_Renew_Recharge_Straw_Bottle_24oz_709ml_Anthracite/descpageNIKEACC-ARRSBGY-EN.html,Nike - Accessories (All Sport)
Nike Big Mouth Bottle 650ml/Yellow,10.90 €,12.00 €,Tennis Clothing,2026-09-11 14:51:34,Tennis Warehouse Europe,https://www.tenniswarehouse-europe.com/Nike_Big_Mouth_Bottle_650ml_Yellow/descpageNIKEACC-NBM32SB-EN.html?color=BK,Nike - Accessories (All Sport)
Nike Big Mouth Bottle 2.0 22oz/650ml Clear/Red,10.90 €,12.00 €,Tennis Clothing,2026-09-11 14:51:34,Tennis Warehouse Europe,https://www.tenniswarehouse-europe.com/Nike_Big_Mouth_Bottle_20_22oz_650ml_Clear_Red/descpageNIKEACC-NBM22CR-EN.html?color=CL,Nike - Accessories (All Sport)
Nike Big Mouth Bottle 2.0 22oz/650ml Atomic Green,14.50 €,16.00 €,Tennis Clothing,2026-09-11 14:51:34,Tennis Warehouse Europe,https://www.tenniswarehouse-europe.com/Nike_Big_Mouth_Bottle_20_22oz_650ml_Atomic_Green/descpageNIKEACC-NBM22AT-EN.html?color=GN,Nike - Accessories (All Sport)
Nike Big Mouth Bottle 2.0 32oz/946ml White,13.90 €,15.00 €,Tennis Clothing,2026-09-11 14:51:34,Tennis Warehouse Europe,https://www.tenniswarehouse-europe.com/Nike_Big_Mouth_Bottle_20_32oz_946ml_White/descpageNIKEACC-NBM32BK-EN.html?color=BK,Nike - Accessories (All Sport)
Nike Big Mouth Bottle 2.0 32oz/946ml Black,12.90 €,15.00 €,Tennis Clothing,2026-09-11 14:51:34,Tennis Warehouse Europe,https://www.tenniswarehouse-europe.com/Nike_Big_Mouth_Bottle_20_32oz_946ml_Black/descpageNIKEACC-NBM32B-EN.html?color=BK,Nike - Accessories (All Sport)
Nike Fundamental Weighted Rope Black/White,30.90 €,35.00 €,Tennis Clothing,2026-09-11 14:51:34,Tennis Warehouse Europe,https://www.tenniswarehouse-europe.com/Nike_Fundamental_Weighted_Rope_Black_White/descpageNIKEACC-NFWRBKW-EN.html,Nike - Accessories (All Sport)
adidas Men's New York Pro Freelift Top,53.90 €,60.00 €,Tennis Clothing,2026-09-11 14:51:34,Tennis Warehouse Europe,https://www.tenniswarehouse-europe.com/adidas_Mens_New_York_Pro_Freelift_Top/descpageMAADIT-AMNY26T-EN.html?color=BK,Adidas -
adidas Men's New York Pro Freelift Top,53.90 €,60.00 €,Tennis Clothing,2026-09-11 14:51:34,Tennis Warehouse Europe,https://www.tenniswarehouse-europe.com/adidas_Mens_New_York_Pro_Freelift_Top/descpageMAADIT-AMNY26T-EN.html?color=MR,Adidas -
adidas Men's New York Pro Freelift Top,53.90 €,60.00 €,Tennis Clothing,2026-09-11 14:51:34,Tennis Warehouse Europe,https://www.tenniswarehouse-europe.com/adidas_Mens_New_York_Pro_Freelift_Top/descpageMAADIT-AMNY26T-EN.html?color=PK,Adidas -
adidas Men's New York Pro Freelift Top,53.90 €,60.00 €,Tennis Clothing,2026-09-11 14:51:34,Tennis Warehouse Europe,https://www.tenniswarehouse-europe.com/adidas_Mens_New_York_Pro_Freelift_Top/descpageMAADIT-AMNY26T-EN.html?color=WH,Adidas -
adidas Men's New York Pro Freelift Polo,67.90 €,75.00 €,Tennis Clothing,2026-09-11 14:51:34,Tennis Warehouse Europe,https://www.tenniswarehouse-europe.com/adidas_Mens_New_York_Pro_Freelift_Polo/descpageMAADIT-AMNYPOM-EN.html?color=BK,Adidas -
adidas Men's New York Pro Freelift Polo,67.90 €,75.00 €,Tennis Clothing,2026-09-11 14:51:34,Tennis Warehouse Europe,https://www.tenniswarehouse-europe.com/adidas_Mens_New_York_Pro_Freelift_Polo/descpageMAADIT-AMNYPOM-EN.html?color=PK,Adidas -
adidas Men's New York Pro Sleeveless Top,58.91 €,65.00 €,Tennis Clothing,2026-09-11 14:51:34,Tennis Warehouse Europe,https://www.tenniswarehouse-europe.com/adidas_Mens_New_York_Pro_Sleeveless_Top/descpageMAADIT-AMNYST-EN.html?color=MR,Adidas -
adidas Men's New York Pro Sleeveless Top,49.90 €,55.00 €,Tennis Clothing,2026-09-11 14:51:34,Tennis Warehouse Europe,https://www.tenniswarehouse-europe.com/adidas_Mens_New_York_Pro_Sleeveless_Top/descpageMAADIT-AMNYSBP-EN.html?color=BK,Adidas -
adidas Men's New York Pro Sleeveless Top,49.90 €,55.00 €,Tennis Clothing,2026-09-11 14:51:34,Tennis Warehouse Europe,https://www.tenniswarehouse-europe.com/adidas_Mens_New_York_Pro_Sleeveless_Top/descpageMAADIT-AMNYSBP-EN.html?color=PK,Adidas -
adidas Men's New York Oversize Sleeveless Top,62.90 €,70.00 €,Tennis Clothing,2026-09-11 14:51:34,Tennis Warehouse Europe,https://www.tenniswarehouse-europe.com/adidas_Mens_New_York_Oversize_Sleeveless_Top/descpageMAADIT-AMNYOST-EN.html?color=MR,Adidas -
adidas Men's New York Pro Oversize Top,63.90 €,75.00 €,Tennis Clothing,2026-09-11 14:51:34,Tennis Warehouse Europe,https://www.tenniswarehouse-europe.com/adidas_Mens_New_York_Pro_Oversize_Top/descpageMAADIT-AMNYOPM-EN.html?color=BK,Adidas -
adidas Men's New York Pro Oversize Top,63.90 €,75.00 €,Tennis Clothing,2026-09-11 14:51:34,Tennis Warehouse Europe,https://www.tenniswarehouse-europe.com/adidas_Mens_New_York_Pro_Oversize_Top/descpageMAADIT-AMNYOPM-EN.html?color=MR,Adidas -
adidas Men's New York Short & Tight Set,67.90 €,75.00 €,Tennis Clothing,2026-09-11 14:51:34,Tennis Warehouse Europe,https://www.tenniswarehouse-europe.com/adidas_Mens_New_York_Short__Tight_Set/descpageMAADIT-AMSTSNY-EN.html?color=BK,Adidas -
adidas Men's New York Short & Tight Set,67.90 €,75.00 €,Tennis Clothing,2026-09-11 14:51:34,Tennis Warehouse Europe,https://www.tenniswarehouse-europe.com/adidas_Mens_New_York_Short__Tight_Set/descpageMAADIT-AMSTSNY-EN.html?color=MR,Adidas -
"adidas Men's Core Ergo 5"" Short",54.89 €,,Tennis Clothing,2026-09-11 14:51:34,Tennis Warehouse Europe,https://www.tenniswarehouse-europe.com/adidas_Mens_Core_Ergo_5_Short/descpageMAADIT-AMCO5R-EN.html?color=BK,Adidas -
adidas Men's New York Pro Ergo Short,58.91 €,65.00 €,Tennis Clothing,2026-09-11 14:51:34,Tennis Warehouse Europe,https://www.tenniswarehouse-europe.com/adidas_Mens_New_York_Pro_Ergo_Short/descpageMAADIT-AMNYEPS-EN.html?color=BK,Adidas -
adidas Men's New York Pro Ergo Short,58.91 €,65.00 €,Tennis Clothing,2026-09-11 14:51:34,Tennis Warehouse Europe,https://www.tenniswarehouse-europe.com/adidas_Mens_New_York_Pro_Ergo_Short/descpageMAADIT-AMNYEPS-EN.html?color=MR,Adidas -
adidas Men's New York Pro Ergo Short,58.91 €,65.00 €,Tennis Clothing,2026-09-11 14:51:34,Tennis Warehouse Europe,https://www.tenniswarehouse-europe.com/adidas_Mens_New_York_Pro_Ergo_Short/descpageMAADIT-AMNYEPS-EN.html?color=WH,Adidas -
adidas Men's New York Cover Up Jacket,107.90 €,120.00 €,Tennis Clothing,2026-09-11 14:51:34,Tennis Warehouse Europe,https://www.tenniswarehouse-europe.com/adidas_Mens_New_York_Cover_Up_Jacket/descpageMAADIT-AMNYCUJ-EN.html?color=MR,Adidas -
adidas Tennis Headband Black,10.90 €,12.00 €,Tennis Clothing,2026-09-11 14:51:34,Tennis Warehouse Europe,https://www.tenniswarehouse-europe.com/adidas_Tennis_Headband_Black/descpageADIT-ATHEBLA-EN.html?color=BK,Adidas -
adidas Men's Tennis Culture Polo,58.91 €,65.00 €,Tennis Clothing,2026-09-11 14:51:34,Tennis Warehouse Europe,https://www.tenniswarehouse-europe.com/adidas_Mens_Tennis_Culture_Polo/descpageMAADIT-AMTCUPO-EN.html?color=MR,Adidas -
adidas Men's Tennis Culture Polo,58.91 €,65.00 €,Tennis Clothing,2026-09-11 14:51:34,Tennis Warehouse Europe,https://www.tenniswarehouse-europe.com/adidas_Mens_Tennis_Culture_Polo/descpageMAADIT-AMTCUPO-EN.html?color=WH,Adidas -
adidas Men's Tennis Culture Top,53.90 €,60.00 €,Tennis Clothing,2026-09-11 14:51:34,Tennis Warehouse Europe,https://www.tenniswarehouse-europe.com/adidas_Mens_Tennis_Culture_Top/descpageMAADIT-AMTCUTO-EN.html?color=MR,Adidas -
adidas Men's Tennis Culture Top,53.90 €,60.00 €,Tennis Clothing,2026-09-11 14:51:34,Tennis Warehouse Europe,https://www.tenniswarehouse-europe.com/adidas_Mens_Tennis_Culture_Top/descpageMAADIT-AMTCUTO-EN.html?color=PK,Adidas -
adidas Men's Tennis Culture Sleeveless Top,31.90 €,35.00 €,Tennis Clothing,2026-09-11 14:51:34,Tennis Warehouse Europe,https://www.tenniswarehouse-europe.com/adidas_Mens_Tennis_Culture_Sleeveless_Top/descpageMAADIT-AMTCUST-EN.html?color=BK,Adidas -
adidas Men's Tennis Culture Sleeveless Top,31.90 €,35.00 €,Tennis Clothing,2026-09-11 14:51:34,Tennis Warehouse Europe,https://www.tenniswarehouse-europe.com/adidas_Mens_Tennis_Culture_Sleeveless_Top/descpageMAADIT-AMTCUST-EN.html?color=WH,Adidas -
adidas Men's Tennis Culture Short,49.90 €,55.00 €,Tennis Clothing,2026-09-11 14:51:34,Tennis Warehouse Europe,https://www.tenniswarehouse-europe.com/adidas_Mens_Tennis_Culture_Short/descpageMAADIT-AMTCUSH-EN.html?color=MR,Adidas -
adidas Men's Tennis Culture Short,49.90 €,55.00 €,Tennis Clothing,2026-09-11 14:51:34,Tennis Warehouse Europe,https://www.tenniswarehouse-europe.com/adidas_Mens_Tennis_Culture_Short/descpageMAADIT-AMTCUSH-EN.html?color=WH,Adidas -
adidas Men's Fall Classics Originals Polo,53.90 € - 56.90 €,65.00€,Tennis Clothing,2026-09-11 14:51:34,Tennis Warehouse Europe,https://www.tenniswarehouse-europe.com/adidas_Mens_Fall_Classics_Originals_Polo/descpageMAADIT-AMFHP-EN.html?color=BK,Adidas -
adidas Men's Fall Classics Originals Polo,53.90 € - 56.90 €,65.00€,Tennis Clothing,2026-09-11 14:51:34,Tennis Warehouse Europe,https://www.tenniswarehouse-europe.com/adidas_Mens_Fall_Classics_Originals_Polo/descpageMAADIT-AMFHP-EN.html?color=RD,Adidas -
adidas Men's Fall Classics Originals Polo,53.90 € - 56.90 €,65.00€,Tennis Clothing,2026-09-11 14:51:34,Tennis Warehouse Europe,https://www.tenniswarehouse-europe.com/adidas_Mens_Fall_Classics_Originals_Polo/descpageMAADIT-AMFHP-EN.html?color=WH,Adidas -
adidas Men's Fall Classics Originals Top,45.90 € - 58.90 €,60.00€,Tennis Clothing,2026-09-11 14:51:34,Tennis Warehouse Europe,https://www.tenniswarehouse-europe.com/adidas_Mens_Fall_Classics_Originals_Top/descpageMAADIT-AMHTO-EN.html?color=BD,Adidas -
adidas Men's Fall Classics Originals Top,45.90 € - 58.90 €,60.00€,Tennis Clothing,2026-09-11 14:51:34,Tennis Warehouse Europe,https://www.tenniswarehouse-europe.com/adidas_Mens_Fall_Classics_Originals_Top/descpageMAADIT-AMHTO-EN.html?color=BK,Adidas -
"adidas Men's Fall Classics Originals 9"" Short",48.90 €,55.00 €,Tennis Clothing,2026-09-11 14:51:34,Tennis Warehouse Europe,https://www.tenniswarehouse-europe.com/adidas_Mens_Fall_Classics_Originals_9_Short/descpageMAADIT-AMFHS-EN.html?color=BK,Adidas -
"adidas Men's Fall Classics Originals 9"" Short",48.90 €,55.00 €,Tennis Clothing,2026-09-11 14:51:34,Tennis Warehouse Europe,https://www.tenniswarehouse-europe.com/adidas_Mens_Fall_Classics_Originals_9_Short/descpageMAADIT-AMFHS-EN.html?color=BO,Adidas -
"adidas Men's Fall Classics Originals 9"" Short",48.90 €,55.00 €,Tennis Clothing,2026-09-11 14:51:34,Tennis Warehouse Europe,https://www.tenniswarehouse-europe.com/adidas_Mens_Fall_Classics_Originals_9_Short/descpageMAADIT-AMFHS-EN.html?color=WH,Adidas -
adidas Men's Fall Classics Originals T-Shirt,28.91 €,35.00 €,Tennis Clothing,2026-09-11 14:51:34,Tennis Warehouse Europe,https://www.tenniswarehouse-europe.com/adidas_Mens_Fall_Classics_Originals_T-Shirt/descpageMAADIT-AMFHRT-EN.html?color=RD,Adidas -
adidas Men's Fall Classics Originals T-Shirt,28.91 €,35.00 €,Tennis Clothing,2026-09-11 14:51:34,Tennis Warehouse Europe,https://www.tenniswarehouse-europe.com/adidas_Mens_Fall_Classics_Originals_T-Shirt/descpageMAADIT-AMFHRT-EN.html?color=WH,Adidas -
adidas Men's Fall Classics Originals Sweater,51.90 €,65.00 €,Tennis Clothing,2026-09-11 14:51:34,Tennis Warehouse Europe,https://www.tenniswarehouse-europe.com/adidas_Mens_Fall_Classics_Originals_Sweater/descpageMAADIT-AMFHES-EN.html?color=NV,Adidas -
adidas Originals BB Clima Hat,19.90 €,25.00 €,Tennis Clothing,2026-09-11 14:51:34,Tennis Warehouse Europe,https://www.tenniswarehouse-europe.com/adidas_Originals_BB_Clima_Hat/descpageADIT-AKOIRH-EN.html?color=WH,Adidas -
adidas Originals Tennis Headband,14.90 €,20.00 €,Tennis Clothing,2026-09-11 14:51:34,Tennis Warehouse Europe,https://www.tenniswarehouse-europe.com/adidas_Originals_Tennis_Headband/descpageADIT-ALOFBA-EN.html?color=WH,Adidas -
adidas Tennis Doublewide Wristbands Originals,15.90 €,20.00 €,Tennis Clothing,2026-09-11 14:51:34,Tennis Warehouse Europe,https://www.tenniswarehouse-europe.com/adidas_Tennis_Doublewide_Wristbands_Originals/descpageADIT-ALORIW-EN.html,Adidas -
adidas Tennis Singlewide Wristbands Originals,11.90 €,15.00 €,Tennis Clothing,2026-09-11 14:51:34,Tennis Warehouse Europe,https://www.tenniswarehouse-europe.com/adidas_Tennis_Singlewide_Wristbands_Originals/descpageADIT-ALORIWR-EN.html,Adidas -
adidas Men's Fall Freelift Top,53.90 €,60.00 €,Tennis Clothing,2026-09-11 14:51:34,Tennis Warehouse Europe,https://www.tenniswarehouse-europe.com/adidas_Mens_Fall_Freelift_Top/descpageMAADIT-AFLFLT-EN.html?color=NV,Adidas -
adidas Men's Fall Freelift Top,53.90 €,60.00 €,Tennis Clothing,2026-09-11 14:51:34,Tennis Warehouse Europe,https://www.tenniswarehouse-europe.com/adidas_Mens_Fall_Freelift_Top/descpageMAADIT-AFLFLT-EN.html?color=PU,Adidas -
adidas Men's Fall Freelift Top,53.90 €,60.00 €,Tennis Clothing,2026-09-11 14:51:34,Tennis Warehouse Europe,https://www.tenniswarehouse-europe.com/adidas_Mens_Fall_Freelift_Top/descpageMAADIT-AFLFLT-EN.html?color=RD,Adidas -
adidas Men's Fall Freelift Top,53.90 €,60.00 €,Tennis Clothing,2026-09-11 14:51:34,Tennis Warehouse Europe,https://www.tenniswarehouse-europe.com/adidas_Mens_Fall_Freelift_Top/descpageMAADIT-AFLFLT-EN.html?color=YE,Adidas -
adidas Men's Core Freelift Top,49.90 €,60.00 €,Tennis Clothing,2026-09-11 14:51:34,Tennis Warehouse Europe,https://www.tenniswarehouse-europe.com/adidas_Mens_Core_Freelift_Top/descpageMAADIT-AFRE26T-EN.html?color=BK,Adidas -
adidas Men's Core Freelift Top,49.90 €,60.00 €,Tennis Clothing,2026-09-11 14:51:34,Tennis Warehouse Europe,https://www.tenniswarehouse-europe.com/adidas_Mens_Core_Freelift_Top/descpageMAADIT-AFRE26T-EN.html?color=WH,Adidas -
adidas Men's Fall Freelift Polo,55.90 €,65.00 €,Tennis Clothing,2026-09-11 14:51:34,Tennis Warehouse Europe,https://www.tenniswarehouse-europe.com/adidas_Mens_Fall_Freelift_Polo/descpageMAADIT-AM26FPL-EN.html?color=BR,Adidas -
adidas Men's Basic Freelift Polo,51.90 €,65.00 €,Tennis Clothing,2026-09-11 14:51:34,Tennis Warehouse Europe,https://www.tenniswarehouse-europe.com/adidas_Mens_Basic_Freelift_Polo/descpageMAADIT-AM26FPO-EN.html?color=WH,Adidas -
adidas Men's Fall Club Top,31.90 €,35.00 €,Tennis Clothing,2026-09-11 14:51:34,Tennis Warehouse Europe,https://www.tenniswarehouse-europe.com/adidas_Mens_Fall_Club_Top/descpageMAADIT-AMFWCW-EN.html?color=RD,Adidas -
adidas Men's Fall Club Top,31.90 €,35.00 €,Tennis Clothing,2026-09-11 14:51:34,Tennis Warehouse Europe,https://www.tenniswarehouse-europe.com/adidas_Mens_Fall_Club_Top/descpageMAADIT-AMFWCW-EN.html?color=YE,Adidas -
adidas Men's Club Core Top - Black,26.89 € - 31.90 €,35.00€,Tennis Clothing,2026-09-11 14:51:34,Tennis Warehouse Europe,https://www.tenniswarehouse-europe.com/adidas_Mens_Club_Core_Top_-_Black/descpageMAADIT-AMCOCR-EN.html?color=BK,Adidas -
adidas Men's Club Core Top - White,31.90 €,35.00 €,Tennis Clothing,2026-09-11 14:51:34,Tennis Warehouse Europe,https://www.tenniswarehouse-europe.com/adidas_Mens_Club_Core_Top_-_White/descpageMAADIT-AMCOCW-EN.html?color=WH,Adidas -
adidas Men's Fall Graphic Club Top,35.90 €,40.00 €,Tennis Clothing,2026-09-11 14:51:34,Tennis Warehouse Europe,https://www.tenniswarehouse-europe.com/adidas_Mens_Fall_Graphic_Club_Top/descpageMAADIT-AMFGT-EN.html?color=BK,Adidas -
adidas Men's Fall Graphic Club Top,35.90 €,40.00 €,Tennis Clothing,2026-09-11 14:51:34,Tennis Warehouse Europe,https://www.tenniswarehouse-europe.com/adidas_Mens_Fall_Graphic_Club_Top/descpageMAADIT-AMFGT-EN.html?color=GR,Adidas -
adidas Men's Fall Club 3-Stripe Top,35.90 €,40.00 €,Tennis Clothing,2026-09-11 14:51:34,Tennis Warehouse Europe,https://www.tenniswarehouse-europe.com/adidas_Mens_Fall_Club_3-Stripe_Top/descpageMAADIT-AMF3CW-EN.html?color=BR,Adidas -
adidas Men's Fall Club 3-Stripe Top,35.90 €,40.00 €,Tennis Clothing,2026-09-11 14:51:34,Tennis Warehouse Europe,https://www.tenniswarehouse-europe.com/adidas_Mens_Fall_Club_3-Stripe_Top/descpageMAADIT-AMF3CW-EN.html?color=PU,Adidas -
adidas Men's Club 3-Stripe Top,29.90 € - 33.90 €,40.00€,Tennis Clothing,2026-09-11 14:51:34,Tennis Warehouse Europe,https://www.tenniswarehouse-europe.com/adidas_Mens_Club_3-Stripe_Top/descpageMAADIT-AC3STC-EN.html?color=BK,Adidas -
adidas Men's Club 3-Stripe Top,29.90 € - 33.90 €,40.00€,Tennis Clothing,2026-09-11 14:51:34,Tennis Warehouse Europe,https://www.tenniswarehouse-europe.com/adidas_Mens_Club_3-Stripe_Top/descpageMAADIT-AC3STC-EN.html?color=NV,Adidas -
adidas Men's Club 3-Stripe Top,29.90 € - 33.90 €,40.00€,Tennis Clothing,2026-09-11 14:51:34,Tennis Warehouse Europe,https://www.tenniswarehouse-europe.com/adidas_Mens_Club_3-Stripe_Top/descpageMAADIT-AC3STC-EN.html?color=WH,Adidas -
adidas Men's Club Polo,35.90 €,40.00 €,Tennis Clothing,2026-09-11 14:51:34,Tennis Warehouse Europe,https://www.tenniswarehouse-europe.com/adidas_Mens_Club_Polo/descpageMAADIT-AMCLP-EN.html?color=NV,Adidas -
adidas Men's Club Core Polo - Black,35.90 €,40.00 €,Tennis Clothing,2026-09-11 14:51:34,Tennis Warehouse Europe,https://www.tenniswarehouse-europe.com/adidas_Mens_Club_Core_Polo_-_Black/descpageMAADIT-AMCCPB-EN.html?color=BK,Adidas -
adidas Men's Club Core Polo - White,35.90 €,40.00 €,Tennis Clothing,2026-09-11 14:51:34,Tennis Warehouse Europe,https://www.tenniswarehouse-europe.com/adidas_Mens_Club_Core_Polo_-_White/descpageMAADIT-AMCCPW-EN.html?color=WH,Adidas -
adidas Men's Club Sleeveless Top,31.90 €,35.00 €,Tennis Clothing,2026-09-11 14:51:34,Tennis Warehouse Europe,https://www.tenniswarehouse-europe.com/adidas_Mens_Club_Sleeveless_Top/descpageMAADIT-AMCSVL-EN.html?color=WH,Adidas -
adidas Men's Fall Tennis Cat T-Shirt,31.90 €,35.00 €,Tennis Clothing,2026-09-11 14:51:34,Tennis Warehouse Europe,https://www.tenniswarehouse-europe.com/adidas_Mens_Fall_Tennis_Cat_T-Shirt/descpageMAADIT-AMTCRT-EN.html?color=BK,Adidas -
adidas Men's Fall Tennis Cat T-Shirt,31.90 €,35.00 €,Tennis Clothing,2026-09-11 14:51:34,Tennis Warehouse Europe,https://www.tenniswarehouse-europe.com/adidas_Mens_Fall_Tennis_Cat_T-Shirt/descpageMAADIT-AMTCRT-EN.html?color=RD,Adidas -
adidas Men's Fall Tennis Cat T-Shirt,31.90 €,35.00 €,Tennis Clothing,2026-09-11 14:51:34,Tennis Warehouse Europe,https://www.tenniswarehouse-europe.com/adidas_Mens_Fall_Tennis_Cat_T-Shirt/descpageMAADIT-AMTCRT-EN.html?color=WH,Adidas -
adidas Men's Fall Tennis Dream T-Shirt,29.90 €,35.00 €,Tennis Clothing,2026-09-11 14:51:34,Tennis Warehouse Europe,https://www.tenniswarehouse-europe.com/adidas_Mens_Fall_Tennis_Dream_T-Shirt/descpageMAADIT-AMTDRT-EN.html?color=GR,Adidas -
adidas Men's Fall Tennis Dream T-Shirt,29.90 €,35.00 €,Tennis Clothing,2026-09-11 14:51:34,Tennis Warehouse Europe,https://www.tenniswarehouse-europe.com/adidas_Mens_Fall_Tennis_Dream_T-Shirt/descpageMAADIT-AMTDRT-EN.html?color=WH,Adidas -
adidas Men's Fall I Like PDL T-Shirt,26.89 €,30.00 €,Tennis Clothing,2026-09-11 14:51:34,Tennis Warehouse Europe,https://www.tenniswarehouse-europe.com/adidas_Mens_Fall_I_Like_PDL_T-Shirt/descpageMAADIT-AMILPT-EN.html?color=BK,Adidas -
adidas Men's Fall PDL Cobra T-Shirt,31.90 €,35.00 €,Tennis Clothing,2026-09-11 14:51:34,Tennis Warehouse Europe,https://www.tenniswarehouse-europe.com/adidas_Mens_Fall_PDL_Cobra_T-Shirt/descpageMAADIT-AMPACOT-EN.html?color=RD1,Adidas -
adidas Men's Fall PDL Cobra T-Shirt,31.90 €,35.00 €,Tennis Clothing,2026-09-11 14:51:34,Tennis Warehouse Europe,https://www.tenniswarehouse-europe.com/adidas_Mens_Fall_PDL_Cobra_T-Shirt/descpageMAADIT-AMPACOT-EN.html?color=YE,Adidas -
"adidas Men's Fall Ergo 9"" Short",49.90 €,55.00 €,Tennis Clothing,2026-09-11 14:51:34,Tennis Warehouse Europe,https://www.tenniswarehouse-europe.com/adidas_Mens_Fall_Ergo_9_Short/descpageMAADIT-AF9SN-EN.html?color=BR,Adidas -
"adidas Men's Core Ergo 9"" Short",49.90 €,55.00 €,Tennis Clothing,2026-09-11 14:51:34,Tennis Warehouse Europe,https://www.tenniswarehouse-europe.com/adidas_Mens_Core_Ergo_9_Short/descpageMAADIT-ADE9SN-EN.html?color=BK,Adidas -
"adidas Men's Core Ergo 9"" Short",49.90 €,55.00 €,Tennis Clothing,2026-09-11 14:51:34,Tennis Warehouse Europe,https://www.tenniswarehouse-europe.com/adidas_Mens_Core_Ergo_9_Short/descpageMAADIT-ADE9SN-EN.html?color=WH,Adidas -
"adidas Men's Fall Ergo 7"" Short",49.90 €,55.00 €,Tennis Clothing,2026-09-11 14:51:34,Tennis Warehouse Europe,https://www.tenniswarehouse-europe.com/adidas_Mens_Fall_Ergo_7_Short/descpageMAADIT-AMFLESH-EN.html?color=BR,Adidas -
"adidas Men's Fall Ergo 7"" Short",49.90 €,55.00 €,Tennis Clothing,2026-09-11 14:51:34,Tennis Warehouse Europe,https://www.tenniswarehouse-europe.com/adidas_Mens_Fall_Ergo_7_Short/descpageMAADIT-AMFLESH-EN.html?color=RD,Adidas -
"adidas Men's Core Ergo 7"" Short - Black",49.90 €,55.00 €,Tennis Clothing,2026-09-11 14:51:34,Tennis Warehouse Europe,https://www.tenniswarehouse-europe.com/adidas_Mens_Core_Ergo_7_Short_-_Black/descpageMAADIT-AMCESB-EN.html?color=BK,Adidas -
"adidas Men's Core Ergo 7"" Short - White",43.90 €,55.00 €,Tennis Clothing,2026-09-11 14:51:34,Tennis Warehouse Europe,https://www.tenniswarehouse-europe.com/adidas_Mens_Core_Ergo_7_Short_-_White/descpageMAADIT-AMCESW-EN.html?color=WH,Adidas -
"adidas Men's Core Ergo 5"" Short",54.89 €,,Tennis Clothing,2026-09-11 14:51:34,Tennis Warehouse Europe,https://www.tenniswarehouse-europe.com/adidas_Mens_Core_Ergo_5_Short/descpageMAADIT-AMCO5R-EN.html?color=BK,Adidas -
"adidas Men's Club Core 9"" Short",31.90 €,35.00 €,Tennis Clothing,2026-09-11 14:51:34,Tennis Warehouse Europe,https://www.tenniswarehouse-europe.com/adidas_Mens_Club_Core_9_Short/descpageMAADIT-AMCC9B-EN.html?color=BK,Adidas -
"adidas Men's Club Core 9"" Short",29.90 €,35.00 €,Tennis Clothing,2026-09-11 14:51:34,Tennis Warehouse Europe,https://www.tenniswarehouse-europe.com/adidas_Mens_Club_Core_9_Short/descpageMAADIT-AMCC9W-EN.html?color=WH,Adidas -
"adidas Men's Fall Club 7"" Short",31.90 €,35.00 €,Tennis Clothing,2026-09-11 14:51:34,Tennis Warehouse Europe,https://www.tenniswarehouse-europe.com/adidas_Mens_Fall_Club_7_Short/descpageMAADIT-AMFC7SN-EN.html?color=BR,Adidas -
"adidas Men's Club Core 7"" Short",29.90 €,35.00 €,Tennis Clothing,2026-09-11 14:51:34,Tennis Warehouse Europe,https://www.tenniswarehouse-europe.com/adidas_Mens_Club_Core_7_Short/descpageMAADIT-AMC7SN-EN.html?color=NV,Adidas -
"adidas Men's Club Core 7"" Short",29.90 €,35.00 €,Tennis Clothing,2026-09-11 14:51:34,Tennis Warehouse Europe,https://www.tenniswarehouse-europe.com/adidas_Mens_Club_Core_7_Short/descpageMAADIT-AMCC7W-EN.html?color=WH,Adidas -
"adidas Men's Club Core 7"" Short",23.90 €,35.00 €,Tennis Clothing,2026-09-11 14:51:34,Tennis Warehouse Europe,https://www.tenniswarehouse-europe.com/adidas_Mens_Club_Core_7_Short/descpageMAADIT-AMCC7B-EN.html?color=BK,Adidas -
adidas Men's Club Core 2-in-1 Short,35.90 €,45.00 €,Tennis Clothing,2026-09-11 14:51:34,Tennis Warehouse Europe,https://www.tenniswarehouse-europe.com/adidas_Mens_Club_Core_2-in-1_Short/descpageMAADIT-AMC2SW-EN.html?color=WH,Adidas -
adidas Men's Club 2-in-1 Short,40.90 €,45.00 €,Tennis Clothing,2026-09-11 14:51:34,Tennis Warehouse Europe,https://www.tenniswarehouse-europe.com/adidas_Mens_Club_2-in-1_Short/descpageMAADIT-AMC2SH-EN.html?color=BK,Adidas -
adidas Men's Fall Club 2-in-1 Short,40.90 €,45.00 €,Tennis Clothing,2026-09-11 14:51:34,Tennis Warehouse Europe,https://www.tenniswarehouse-europe.com/adidas_Mens_Fall_Club_2-in-1_Short/descpageMAADIT-AMF2IS-EN.html?color=GR,Adidas -
"adidas Men's Fall Graphic Club 7"" Short",40.90 €,45.00 €,Tennis Clothing,2026-09-11 14:51:34,Tennis Warehouse Europe,https://www.tenniswarehouse-europe.com/adidas_Mens_Fall_Graphic_Club_7_Short/descpageMAADIT-AMGT7S-EN.html?color=BK,Adidas -
"adidas Men's Club SW 7"" Short",33.90 €,40.00 €,Tennis Clothing,2026-09-11 14:51:34,Tennis Warehouse Europe,https://www.tenniswarehouse-europe.com/adidas_Mens_Club_SW_7_Short/descpageMAADIT-AMC7SWW-EN.html?color=BL,Adidas -
"adidas Men's Fall Club SW 7"" Short",35.90 €,40.00 €,Tennis Clothing,2026-09-11 14:51:34,Tennis Warehouse Europe,https://www.tenniswarehouse-europe.com/adidas_Mens_Fall_Club_SW_7_Short/descpageMAADIT-AMF7SW-EN.html?color=RD,Adidas -
"adidas Men's Club SW 7"" Short",35.90 €,40.00 €,Tennis Clothing,2026-09-11 14:51:34,Tennis Warehouse Europe,https://www.tenniswarehouse-europe.com/adidas_Mens_Club_SW_7_Short/descpageMAADIT-AMS7S-EN.html?color=WH,Adidas -
"adidas Men's Club 3-Stripe 7"" Short",35.90 €,40.00 €,Tennis Clothing,2026-09-11 14:51:34,Tennis Warehouse Europe,https://www.tenniswarehouse-europe.com/adidas_Mens_Club_3-Stripe_7_Short/descpageMAADIT-AMC37B-EN.html?color=BK,Adidas -
"adidas Men's Club 3-Stripe 7"" Short",35.90 €,40.00 €,Tennis Clothing,2026-09-11 14:51:34,Tennis Warehouse Europe,https://www.tenniswarehouse-europe.com/adidas_Mens_Club_3-Stripe_7_Short/descpageMAADIT-AMC37N-EN.html?color=NV,Adidas -
"adidas Men's Fall Club 3-Stripe 9"" Short",35.90 €,40.00 €,Tennis Clothing,2026-09-11 14:51:34,Tennis Warehouse Europe,https://www.tenniswarehouse-europe.com/adidas_Mens_Fall_Club_3-Stripe_9_Short/descpageMAADIT-AMFT6SH-EN.html?color=PU,Adidas -
adidas Men's Club Jacket,53.90 €,60.00 €,Tennis Clothing,2026-09-11 14:51:34,Tennis Warehouse Europe,https://www.tenniswarehouse-europe.com/adidas_Mens_Club_Jacket/descpageMAADIT-AMWCLB-EN.html?color=BK,Adidas -
adidas Men's Club Jacket,53.90 €,60.00 €,Tennis Clothing,2026-09-11 14:51:34,Tennis Warehouse Europe,https://www.tenniswarehouse-europe.com/adidas_Mens_Club_Jacket/descpageMAADIT-AMWCLB-EN.html?color=WH,Adidas -
adidas Men's Club Core 3-Stripe Knit Pant,53.90 €,60.00 €,Tennis Clothing,2026-09-11 14:51:34,Tennis Warehouse Europe,https://www.tenniswarehouse-europe.com/adidas_Mens_Club_Core_3-Stripe_Knit_Pant/descpageMAADIT-AMCSKP-EN.html?color=BK,Adidas -
adidas Men's Club Core 3-Stripe Knit Pant,53.90 €,60.00 €,Tennis Clothing,2026-09-11 14:51:34,Tennis Warehouse Europe,https://www.tenniswarehouse-europe.com/adidas_Mens_Club_Core_3-Stripe_Knit_Pant/descpageMAADIT-AMCSKP-EN.html?color=WH,Adidas -
adidas Men's Club 3-Stripes Tracksuit,59.89 €,75.00 €,Tennis Clothing,2026-09-11 14:51:34,Tennis Warehouse Europe,https://www.tenniswarehouse-europe.com/adidas_Mens_Club_3-Stripes_Tracksuit/descpageMAADIT-AM3STRS-EN.html?color=BK,Adidas -
adidas Men's Club 3-Stripes Tracksuit,59.89 €,75.00 €,Tennis Clothing,2026-09-11 14:51:34,Tennis Warehouse Europe,https://www.tenniswarehouse-europe.com/adidas_Mens_Club_3-Stripes_Tracksuit/descpageMAADIT-AM3STRS-EN.html?color=NV,Adidas -
adidas Men's Fall Essential Base Top,20.90 €,23.00 €,Tennis Clothing,2026-09-11 14:51:34,Tennis Warehouse Europe,https://www.tenniswarehouse-europe.com/adidas_Mens_Fall_Essential_Base_Top/descpageMAADIT-AMFEBT-EN.html?color=GR,Adidas -
adidas Men's Fall Essential Base Top,20.90 €,23.00 €,Tennis Clothing,2026-09-11 14:51:34,Tennis Warehouse Europe,https://www.tenniswarehouse-europe.com/adidas_Mens_Fall_Essential_Base_Top/descpageMAADIT-AMFEBT-EN.html?color=KH,Adidas -
adidas Men's Fall Essential Base Top,20.90 €,23.00 €,Tennis Clothing,2026-09-11 14:51:34,Tennis Warehouse Europe,https://www.tenniswarehouse-europe.com/adidas_Mens_Fall_Essential_Base_Top/descpageMAADIT-AMFEBT-EN.html?color=LB,Adidas -
adidas Men's Fall Essential Base Top,20.90 €,23.00 €,Tennis Clothing,2026-09-11 14:51:34,Tennis Warehouse Europe,https://www.tenniswarehouse-europe.com/adidas_Mens_Fall_Essential_Base_Top/descpageMAADIT-AMFEBT-EN.html?color=PU,Adidas -
adidas Men's Basic Essential Base Top,20.90 €,23.00 €,Tennis Clothing,2026-09-11 14:51:34,Tennis Warehouse Europe,https://www.tenniswarehouse-europe.com/adidas_Mens_Basic_Essential_Base_Top/descpageMAADIT-AMEBT-EN.html?color=BK,Adidas -
adidas Men's Basic Essential Base Top,20.90 €,23.00 €,Tennis Clothing,2026-09-11 14:51:34,Tennis Warehouse Europe,https://www.tenniswarehouse-europe.com/adidas_Mens_Basic_Essential_Base_Top/descpageMAADIT-AMEBT-EN.html?color=DB,Adidas -
adidas Men's Basic Essential Base Top,20.90 €,23.00 €,Tennis Clothing,2026-09-11 14:51:34,Tennis Warehouse Europe,https://www.tenniswarehouse-europe.com/adidas_Mens_Basic_Essential_Base_Top/descpageMAADIT-AMEBT-EN.html?color=WH,Adidas -
adidas Men's Fall Flex Top,26.89 €,30.00 €,Tennis Clothing,2026-09-11 14:51:34,Tennis Warehouse Europe,https://www.tenniswarehouse-europe.com/adidas_Mens_Fall_Flex_Top/descpageMAADIT-AMFLT-EN.html?color=LGY,Adidas -
adidas Men's Fall Flex Top,26.89 €,30.00 €,Tennis Clothing,2026-09-11 14:51:34,Tennis Warehouse Europe,https://www.tenniswarehouse-europe.com/adidas_Mens_Fall_Flex_Top/descpageMAADIT-AMFLT-EN.html?color=NV,Adidas -
adidas Men's Fall Flex Top,26.89 €,30.00 €,Tennis Clothing,2026-09-11 14:51:34,Tennis Warehouse Europe,https://www.tenniswarehouse-europe.com/adidas_Mens_Fall_Flex_Top/descpageMAADIT-AMFLT-EN.html?color=RD,Adidas -
adidas Men's Fall Flex Top,26.89 €,30.00 €,Tennis Clothing,2026-09-11 14:51:34,Tennis Warehouse Europe,https://www.tenniswarehouse-europe.com/adidas_Mens_Fall_Flex_Top/descpageMAADIT-AMFLT-EN.html?color=YE,Adidas -
adidas Men's Essential Sleeveless Top,20.90 €,23.00 €,Tennis Clothing,2026-09-11 14:51:34,Tennis Warehouse Europe,https://www.tenniswarehouse-europe.com/adidas_Mens_Essential_Sleeveless_Top/descpageMAADIT-AMRNSL-EN.html?color=BK,Adidas -
adidas Men's FeelReady Sleeveless Top,22.90 €,25.00 €,Tennis Clothing,2026-09-11 14:51:34,Tennis Warehouse Europe,https://www.tenniswarehouse-europe.com/adidas_Mens_FeelReady_Sleeveless_Top/descpageMAADIT-AMFDST-EN.html?color=GY,Adidas -
adidas Men's FeelReady Sleeveless Top,22.90 €,25.00 €,Tennis Clothing,2026-09-11 14:51:34,Tennis Warehouse Europe,https://www.tenniswarehouse-europe.com/adidas_Mens_FeelReady_Sleeveless_Top/descpageMAADIT-AMFDST-EN.html?color=NV,Adidas -
adidas Men's Fall Base Polo,29.90 €,33.00 €,Tennis Clothing,2026-09-11 14:51:34,Tennis Warehouse Europe,https://www.tenniswarehouse-europe.com/adidas_Mens_Fall_Base_Polo/descpageMAADIT-AMBPL-EN.html?color=GR,Adidas -
adidas Men's Burger Flavor Graphic T-Shirt,22.90 €,25.00 €,Tennis Clothing,2026-09-11 14:51:34,Tennis Warehouse Europe,https://www.tenniswarehouse-europe.com/adidas_Mens_Burger_Flavor_Graphic_T-Shirt/descpageMAADIT-AMBFGT-EN.html?color=BK,Adidas -
adidas Men's Burger Flavor Graphic T-Shirt,22.90 €,25.00 €,Tennis Clothing,2026-09-11 14:51:34,Tennis Warehouse Europe,https://www.tenniswarehouse-europe.com/adidas_Mens_Burger_Flavor_Graphic_T-Shirt/descpageMAADIT-AMBFGT-EN.html?color=WH,Adidas -
adidas Men's Taste of Victory Graphic T-Shirt,22.90 €,25.00 €,Tennis Clothing,2026-09-11 14:51:34,Tennis Warehouse Europe,https://www.tenniswarehouse-europe.com/adidas_Mens_Taste_of_Victory_Graphic_T-Shirt/descpageMAADIT-AMTOVGT-EN.html?color=GR,Adidas -
adidas Men's Taste of Victory Graphic T-Shirt,22.90 €,25.00 €,Tennis Clothing,2026-09-11 14:51:34,Tennis Warehouse Europe,https://www.tenniswarehouse-europe.com/adidas_Mens_Taste_of_Victory_Graphic_T-Shirt/descpageMAADIT-AMTOVGT-EN.html?color=WH,Adidas -
adidas Men's Coffee Donut Bag Graphic T-Shirt,26.89 €,30.00 €,Tennis Clothing,2026-09-11 14:51:34,Tennis Warehouse Europe,https://www.tenniswarehouse-europe.com/adidas_Mens_Coffee_Donut_Bag_Graphic_T-Shirt/descpageMAADIT-AMCDBGT-EN.html?color=RD,Adidas -
adidas Men's Fall Camo Logo Graphic T-Shirt,22.90 €,25.00 €,Tennis Clothing,2026-09-11 14:51:34,Tennis Warehouse Europe,https://www.tenniswarehouse-europe.com/adidas_Mens_Fall_Camo_Logo_Graphic_T-Shirt/descpageMAADIT-AMFLGTS-EN.html?color=WH,Adidas -
"adidas Men's Fall Essential Base 5"" Short",24.89 €,28.00 €,Tennis Clothing,2026-09-11 14:51:34,Tennis Warehouse Europe,https://www.tenniswarehouse-europe.com/adidas_Mens_Fall_Essential_Base_5_Short/descpageMAADIT-AMESBFS-EN.html?color=LGY,Adidas -
"adidas Men's Fall Essential Base 5"" Short",24.89 €,28.00 €,Tennis Clothing,2026-09-11 14:51:34,Tennis Warehouse Europe,https://www.tenniswarehouse-europe.com/adidas_Mens_Fall_Essential_Base_5_Short/descpageMAADIT-AMESBFS-EN.html?color=PU,Adidas -
"adidas Men's Basic Essential Base 7"" Short",24.89 €,28.00 €,Tennis Clothing,2026-09-11 14:51:34,Tennis Warehouse Europe,https://www.tenniswarehouse-europe.com/adidas_Mens_Basic_Essential_Base_7_Short/descpageMAADIT-AMESBS-EN.html?color=BK,Adidas -
"adidas Men's Basic Essential Base 7"" Short",24.89 €,28.00 €,Tennis Clothing,2026-09-11 14:51:34,Tennis Warehouse Europe,https://www.tenniswarehouse-europe.com/adidas_Mens_Basic_Essential_Base_7_Short/descpageMAADIT-AMESBS-EN.html?color=DB,Adidas -
"adidas Men's Basic Essential Base 7"" Short",24.89 €,28.00 €,Tennis Clothing,2026-09-11 14:51:34,Tennis Warehouse Europe,https://www.tenniswarehouse-europe.com/adidas_Mens_Basic_Essential_Base_7_Short/descpageMAADIT-AMESBS-EN.html?color=GY,Adidas -
adidas Men's Fall Essential Flex Longsleeve Top,31.90 €,35.00 €,Tennis Clothing,2026-09-11 14:51:34,Tennis Warehouse Europe,https://www.tenniswarehouse-europe.com/adidas_Mens_Fall_Essential_Flex_Longsleeve_Top/descpageMAADIT-AMEFLS-EN.html?color=BK,Adidas -
adidas Men's Training Feelcozy Pant,44.90 €,50.00 €,Tennis Clothing,2026-09-11 14:51:34,Tennis Warehouse Europe,https://www.tenniswarehouse-europe.com/adidas_Mens_Training_Feelcozy_Pant/descpageMAADIT-AMTFCP2-EN.html?color=BK,Adidas -
adidas Men's Training Feelcozy Pant,44.90 €,50.00 €,Tennis Clothing,2026-09-11 14:51:34,Tennis Warehouse Europe,https://www.tenniswarehouse-europe.com/adidas_Mens_Training_Feelcozy_Pant/descpageMAADIT-AMTFCP-EN.html?color=GY,Adidas -
adidas Men's Team Court Top Lt. Blue,26.89 €,30.00 €,Tennis Clothing,2026-09-11 14:51:34,Tennis Warehouse Europe,https://www.tenniswarehouse-europe.com/adidas_Mens_Team_Court_Top_Lt_Blue/descpageMAADIT-ALMTB-EN.html?color=LB,Adidas -
adidas Men's Team Court Top Green,26.89 €,30.00 €,Tennis Clothing,2026-09-11 14:51:34,Tennis Warehouse Europe,https://www.tenniswarehouse-europe.com/adidas_Mens_Team_Court_Top_Green/descpageMAADIT-ALMTG-EN.html?color=DGR,Adidas -
adidas Men's Team Court Top Red,26.89 €,30.00 €,Tennis Clothing,2026-09-11 14:51:34,Tennis Warehouse Europe,https://www.tenniswarehouse-europe.com/adidas_Mens_Team_Court_Top_Red/descpageMAADIT-ALMTR-EN.html?color=RD,Adidas -
adidas Men's Team Court Top Navy,26.89 €,30.00 €,Tennis Clothing,2026-09-11 14:51:34,Tennis Warehouse Europe,https://www.tenniswarehouse-europe.com/adidas_Mens_Team_Court_Top_Navy/descpageMAADIT-ALMTN-EN.html?color=NV,Adidas -
adidas Men's Team Court Top White,26.89 €,30.00 €,Tennis Clothing,2026-09-11 14:51:34,Tennis Warehouse Europe,https://www.tenniswarehouse-europe.com/adidas_Mens_Team_Court_Top_White/descpageMAADIT-ALMTW-EN.html?color=WBL,Adidas -
"adidas Men's Team Court 7"" Woven Short Lt. Blue",31.90 €,35.00 €,Tennis Clothing,2026-09-11 14:51:34,Tennis Warehouse Europe,https://www.tenniswarehouse-europe.com/adidas_Mens_Team_Court_7_Woven_Short_Lt_Blue/descpageMAADIT-ALM9SB-EN.html?color=LB,Adidas -
"adidas Men's Team Court 7"" Woven Short Red",31.90 €,35.00 €,Tennis Clothing,2026-09-11 14:51:34,Tennis Warehouse Europe,https://www.tenniswarehouse-europe.com/adidas_Mens_Team_Court_7_Woven_Short_Red/descpageMAADIT-ALM9SR-EN.html?color=RD,Adidas -
"adidas Men's Team Court 9"" Woven Short Navy",31.90 €,35.00 €,Tennis Clothing,2026-09-11 14:51:34,Tennis Warehouse Europe,https://www.tenniswarehouse-europe.com/adidas_Mens_Team_Court_9_Woven_Short_Navy/descpageMAADIT-ALM9SN-EN.html?color=NV,Adidas -
adidas Stadium Trucker Hat,25.90 €,28.00 €,Tennis Clothing,2026-09-11 14:51:34,Tennis Warehouse Europe,https://www.tenniswarehouse-europe.com/adidas_Stadium_Trucker_Hat/descpageADIT-ASTHA-EN.html?color=MR,Adidas -
adidas Originals Visor,24.98 €,,Tennis Clothing,2026-09-11 14:51:34,Tennis Warehouse Europe,https://www.tenniswarehouse-europe.com/adidas_Originals_Visor/descpageADIT-AKORIV-EN.html?color=WH,Adidas -
adidas Originals BB Clima Hat,19.90 €,25.00 €,Tennis Clothing,2026-09-11 14:51:34,Tennis Warehouse Europe,https://www.tenniswarehouse-europe.com/adidas_Originals_BB_Clima_Hat/descpageADIT-AKOIRH-EN.html?color=WH,Adidas -
adidas Aeroready Hat Navy,17.90 €,20.00 €,Tennis Clothing,2026-09-11 14:51:34,Tennis Warehouse Europe,https://www.tenniswarehouse-europe.com/adidas_Aeroready_Hat_Navy/descpageADIT-ADARN-EN.html?color=NV,Adidas -
adidas Aeroready Hat Black,17.90 €,20.00 €,Tennis Clothing,2026-09-11 14:51:34,Tennis Warehouse Europe,https://www.tenniswarehouse-europe.com/adidas_Aeroready_Hat_Black/descpageADIT-ADARB-EN.html?color=BK,Adidas -
adidas Aeroready Hat White,17.90 €,20.00 €,Tennis Clothing,2026-09-11 14:51:34,Tennis Warehouse Europe,https://www.tenniswarehouse-europe.com/adidas_Aeroready_Hat_White/descpageADIT-ADARW-EN.html?color=WH,Adidas -
adidas Lightweight Metal Hat Navy,15.90 €,18.00 €,Tennis Clothing,2026-09-11 14:51:34,Tennis Warehouse Europe,https://www.tenniswarehouse-europe.com/adidas_Lightweight_Metal_Hat_Navy/descpageADIT-ALWHN-EN.html?color=NV,Adidas -
adidas Lightweight Metal Hat White,15.90 €,18.00 €,Tennis Clothing,2026-09-11 14:51:34,Tennis Warehouse Europe,https://www.tenniswarehouse-europe.com/adidas_Lightweight_Metal_Hat_White/descpageADIT-ALWHW-EN.html?color=WH,Adidas -
adidas Lightweight Metal Hat Black,15.90 €,18.00 €,Tennis Clothing,2026-09-11 14:51:34,Tennis Warehouse Europe,https://www.tenniswarehouse-europe.com/adidas_Lightweight_Metal_Hat_Black/descpageADIT-ALWHB-EN.html?color=BK,Adidas -
adidas New York Y-3 Visor,30.90 €,40.00 €,Tennis Clothing,2026-09-11 14:51:34,Tennis Warehouse Europe,https://www.tenniswarehouse-europe.com/adidas_New_York_Y-3_Visor/descpageADIT-ANY3VV-EN.html?color=BK,Adidas -
adidas New York Y-3 Visor,30.90 €,40.00 €,Tennis Clothing,2026-09-11 14:51:34,Tennis Warehouse Europe,https://www.tenniswarehouse-europe.com/adidas_New_York_Y-3_Visor/descpageADIT-ANY3VV-EN.html?color=BE,Adidas -
adidas RunXadizero Lightweight Climacool Hat,26.89 €,30.00 €,Tennis Clothing,2026-09-11 14:51:34,Tennis Warehouse Europe,https://www.tenniswarehouse-europe.com/adidas_RunXadizero_Lightweight_Climacool_Hat/descpageADIDARG-ARXALCH-EN.html?color=OR,adidas RUNNING Accessories
adidas Run GRF Hat,23.90 €,25.00 €,Tennis Clothing,2026-09-11 14:51:34,Tennis Warehouse Europe,https://www.tenniswarehouse-europe.com/adidas_Run_GRF_Hat/descpageADIDARG-ARGRFHA-EN.html?color=BL,adidas RUNNING Accessories
adidas Run Mes Hat,23.90 €,25.00 €,Tennis Clothing,2026-09-11 14:51:34,Tennis Warehouse Europe,https://www.tenniswarehouse-europe.com/adidas_Run_Mes_Hat/descpageADIDARG-ARUNMHA-EN.html?color=BK,adidas RUNNING Accessories
adidas Run Mes Hat,23.90 €,25.00 €,Tennis Clothing,2026-09-11 14:51:34,Tennis Warehouse Europe,https://www.tenniswarehouse-europe.com/adidas_Run_Mes_Hat/descpageADIDARG-ARUNMHA-EN.html?color=WH,adidas RUNNING Accessories
adidas BER26 Running Hat,30.00 €,,Tennis Clothing,2026-09-11 14:51:34,Tennis Warehouse Europe,https://www.tenniswarehouse-europe.com/adidas_BER26_Running_Hat/descpageADIDARG-BERCAP-EN.html?color=RD,adidas RUNNING Accessories
adidas Tennis Headband Black,10.90 €,12.00 €,Tennis Clothing,2026-09-11 14:51:34,Tennis Warehouse Europe,https://www.tenniswarehouse-europe.com/adidas_Tennis_Headband_Black/descpageADIT-ATHEBLA-EN.html?color=BK,Adidas -
adidas Tennis Headband London White,10.90 €,12.00 €,Tennis Clothing,2026-09-11 14:51:34,Tennis Warehouse Europe,https://www.tenniswarehouse-europe.com/adidas_Tennis_Headband_London_White/descpageADIT-ATHEBW-EN.html?color=WH,Adidas -
adidas Originals Tennis Headband,14.90 €,20.00 €,Tennis Clothing,2026-09-11 14:51:34,Tennis Warehouse Europe,https://www.tenniswarehouse-europe.com/adidas_Originals_Tennis_Headband/descpageADIT-ALOFBA-EN.html?color=WH,Adidas -
adidas Tennis Headband Black,10.90 €,12.00 €,Tennis Clothing,2026-09-11 14:51:34,Tennis Warehouse Europe,https://www.tenniswarehouse-europe.com/adidas_Tennis_Headband_Black/descpageADIT-ADHBB-EN.html?color=BK,Adidas -
adidas Tennis Headband White,10.90 €,12.00 €,Tennis Clothing,2026-09-11 14:51:34,Tennis Warehouse Europe,https://www.tenniswarehouse-europe.com/adidas_Tennis_Headband_White/descpageADIT-ADHBW-EN.html?color=WH,Adidas -
adidas Tennis Doublewide Wristband White,11.90 €,13.00 €,Tennis Clothing,2026-09-11 14:51:34,Tennis Warehouse Europe,https://www.tenniswarehouse-europe.com/adidas_Tennis_Doublewide_Wristband_White/descpageADIT-ATDWRB-EN.html,Adidas -
adidas Tennis Doublewide Wristbands Originals,15.90 €,20.00 €,Tennis Clothing,2026-09-11 14:51:34,Tennis Warehouse Europe,https://www.tenniswarehouse-europe.com/adidas_Tennis_Doublewide_Wristbands_Originals/descpageADIT-ALORIW-EN.html,Adidas -
adidas Tennis Singlewide Wristbands Originals,11.90 €,15.00 €,Tennis Clothing,2026-09-11 14:51:34,Tennis Warehouse Europe,https://www.tenniswarehouse-europe.com/adidas_Tennis_Singlewide_Wristbands_Originals/descpageADIT-ALORIWR-EN.html,Adidas -
adidas Tennis Singlewide Wristbands New York Y-3 Grey,10.90 €,15.00 €,Tennis Clothing,2026-09-11 14:51:34,Tennis Warehouse Europe,https://www.tenniswarehouse-europe.com/adidas_Tennis_Singlewide_Wristbands_New_York_Y-3_Grey/descpageADIT-AY3SWP-EN.html,Adidas -
adidas Tennis Singlewide Wristband White,8.90 €,10.00 €,Tennis Clothing,2026-09-11 14:51:34,Tennis Warehouse Europe,https://www.tenniswarehouse-europe.com/adidas_Tennis_Singlewide_Wristband_White/descpageADIT-ADISWWH-EN.html,Adidas -
adidas Tennis Singlewide Wristband Black,8.90 €,10.00 €,Tennis Clothing,2026-09-11 14:51:34,Tennis Warehouse Europe,https://www.tenniswarehouse-europe.com/adidas_Tennis_Singlewide_Wristband_Black/descpageADIT-ADISWBK-EN.html,Adidas -
adidas Tennis Doublewide Wristbands Navy,11.90 €,13.00 €,Tennis Clothing,2026-09-11 14:51:34,Tennis Warehouse Europe,https://www.tenniswarehouse-europe.com/adidas_Tennis_Doublewide_Wristbands_Navy/descpageADIT-ADDWRB-EN.html,Adidas -
adidas Men's Paris Freelift Pro Top Royal,43.90 €,65.00 €,Tennis Clothing,2026-09-11 14:51:34,Tennis Warehouse Europe,https://www.tenniswarehouse-europe.com/adidas_Mens_Paris_Freelift_Pro_Top_Royal/descpageMAADIT-APAMT-EN.html?color=RY,Adidas -
adidas Men's Paris Short & Tight Set Navy,55.91 €,75.00 €,Tennis Clothing,2026-09-11 14:51:34,Tennis Warehouse Europe,https://www.tenniswarehouse-europe.com/adidas_Mens_Paris_Short__Tight_Set_Navy/descpageMAADIT-APAMTS-EN.html?color=NV,Adidas -
adidas Men's Paris Short & Tight Set White,45.90 €,75.00 €,Tennis Clothing,2026-09-11 14:51:34,Tennis Warehouse Europe,https://www.tenniswarehouse-europe.com/adidas_Mens_Paris_Short__Tight_Set_White/descpageMAADIT-APRMTS-EN.html?color=WH,Adidas -
adidas Men's Paris Wow Longsleeve Top Navy,44.90 €,80.00 €,Tennis Clothing,2026-09-11 14:51:34,Tennis Warehouse Europe,https://www.tenniswarehouse-europe.com/adidas_Mens_Paris_Wow_Longsleeve_Top_Navy/descpageMAADIT-AMPLW-EN.html?color=NV,Adidas -
adidas Men's Paris Wow Longsleeve Top White,44.90 €,80.00 €,Tennis Clothing,2026-09-11 14:51:34,Tennis Warehouse Europe,https://www.tenniswarehouse-europe.com/adidas_Mens_Paris_Wow_Longsleeve_Top_White/descpageMAADIT-AMPLS-EN.html?color=WH,Adidas -
adidas Men's Heritage Stripes Top,47.90 €,60.00 €,Tennis Clothing,2026-09-11 14:51:34,Tennis Warehouse Europe,https://www.tenniswarehouse-europe.com/adidas_Mens_Heritage_Stripes_Top/descpageMAADIT-AMCLT-EN.html?color=NW,Adidas -
adidas Men's Heritage Stripes Top,47.90 €,60.00 €,Tennis Clothing,2026-09-11 14:51:34,Tennis Warehouse Europe,https://www.tenniswarehouse-europe.com/adidas_Mens_Heritage_Stripes_Top/descpageMAADIT-AMCLT-EN.html?color=WRD,Adidas -
adidas Men's Heritage Sweater,48.90 €,65.00 €,Tennis Clothing,2026-09-11 14:51:34,Tennis Warehouse Europe,https://www.tenniswarehouse-europe.com/adidas_Mens_Heritage_Sweater/descpageMAADIT-AMHES-EN.html?color=BG,Adidas -
adidas Men's Spring Freelift Top,41.90 €,60.00 €,Tennis Clothing,2026-09-11 14:51:34,Tennis Warehouse Europe,https://www.tenniswarehouse-europe.com/adidas_Mens_Spring_Freelift_Top/descpageMAADIT-AFRES6T-EN.html?color=OR,Adidas -
adidas Men's Summer Club Top,29.90 €,35.00 €,Tennis Clothing,2026-09-11 14:51:34,Tennis Warehouse Europe,https://www.tenniswarehouse-europe.com/adidas_Mens_Summer_Club_Top/descpageMAADIT-AMSUCW-EN.html?color=BL,Adidas -
adidas Men's Spring Club Top,27.89 €,35.00 €,Tennis Clothing,2026-09-11 14:51:34,Tennis Warehouse Europe,https://www.tenniswarehouse-europe.com/adidas_Mens_Spring_Club_Top/descpageMAADIT-AMSPCW-EN.html?color=OR,Adidas -
adidas Men's Club Spring Graphic Top,36.90 €,45.00 €,Tennis Clothing,2026-09-11 14:51:34,Tennis Warehouse Europe,https://www.tenniswarehouse-europe.com/adidas_Mens_Club_Spring_Graphic_Top/descpageMAADIT-AMS3GW-EN.html?color=WH,Adidas -
adidas Men's Summer 3-Stripe Club Top,25.00 €,40.00 €,Tennis Clothing,2026-09-11 14:51:34,Tennis Warehouse Europe,https://www.tenniswarehouse-europe.com/adidas_Mens_Summer_3-Stripe_Club_Top/descpageMAADIT-AMS3CW-EN.html?color=RD,Adidas -
adidas Men's Tennis Cat T-Shirt,27.89 €,35.00 €,Tennis Clothing,2026-09-11 14:51:34,Tennis Warehouse Europe,https://www.tenniswarehouse-europe.com/adidas_Mens_Tennis_Cat_T-Shirt/descpageMAADIT-AMTENBS-EN.html?color=WH,Adidas -
adidas Men's Spring PDL Cat T-Shirt,22.90 €,35.00 €,Tennis Clothing,2026-09-11 14:51:34,Tennis Warehouse Europe,https://www.tenniswarehouse-europe.com/adidas_Mens_Spring_PDL_Cat_T-Shirt/descpageMAADIT-AMPADBS-EN.html?color=BL,Adidas -
adidas Men's Spring PDL Cat T-Shirt,22.90 €,35.00 €,Tennis Clothing,2026-09-11 14:51:34,Tennis Warehouse Europe,https://www.tenniswarehouse-europe.com/adidas_Mens_Spring_PDL_Cat_T-Shirt/descpageMAADIT-AMPADBS-EN.html?color=NV,Adidas -
adidas Men's Spring PDL Wanted T-Shirt,22.90 €,35.00 €,Tennis Clothing,2026-09-11 14:51:34,Tennis Warehouse Europe,https://www.tenniswarehouse-europe.com/adidas_Mens_Spring_PDL_Wanted_T-Shirt/descpageMAADIT-AMPADWS-EN.html?color=WH,Adidas -
"adidas Men's Summer Ergo 9"" Short",43.90 €,55.00 €,Tennis Clothing,2026-09-11 14:51:34,Tennis Warehouse Europe,https://www.tenniswarehouse-europe.com/adidas_Mens_Summer_Ergo_9_Short/descpageMAADIT-AMSU6SH-EN.html?color=RY,Adidas -
"adidas Men's Summer Ergo 7"" Short",43.90 €,55.00 €,Tennis Clothing,2026-09-11 14:51:34,Tennis Warehouse Europe,https://www.tenniswarehouse-europe.com/adidas_Mens_Summer_Ergo_7_Short/descpageMAADIT-AMSUESH-EN.html?color=BL,Adidas -
"adidas Men's Summer Ergo 7"" Short",43.90 €,55.00 €,Tennis Clothing,2026-09-11 14:51:34,Tennis Warehouse Europe,https://www.tenniswarehouse-europe.com/adidas_Mens_Summer_Ergo_7_Short/descpageMAADIT-AMSUESH-EN.html?color=RY,Adidas -
"adidas Men's Spring Ergo 7"" Short",43.90 €,55.00 €,Tennis Clothing,2026-09-11 14:51:34,Tennis Warehouse Europe,https://www.tenniswarehouse-europe.com/adidas_Mens_Spring_Ergo_7_Short/descpageMAADIT-AMSPESH-EN.html?color=OR,Adidas -
"adidas Men's Summer Club Stripe 9"" Short",27.89 €,40.00 €,Tennis Clothing,2026-09-11 14:51:34,Tennis Warehouse Europe,https://www.tenniswarehouse-europe.com/adidas_Mens_Summer_Club_Stripe_9_Short/descpageMAADIT-AMST6SH-EN.html?color=BL,Adidas -
"adidas Men's Spring Graphic Club 7"" Short",33.90 €,45.00 €,Tennis Clothing,2026-09-11 14:51:34,Tennis Warehouse Europe,https://www.tenniswarehouse-europe.com/adidas_Mens_Spring_Graphic_Club_7_Short/descpageMAADIT-AMGT7SH-EN.html?color=WH,Adidas -
"adidas Men's Summer Club Stripe 7"" Short",27.89 €,40.00 €,Tennis Clothing,2026-09-11 14:51:34,Tennis Warehouse Europe,https://www.tenniswarehouse-europe.com/adidas_Mens_Summer_Club_Stripe_7_Short/descpageMAADIT-AMST7SH-EN.html?color=RD,Adidas -
adidas Men's Spring Club 2-in-1 Short,35.90 €,45.00 €,Tennis Clothing,2026-09-11 14:51:34,Tennis Warehouse Europe,https://www.tenniswarehouse-europe.com/adidas_Mens_Spring_Club_2-in-1_Short/descpageMAADIT-AM2IPH-EN.html?color=BK,Adidas -
adidas Men's Walk On Jacket,63.90 €,80.00 €,Tennis Clothing,2026-09-11 14:51:34,Tennis Warehouse Europe,https://www.tenniswarehouse-europe.com/adidas_Mens_Walk_On_Jacket/descpageMAADIT-AMWJW-EN.html?color=WH,Adidas -
adidas Men's Walk On Jacket,63.90 €,80.00 €,Tennis Clothing,2026-09-11 14:51:34,Tennis Warehouse Europe,https://www.tenniswarehouse-europe.com/adidas_Mens_Walk_On_Jacket/descpageMAADIT-AMWJB-EN.html?color=BK,Adidas -
adidas Men's Walk On Pant,59.90 €,75.00 €,Tennis Clothing,2026-09-11 14:51:34,Tennis Warehouse Europe,https://www.tenniswarehouse-europe.com/adidas_Mens_Walk_On_Pant_/descpageMAADIT-AMWPN-EN.html?color=WH,Adidas -
adidas Men's Walk On Pant,59.90 €,75.00 €,Tennis Clothing,2026-09-11 14:51:34,Tennis Warehouse Europe,https://www.tenniswarehouse-europe.com/adidas_Mens_Walk_On_Pant_/descpageMAADIT-AMWPA-EN.html?color=BK,Adidas -
adidas Men's Club 3-Stripes Tracksuit,59.89 €,75.00 €,Tennis Clothing,2026-09-11 14:51:34,Tennis Warehouse Europe,https://www.tenniswarehouse-europe.com/adidas_Mens_Club_3-Stripes_Tracksuit/descpageMAADIT-AM3STRS-EN.html?color=BK,Adidas -
adidas Men's Club 3-Stripes Tracksuit,59.89 €,75.00 €,Tennis Clothing,2026-09-11 14:51:34,Tennis Warehouse Europe,https://www.tenniswarehouse-europe.com/adidas_Mens_Club_3-Stripes_Tracksuit/descpageMAADIT-AM3STRS-EN.html?color=NV,Adidas -
adidas Men's Melbourne Freelift Pro 2 Top,45.90 €,65.00 €,Tennis Clothing,2026-09-11 14:51:34,Tennis Warehouse Europe,https://www.tenniswarehouse-europe.com/adidas_Mens_Melbourne_Freelift_Pro_2_Top/descpageMAADIT-AMEFPT-EN.html?color=OR,Adidas -
adidas Men's Melbourne Freelift Top Black,45.90 €,65.00 €,Tennis Clothing,2026-09-11 14:51:34,Tennis Warehouse Europe,https://www.tenniswarehouse-europe.com/adidas_Mens_Melbourne_Freelift_Top_Black/descpageMAADIT-AMEFLT-EN.html?color=BK,Adidas -
adidas Men's Melbourne Freelift Top White,45.90 €,65.00 €,Tennis Clothing,2026-09-11 14:51:34,Tennis Warehouse Europe,https://www.tenniswarehouse-europe.com/adidas_Mens_Melbourne_Freelift_Top_White/descpageMAADIT-AMEFRT-EN.html?color=WH,Adidas -
adidas Men's Melbourne Sleeveless Top,44.90 €,60.00 €,Tennis Clothing,2026-09-11 14:51:34,Tennis Warehouse Europe,https://www.tenniswarehouse-europe.com/adidas_Mens_Melbourne_Sleeveless_Top/descpageMAADIT-AMBSVT-EN.html?color=OR,Adidas -
adidas Men's Melbourne Short & Tight Set Black,52.90 €,75.00 €,Tennis Clothing,2026-09-11 14:51:34,Tennis Warehouse Europe,https://www.tenniswarehouse-europe.com/adidas_Mens_Melbourne_Short__Tight_Set_Black/descpageMAADIT-AMBETS-EN.html?color=BK,Adidas -
adidas Men's Melbourne Short & Tight Set Orange,52.90 €,75.00 €,Tennis Clothing,2026-09-11 14:51:34,Tennis Warehouse Europe,https://www.tenniswarehouse-europe.com/adidas_Mens_Melbourne_Short__Tight_Set_Orange/descpageMAADIT-AMBSTS-EN.html?color=OR,Adidas -
adidas Men's Melbourne T-Shirt,24.89 €,35.00 €,Tennis Clothing,2026-09-11 14:51:34,Tennis Warehouse Europe,https://www.tenniswarehouse-europe.com/adidas_Mens_Melbourne_T-Shirt/descpageMAADIT-AMELBS-EN.html?color=OR,Adidas -
adidas Men's Melbourne T-Shirt,24.89 €,35.00 €,Tennis Clothing,2026-09-11 14:51:34,Tennis Warehouse Europe,https://www.tenniswarehouse-europe.com/adidas_Mens_Melbourne_T-Shirt/descpageMAADIT-AMELBS-EN.html?color=WH,Adidas -
adidas Men's Core Freelift Top - Black,35.90 €,60.00 €,Tennis Clothing,2026-09-11 14:51:34,Tennis Warehouse Europe,https://www.tenniswarehouse-europe.com/adidas_Mens_Core_Freelift_Top_-_Black/descpageMAADIT-ACFRCB-EN.html?color=BK,Adidas -
adidas Men's Summer Essential Base Top,17.90 €,23.00 €,Tennis Clothing,2026-09-11 14:51:34,Tennis Warehouse Europe,https://www.tenniswarehouse-europe.com/adidas_Mens_Summer_Essential_Base_Top/descpageMAADIT-AMSEST-EN.html?color=LI,Adidas -
adidas Men's Summer Essential Base Top,17.90 €,23.00 €,Tennis Clothing,2026-09-11 14:51:34,Tennis Warehouse Europe,https://www.tenniswarehouse-europe.com/adidas_Mens_Summer_Essential_Base_Top/descpageMAADIT-AMSEST-EN.html?color=TE,Adidas -
adidas Men's D4 Training Top,29.90 €,40.00 €,Tennis Clothing,2026-09-11 14:51:34,Tennis Warehouse Europe,https://www.tenniswarehouse-europe.com/adidas_Mens_D4_Training_Top/descpageMAADIT-AMD4TTO-EN.html?color=BE,Adidas -
adidas Men's D4 Training Top,29.90 €,40.00 €,Tennis Clothing,2026-09-11 14:51:34,Tennis Warehouse Europe,https://www.tenniswarehouse-europe.com/adidas_Mens_D4_Training_Top/descpageMAADIT-AMD4TTO-EN.html?color=BL,Adidas -
adidas Men's Spring Slide T-Shirt,19.90 €,25.00 €,Tennis Clothing,2026-09-11 14:51:34,Tennis Warehouse Europe,https://www.tenniswarehouse-europe.com/adidas_Mens_Spring_Slide_T-Shirt/descpageMAADIT-AMTSLT-EN.html?color=BK,Adidas -
adidas Men's Spring Slide T-Shirt,19.90 €,25.00 €,Tennis Clothing,2026-09-11 14:51:34,Tennis Warehouse Europe,https://www.tenniswarehouse-europe.com/adidas_Mens_Spring_Slide_T-Shirt/descpageMAADIT-AMTSLT-EN.html?color=WH,Adidas -
adidas Men's Summer Slide T-Shirt,19.90 €,25.00 €,Tennis Clothing,2026-09-11 14:51:34,Tennis Warehouse Europe,https://www.tenniswarehouse-europe.com/adidas_Mens_Summer_Slide_T-Shirt/descpageMAADIT-AMTSMT-EN.html?color=BL,Adidas -
adidas Men's Summer Slide Trim Graphic T-Shirt,18.90 €,25.00 €,Tennis Clothing,2026-09-11 14:51:34,Tennis Warehouse Europe,https://www.tenniswarehouse-europe.com/adidas_Mens_Summer_Slide_Trim_Graphic_T-Shirt/descpageMAADIT-AMSSTGT-EN.html?color=RD,Adidas -
adidas Men's Mini Surf T-Shirt,18.90 €,25.00 €,Tennis Clothing,2026-09-11 14:51:34,Tennis Warehouse Europe,https://www.tenniswarehouse-europe.com/adidas_Mens_Mini_Surf_T-Shirt/descpageMAADIT-AMMSTS-EN.html?color=WH,Adidas -
adidas Men's Spring Essential Flex Longsleeve Top,26.89 €,35.00 €,Tennis Clothing,2026-09-11 14:51:34,Tennis Warehouse Europe,https://www.tenniswarehouse-europe.com/adidas_Mens_Spring_Essential_Flex_Longsleeve_Top/descpageMAADIT-AMEFL-EN.html?color=DGY,Adidas -
"adidas Men's Spring Essential Base 7"" Short",19.90 €,28.00 €,Tennis Clothing,2026-09-11 14:51:34,Tennis Warehouse Europe,https://www.tenniswarehouse-europe.com/adidas_Mens_Spring_Essential_Base_7_Short/descpageMAADIT-AM2I1SH-EN.html?color=BL,Adidas -
"adidas Men's Spring Essential Base 7"" Short",19.90 €,28.00 €,Tennis Clothing,2026-09-11 14:51:34,Tennis Warehouse Europe,https://www.tenniswarehouse-europe.com/adidas_Mens_Spring_Essential_Base_7_Short/descpageMAADIT-AM2I1SH-EN.html?color=YE,Adidas -
"adidas Men's Summer Essential Base 5"" Short",19.90 €,28.00 €,Tennis Clothing,2026-09-11 14:51:34,Tennis Warehouse Europe,https://www.tenniswarehouse-europe.com/adidas_Mens_Summer_Essential_Base_5_Short/descpageMAADIT-AMEB5S-EN.html?color=BL,Adidas -
"adidas Men's D4 Training 7"" Short",33.90 €,45.00 €,Tennis Clothing,2026-09-11 14:51:34,Tennis Warehouse Europe,https://www.tenniswarehouse-europe.com/adidas_Mens_D4_Training_7_Short/descpageMAADIT-AMD4TSH-EN.html?color=BE,Adidas -
"adidas Men's D4 Training 7"" Short",33.90 €,45.00 €,Tennis Clothing,2026-09-11 14:51:34,Tennis Warehouse Europe,https://www.tenniswarehouse-europe.com/adidas_Mens_D4_Training_7_Short/descpageMAADIT-AMD4TSH-EN.html?color=BL,Adidas -
adidas Men's Training Feelcozy Pant,29.90 €,50.00 €,Tennis Clothing,2026-09-11 14:51:34,Tennis Warehouse Europe,https://www.tenniswarehouse-europe.com/adidas_Mens_Training_Feelcozy_Pant/descpageMAADIT-AMTFP-EN.html?color=GY,Adidas -
"adidas Men's Ergo 7"" Short",38.90 €,55.00 €,Tennis Clothing,2026-09-11 14:51:34,Tennis Warehouse Europe,https://www.tenniswarehouse-europe.com/adidas_Mens_Ergo_7_Short/descpageMAADIT-AMESGR-EN.html?color=GR,Adidas -
adidas Men's Fall Pennant T-Shirt,14.90 €,25.00 €,Tennis Clothing,2026-09-11 14:51:34,Tennis Warehouse Europe,https://www.tenniswarehouse-europe.com/adidas_Mens_Fall_Pennant_T-Shirt/descpageMAADIT-AMFPTS-EN.html?color=RY,Adidas -
adidas Men's New York Y-3 Zip Top,52.00 €,80.00 €,Tennis Clothing,2026-09-11 14:51:34,Tennis Warehouse Europe,https://www.tenniswarehouse-europe.com/adidas_Mens_New_York_Y-3_Zip_Top/descpageMAADIT-AZICNY-EN.html?color=BK,Adidas -
adidas Men's New York Y-3 Ergo Short,45.50 €,70.00 €,Tennis Clothing,2026-09-11 14:51:34,Tennis Warehouse Europe,https://www.tenniswarehouse-europe.com/adidas_Mens_New_York_Y-3_Ergo_Short/descpageMAADIT-AMESNY-EN.html?color=BK,Adidas -
adidas Men's London x Originals Pro Freelift Top,42.00 €,70.00 €,Tennis Clothing,2026-09-11 14:51:34,Tennis Warehouse Europe,https://www.tenniswarehouse-europe.com/adidas_Mens_London_x_Originals_Pro_Freelift_Top/descpageMAADIT-AMLFC-EN.html?color=PU,Adidas -
"adidas Men's London x Originals Pro Ergo 9"" Short",39.00 €,65.00 €,Tennis Clothing,2026-09-11 14:51:34,Tennis Warehouse Europe,https://www.tenniswarehouse-europe.com/adidas_Mens_London_x_Originals_Pro_Ergo_9_Short/descpageMAADIT-AMLPES-EN.html?color=GR,Adidas -
"adidas Men's London x Originals Pro Ergo 9"" Short",39.00 €,65.00 €,Tennis Clothing,2026-09-11 14:51:34,Tennis Warehouse Europe,https://www.tenniswarehouse-europe.com/adidas_Mens_London_x_Originals_Pro_Ergo_9_Short/descpageMAADIT-AMLPES-EN.html?color=OW,Adidas -
adidas Men's London x Originals Pant,49.90 €,100.00 €,Tennis Clothing,2026-09-11 14:51:34,Tennis Warehouse Europe,https://www.tenniswarehouse-europe.com/adidas_Mens_London_x_Originals_Pant_/descpageMAADIT-AMLPA-EN.html?color=WH,Adidas -
Asics Men's New York Match Top Seastorm,74.99 €,,Tennis Clothing,2026-09-11 14:51:34,Tennis Warehouse Europe,https://www.tenniswarehouse-europe.com/Asics_Mens_New_York_Match_Top_Seastorm/descpageMAASICSP-AMNMTS-EN.html?color=LB,Asics POPP
Asics Men's New York Match Top Dark Aubergine,63.00 €,70.00 €,Tennis Clothing,2026-09-11 14:51:34,Tennis Warehouse Europe,https://www.tenniswarehouse-europe.com/Asics_Mens_New_York_Match_Top_Dark_Aubergine/descpageMAASICSP-AMMST-EN.html?color=PU,Asics POPP
"Asics Men's New York Match 7"" Short Midnight",70.00 €,,Tennis Clothing,2026-09-11 14:51:34,Tennis Warehouse Europe,https://www.tenniswarehouse-europe.com/Asics_Mens_New_York_Match_7_Short_Midnight/descpageMAASICSP-AMM7MI-EN.html?color=DB,Asics POPP
"Asics Men's New York Match 7"" Short Graphite Grey",70.00 €,,Tennis Clothing,2026-09-11 14:51:34,Tennis Warehouse Europe,https://www.tenniswarehouse-europe.com/Asics_Mens_New_York_Match_7_Short_Graphite_Grey/descpageMAASICSP-AMM7GG-EN.html?color=GY,Asics POPP
Asics Men's Core Court Graphic T-Shirt Soft Oat,30.00 €,,Tennis Clothing,2026-09-11 14:51:34,Tennis Warehouse Europe,https://www.tenniswarehouse-europe.com/Asics_Mens_Core_Court_Graphic_T-Shirt_Soft_Oat/descpageMAASICSP-AMCGRO-EN.html?color=BE,Asics POPP
Asics Men's Core Court Graphic T-Shirt Midnight,30.00 €,,Tennis Clothing,2026-09-11 14:51:34,Tennis Warehouse Europe,https://www.tenniswarehouse-europe.com/Asics_Mens_Core_Court_Graphic_T-Shirt_Midnight/descpageMAASICSP-AMCGRM-EN.html?color=BLD,Asics POPP
Asics Men's PDL Court Top Soft Oat,45.01 €,,Tennis Clothing,2026-09-11 14:51:34,Tennis Warehouse Europe,https://www.tenniswarehouse-europe.com/Asics_Mens_PDL_Court_Top_Soft_Oat/descpageMAASICSP-AMPLCS-EN.html?color=BE,Asics POPP
"Asics Men's PDL Court 7"" Short Jewel Green",40.00 €,,Tennis Clothing,2026-09-11 14:51:34,Tennis Warehouse Europe,https://www.tenniswarehouse-europe.com/Asics_Mens_PDL_Court_7_Short_Jewel_Green/descpageMAASICSP-APD7SJ-EN.html?color=GR,Asics POPP
"Asics Men's PDL Court 7"" Short Dark Aubergine",40.00 €,,Tennis Clothing,2026-09-11 14:51:34,Tennis Warehouse Europe,https://www.tenniswarehouse-europe.com/Asics_Mens_PDL_Court_7_Short_Dark_Aubergine/descpageMAASICSP-APD7SD-EN.html?color=PU,Asics POPP
Asics Men's Game Seasonal Graphic T-Shirt Soft Oat,35.00 €,,Tennis Clothing,2026-09-11 14:51:34,Tennis Warehouse Europe,https://www.tenniswarehouse-europe.com/Asics_Mens_Game_Seasonal_Graphic_T-Shirt_Soft_Oat/descpageMAASICSP-AGSEGTS-EN.html?color=BE,Asics POPP
Asics Men's Game Seasonal Graphic T-Shirt Midnight,35.00 €,,Tennis Clothing,2026-09-11 14:51:34,Tennis Warehouse Europe,https://www.tenniswarehouse-europe.com/Asics_Mens_Game_Seasonal_Graphic_T-Shirt_Midnight/descpageMAASICSP-AGSEGTM-EN.html?color=BLD,Asics POPP
Asics Men's Game Top Greige,55.00 €,,Tennis Clothing,2026-09-11 14:51:34,Tennis Warehouse Europe,https://www.tenniswarehouse-europe.com/Asics_Mens_Game_Top_Greige/descpageMAASICSP-ASMGTG-EN.html?color=GY,Asics POPP
Asics Men's Game Top Foggy Teal,55.00 €,,Tennis Clothing,2026-09-11 14:51:34,Tennis Warehouse Europe,https://www.tenniswarehouse-europe.com/Asics_Mens_Game_Top_Foggy_Teal/descpageMAASICSP-ASMGTF-EN.html?color=TE,Asics POPP
Asics Men's Game Polo Midnight,65.00 €,,Tennis Clothing,2026-09-11 14:51:34,Tennis Warehouse Europe,https://www.tenniswarehouse-europe.com/Asics_Mens_Game_Polo_Midnight/descpageMAASICSP-ASMGPM-EN.html?color=DB,Asics POPP
"Asics Men's Game 7"" Short Dark Aubergine",49.00 €,55.00 €,Tennis Clothing,2026-09-11 14:51:34,Tennis Warehouse Europe,https://www.tenniswarehouse-europe.com/Asics_Mens_Game_7_Short_Dark_Aubergine/descpageMAASICSP-AG7SD-EN.html?color=PU,Asics POPP
"Asics Men's Core 7"" Short Grey",35.00 €,,Tennis Clothing,2026-09-11 14:51:34,Tennis Warehouse Europe,https://www.tenniswarehouse-europe.com/Asics_Mens_Core_7_Short_Grey/descpageMAASICSP-ACO7SG-EN.html?color=GY,Asics POPP
Asics Men's Paris Match Top,35.00 €,70.00 €,Tennis Clothing,2026-09-11 14:51:34,Tennis Warehouse Europe,https://www.tenniswarehouse-europe.com/Asics_Mens_Paris_Match_Top/descpageMAASICSP-AMPMC-EN.html?color=GY,Asics POPP
Asics Men's Paris Game Seasonal Graphic T-Shirt Navy,22.00 €,35.00 €,Tennis Clothing,2026-09-11 14:51:34,Tennis Warehouse Europe,https://www.tenniswarehouse-europe.com/Asics_Mens_Paris_Game_Seasonal_Graphic_T-Shirt_Navy/descpageMAASICSP-AMGSTN-EN.html?color=NV,Asics POPP
Asics Men's IW Game Top Green,34.00 €,55.00 €,Tennis Clothing,2026-09-11 14:51:34,Tennis Warehouse Europe,https://www.tenniswarehouse-europe.com/Asics_Mens_IW_Game_Top_Green/descpageMAASICSP-ASMGCG-EN.html?color=GR,Asics POPP
"Asics Men's IW Game 7"" Short Beige",34.00 €,55.00 €,Tennis Clothing,2026-09-11 14:51:34,Tennis Warehouse Europe,https://www.tenniswarehouse-europe.com/Asics_Mens_IW_Game_7_Short_Beige/descpageMAASICSP-ACGASB-EN.html?color=BE,Asics POPP
"Asics Men's IW Game 7"" Short Grey",32.00 €,55.00 €,Tennis Clothing,2026-09-11 14:51:34,Tennis Warehouse Europe,https://www.tenniswarehouse-europe.com/Asics_Mens_IW_Game_7_Short_Grey/descpageMAASICSP-ACGASG-EN.html?color=GY,Asics POPP
Asics Men's Melbourne Match Jacquard Polo,46.01 €,80.00 €,Tennis Clothing,2026-09-11 14:51:34,Tennis Warehouse Europe,https://www.tenniswarehouse-europe.com/Asics_Mens_Melbourne_Match_Jacquard_Polo_/descpageMAASICSP-AMBMJC-EN.html?color=GR,Asics POPP
Asics Men's Melbourne Actibreeze Top,38.00 €,70.00 €,Tennis Clothing,2026-09-11 14:51:34,Tennis Warehouse Europe,https://www.tenniswarehouse-europe.com/Asics_Mens_Melbourne_Actibreeze_Top/descpageMAASICSP-AMELAC-EN.html?color=PK,Asics POPP
"Asics Men's Melbourne Match Laser Cut 7"" Short",38.00 €,70.00 €,Tennis Clothing,2026-09-11 14:51:34,Tennis Warehouse Europe,https://www.tenniswarehouse-europe.com/Asics_Mens_Melbourne_Match_Laser_Cut_7_Short/descpageMAASICSP-AMBMLS-EN.html?color=GR,Asics POPP
Asics Men's Melbourne Match Jacket,44.02 €,80.00 €,Tennis Clothing,2026-09-11 14:51:34,Tennis Warehouse Europe,https://www.tenniswarehouse-europe.com/Asics_Mens_Melbourne_Match_Jacket/descpageMAASICSP-AMELMJ-EN.html?color=GR,Asics POPP
Asics Men's Melbourne Match Pant,35.00 €,70.00 €,Tennis Clothing,2026-09-11 14:51:34,Tennis Warehouse Europe,https://www.tenniswarehouse-europe.com/Asics_Mens_Melbourne_Match_Pant/descpageMAASICSP-AMBMAP-EN.html?color=GR,Asics POPP
Asics Men's Core Court Graphic T-Shirt Cream,20.00 €,30.00 €,Tennis Clothing,2026-09-11 14:51:34,Tennis Warehouse Europe,https://www.tenniswarehouse-europe.com/Asics_Mens_Core_Court_Graphic_T-Shirt_Cream/descpageMAASICSP-AMCCGR-EN.html?color=BE,Asics POPP
Asics Men's Core Court Top Red,35.00 €,35.00 €,Tennis Clothing,2026-09-11 14:51:34,Tennis Warehouse Europe,https://www.tenniswarehouse-europe.com/Asics_Mens_Core_Court_Top_Red/descpageMAASICSP-AMCRCR-EN.html?color=RD,Asics POPP
Asics Men's Court Top Lt. Green,18.00 €,35.00 €,Tennis Clothing,2026-09-11 14:51:34,Tennis Warehouse Europe,https://www.tenniswarehouse-europe.com/Asics_Mens_Court_Top_Lt_Green/descpageMAASICSP-AMCLG-EN.html?color=GRL,Asics POPP
Asics Men's Game Top Navy,33.00 €,55.00 €,Tennis Clothing,2026-09-11 14:51:34,Tennis Warehouse Europe,https://www.tenniswarehouse-europe.com/Asics_Mens_Game_Top_Navy/descpageMAASICSP-ASMGCN-EN.html?color=NV,Asics POPP
Asics Men's PDL Court Top Green,25.00 €,40.00 €,Tennis Clothing,2026-09-11 14:51:34,Tennis Warehouse Europe,https://www.tenniswarehouse-europe.com/Asics_Mens_PDL_Court_Top_Green/descpageMAASICSP-AMPLCG-EN.html?color=GR,Asics POPP
"Asics Men's PDL Court 7"" Short Beige",24.00 €,40.00 €,Tennis Clothing,2026-09-11 14:51:34,Tennis Warehouse Europe,https://www.tenniswarehouse-europe.com/Asics_Mens_PDL_Court_7_Short_Beige/descpageMAASICSP-APD7SC-EN.html?color=BE,Asics POPP
"Asics Men's PDL Court 7"" Short Green",28.00 €,40.00 €,Tennis Clothing,2026-09-11 14:51:34,Tennis Warehouse Europe,https://www.tenniswarehouse-europe.com/Asics_Mens_PDL_Court_7_Short_Green/descpageMAASICSP-APL7SC-EN.html?color=GR,Asics POPP
Asics Men's PDL Court Graphic T-Shirt Beige,20.00 €,35.00 €,Tennis Clothing,2026-09-11 14:51:34,Tennis Warehouse Europe,https://www.tenniswarehouse-europe.com/Asics_Mens_PDL_Court_Graphic_T-Shirt_Beige/descpageMAASICSP-AMPLGT-EN.html?color=BE,Asics POPP
Asics Men's Game Seasonal Graphic T-Shirt Lt. Green,24.00 €,35.00 €,Tennis Clothing,2026-09-11 14:51:34,Tennis Warehouse Europe,https://www.tenniswarehouse-europe.com/Asics_Mens_Game_Seasonal_Graphic_T-Shirt_Lt_Green/descpageMAASICSP-AMGSTL-EN.html?color=GR,Asics POPP
Asics Men's Core Court Top Navy,24.00 €,35.00 €,Tennis Clothing,2026-09-11 14:51:34,Tennis Warehouse Europe,https://www.tenniswarehouse-europe.com/Asics_Mens_Core_Court_Top_Navy/descpageMAASICSP-AMCRCN-EN.html?color=NV,Asics POPP
Asics Men's Core Court Top White,35.00 €,,Tennis Clothing,2026-09-11 14:51:34,Tennis Warehouse Europe,https://www.tenniswarehouse-europe.com/Asics_Mens_Core_Court_Top_White/descpageMAASICSP-AMCRCW-EN.html?color=WH,Asics POPP
Asics Men's Core Court Polo Navy,45.01 €,,Tennis Clothing,2026-09-11 14:51:34,Tennis Warehouse Europe,https://www.tenniswarehouse-europe.com/Asics_Mens_Core_Court_Polo_Navy/descpageMAASICSP-AMCPN-EN.html?color=NV,Asics POPP
Asics Men's Core Court Polo White,44.90 €,,Tennis Clothing,2026-09-11 14:51:34,Tennis Warehouse Europe,https://www.tenniswarehouse-europe.com/Asics_Mens_Core_Court_Polo_White/descpageMAASICSP-AMCPW-EN.html?color=WH,Asics POPP
Asics Men's Core Court Polo Green,23.00 €,45.00 €,Tennis Clothing,2026-09-11 14:51:34,Tennis Warehouse Europe,https://www.tenniswarehouse-europe.com/Asics_Mens_Core_Court_Polo_Green/descpageMAASICSP-AMCPG-EN.html?color=GR,Asics POPP
Asics Men's Core Court Polo Black,45.01 €,,Tennis Clothing,2026-09-11 14:51:34,Tennis Warehouse Europe,https://www.tenniswarehouse-europe.com/Asics_Mens_Core_Court_Polo_Black/descpageMAASICSP-AMCPB-EN.html?color=BK,Asics POPP
Asics Men's Core Court Graphic T-Shirt Beige,14.99 €,30.00 €,Tennis Clothing,2026-09-11 14:51:34,Tennis Warehouse Europe,https://www.tenniswarehouse-europe.com/Asics_Mens_Core_Court_Graphic_T-Shirt_Beige/descpageMAASICSP-AMCCGT-EN.html?color=BE,Asics POPP
Asics Men's Core Court Graphic T-Shirt Navy,17.02 €,30.00 €,Tennis Clothing,2026-09-11 14:51:34,Tennis Warehouse Europe,https://www.tenniswarehouse-europe.com/Asics_Mens_Core_Court_Graphic_T-Shirt_Navy/descpageMAASICSP-AMCGRT-EN.html?color=NV,Asics POPP
"Asics Men's Court 7"" Short Navy",40.00 €,,Tennis Clothing,2026-09-11 14:51:34,Tennis Warehouse Europe,https://www.tenniswarehouse-europe.com/Asics_Mens_Court_7_Short_Navy/descpageMAASICSP-AC7SN-EN.html?color=NV,Asics POPP
"Asics Men's Court 7"" Short White",40.00 €,,Tennis Clothing,2026-09-11 14:51:34,Tennis Warehouse Europe,https://www.tenniswarehouse-europe.com/Asics_Mens_Court_7_Short_White/descpageMAASICSP-AC7SW-EN.html?color=WH,Asics POPP
"Asics Men's Court 7"" Short Black",40.00 €,,Tennis Clothing,2026-09-11 14:51:34,Tennis Warehouse Europe,https://www.tenniswarehouse-europe.com/Asics_Mens_Court_7_Short_Black/descpageMAASICSP-AC7SB-EN.html?color=BK,Asics POPP
"Asics Men's Court 7"" Short Green",26.00 €,40.00 €,Tennis Clothing,2026-09-11 14:51:34,Tennis Warehouse Europe,https://www.tenniswarehouse-europe.com/Asics_Mens_Court_7_Short_Green/descpageMAASICSP-AC7SG-EN.html?color=GR,Asics POPP
"Asics Men's Court 9"" Short Navy",40.00 €,,Tennis Clothing,2026-09-11 14:51:34,Tennis Warehouse Europe,https://www.tenniswarehouse-europe.com/Asics_Mens_Court_9_Short_Navy/descpageMAASICSP-AME9SN-EN.html?color=NV,Asics POPP
"Asics Men's Court 9"" Short White",40.00 €,,Tennis Clothing,2026-09-11 14:51:34,Tennis Warehouse Europe,https://www.tenniswarehouse-europe.com/Asics_Mens_Court_9_Short_White/descpageMAASICSP-AMC9SW-EN.html?color=WH,Asics POPP
"Asics Men's Court 9"" Short Black",40.00 €,,Tennis Clothing,2026-09-11 14:51:34,Tennis Warehouse Europe,https://www.tenniswarehouse-europe.com/Asics_Mens_Court_9_Short_Black/descpageMAASICSP-AME9SB-EN.html?color=BK,Asics POPP
Asics Men's Court Warm-Up Jacket,60.00 €,,Tennis Clothing,2026-09-11 14:51:34,Tennis Warehouse Europe,https://www.tenniswarehouse-europe.com/Asics_Mens_Court_Warm-Up_Jacket/descpageMAASICSP-ACWUJ-EN.html?color=NV,Asics POPP
Asics Men's Court Warm-Up Pant,50.00 €,,Tennis Clothing,2026-09-11 14:51:34,Tennis Warehouse Europe,https://www.tenniswarehouse-europe.com/Asics_Mens_Court_Warm-Up_Pant/descpageMAASICSP-ACWUP-EN.html?color=NV,Asics POPP
"Asics Men's Core 2-in-1 7"" Short Black",45.01 €,,Tennis Clothing,2026-09-11 14:51:34,Tennis Warehouse Europe,https://www.tenniswarehouse-europe.com/Asics_Mens_Core_2-in-1_7_Short_Black/descpageMAASICSP-ACO27S-EN.html?color=BK,Asics POPP
"Asics Men's PDL Court 7"" Short Coral",26.00 €,40.00 €,Tennis Clothing,2026-09-11 14:51:34,Tennis Warehouse Europe,https://www.tenniswarehouse-europe.com/Asics_Mens_PDL_Court_7_Short_Coral/descpageMAASICSP-AP7SC-EN.html?color=CO,Asics POPP
Asics Men's New York Graphic Top,24.00 €,35.00 €,Tennis Clothing,2026-09-11 14:51:34,Tennis Warehouse Europe,https://www.tenniswarehouse-europe.com/Asics_Mens_New_York_Graphic_Top/descpageMAASICSP-ACGCRB-EN.html?color=BE,Asics POPP
Asics Men's Game Seasonal Graphic T-Shirt Black,22.00 €,35.00 €,Tennis Clothing,2026-09-11 14:51:34,Tennis Warehouse Europe,https://www.tenniswarehouse-europe.com/Asics_Mens_Game_Seasonal_Graphic_T-Shirt_Black/descpageMAASICSP-AMGSGT-EN.html?color=BK,Asics POPP
Asics Men's Core Court Graphic T-Shirt Beige,14.99 €,30.00 €,Tennis Clothing,2026-09-11 14:51:34,Tennis Warehouse Europe,https://www.tenniswarehouse-europe.com/Asics_Mens_Core_Court_Graphic_T-Shirt_Beige/descpageMAASICSP-AMCCGT-EN.html?color=BE,Asics POPP
Asics Men's Core Court Polo White/Royal,21.00 €,45.00 €,Tennis Clothing,2026-09-11 14:51:34,Tennis Warehouse Europe,https://www.tenniswarehouse-europe.com/Asics_Mens_Core_Court_Polo_White_Royal/descpageMAASICSP-AMCPWR-EN.html?color=WBL,Asics POPP
Asics Men's Core Court Top Green,20.00 €,35.00 €,Tennis Clothing,2026-09-11 14:51:34,Tennis Warehouse Europe,https://www.tenniswarehouse-europe.com/Asics_Mens_Core_Court_Top_Green/descpageMAASICSP-AMCOCG-EN.html?color=GR,Asics POPP
"Asics Men's Match 7"" Short Black",35.00 €,70.00 €,Tennis Clothing,2026-09-11 14:51:34,Tennis Warehouse Europe,https://www.tenniswarehouse-europe.com/Asics_Mens_Match_7_Short_Black/descpageMAASICSP-AMM7SH-EN.html?color=BK,Asics POPP
"Asics Men's Match 7"" Short Beige",35.00 €,70.00 €,Tennis Clothing,2026-09-11 14:51:34,Tennis Warehouse Europe,https://www.tenniswarehouse-europe.com/Asics_Mens_Match_7_Short_Beige/descpageMAASICSP-AMM7SC-EN.html?color=BE,Asics POPP
Asics Men's Match Jacket,40.00 €,80.00 €,Tennis Clothing,2026-09-11 14:51:34,Tennis Warehouse Europe,https://www.tenniswarehouse-europe.com/Asics_Mens_Match_Jacket/descpageMAASICSP-AMAJA-EN.html?color=BG,Asics POPP
Asics Men's New York Match Actibreeze Polo,38.00 €,80.00 €,Tennis Clothing,2026-09-11 14:51:34,Tennis Warehouse Europe,https://www.tenniswarehouse-europe.com/Asics_Mens_New_York_Match_Actibreeze_Polo/descpageMAASICSP-AMACTC-EN.html?color=BE,Asics POPP
Asics Men's New York Match Actibreeze Top Royal,32.00 €,70.00 €,Tennis Clothing,2026-09-11 14:51:34,Tennis Warehouse Europe,https://www.tenniswarehouse-europe.com/Asics_Mens_New_York_Match_Actibreeze_Top_Royal/descpageMAASICSP-AABCB-EN.html?color=RY,Asics POPP
Asics Men's Logo T-Shirt Grey,15.98 €,30.00 €,Tennis Clothing,2026-09-11 14:51:34,Tennis Warehouse Europe,https://www.tenniswarehouse-europe.com/Asics_Mens_Logo_T-Shirt_Grey/descpageMAASICSP-ALOTG-EN.html?color=GY,Asics POPP
Asics Men's Core Court Longsleeve Zip Top,37.00 €,65.00 €,Tennis Clothing,2026-09-11 14:51:34,Tennis Warehouse Europe,https://www.tenniswarehouse-europe.com/Asics_Mens_Core_Court_Longsleeve_Zip_Top/descpageMAASICSP-AMZLSN-EN.html?color=NV,Asics POPP
Asics Men's AO Match Actibreeze Polo Purple,36.00 €,80.00 €,Tennis Clothing,2026-09-11 14:51:34,Tennis Warehouse Europe,https://www.tenniswarehouse-europe.com/Asics_Mens_AO_Match_Actibreeze_Polo_Purple/descpageMAASICSP-AACPP-EN.html?color=PU,Asics POPP
"Asics Men's AO Match 7"" Short",37.00 €,75.00 €,Tennis Clothing,2026-09-11 14:51:34,Tennis Warehouse Europe,https://www.tenniswarehouse-europe.com/Asics_Mens_AO_Match_7_Short/descpageMAASICSP-AMAS7I-EN.html?color=BL,Asics POPP
Asics Men's Core Court Top White,35.00 €,,Tennis Clothing,2026-09-11 14:51:34,Tennis Warehouse Europe,https://www.tenniswarehouse-europe.com/Asics_Mens_Core_Court_Top_White/descpageMAASICSP-AMCRCW-EN.html?color=WH,Asics POPP
Asics Men's Core Court Top Navy,24.00 €,35.00 €,Tennis Clothing,2026-09-11 14:51:34,Tennis Warehouse Europe,https://www.tenniswarehouse-europe.com/Asics_Mens_Core_Court_Top_Navy/descpageMAASICSP-AMCRCN-EN.html?color=NV,Asics POPP
Asics Men's Core Court Top Red,35.00 €,35.00 €,Tennis Clothing,2026-09-11 14:51:34,Tennis Warehouse Europe,https://www.tenniswarehouse-europe.com/Asics_Mens_Core_Court_Top_Red/descpageMAASICSP-AMCRCR-EN.html?color=RD,Asics POPP
Asics Men's Core Court Polo Navy,45.01 €,,Tennis Clothing,2026-09-11 14:51:34,Tennis Warehouse Europe,https://www.tenniswarehouse-europe.com/Asics_Mens_Core_Court_Polo_Navy/descpageMAASICSP-AMCPN-EN.html?color=NV,Asics POPP
Asics Men's Core Court Polo White,44.90 €,,Tennis Clothing,2026-09-11 14:51:34,Tennis Warehouse Europe,https://www.tenniswarehouse-europe.com/Asics_Mens_Core_Court_Polo_White/descpageMAASICSP-AMCPW-EN.html?color=WH,Asics POPP
"Asics Men's Core 7"" Short Black",35.00 €,35.00 €,Tennis Clothing,2026-09-11 14:51:34,Tennis Warehouse Europe,https://www.tenniswarehouse-europe.com/Asics_Mens_Core_7_Short_Black/descpageMAASICSP-ACO7S-EN.html?color=BK,Asics POPP
"Asics Men's Court 7"" Short Black",40.00 €,,Tennis Clothing,2026-09-11 14:51:34,Tennis Warehouse Europe,https://www.tenniswarehouse-europe.com/Asics_Mens_Court_7_Short_Black/descpageMAASICSP-AC7SB-EN.html?color=BK,Asics POPP
"Asics Men's Court 7"" Short Navy",40.00 €,,Tennis Clothing,2026-09-11 14:51:34,Tennis Warehouse Europe,https://www.tenniswarehouse-europe.com/Asics_Mens_Court_7_Short_Navy/descpageMAASICSP-AC7SN-EN.html?color=NV,Asics POPP
"Asics Men's Court 7"" Short White",40.00 €,,Tennis Clothing,2026-09-11 14:51:34,Tennis Warehouse Europe,https://www.tenniswarehouse-europe.com/Asics_Mens_Court_7_Short_White/descpageMAASICSP-AC7SW-EN.html?color=WH,Asics POPP
"Asics Men's Court 9"" Short Black",40.00 €,,Tennis Clothing,2026-09-11 14:51:34,Tennis Warehouse Europe,https://www.tenniswarehouse-europe.com/Asics_Mens_Court_9_Short_Black/descpageMAASICSP-AME9SB-EN.html?color=BK,Asics POPP
"Asics Men's Court 9"" Short Navy",40.00 €,,Tennis Clothing,2026-09-11 14:51:34,Tennis Warehouse Europe,https://www.tenniswarehouse-europe.com/Asics_Mens_Court_9_Short_Navy/descpageMAASICSP-AME9SN-EN.html?color=NV,Asics POPP
"Asics Men's Court 9"" Short White",40.00 €,,Tennis Clothing,2026-09-11 14:51:34,Tennis Warehouse Europe,https://www.tenniswarehouse-europe.com/Asics_Mens_Court_9_Short_White/descpageMAASICSP-AMC9SW-EN.html?color=WH,Asics POPP
Asics Men's Court Warm-Up Pant,50.00 €,,Tennis Clothing,2026-09-11 14:51:34,Tennis Warehouse Europe,https://www.tenniswarehouse-europe.com/Asics_Mens_Court_Warm-Up_Pant/descpageMAASICSP-ACWUP-EN.html?color=NV,Asics POPP
Asics Men's Court Warm-Up Jacket,60.00 €,,Tennis Clothing,2026-09-11 14:51:34,Tennis Warehouse Europe,https://www.tenniswarehouse-europe.com/Asics_Mens_Court_Warm-Up_Jacket/descpageMAASICSP-ACWUJ-EN.html?color=NV,Asics POPP
"Asics Men's PDL Court 7"" Short Blue",22.00 €,40.00 €,Tennis Clothing,2026-09-11 14:51:34,Tennis Warehouse Europe,https://www.tenniswarehouse-europe.com/Asics_Mens_PDL_Court_7_Short_Blue/descpageMAASICSP-AP7SB-EN.html?color=BL,Asics POPP
Asics Tennis Court+ Tennis Crew Sock Bubblegum,18.00 €,18.00 €,Tennis Clothing,2026-09-11 14:51:34,Tennis Warehouse Europe,https://www.tenniswarehouse-europe.com/Asics_Tennis_Court_Tennis_Crew_Sock_Bubblegum/descpageMAASICSP-ATCCSBU-EN.html?color=PK,Asics POPP
Asics Lightweight Tennis Court+ Tennis Crew Sock Green,19.00 €,,Tennis Clothing,2026-09-11 14:51:34,Tennis Warehouse Europe,https://www.tenniswarehouse-europe.com/Asics_Lightweight_Tennis_Court_Tennis_Crew_Sock_Green/descpageMAASICSP-ALCRSG-EN.html?color=GR,Asics POPP
Asics Tennis Court+ Tennis Crew Sock Dark Aubergine,18.00 €,18.00 €,Tennis Clothing,2026-09-11 14:51:34,Tennis Warehouse Europe,https://www.tenniswarehouse-europe.com/Asics_Tennis_Court_Tennis_Crew_Sock_Dark_Aubergine/descpageMAASICSP-ATCCSDA-EN.html?color=PU,Asics POPP
Asics Lightweight Tennis Court+ Sock Misty Pine,12.98 €,18.00 €,Tennis Clothing,2026-09-11 14:51:34,Tennis Warehouse Europe,https://www.tenniswarehouse-europe.com/Asics_Lightweight_Tennis_Court_Sock_Misty_Pine/descpageMAASICSP-ALCRSM-EN.html?color=GR,Asics POPP
Asics Lightweight Tennis Court+ Sock Low Cut White,17.02 €,17.00 €,Tennis Clothing,2026-09-11 14:51:34,Tennis Warehouse Europe,https://www.tenniswarehouse-europe.com/Asics_Lightweight_Tennis_Court_Sock_Low_Cut_White/descpageMAASICSP-ALCLSW-EN.html?color=WH,Asics POPP
Asics Lightweight Tennis Court+ Sock White,19.00 €,19.00 €,Tennis Clothing,2026-09-11 14:51:34,Tennis Warehouse Europe,https://www.tenniswarehouse-europe.com/Asics_Lightweight_Tennis_Court_Sock_White/descpageMAASICSP-ALCRSW-EN.html?color=WH,Asics POPP
Asics Tennis Court+ Tennis Ankle Sock Black,15.98 €,16.00 €,Tennis Clothing,2026-09-11 14:51:34,Tennis Warehouse Europe,https://www.tenniswarehouse-europe.com/Asics_Tennis_Court_Tennis_Ankle_Sock_Black/descpageMAASICSP-ATCRSB-EN.html?color=BK,Asics POPP
Asics Tennis Court+ Tennis Crew Sock Performance Black,18.00 €,18.00 €,Tennis Clothing,2026-09-11 14:51:34,Tennis Warehouse Europe,https://www.tenniswarehouse-europe.com/Asics_Tennis_Court_Tennis_Crew_Sock_Performance_Black/descpageMAASICSP-ATCCSPB-EN.html?color=BK,Asics POPP
Asics Tennis Court+ Tennis Crew Sock Brilliant White,18.00 €,18.00 €,Tennis Clothing,2026-09-11 14:51:34,Tennis Warehouse Europe,https://www.tenniswarehouse-europe.com/Asics_Tennis_Court_Tennis_Crew_Sock_Brilliant_White/descpageMAASICSP-ATCCSBW-EN.html?color=WH,Asics POPP
Asics Tennis 6 Pack Crew Sock Brilliant White,22.00 €,,Tennis Clothing,2026-09-11 14:51:34,Tennis Warehouse Europe,https://www.tenniswarehouse-europe.com/Asics_Tennis_6_Pack_Crew_Sock_Brilliant_White/descpageMAASICSP-ATCSBR-EN.html?color=WH,Asics POPP
Asics Tennis 6 Pack Crew Sock Performance Black,22.00 €,,Tennis Clothing,2026-09-11 14:51:34,Tennis Warehouse Europe,https://www.tenniswarehouse-europe.com/Asics_Tennis_6_Pack_Crew_Sock_Performance_Black/descpageMAASICSP-ATCSPB-EN.html?color=BK,Asics POPP
Asics Tennis 3 Pack Crew Sock Brilliant White,12.98 €,,Tennis Clothing,2026-09-11 14:51:34,Tennis Warehouse Europe,https://www.tenniswarehouse-europe.com/Asics_Tennis_3_Pack_Crew_Sock_Brilliant_White/descpageMAASICSP-ATCSBW-EN.html?color=WH,Asics POPP
Asics Tennis Court+ Tennis Ankle Sock White,15.98 €,16.00 €,Tennis Clothing,2026-09-11 14:51:34,Tennis Warehouse Europe,https://www.tenniswarehouse-europe.com/Asics_Tennis_Court_Tennis_Ankle_Sock_White/descpageMAASICSP-ATCRSW-EN.html?color=WH,Asics POPP
Asics Tennis Court+ Tennis Ankle Sock White,10.00 €,15.00 €,Tennis Clothing,2026-09-11 14:51:34,Tennis Warehouse Europe,https://www.tenniswarehouse-europe.com/Asics_Tennis_Court_Tennis_Ankle_Sock_White/descpageMAASICSP-ATCTAW-EN.html?color=WH,Asics POPP
Asics Tennis Court+ Tennis Ankle Sock Black,11.00 €,15.00 €,Tennis Clothing,2026-09-11 14:51:34,Tennis Warehouse Europe,https://www.tenniswarehouse-europe.com/Asics_Tennis_Court_Tennis_Ankle_Sock_Black/descpageMAASICSP-ATCTAB-EN.html?color=BK,Asics POPP
Asics Tennis Court+ Tennis Crew Sock White,11.00 €,16.00 €,Tennis Clothing,2026-09-11 14:51:34,Tennis Warehouse Europe,https://www.tenniswarehouse-europe.com/Asics_Tennis_Court_Tennis_Crew_Sock_White/descpageMAASICSP-ATCTSW-EN.html?color=WH,Asics POPP
Asics Tennis Court+ Tennis Crew Sock Black,8.00 €,16.00 €,Tennis Clothing,2026-09-11 14:51:34,Tennis Warehouse Europe,https://www.tenniswarehouse-europe.com/Asics_Tennis_Court_Tennis_Crew_Sock_Black/descpageMAASICSP-ATCTSB-EN.html?color=BK,Asics POPP
Asics Tennis 6 Pack Crew Sock Black,10.00 €,22.00 €,Tennis Clothing,2026-09-11 14:51:34,Tennis Warehouse Europe,https://www.tenniswarehouse-europe.com/Asics_Tennis_6_Pack_Crew_Sock_Black/descpageMAASICSP-A6PCSB-EN.html?color=BK,Asics POPP
Asics Tennis 3 Pack Quarter Sock Black,5.00 €,13.00 €,Tennis Clothing,2026-09-11 14:51:34,Tennis Warehouse Europe,https://www.tenniswarehouse-europe.com/Asics_Tennis_3_Pack_Quarter_Sock_Black/descpageWAASICSP-AST3PQB-EN.html?color=BK,Asics POPP
Asics 6-Pack Ankle Sock Black,8.00 €,18.00 €,Tennis Clothing,2026-09-11 14:51:34,Tennis Warehouse Europe,https://www.tenniswarehouse-europe.com/Asics_6-Pack_Ankle_Sock_Black/descpageWAASICSP-AM6PASB-EN.html?color=BK,Asics POPP
Asics Tennis Court+ Tennis Ankle Sock,4.00 €,14.00 €,Tennis Clothing,2026-09-11 14:51:34,Tennis Warehouse Europe,https://www.tenniswarehouse-europe.com/Asics_Tennis_Court_Tennis_Ankle_Sock/descpageMAASICSP-ATCTAS-EN.html?color=BK,Asics POPP
Asics Tennis 3 Pack Invisible Sock Black,4.00 €,10.00 €,Tennis Clothing,2026-09-11 14:51:34,Tennis Warehouse Europe,https://www.tenniswarehouse-europe.com/Asics_Tennis_3_Pack_Invisible_Sock_Black/descpageWAASICSP-AST3PIB-EN.html?color=BK,Asics POPP
Asics Tennis 3 Pack Invisible Sock White,4.00 €,10.00 €,Tennis Clothing,2026-09-11 14:51:34,Tennis Warehouse Europe,https://www.tenniswarehouse-europe.com/Asics_Tennis_3_Pack_Invisible_Sock_White/descpageWAASICSP-AST3PIW-EN.html?color=WH,Asics POPP
Asics PF Hat Dark Aubergine,30.00 €,,Tennis Clothing,2026-09-11 14:51:34,Tennis Warehouse Europe,https://www.tenniswarehouse-europe.com/Asics_PF_Hat_Dark_Aubergine/descpageASICSP-APFHD-EN.html?color=PU,Asics POPP
Asics PF Hat Pink,22.00 €,30.00 €,Tennis Clothing,2026-09-11 14:51:34,Tennis Warehouse Europe,https://www.tenniswarehouse-europe.com/Asics_PF_Hat_Pink/descpageASICSP-APFHP-EN.html?color=PK,Asics POPP
Asics PF Hat White,30.00 €,,Tennis Clothing,2026-09-11 14:51:34,Tennis Warehouse Europe,https://www.tenniswarehouse-europe.com/Asics_PF_Hat_White/descpageASICSP-APFHW-EN.html?color=WH,Asics POPP
Asics PF Hat Green,18.00 €,28.00 €,Tennis Clothing,2026-09-11 14:51:34,Tennis Warehouse Europe,https://www.tenniswarehouse-europe.com/Asics_PF_Hat_Green/descpageASICSP-APFHAG-EN.html?color=GN,Asics POPP
Asics Graphic Hat Soft Oat,30.00 €,30.00 €,Tennis Clothing,2026-09-11 14:51:34,Tennis Warehouse Europe,https://www.tenniswarehouse-europe.com/Asics_Graphic_Hat_Soft_Oat/descpageASICSP-AGRHSO-EN.html?color=BE,Asics POPP
Asics PDL Panel Hat,24.00 €,35.00 €,Tennis Clothing,2026-09-11 14:51:34,Tennis Warehouse Europe,https://www.tenniswarehouse-europe.com/Asics_PDL_Panel_Hat/descpageASICSP-ASPAH-EN.html?color=PR,Asics POPP
Asics PF Visor White,25.00 €,,Tennis Clothing,2026-09-11 14:51:34,Tennis Warehouse Europe,https://www.tenniswarehouse-europe.com/Asics_PF_Visor_White/descpageWAASICSP-APFVIW-EN.html?color=WH,Asics POPP
Asics PF Hat White,18.00 €,28.00 €,Tennis Clothing,2026-09-11 14:51:34,Tennis Warehouse Europe,https://www.tenniswarehouse-europe.com/Asics_PF_Hat_White/descpageASICSP-APEHW-EN.html?color=WH,Asics POPP
Asics Singlewide Wristband Brilliant White,12.00 €,12.00 €,Tennis Clothing,2026-09-11 14:51:34,Tennis Warehouse Europe,https://www.tenniswarehouse-europe.com/Asics_Singlewide_Wristband_Brilliant_White/descpageASICSP-ASWBR-EN.html?color=YE,Asics POPP
Asics Doublewide Wristband White,14.99 €,,Tennis Clothing,2026-09-11 14:51:34,Tennis Warehouse Europe,https://www.tenniswarehouse-europe.com/Asics_Doublewide_Wristband_White/descpageASICSP-ADWBW-EN.html?color=WH,Asics POPP
Men's Summer Juan Lebron Official Padel Top,59.90 €,70.00 €,Tennis Clothing,2026-09-11 14:51:34,Tennis Warehouse Europe,https://www.tenniswarehouse-europe.com/Babolat_Mens_Summer_Juan_Lebron_Official_Padel_Top/descpageMABABPD-BSLBOC-EN.html?color=GR,Babolat
Men's Summer Muscle Juan Lebron Sleeveless Top,33.90 €,40.00 €,Tennis Clothing,2026-09-11 14:51:34,Tennis Warehouse Europe,https://www.tenniswarehouse-europe.com/Babolat_Mens_Summer_Muscle_Juan_Lebron_Sleeveless_Top/descpageMABABPD-BSJLSLT-EN.html?color=BL,Babolat
Men's Summer Juan Lebron Padel T-Shirt,25.90 €,30.00 €,Tennis Clothing,2026-09-11 14:51:34,Tennis Warehouse Europe,https://www.tenniswarehouse-europe.com/Babolat_Mens_Summer_Juan_Lebron_Padel_T-Shirt/descpageMABABPD-BSJLBTS-EN.html?color=GR,Babolat
Men's Summer Juan Lebron Padel Hoodie,59.90 €,70.00 €,Tennis Clothing,2026-09-11 14:51:34,Tennis Warehouse Europe,https://www.tenniswarehouse-europe.com/Babolat_Mens_Summer_Juan_Lebron_Padel_Hoodie/descpageMABABPD-BSJLHD-EN.html?color=BL,Babolat
Men's Juan Lebron Official Padel Top,55.91 €,70.00 €,Tennis Clothing,2026-09-11 14:51:34,Tennis Warehouse Europe,https://www.tenniswarehouse-europe.com/Babolat_Mens_Juan_Lebron_Official_Padel_Top/descpageMABABPD-BJLBOC-EN.html?color=OR,Babolat
Men's Juan Lebron Official Padel Top,55.91 €,70.00 €,Tennis Clothing,2026-09-11 14:51:34,Tennis Warehouse Europe,https://www.tenniswarehouse-europe.com/Babolat_Mens_Juan_Lebron_Official_Padel_Top/descpageMABABPD-BJLBRC-EN.html?color=BK,Babolat
Men's Juan Lebron Official Padel Top,55.91 €,70.00 €,Tennis Clothing,2026-09-11 14:51:34,Tennis Warehouse Europe,https://www.tenniswarehouse-europe.com/Babolat_Mens_Juan_Lebron_Official_Padel_Top/descpageMABABPD-BJLBRC-EN.html?color=WH,Babolat
Men's Juan Lebron Padel Top,39.90 €,50.00 €,Tennis Clothing,2026-09-11 14:51:34,Tennis Warehouse Europe,https://www.tenniswarehouse-europe.com/Babolat_Mens_Juan_Lebron_Padel_Top/descpageMABABPD-BJLBC-EN.html?color=WH,Babolat
Men's Juan Lebron Padel T-Shirt,23.90 €,30.00 €,Tennis Clothing,2026-09-11 14:51:34,Tennis Warehouse Europe,https://www.tenniswarehouse-europe.com/Babolat_Mens_Juan_Lebron_Padel_T-Shirt/descpageMABABPD-BJLBTS-EN.html?color=BL,Babolat
Men's Juan Lebron Padel T-Shirt,23.90 €,30.00 €,Tennis Clothing,2026-09-11 14:51:34,Tennis Warehouse Europe,https://www.tenniswarehouse-europe.com/Babolat_Mens_Juan_Lebron_Padel_T-Shirt/descpageMABABPD-BJLBTS-EN.html?color=WH,Babolat
Men's Juan Lebron Padel Short,39.90 €,50.00 €,Tennis Clothing,2026-09-11 14:51:34,Tennis Warehouse Europe,https://www.tenniswarehouse-europe.com/Babolat_Mens_Juan_Lebron_Padel_Short/descpageMABABPD-BJLBS-EN.html?color=BK,Babolat
Men's Juan Lebron Padel Short,39.90 €,50.00 €,Tennis Clothing,2026-09-11 14:51:34,Tennis Warehouse Europe,https://www.tenniswarehouse-europe.com/Babolat_Mens_Juan_Lebron_Padel_Short/descpageMABABPD-BJLBS-EN.html?color=OR,Babolat
Men's Juan Lebron Padel Short,39.90 €,50.00 €,Tennis Clothing,2026-09-11 14:51:34,Tennis Warehouse Europe,https://www.tenniswarehouse-europe.com/Babolat_Mens_Juan_Lebron_Padel_Short/descpageMABABPD-BJLBS-EN.html?color=WH,Babolat
Men's Juan Lebron Pant,54.89 €,65.00 €,Tennis Clothing,2026-09-11 14:51:34,Tennis Warehouse Europe,https://www.tenniswarehouse-europe.com/Babolat_Mens_Juan_Lebron_Pant/descpageMABABPD-BMJLPA-EN.html?color=WH,Babolat
Men's Juan Lebron Padel Tech Jacket,76.90 €,90.00 €,Tennis Clothing,2026-09-11 14:51:34,Tennis Warehouse Europe,https://www.tenniswarehouse-europe.com/Babolat_Mens_Juan_Lebron_Padel_Tech_Jacket/descpageMABABPD-BJLETP-EN.html?color=BK,Babolat
Men's Juan Lebron Tech Pant,67.90 €,80.00 €,Tennis Clothing,2026-09-11 14:51:34,Tennis Warehouse Europe,https://www.tenniswarehouse-europe.com/Babolat_Mens_Juan_Lebron_Tech_Pant/descpageMABABPD-BMJLTP-EN.html?color=BK,Babolat
Juan Lebron Performance Hat,21.90 €,24.00 €,Tennis Clothing,2026-09-11 14:51:34,Tennis Warehouse Europe,https://www.tenniswarehouse-europe.com/Babolat_Juan_Lebron_Performance_Hat/descpageBABPD-BMJLPH-EN.html?color=WH,Babolat
Juan Lebron Trucker Hat,23.90 €,26.00 €,Tennis Clothing,2026-09-11 14:51:34,Tennis Warehouse Europe,https://www.tenniswarehouse-europe.com/Babolat_Juan_Lebron_Trucker_Hat/descpageBABPD-BMJLTH-EN.html?color=WBL,Babolat
Men's Performance Top,37.90 €,42.00 €,Tennis Clothing,2026-09-11 14:51:34,Tennis Warehouse Europe,https://www.tenniswarehouse-europe.com/Babolat_Mens_Performance_Top/descpageMAQBA-BFPERT-EN.html?color=BK,Babolat
Men's Performance Top,37.90 €,42.00 €,Tennis Clothing,2026-09-11 14:51:34,Tennis Warehouse Europe,https://www.tenniswarehouse-europe.com/Babolat_Mens_Performance_Top/descpageMAQBA-BFOPERT-EN.html?color=OR,Babolat
"Men's Performance 8"" Short",40.90 €,45.00 €,Tennis Clothing,2026-09-11 14:51:34,Tennis Warehouse Europe,https://www.tenniswarehouse-europe.com/Babolat_Mens_Performance_8_Short/descpageMAQBA-BFPERS-EN.html?color=BK,Babolat
Men's Performance Jacket,53.90 €,60.00 €,Tennis Clothing,2026-09-11 14:51:34,Tennis Warehouse Europe,https://www.tenniswarehouse-europe.com/Babolat_Mens_Performance_Jacket/descpageMAQBA-BFPEJA-EN.html?color=BK,Babolat
Men's Compete Norrie Top,37.90 €,42.00 €,Tennis Clothing,2026-09-11 14:51:34,Tennis Warehouse Europe,https://www.tenniswarehouse-europe.com/Babolat_Mens_Compete_Norrie_Top/descpageMAQBA-BMDNORR-EN.html?color=BL,Babolat
Men's Compete Norrie Short,40.90 €,45.00 €,Tennis Clothing,2026-09-11 14:51:34,Tennis Warehouse Europe,https://www.tenniswarehouse-europe.com/Babolat_Mens_Compete_Norrie_Short/descpageMAQBA-BMANOES-EN.html?color=BK,Babolat
Men's Performance Top,35.90 €,42.00 €,Tennis Clothing,2026-09-11 14:51:34,Tennis Warehouse Europe,https://www.tenniswarehouse-europe.com/Babolat_Mens_Performance_Top/descpageMAQBA-BMPERC-EN.html?color=BLR,Babolat
Men's Performance Top,35.90 €,42.00 €,Tennis Clothing,2026-09-11 14:51:34,Tennis Warehouse Europe,https://www.tenniswarehouse-europe.com/Babolat_Mens_Performance_Top/descpageMAQBA-BMPERC-EN.html?color=WBL,Babolat
"Men's Performance 8"" Short",38.90 €,45.00 €,Tennis Clothing,2026-09-11 14:51:34,Tennis Warehouse Europe,https://www.tenniswarehouse-europe.com/Babolat_Mens_Performance_8_Short/descpageMAQBA-BMPERS-EN.html?color=BL,Babolat
Men's Performance Cotton T-Shirt,21.90 €,25.00 €,Tennis Clothing,2026-09-11 14:51:34,Tennis Warehouse Europe,https://www.tenniswarehouse-europe.com/Babolat_Mens_Performance_Cotton_T-Shirt/descpageMAQBA-BMPERCT-EN.html?color=WH,Babolat
Men's Aero Top,44.90 €,50.00 €,Tennis Clothing,2026-09-11 14:51:34,Tennis Warehouse Europe,https://www.tenniswarehouse-europe.com/Babolat_Mens_Aero_Top/descpageMAQBA-BMAEC-EN.html?color=GY,Babolat
Men's Aero Cotton T-Shirt,26.89 €,30.00 €,Tennis Clothing,2026-09-11 14:51:34,Tennis Warehouse Europe,https://www.tenniswarehouse-europe.com/Babolat_Mens_Aero_Cotton_T-Shirt/descpageMAQBA-BMAECT-EN.html?color=BK,Babolat
"Men's Aero 8"" Short",42.90 €,50.00 €,Tennis Clothing,2026-09-11 14:51:34,Tennis Warehouse Europe,https://www.tenniswarehouse-europe.com/Babolat_Mens_Aero_8_Short/descpageMAQBA-BMAES-EN.html?color=GY,Babolat
Men's Aero Tech Jacket,79.90 €,95.00 €,Tennis Clothing,2026-09-11 14:51:34,Tennis Warehouse Europe,https://www.tenniswarehouse-europe.com/Babolat_Mens_Aero_Tech_Jacket/descpageMAQBA-BMAERJ-EN.html?color=GY,Babolat
Men's Play Top,25.90 €,30.00 €,Tennis Clothing,2026-09-11 14:51:34,Tennis Warehouse Europe,https://www.tenniswarehouse-europe.com/Babolat_Mens_Play_Top/descpageMAQBA-BMPLAYC-EN.html?color=BK,Babolat
Men's Play Top,25.90 €,30.00 €,Tennis Clothing,2026-09-11 14:51:34,Tennis Warehouse Europe,https://www.tenniswarehouse-europe.com/Babolat_Mens_Play_Top/descpageMAQBA-BMPLAYC-EN.html?color=NV,Babolat
Men's Play Top,25.90 €,30.00 €,Tennis Clothing,2026-09-11 14:51:34,Tennis Warehouse Europe,https://www.tenniswarehouse-europe.com/Babolat_Mens_Play_Top/descpageMAQBA-BMPLAYC-EN.html?color=RD,Babolat
Men's Play Top,25.90 €,30.00 €,Tennis Clothing,2026-09-11 14:51:34,Tennis Warehouse Europe,https://www.tenniswarehouse-europe.com/Babolat_Mens_Play_Top/descpageMAQBA-BMPLAYC-EN.html?color=WH,Babolat
Men's Play Thrill Top,36.89 €,42.00 €,Tennis Clothing,2026-09-11 14:51:34,Tennis Warehouse Europe,https://www.tenniswarehouse-europe.com/Babolat_Mens_Play_Thrill_Top/descpageMAQBA-BMPTHC-EN.html?color=LB,Babolat
Men's Play Top,25.90 €,30.00 €,Tennis Clothing,2026-09-11 14:51:34,Tennis Warehouse Europe,https://www.tenniswarehouse-europe.com/Babolat_Mens_Play_Top/descpageMAQBA-BMPLYC-EN.html?color=WBL,Babolat
Men's Play Polo,27.89 €,35.00 €,Tennis Clothing,2026-09-11 14:51:34,Tennis Warehouse Europe,https://www.tenniswarehouse-europe.com/Babolat_Mens_Play_Polo/descpageMAQBA-BMPLAYP-EN.html?color=BK,Babolat
Men's Play Polo,27.89 €,35.00 €,Tennis Clothing,2026-09-11 14:51:34,Tennis Warehouse Europe,https://www.tenniswarehouse-europe.com/Babolat_Mens_Play_Polo/descpageMAQBA-BMPLAYP-EN.html?color=NV,Babolat
Men's Play Polo,27.89 €,35.00 €,Tennis Clothing,2026-09-11 14:51:34,Tennis Warehouse Europe,https://www.tenniswarehouse-europe.com/Babolat_Mens_Play_Polo/descpageMAQBA-BMPLAYP-EN.html?color=WH,Babolat
"Men's Play 8"" Short",30.90 €,37.00 €,Tennis Clothing,2026-09-11 14:51:34,Tennis Warehouse Europe,https://www.tenniswarehouse-europe.com/Babolat_Mens_Play_8_Short/descpageMAQBA-BMPLAYS-EN.html?color=BK,Babolat
"Men's Play 8"" Short",30.90 €,37.00 €,Tennis Clothing,2026-09-11 14:51:34,Tennis Warehouse Europe,https://www.tenniswarehouse-europe.com/Babolat_Mens_Play_8_Short/descpageMAQBA-BMPLAYS-EN.html?color=BL,Babolat
"Men's Play 8"" Short",30.90 €,37.00 €,Tennis Clothing,2026-09-11 14:51:34,Tennis Warehouse Europe,https://www.tenniswarehouse-europe.com/Babolat_Mens_Play_8_Short/descpageMAQBA-BMPLAYS-EN.html?color=NV,Babolat
"Men's Play 8"" Short",30.90 €,37.00 €,Tennis Clothing,2026-09-11 14:51:34,Tennis Warehouse Europe,https://www.tenniswarehouse-europe.com/Babolat_Mens_Play_8_Short/descpageMAQBA-BMPLAYS-EN.html?color=WH,Babolat
"Men's Play Thrill 8"" Short",35.90 €,45.00 €,Tennis Clothing,2026-09-11 14:51:34,Tennis Warehouse Europe,https://www.tenniswarehouse-europe.com/Babolat_Mens_Play_Thrill_8_Short/descpageMAQBA-BMPTHS-EN.html?color=RD,Babolat
"Men's Play 8"" Short",17.90 €,37.00 €,Tennis Clothing,2026-09-11 14:51:34,Tennis Warehouse Europe,https://www.tenniswarehouse-europe.com/Babolat_Mens_Play_8_Short/descpageMAQBA-BMPLYS-EN.html?color=WH,Babolat
Men's Play Jacket,64.90 € - 76.90 €,85.00€,Tennis Clothing,2026-09-11 14:51:34,Tennis Warehouse Europe,https://www.tenniswarehouse-europe.com/Babolat_Mens_Play_Jacket/descpageMAQBA-BMPLAYJ-EN.html?color=BK,Babolat
Men's Play Jacket,64.90 € - 76.90 €,85.00€,Tennis Clothing,2026-09-11 14:51:34,Tennis Warehouse Europe,https://www.tenniswarehouse-europe.com/Babolat_Mens_Play_Jacket/descpageMAQBA-BMPLAYJ-EN.html?color=NV,Babolat
Men's Play Jacket,64.90 € - 76.90 €,85.00€,Tennis Clothing,2026-09-11 14:51:34,Tennis Warehouse Europe,https://www.tenniswarehouse-europe.com/Babolat_Mens_Play_Jacket/descpageMAQBA-BMPLAYJ-EN.html?color=WH,Babolat
Men's Play Pant,71.90 €,80.00 €,Tennis Clothing,2026-09-11 14:51:34,Tennis Warehouse Europe,https://www.tenniswarehouse-europe.com/Babolat_Mens_Play_Pant/descpageMAQBA-BMPLAPA-EN.html?color=BK,Babolat
Men's Play Pant,71.90 €,80.00 €,Tennis Clothing,2026-09-11 14:51:34,Tennis Warehouse Europe,https://www.tenniswarehouse-europe.com/Babolat_Mens_Play_Pant/descpageMAQBA-BMPLAPA-EN.html?color=NV,Babolat
Men's Exercise Message T-Shirt,19.90 €,25.00 €,Tennis Clothing,2026-09-11 14:51:34,Tennis Warehouse Europe,https://www.tenniswarehouse-europe.com/Babolat_Mens_Exercise_Message_T-Shirt/descpageMAQBA-BMERMTS-EN.html?color=BE,Babolat
Men's Exercise Message T-Shirt,19.90 €,25.00 €,Tennis Clothing,2026-09-11 14:51:34,Tennis Warehouse Europe,https://www.tenniswarehouse-europe.com/Babolat_Mens_Exercise_Message_T-Shirt/descpageMAQBA-BMERMTS-EN.html?color=BK,Babolat
Men's Exercise Message T-Shirt,19.90 €,25.00 €,Tennis Clothing,2026-09-11 14:51:34,Tennis Warehouse Europe,https://www.tenniswarehouse-europe.com/Babolat_Mens_Exercise_Message_T-Shirt/descpageMAQBA-BMERMTS-EN.html?color=BL,Babolat
Men's Exercise Message T-Shirt,19.90 €,25.00 €,Tennis Clothing,2026-09-11 14:51:34,Tennis Warehouse Europe,https://www.tenniswarehouse-europe.com/Babolat_Mens_Exercise_Message_T-Shirt/descpageMAQBA-BMERMTS-EN.html?color=GR,Babolat
Men's Exercise Thrill Top,35.90 €,40.00 €,Tennis Clothing,2026-09-11 14:51:34,Tennis Warehouse Europe,https://www.tenniswarehouse-europe.com/Babolat_Mens_Exercise_Thrill_Top/descpageMAQBA-BMTHC-EN.html?color=BK,Babolat
Men's Graphic T-Shirt,27.89 €,35.00 €,Tennis Clothing,2026-09-11 14:51:34,Tennis Warehouse Europe,https://www.tenniswarehouse-europe.com/Babolat_Mens_Graphic_T-Shirt/descpageMAQBA-BMGRTE-EN.html?color=OR,Babolat
Men's Big Flag T-Shirt,14.90 €,25.00 €,Tennis Clothing,2026-09-11 14:51:34,Tennis Warehouse Europe,https://www.tenniswarehouse-europe.com/Babolat_Mens_Big_Flag_T-Shirt/descpageMAQBA-BMBGFT-EN.html?color=WH,Babolat
Men's Exercise T-Shirt,9.90 € - 21.90 €,25.00€,Tennis Clothing,2026-09-11 14:51:34,Tennis Warehouse Europe,https://www.tenniswarehouse-europe.com/Babolat_Mens_Exercise_T-Shirt/descpageMAQBA-BMEXTS-EN.html?color=BK,Babolat
Men's Exercise T-Shirt,9.90 € - 21.90 €,25.00€,Tennis Clothing,2026-09-11 14:51:34,Tennis Warehouse Europe,https://www.tenniswarehouse-europe.com/Babolat_Mens_Exercise_T-Shirt/descpageMAQBA-BMEXTS-EN.html?color=BL,Babolat
Men's Exercise T-Shirt,9.90 € - 21.90 €,25.00€,Tennis Clothing,2026-09-11 14:51:34,Tennis Warehouse Europe,https://www.tenniswarehouse-europe.com/Babolat_Mens_Exercise_T-Shirt/descpageMAQBA-BMEXTS-EN.html?color=RD,Babolat
Men's Exercise T-Shirt,9.90 € - 21.90 €,25.00€,Tennis Clothing,2026-09-11 14:51:34,Tennis Warehouse Europe,https://www.tenniswarehouse-europe.com/Babolat_Mens_Exercise_T-Shirt/descpageMAQBA-BMEXTS-EN.html?color=WH,Babolat
Men's Exercise Thrill Hoodie,53.90 €,60.00 €,Tennis Clothing,2026-09-11 14:51:34,Tennis Warehouse Europe,https://www.tenniswarehouse-europe.com/Babolat_Mens_Exercise_Thrill_Hoodie/descpageMAQBA-BMEXTSW-EN.html?color=BT,Babolat
Men's Exercise Jogger Pant,38.90 €,55.00 €,Tennis Clothing,2026-09-11 14:51:34,Tennis Warehouse Europe,https://www.tenniswarehouse-europe.com/Babolat_Mens_Exercise_Jogger_Pant/descpageMAQBA-BEXMJP-EN.html?color=NV,Babolat
Men's Exercise Padded Jacket,107.90 €,120.00 €,Tennis Clothing,2026-09-11 14:51:34,Tennis Warehouse Europe,https://www.tenniswarehouse-europe.com/Babolat_Mens_Exercise_Padded_Jacket/descpageMAQBA-BMEPADB-EN.html?color=DB,Babolat
Men's Padel Cotton T-Shirt,7.90 €,25.00 €,Tennis Clothing,2026-09-11 14:51:34,Tennis Warehouse Europe,https://www.tenniswarehouse-europe.com/Babolat_Mens_Padel_Cotton_T-Shirt/descpageMABABPD-BMPCOT-EN.html?color=WH,Babolat
Men's Padel Logo Hoodie,18.90 €,62.00 €,Tennis Clothing,2026-09-11 14:51:34,Tennis Warehouse Europe,https://www.tenniswarehouse-europe.com/Babolat_Mens_Padel_Logo_Hoodie/descpageMABABPD-BMPHSW-EN.html?color=BK,Babolat
Men's PDL Hoodie Blue,24.89 €,62.00 €,Tennis Clothing,2026-09-11 14:51:34,Tennis Warehouse Europe,https://www.tenniswarehouse-europe.com/Babolat_Mens_PDL_Hoodie_Blue/descpageMAQBA-PROMBAB-EN.html?color=BL,Babolat
Men's PDL Hoodie,24.89 €,62.00 €,Tennis Clothing,2026-09-11 14:51:34,Tennis Warehouse Europe,https://www.tenniswarehouse-europe.com/Babolat_Mens_PDL_Hoodie/descpageMAQBA-PROMBAH-EN.html?color=BK,Babolat
Men's Spring Juan Lebron Jacket,41.90 €,70.00 €,Tennis Clothing,2026-09-11 14:51:34,Tennis Warehouse Europe,https://www.tenniswarehouse-europe.com/Babolat_Mens_Spring_Juan_Lebron_Jacket/descpageMABABPD-BMJULEJ-EN.html?color=BL,Babolat
Men's Spring Juan Lebron Padel Jacket,41.90 €,70.00 €,Tennis Clothing,2026-09-11 14:51:34,Tennis Warehouse Europe,https://www.tenniswarehouse-europe.com/Babolat_Mens_Spring_Juan_Lebron_Padel_Jacket/descpageMABABPD-BMJULJ-EN.html?color=GY,Babolat
Men's Spring Juan Lebron Padel Hoodie,40.90 €,69.00 €,Tennis Clothing,2026-09-11 14:51:34,Tennis Warehouse Europe,https://www.tenniswarehouse-europe.com/Babolat_Mens_Spring_Juan_Lebron_Padel_Hoodie/descpageMABABPD-BMJLHO-EN.html?color=GY,Babolat
Men's Spring Juan Lebron Padel Short,22.90 €,39.00 €,Tennis Clothing,2026-09-11 14:51:34,Tennis Warehouse Europe,https://www.tenniswarehouse-europe.com/Babolat_Mens_Spring_Juan_Lebron_Padel_Short/descpageMABABPD-BMLBS-EN.html?color=NV,Babolat
Men's Spring Juan Lebron Padel Short,22.90 €,39.00 €,Tennis Clothing,2026-09-11 14:51:34,Tennis Warehouse Europe,https://www.tenniswarehouse-europe.com/Babolat_Mens_Spring_Juan_Lebron_Padel_Short/descpageMABABPD-BMLBS-EN.html?color=WH,Babolat
Men's Spring Juan Lebron Padel Top,22.90 €,39.00 €,Tennis Clothing,2026-09-11 14:51:34,Tennis Warehouse Europe,https://www.tenniswarehouse-europe.com/Babolat_Mens_Spring_Juan_Lebron_Padel_Top/descpageMABABPD-BMSLBC-EN.html?color=BL,Babolat
Padel Juan Lebron Crew Socks White,17.90 €,20.00 €,Tennis Clothing,2026-09-11 14:51:34,Tennis Warehouse Europe,https://www.tenniswarehouse-europe.com/Babolat_Padel_Juan_Lebron_Crew_Socks_White/descpageMABABPD-BPJLWH-EN.html?color=WH,Babolat
Padel Juan Lebron Crew Socks Blue Depths,17.90 €,20.00 €,Tennis Clothing,2026-09-11 14:51:34,Tennis Warehouse Europe,https://www.tenniswarehouse-europe.com/Babolat_Padel_Juan_Lebron_Crew_Socks_Blue_Depths/descpageMABABPD-BPJLBD-EN.html?color=NV,Babolat
3 Pairs Pack Men's Crew Sock Mixed,9.90 €,14.00 €,Tennis Clothing,2026-09-11 14:51:34,Tennis Warehouse Europe,https://www.tenniswarehouse-europe.com/Babolat_3_Pairs_Pack_Mens_Crew_Sock_Mixed/descpageQBA-B3PCSM-EN.html?color=MX,Babolat
3 Pairs Pack Crew Sock White,9.90 €,14.00 €,Tennis Clothing,2026-09-11 14:51:34,Tennis Warehouse Europe,https://www.tenniswarehouse-europe.com/Babolat_3_Pairs_Pack_Crew_Sock_White/descpageMAQBA-B3PCSW-EN.html?color=WH,Babolat
3 Pairs Pack Crew Sock Black,9.90 €,14.00 €,Tennis Clothing,2026-09-11 14:51:34,Tennis Warehouse Europe,https://www.tenniswarehouse-europe.com/Babolat_3_Pairs_Pack_Crew_Sock_Black/descpageMAQBA-B3PCSB-EN.html?color=BK,Babolat
3 Pairs Pack Quarter Sock White/Blue/Grey,9.90 €,14.00 €,Tennis Clothing,2026-09-11 14:51:34,Tennis Warehouse Europe,https://www.tenniswarehouse-europe.com/Babolat_3_Pairs_Pack_Quarter_Sock_White_Blue_Grey/descpageMAQBA-B3OQM-EN.html?color=MX,Babolat
3 Pairs Pack Quarter Sock Black,9.90 €,14.00 €,Tennis Clothing,2026-09-11 14:51:34,Tennis Warehouse Europe,https://www.tenniswarehouse-europe.com/Babolat_3_Pairs_Pack_Quarter_Sock_Black/descpageMAQBA-B3OQB-EN.html?color=BK,Babolat
3 Pairs Pack Quarter Sock White,9.90 €,14.00 €,Tennis Clothing,2026-09-11 14:51:34,Tennis Warehouse Europe,https://www.tenniswarehouse-europe.com/Babolat_3_Pairs_Pack_Quarter_Sock_White/descpageMAQBA-B3OQW-EN.html?color=WH,Babolat
Invisible 2 Pairs Pack Women's Sock White,9.90 €,12.00 €,Tennis Clothing,2026-09-11 14:51:34,Tennis Warehouse Europe,https://www.tenniswarehouse-europe.com/Babolat_Invisible_2_Pairs_Pack_Womens_Sock_White/descpageWAQBA-BI2PW-EN.html?color=WH,Babolat
Invisible 3 Pairs Pack Socks,9.90 €,14.00 €,Tennis Clothing,2026-09-11 14:51:34,Tennis Warehouse Europe,https://www.tenniswarehouse-europe.com/Babolat_Invisible_3_Pairs_Pack_Socks/descpageWAQBA-BI3PW-EN.html?color=BK,Babolat
Invisible 3 Pairs Pack Socks,9.90 €,14.00 €,Tennis Clothing,2026-09-11 14:51:34,Tennis Warehouse Europe,https://www.tenniswarehouse-europe.com/Babolat_Invisible_3_Pairs_Pack_Socks/descpageWAQBA-BI3PW-EN.html?color=WH,Babolat
Padel Crew Socks,17.90 €,20.00 €,Tennis Clothing,2026-09-11 14:51:34,Tennis Warehouse Europe,https://www.tenniswarehouse-europe.com/Babolat_Padel_Crew_Socks/descpageMABABPD-BPSCW-EN.html?color=WBK,Babolat
Padel Crew Socks,17.90 €,20.00 €,Tennis Clothing,2026-09-11 14:51:34,Tennis Warehouse Europe,https://www.tenniswarehouse-europe.com/Babolat_Padel_Crew_Socks/descpageMABABPD-BPSCW-EN.html?color=WH,Babolat
Padel Quarter Socks White/Black,15.90 €,17.00 €,Tennis Clothing,2026-09-11 14:51:34,Tennis Warehouse Europe,https://www.tenniswarehouse-europe.com/Babolat_Padel_Quarter_Socks_White_Black/descpageMABABPD-BPAQS-EN.html?color=WBK,Babolat
Padel Quarter Socks,15.90 €,17.00 €,Tennis Clothing,2026-09-11 14:51:34,Tennis Warehouse Europe,https://www.tenniswarehouse-europe.com/Babolat_Padel_Quarter_Socks/descpageMABABPD-BPAQSM-EN.html?color=WH,Babolat
Cotton Hat,16.90 €,22.00 €,Tennis Clothing,2026-09-11 14:51:34,Tennis Warehouse Europe,https://www.tenniswarehouse-europe.com/Babolat_Cotton_Hat/descpageQBA-BMCTH-EN.html?color=LB,Babolat
Aero Performance Hat,17.90 €,20.00 €,Tennis Clothing,2026-09-11 14:51:34,Tennis Warehouse Europe,https://www.tenniswarehouse-europe.com/Babolat_Aero_Performance_Hat/descpageQBA-BMAEPH-EN.html?color=GY,Babolat
Juan Lebron Trucker Hat,23.90 €,26.00 €,Tennis Clothing,2026-09-11 14:51:34,Tennis Warehouse Europe,https://www.tenniswarehouse-europe.com/Babolat_Juan_Lebron_Trucker_Hat/descpageBABPD-BMJLTH-EN.html?color=WBL,Babolat
Juan Lebron Performance Hat,21.90 €,24.00 €,Tennis Clothing,2026-09-11 14:51:34,Tennis Warehouse Europe,https://www.tenniswarehouse-europe.com/Babolat_Juan_Lebron_Performance_Hat/descpageBABPD-BMJLPH-EN.html?color=WH,Babolat
Pure Logo Hat,12.90 €,18.00 €,Tennis Clothing,2026-09-11 14:51:34,Tennis Warehouse Europe,https://www.tenniswarehouse-europe.com/Babolat_Pure_Logo_Hat/descpageQBA-BMPULOH-EN.html?color=BK,Babolat
Pure Logo Hat,12.90 €,18.00 €,Tennis Clothing,2026-09-11 14:51:34,Tennis Warehouse Europe,https://www.tenniswarehouse-europe.com/Babolat_Pure_Logo_Hat/descpageQBA-BMPULOH-EN.html?color=BL,Babolat
Pure Logo Hat,12.90 €,18.00 €,Tennis Clothing,2026-09-11 14:51:34,Tennis Warehouse Europe,https://www.tenniswarehouse-europe.com/Babolat_Pure_Logo_Hat/descpageQBA-BMPULOH-EN.html?color=NV,Babolat
Pure Logo Hat,12.90 €,18.00 €,Tennis Clothing,2026-09-11 14:51:34,Tennis Warehouse Europe,https://www.tenniswarehouse-europe.com/Babolat_Pure_Logo_Hat/descpageQBA-BMPULOH-EN.html?color=RD,Babolat
Pure Logo Hat,12.90 €,18.00 €,Tennis Clothing,2026-09-11 14:51:34,Tennis Warehouse Europe,https://www.tenniswarehouse-europe.com/Babolat_Pure_Logo_Hat/descpageQBA-BMPULOH-EN.html?color=WH,Babolat
Junior Pure Logo Hat,12.90 €,16.00 €,Tennis Clothing,2026-09-11 14:51:34,Tennis Warehouse Europe,https://www.tenniswarehouse-europe.com/Babolat_Junior_Pure_Logo_Hat/descpageQBA-BAKJH-EN.html?color=BK,Babolat
Junior Pure Logo Hat,12.90 €,16.00 €,Tennis Clothing,2026-09-11 14:51:34,Tennis Warehouse Europe,https://www.tenniswarehouse-europe.com/Babolat_Junior_Pure_Logo_Hat/descpageQBA-BAKJH-EN.html?color=BL,Babolat
Junior Pure Logo Hat,12.90 €,16.00 €,Tennis Clothing,2026-09-11 14:51:34,Tennis Warehouse Europe,https://www.tenniswarehouse-europe.com/Babolat_Junior_Pure_Logo_Hat/descpageQBA-BAKJH-EN.html?color=NV,Babolat
Women's Elastic Visor,17.90 €,20.00 €,Tennis Clothing,2026-09-11 14:51:34,Tennis Warehouse Europe,https://www.tenniswarehouse-europe.com/Babolat_Womens_Elastic_Visor/descpageQBA-BWE26V-EN.html?color=RD,Babolat
Women's Elastic Visor,13.90 €,20.00 €,Tennis Clothing,2026-09-11 14:51:34,Tennis Warehouse Europe,https://www.tenniswarehouse-europe.com/Babolat_Womens_Elastic_Visor/descpageQBA-BWE24V-EN.html?color=BK,Babolat
Headband,10.90 €,12.00 €,Tennis Clothing,2026-09-11 14:51:34,Tennis Warehouse Europe,https://www.tenniswarehouse-europe.com/Babolat_Headband/descpageQBA-BABA26-EN.html?color=RD,Babolat
Aero Logo Jumbo Wristbands,8.90 €,10.00 €,Tennis Clothing,2026-09-11 14:51:34,Tennis Warehouse Europe,https://www.tenniswarehouse-europe.com/Babolat_Aero_Logo_Jumbo_Wristbands/descpageQBA-BAEWB-EN.html?color=BKY,Babolat
Logo Jumbo Wristbands,8.90 €,10.00 €,Tennis Clothing,2026-09-11 14:51:34,Tennis Warehouse Europe,https://www.tenniswarehouse-europe.com/Babolat_Logo_Jumbo_Wristbands/descpageQBA-BLJUWB-EN.html?color=BKR,Babolat
Logo Jumbo Wristbands,8.90 €,10.00 €,Tennis Clothing,2026-09-11 14:51:34,Tennis Warehouse Europe,https://www.tenniswarehouse-europe.com/Babolat_Logo_Jumbo_Wristbands/descpageQBA-BLJUWB-EN.html?color=BL,Babolat
Terry Jumbo Wristbands,8.90 €,10.00 €,Tennis Clothing,2026-09-11 14:51:34,Tennis Warehouse Europe,https://www.tenniswarehouse-europe.com/Babolat_Terry_Jumbo_Wristbands/descpageQBA-BTEJDB-EN.html?color=BL,Babolat
Terry Jumbo Wristbands,8.90 €,10.00 €,Tennis Clothing,2026-09-11 14:51:34,Tennis Warehouse Europe,https://www.tenniswarehouse-europe.com/Babolat_Terry_Jumbo_Wristbands/descpageQBA-BTEJDB-EN.html?color=RD,Babolat
Norrie Logo Jumbo Wristbands,8.90 €,10.00 €,Tennis Clothing,2026-09-11 14:51:34,Tennis Warehouse Europe,https://www.tenniswarehouse-europe.com/Babolat_Norrie_Logo_Jumbo_Wristbands/descpageQBA-BAENOSB-EN.html?color=BL,Babolat
Logo Wristbands,7.90 €,9.00 €,Tennis Clothing,2026-09-11 14:51:34,Tennis Warehouse Europe,https://www.tenniswarehouse-europe.com/Babolat_Logo_Wristbands/descpageQBA-SLGWB-EN.html?color=BL,Babolat
Terry Jumbo Wristbands,8.90 €,10.00 €,Tennis Clothing,2026-09-11 14:51:34,Tennis Warehouse Europe,https://www.tenniswarehouse-europe.com/Babolat_Terry_Jumbo_Wristbands/descpageQBA-BATJDB-EN.html?color=BK,Babolat
Headband,7.90 €,12.00 €,Tennis Clothing,2026-09-11 14:51:34,Tennis Warehouse Europe,https://www.tenniswarehouse-europe.com/Babolat_Headband/descpageQBA-BABA24-EN.html?color=BK,Babolat
Medium Aero Towel,22.90 €,25.00 €,Tennis Clothing,2026-09-11 14:51:34,Tennis Warehouse Europe,https://www.tenniswarehouse-europe.com/Babolat_Medium_Aero_Towel/descpageQBA-BMAET-EN.html?color=,Babolat
Medium Towel,22.90 €,25.00 €,Tennis Clothing,2026-09-11 14:51:34,Tennis Warehouse Europe,https://www.tenniswarehouse-europe.com/Babolat_Medium_Towel/descpageQBA-BMTOWT-EN.html?color=,Babolat
Medium Towel,19.90 €,25.00 €,Tennis Clothing,2026-09-11 14:51:34,Tennis Warehouse Europe,https://www.tenniswarehouse-europe.com/Babolat_Medium_Towel/descpageQBA-BMKTOW-EN.html?color=,Babolat
Bjorn Borg Men's Fall Ace Light Top,26.89 €,29.95 €,Tennis Clothing,2026-09-11 14:51:34,Tennis Warehouse Europe,https://www.tenniswarehouse-europe.com/Bjorn_Borg_Mens_Fall_Ace_Light_Top/descpageMABBAPP-BSFALC-EN.html?color=RD,Bjšrn Borg
Bjorn Borg Men's Fall Ace Light Top,26.89 €,29.95 €,Tennis Clothing,2026-09-11 14:51:34,Tennis Warehouse Europe,https://www.tenniswarehouse-europe.com/Bjorn_Borg_Mens_Fall_Ace_Light_Top/descpageMABBAPP-BSFALC-EN.html?color=TE,Bjšrn Borg
Bjorn Borg Men's Fall Ace Performance Ball Top,35.89 €,39.95 €,Tennis Clothing,2026-09-11 14:51:34,Tennis Warehouse Europe,https://www.tenniswarehouse-europe.com/Bjorn_Borg_Mens_Fall_Ace_Performance_Ball_Top/descpageMABBAPP-BSFAPC-EN.html?color=BK,Bjšrn Borg
Bjorn Borg Men's Fall Performance Camo Top,40.90 €,44.95 €,Tennis Clothing,2026-09-11 14:51:34,Tennis Warehouse Europe,https://www.tenniswarehouse-europe.com/Bjorn_Borg_Mens_Fall_Performance_Camo_Top/descpageMABBAPP-BSFACC-EN.html?color=KH,Bjšrn Borg
Bjorn Borg Men's Fall Borg Top,24.89 €,27.95 €,Tennis Clothing,2026-09-11 14:51:34,Tennis Warehouse Europe,https://www.tenniswarehouse-europe.com/Bjorn_Borg_Mens_Fall_Borg_Top/descpageMABBAPP-BSFLBOT-EN.html?color=GR,Bjšrn Borg
Bjorn Borg Men's Fall Borg Top,24.89 €,27.95 €,Tennis Clothing,2026-09-11 14:51:34,Tennis Warehouse Europe,https://www.tenniswarehouse-europe.com/Bjorn_Borg_Mens_Fall_Borg_Top/descpageMABBAPP-BSFLBOT-EN.html?color=PK,Bjšrn Borg
Bjorn Borg Men's Fall Borg Top,24.89 €,27.95 €,Tennis Clothing,2026-09-11 14:51:34,Tennis Warehouse Europe,https://www.tenniswarehouse-europe.com/Bjorn_Borg_Mens_Fall_Borg_Top/descpageMABBAPP-BSFLBOT-EN.html?color=RD,Bjšrn Borg
Bjorn Borg Men's Fall Borg Light Top,24.89 €,27.95 €,Tennis Clothing,2026-09-11 14:51:34,Tennis Warehouse Europe,https://www.tenniswarehouse-europe.com/Bjorn_Borg_Mens_Fall_Borg_Light_Top/descpageMABBAPP-BSFLBLT-EN.html?color=YE,Bjšrn Borg
Bjorn Borg Men's Fall Borg Longsleeve Top,35.90 €,39.95 €,Tennis Clothing,2026-09-11 14:51:34,Tennis Warehouse Europe,https://www.tenniswarehouse-europe.com/Bjorn_Borg_Mens_Fall_Borg_Longsleeve_Top/descpageMABBAPP-BJFALT-EN.html?color=TE,Bjšrn Borg
Bjorn Borg Men's Fall Borg Longsleeve Top,35.90 €,39.95 €,Tennis Clothing,2026-09-11 14:51:34,Tennis Warehouse Europe,https://www.tenniswarehouse-europe.com/Bjorn_Borg_Mens_Fall_Borg_Longsleeve_Top/descpageMABBAPP-BJBLS-EN.html?color=BK,Bjšrn Borg
Bjorn Borg Men's Fall Classic Print T-Shirt,31.50 €,34.95 €,Tennis Clothing,2026-09-11 14:51:34,Tennis Warehouse Europe,https://www.tenniswarehouse-europe.com/Bjorn_Borg_Mens_Fall_Classic_Print_T-Shirt/descpageMABBAPP-BFCPT-EN.html?color=GY,Bjšrn Borg
Bjorn Borg Men's Fall Essential 1 T-Shirt,22.90 €,24.95 €,Tennis Clothing,2026-09-11 14:51:34,Tennis Warehouse Europe,https://www.tenniswarehouse-europe.com/Bjorn_Borg_Mens_Fall_Essential_1_T-Shirt/descpageMABBAPP-BFEST-EN.html?color=GR,Bjšrn Borg
"Bjorn Borg Men's Fall Ace Racquet 7"" Short",35.90 €,39.95 €,Tennis Clothing,2026-09-11 14:51:34,Tennis Warehouse Europe,https://www.tenniswarehouse-europe.com/Bjorn_Borg_Mens_Fall_Ace_Racquet_7_Short/descpageMABBAPP-BSAFRSH-EN.html?color=RD,Bjšrn Borg
"Bjorn Borg Men's Winter Ace Racquet 7"" Short",35.90 €,39.95 €,Tennis Clothing,2026-09-11 14:51:34,Tennis Warehouse Europe,https://www.tenniswarehouse-europe.com/Bjorn_Borg_Mens_Winter_Ace_Racquet_7_Short/descpageMABBAPP-BHARS-EN.html?color=NV,Bjšrn Borg
"Bjorn Borg Men's Fall Borg 9"" Short",33.89 €,37.95 €,Tennis Clothing,2026-09-11 14:51:34,Tennis Warehouse Europe,https://www.tenniswarehouse-europe.com/Bjorn_Borg_Mens_Fall_Borg_9_Short/descpageMABBAPP-BSBFRSH-EN.html?color=GR,Bjšrn Borg
"Bjorn Borg Men's Fall Borg 6"" Short",40.90 €,44.95 €,Tennis Clothing,2026-09-11 14:51:34,Tennis Warehouse Europe,https://www.tenniswarehouse-europe.com/Bjorn_Borg_Mens_Fall_Borg_6_Short/descpageMABBAPP-BGFB6S-EN.html?color=GR,Bjšrn Borg
"Bjorn Borg Men's Fall Borg 6"" Short",40.90 €,44.95 €,Tennis Clothing,2026-09-11 14:51:34,Tennis Warehouse Europe,https://www.tenniswarehouse-europe.com/Bjorn_Borg_Mens_Fall_Borg_6_Short/descpageMABBAPP-BGFB6S-EN.html?color=TE,Bjšrn Borg
"Bjorn Borg Men's Fall Borg 6"" Short",40.90 €,44.95 €,Tennis Clothing,2026-09-11 14:51:34,Tennis Warehouse Europe,https://www.tenniswarehouse-europe.com/Bjorn_Borg_Mens_Fall_Borg_6_Short/descpageMABBAPP-BGFB6S-EN.html?color=YE,Bjšrn Borg
"Bjorn Borg Men's Fall Ace Sport 8"" Short",44.89 €,49.95 €,Tennis Clothing,2026-09-11 14:51:34,Tennis Warehouse Europe,https://www.tenniswarehouse-europe.com/Bjorn_Borg_Mens_Fall_Ace_Sport_8_Short/descpageMABBAPP-BGFA8S-EN.html?color=TE,Bjšrn Borg
Bjorn Borg Men's Fall 2-in-1 Short,53.90 €,59.95 €,Tennis Clothing,2026-09-11 14:51:34,Tennis Warehouse Europe,https://www.tenniswarehouse-europe.com/Bjorn_Borg_Mens_Fall_2-in-1_Short/descpageMABBAPP-BJF2SH-EN.html?color=BK,Bjšrn Borg
Bjorn Borg Men's Fall Zip Fleece,53.90 €,59.95 €,Tennis Clothing,2026-09-11 14:51:34,Tennis Warehouse Europe,https://www.tenniswarehouse-europe.com/Bjorn_Borg_Mens_Fall_Zip_Fleece/descpageMABBAPP-BJFFZF-EN.html?color=GR,Bjšrn Borg
Bjorn Borg Men's Fall Essential 1 Tapered Pant,44.89 €,49.95 €,Tennis Clothing,2026-09-11 14:51:34,Tennis Warehouse Europe,https://www.tenniswarehouse-europe.com/Bjorn_Borg_Mens_Fall_Essential_1_Tapered_Pant/descpageMABBAPP-BBESTP-EN.html?color=BK,Bjšrn Borg
Bjorn Borg Men's Fall Cotton Stretch 2-Pack Boxer,26.89 €,29.95 €,Tennis Clothing,2026-09-11 14:51:34,Tennis Warehouse Europe,https://www.tenniswarehouse-europe.com/Bjorn_Borg_Mens_Fall_Cotton_Stretch_2-Pack_Boxer/descpageMABBAPP-BGFC2B-EN.html?color=GR,Bjšrn Borg
Bjorn Borg Men's Fall Cotton Stretch 3-Pack Boxer,40.90 €,44.95 €,Tennis Clothing,2026-09-11 14:51:34,Tennis Warehouse Europe,https://www.tenniswarehouse-europe.com/Bjorn_Borg_Mens_Fall_Cotton_Stretch_3-Pack_Boxer/descpageMABBAPP-BGFC3B-EN.html?color=BO,Bjšrn Borg
Bjorn Borg Men's Fall Cotton Stretch 3-Pack Boxer,40.90 €,44.95 €,Tennis Clothing,2026-09-11 14:51:34,Tennis Warehouse Europe,https://www.tenniswarehouse-europe.com/Bjorn_Borg_Mens_Fall_Cotton_Stretch_3-Pack_Boxer/descpageMABBAPP-BGFC3R-EN.html?color=BRD,Bjšrn Borg
Bjorn Borg Men's Fall Cotton Stretch 3-Pack Boxer,40.90 €,44.95 €,Tennis Clothing,2026-09-11 14:51:34,Tennis Warehouse Europe,https://www.tenniswarehouse-europe.com/Bjorn_Borg_Mens_Fall_Cotton_Stretch_3-Pack_Boxer/descpageMABBAPP-BGFC3O-EN.html?color=BBL,Bjšrn Borg
Bjorn Borg Men's Fall Cotton Stretch 5-Pack Boxer,62.89 €,69.95 €,Tennis Clothing,2026-09-11 14:51:34,Tennis Warehouse Europe,https://www.tenniswarehouse-europe.com/Bjorn_Borg_Mens_Fall_Cotton_Stretch_5-Pack_Boxer/descpageMABBAPP-BGFC5B-EN.html?color=BGR,Bjšrn Borg
Bjorn Borg Men's Fall Cotton Stretch 5-Pack Boxer,62.89 €,69.95 €,Tennis Clothing,2026-09-11 14:51:34,Tennis Warehouse Europe,https://www.tenniswarehouse-europe.com/Bjorn_Borg_Mens_Fall_Cotton_Stretch_5-Pack_Boxer/descpageMABBAPP-BGFC5BL-EN.html?color=BL,Bjšrn Borg
Bjorn Borg Men's Fall Cotton Stretch 7-Pack Boxer,80.90 €,89.95 €,Tennis Clothing,2026-09-11 14:51:34,Tennis Warehouse Europe,https://www.tenniswarehouse-europe.com/Bjorn_Borg_Mens_Fall_Cotton_Stretch_7-Pack_Boxer/descpageMABBAPP-BGFC7B-EN.html?color=BBL,Bjšrn Borg
Bjorn Borg Men's Borg NOOS Top,14.90 € - 19.90 €,27.95€,Tennis Clothing,2026-09-11 14:51:34,Tennis Warehouse Europe,https://www.tenniswarehouse-europe.com/Bjorn_Borg_Mens_Borg_NOOS_Top/descpageMABBAPP-BJNOOSC-EN.html?color=BK,Bjšrn Borg
Bjorn Borg Men's Borg NOOS Top,22.90 €,27.95 €,Tennis Clothing,2026-09-11 14:51:34,Tennis Warehouse Europe,https://www.tenniswarehouse-europe.com/Bjorn_Borg_Mens_Borg_NOOS_Top/descpageMABBAPP-BJFBC-EN.html?color=NV,Bjšrn Borg
Bjorn Borg Men's Borg NOOS Top,22.90 €,27.95 €,Tennis Clothing,2026-09-11 14:51:34,Tennis Warehouse Europe,https://www.tenniswarehouse-europe.com/Bjorn_Borg_Mens_Borg_NOOS_Top/descpageMABBAPP-BJFBC-EN.html?color=WH,Bjšrn Borg
Bjorn Borg Men's Ace Light NOOS Top,14.90 € - 19.90 €,29.95€,Tennis Clothing,2026-09-11 14:51:34,Tennis Warehouse Europe,https://www.tenniswarehouse-europe.com/Bjorn_Borg_Mens_Ace_Light_NOOS_Top/descpageMABBAPP-BBNALC-EN.html?color=BK,Bjšrn Borg
Bjorn Borg Men's Ace Light NOOS Top,14.90 € - 19.90 €,29.95€,Tennis Clothing,2026-09-11 14:51:34,Tennis Warehouse Europe,https://www.tenniswarehouse-europe.com/Bjorn_Borg_Mens_Ace_Light_NOOS_Top/descpageMABBAPP-BBNALC-EN.html?color=NV,Bjšrn Borg
Bjorn Borg Men's Ace Light NOOS Top,14.90 € - 19.90 €,29.95€,Tennis Clothing,2026-09-11 14:51:34,Tennis Warehouse Europe,https://www.tenniswarehouse-europe.com/Bjorn_Borg_Mens_Ace_Light_NOOS_Top/descpageMABBAPP-BBNALC-EN.html?color=WH,Bjšrn Borg
Bjorn Borg Men's Fall Ace NOOS Polo,38.90 €,49.95 €,Tennis Clothing,2026-09-11 14:51:34,Tennis Warehouse Europe,https://www.tenniswarehouse-europe.com/Bjorn_Borg_Mens_Fall_Ace_NOOS_Polo/descpageMABBAPP-BJFAP-EN.html?color=WH,Bjšrn Borg
"Bjorn Borg Men's Ace Racquet NOOS 7"" Short",24.89 € - 33.89 €,39.95€,Tennis Clothing,2026-09-11 14:51:34,Tennis Warehouse Europe,https://www.tenniswarehouse-europe.com/Bjorn_Borg_Mens_Ace_Racquet_NOOS_7_Short/descpageMABBAPP-BBARNS-EN.html?color=BK,Bjšrn Borg
"Bjorn Borg Men's Ace Racquet NOOS 7"" Short",24.89 € - 33.89 €,39.95€,Tennis Clothing,2026-09-11 14:51:34,Tennis Warehouse Europe,https://www.tenniswarehouse-europe.com/Bjorn_Borg_Mens_Ace_Racquet_NOOS_7_Short/descpageMABBAPP-BBARNS-EN.html?color=WH,Bjšrn Borg
"Bjorn Borg Men's Borg NOOS 6"" Short",40.90 €,44.95 €,Tennis Clothing,2026-09-11 14:51:34,Tennis Warehouse Europe,https://www.tenniswarehouse-europe.com/Bjorn_Borg_Mens_Borg_NOOS_6_Short/descpageMABBAPP-BJS7NS-EN.html?color=WH,Bjšrn Borg
"Bjorn Borg Men's Borg NOOS 6"" Short",39.89 €,44.95 €,Tennis Clothing,2026-09-11 14:51:34,Tennis Warehouse Europe,https://www.tenniswarehouse-europe.com/Bjorn_Borg_Mens_Borg_NOOS_6_Short/descpageMABBAPP-BMNB6S-EN.html?color=NV,Bjšrn Borg
"Bjorn Borg Men's Borg NOOS 6"" Short",40.90 €,44.95 €,Tennis Clothing,2026-09-11 14:51:34,Tennis Warehouse Europe,https://www.tenniswarehouse-europe.com/Bjorn_Borg_Mens_Borg_NOOS_6_Short/descpageMABBAPP-BJFS7S-EN.html?color=BK,Bjšrn Borg
"Bjorn Borg Men's Borg 9"" NOOS Short",26.89 € - 33.89 €,37.95€,Tennis Clothing,2026-09-11 14:51:34,Tennis Warehouse Europe,https://www.tenniswarehouse-europe.com/Bjorn_Borg_Mens_Borg_9_NOOS_Short/descpageMABBAPP-BMNOOS-EN.html?color=BK,Bjšrn Borg
"Bjorn Borg Men's Borg 9"" NOOS Short",33.90 €,37.95 €,Tennis Clothing,2026-09-11 14:51:34,Tennis Warehouse Europe,https://www.tenniswarehouse-europe.com/Bjorn_Borg_Mens_Borg_9_NOOS_Short/descpageMABBAPP-BMNOSS-EN.html?color=NV,Bjšrn Borg
Bjorn Borg Men's Cotton Stretch 3-Pack NOOS Boxer,35.90 €,44.95 €,Tennis Clothing,2026-09-11 14:51:34,Tennis Warehouse Europe,https://www.tenniswarehouse-europe.com/Bjorn_Borg_Mens_Cotton_Stretch_3-Pack_NOOS_Boxer/descpageMABBAPP-BCSBLN-EN.html?color=BN,Bjšrn Borg
Bjorn Borg Men's Cotton Stretch 3-Pack NOOS Boxer,24.89 €,44.95 €,Tennis Clothing,2026-09-11 14:51:34,Tennis Warehouse Europe,https://www.tenniswarehouse-europe.com/Bjorn_Borg_Mens_Cotton_Stretch_3-Pack_NOOS_Boxer/descpageMABBAPP-BCSGN-EN.html?color=GR,Bjšrn Borg
Bjorn Borg Men's Cotton Stretch 3-Pack NOOS Boxer,38.90 €,42.95 €,Tennis Clothing,2026-09-11 14:51:34,Tennis Warehouse Europe,https://www.tenniswarehouse-europe.com/Bjorn_Borg_Mens_Cotton_Stretch_3-Pack_NOOS_Boxer/descpageMABBAPP-BCSBN-EN.html?color=BN,Bjšrn Borg
Bjorn Borg Men's Cotton Stretch 3-Pack NOOS Boxer,38.90 €,42.95 €,Tennis Clothing,2026-09-11 14:51:34,Tennis Warehouse Europe,https://www.tenniswarehouse-europe.com/Bjorn_Borg_Mens_Cotton_Stretch_3-Pack_NOOS_Boxer/descpageMABBAPP-BCSNB-EN.html?color=BK,Bjšrn Borg
Bjorn Borg Men's Summer Performance Tennis Ball Top,35.90 €,44.95 €,Tennis Clothing,2026-09-11 14:51:34,Tennis Warehouse Europe,https://www.tenniswarehouse-europe.com/Bjorn_Borg_Mens_Summer_Performance_Tennis_Ball_Top/descpageMABBAPP-BSUPTBC-EN.html?color=NV,Bjšrn Borg
Bjorn Borg Men's Summer Performance Tennis Ball Top,35.90 €,44.95 €,Tennis Clothing,2026-09-11 14:51:34,Tennis Warehouse Europe,https://www.tenniswarehouse-europe.com/Bjorn_Borg_Mens_Summer_Performance_Tennis_Ball_Top/descpageMABBAPP-BSUPTBC-EN.html?color=WH,Bjšrn Borg
Bjorn Borg Men's Summer Borg Light Top,21.90 €,27.95 €,Tennis Clothing,2026-09-11 14:51:34,Tennis Warehouse Europe,https://www.tenniswarehouse-europe.com/Bjorn_Borg_Mens_Summer_Borg_Light_Top/descpageMABBAPP-BSMBLC-EN.html?color=PU,Bjšrn Borg
Bjorn Borg Men's Summer Borg Light Top,21.90 €,27.95 €,Tennis Clothing,2026-09-11 14:51:34,Tennis Warehouse Europe,https://www.tenniswarehouse-europe.com/Bjorn_Borg_Mens_Summer_Borg_Light_Top/descpageMABBAPP-BSMBLC-EN.html?color=YE,Bjšrn Borg
"Bjorn Borg Men's Summer Ace Racquet 7"" Short",31.90 €,39.95 €,Tennis Clothing,2026-09-11 14:51:34,Tennis Warehouse Europe,https://www.tenniswarehouse-europe.com/Bjorn_Borg_Mens_Summer_Ace_Racquet_7_Short/descpageMABBAPP-BSRRAS-EN.html?color=BL,Bjšrn Borg
"Bjorn Borg Men's Summer Ace Racquet 7"" Short",31.90 €,39.95 €,Tennis Clothing,2026-09-11 14:51:34,Tennis Warehouse Europe,https://www.tenniswarehouse-europe.com/Bjorn_Borg_Mens_Summer_Ace_Racquet_7_Short/descpageMABBAPP-BSRRAS-EN.html?color=GRL,Bjšrn Borg
"Bjorn Borg Men's Summer Borg 9"" Short",29.90 €,37.95 €,Tennis Clothing,2026-09-11 14:51:34,Tennis Warehouse Europe,https://www.tenniswarehouse-europe.com/Bjorn_Borg_Mens_Summer_Borg_9_Short/descpageMABBAPP-BSRB9S-EN.html?color=RY,Bjšrn Borg
"Bjorn Borg Men's Summer Borg 6"" Short",35.90 €,44.95 €,Tennis Clothing,2026-09-11 14:51:34,Tennis Warehouse Europe,https://www.tenniswarehouse-europe.com/Bjorn_Borg_Mens_Summer_Borg_6_Short/descpageMABBAPP-BSRB6S-EN.html?color=GR,Bjšrn Borg
"Bjorn Borg Men's Summer Borg 6"" Short",35.90 €,44.95 €,Tennis Clothing,2026-09-11 14:51:34,Tennis Warehouse Europe,https://www.tenniswarehouse-europe.com/Bjorn_Borg_Mens_Summer_Borg_6_Short/descpageMABBAPP-BSRB6S-EN.html?color=OR,Bjšrn Borg
"Bjorn Borg Men's Summer Borg 6"" Short",35.90 €,44.95 €,Tennis Clothing,2026-09-11 14:51:34,Tennis Warehouse Europe,https://www.tenniswarehouse-europe.com/Bjorn_Borg_Mens_Summer_Borg_6_Short/descpageMABBAPP-BSRB6S-EN.html?color=YE,Bjšrn Borg
Bjorn Borg Men's Summer Tennis Club T-Shirt,27.89 €,35.00 €,Tennis Clothing,2026-09-11 14:51:34,Tennis Warehouse Europe,https://www.tenniswarehouse-europe.com/Bjorn_Borg_Mens_Summer_Tennis_Club_T-Shirt/descpageMABBAPP-BSRCTS-EN.html?color=BE,Bjšrn Borg
Bjorn Borg Men's Summer Centre Sweatshirt,55.91 €,69.95 €,Tennis Clothing,2026-09-11 14:51:34,Tennis Warehouse Europe,https://www.tenniswarehouse-europe.com/Bjorn_Borg_Mens_Summer_Centre_Sweatshirt/descpageMABBAPP-BSRCSW-EN.html?color=GRL,Bjšrn Borg
Bjorn Borg Men's Summer Essential 1 Sweat Short,31.90 €,39.95 €,Tennis Clothing,2026-09-11 14:51:34,Tennis Warehouse Europe,https://www.tenniswarehouse-europe.com/Bjorn_Borg_Mens_Summer_Essential_1_Sweat_Short/descpageMABBAPP-BSRE1S-EN.html?color=BE,Bjšrn Borg
Bjorn Borg Men's Summer Cotton Stretch 2-Pack Boxer,23.90 €,29.95 €,Tennis Clothing,2026-09-11 14:51:34,Tennis Warehouse Europe,https://www.tenniswarehouse-europe.com/Bjorn_Borg_Mens_Summer_Cotton_Stretch_2-Pack_Boxer/descpageMABBAPP-BSRC2B-EN.html?color=BGR,Bjšrn Borg
Bjorn Borg Men's Summer Cotton Stretch 3-Pack Boxer,35.90 €,44.95 €,Tennis Clothing,2026-09-11 14:51:34,Tennis Warehouse Europe,https://www.tenniswarehouse-europe.com/Bjorn_Borg_Mens_Summer_Cotton_Stretch_3-Pack_Boxer/descpageMABBAPP-BSRCT3B-EN.html?color=BK,Bjšrn Borg
Bjorn Borg Men's Summer Cotton Stretch 3-Pack Boxer,35.90 €,44.95 €,Tennis Clothing,2026-09-11 14:51:34,Tennis Warehouse Europe,https://www.tenniswarehouse-europe.com/Bjorn_Borg_Mens_Summer_Cotton_Stretch_3-Pack_Boxer/descpageMABBAPP-BSECT3B-EN.html?color=GR,Bjšrn Borg
Bjorn Borg Men's Summer Cotton Stretch 3-Pack Boxer,35.90 €,44.95 €,Tennis Clothing,2026-09-11 14:51:34,Tennis Warehouse Europe,https://www.tenniswarehouse-europe.com/Bjorn_Borg_Mens_Summer_Cotton_Stretch_3-Pack_Boxer/descpageMABBAPP-BSUCT3B-EN.html?color=GR,Bjšrn Borg
Bjorn Borg Men's Summer Cotton Stretch 5-Pack Boxer,47.90 €,59.95 €,Tennis Clothing,2026-09-11 14:51:34,Tennis Warehouse Europe,https://www.tenniswarehouse-europe.com/Bjorn_Borg_Mens_Summer_Cotton_Stretch_5-Pack_Boxer/descpageMABBAPP-BSRC5B-EN.html?color=BK,Bjšrn Borg
Bjorn Borg Men's Summer Cotton Stretch 5-Pack Boxer,55.91 €,69.95 €,Tennis Clothing,2026-09-11 14:51:34,Tennis Warehouse Europe,https://www.tenniswarehouse-europe.com/Bjorn_Borg_Mens_Summer_Cotton_Stretch_5-Pack_Boxer/descpageMABBAPP-BSMC5B-EN.html?color=GR,Bjšrn Borg
Bjorn Borg Men's Summer Cotton Stretch 7-Pack Boxer,71.90 €,89.95 €,Tennis Clothing,2026-09-11 14:51:34,Tennis Warehouse Europe,https://www.tenniswarehouse-europe.com/Bjorn_Borg_Mens_Summer_Cotton_Stretch_7-Pack_Boxer/descpageMABBAPP-BCST7B-EN.html?color=BBL,Bjšrn Borg
Bjorn Borg Men's Spring Borg Performance Top,30.90 €,44.95 €,Tennis Clothing,2026-09-11 14:51:34,Tennis Warehouse Europe,https://www.tenniswarehouse-europe.com/Bjorn_Borg_Mens_Spring_Borg_Performance_Top/descpageMABBAPP-BMSBPC-EN.html?color=BL,Bjšrn Borg
"Bjorn Borg Men's Spring Ace Racquet 7"" Short",27.89 €,39.95 €,Tennis Clothing,2026-09-11 14:51:34,Tennis Warehouse Europe,https://www.tenniswarehouse-europe.com/Bjorn_Borg_Mens_Spring_Ace_Racquet_7_Short/descpageMABBAPP-BSARAS-EN.html?color=RY,Bjšrn Borg
Bjorn Borg Men's Spring Ace Retro Track Jacket,69.90 €,99.95 €,Tennis Clothing,2026-09-11 14:51:34,Tennis Warehouse Europe,https://www.tenniswarehouse-europe.com/Bjorn_Borg_Mens_Spring_Ace_Retro_Track_Jacket/descpageMABBAPP-BMSATJ-EN.html?color=NV,Bjšrn Borg
Bjorn Borg Men's Spring Classic Monaco Hoodie,48.90 €,69.90 €,Tennis Clothing,2026-09-11 14:51:34,Tennis Warehouse Europe,https://www.tenniswarehouse-europe.com/Bjorn_Borg_Mens_Spring_Classic_Monaco_Hoodie/descpageMABBAPP-BJSCPH-EN.html?color=WH,Bjšrn Borg
Bjorn Borg Men's Spring Ace Training Pant,41.90 €,59.95 €,Tennis Clothing,2026-09-11 14:51:34,Tennis Warehouse Europe,https://www.tenniswarehouse-europe.com/Bjorn_Borg_Mens_Spring_Ace_Training_Pant/descpageMABBAPP-BJATP-EN.html?color=BK,Bjšrn Borg
Bjorn Borg Men's Winter Borg Longsleeve Top,27.89 €,39.95 €,Tennis Clothing,2026-09-11 14:51:34,Tennis Warehouse Europe,https://www.tenniswarehouse-europe.com/Bjorn_Borg_Mens_Winter_Borg_Longsleeve_Top/descpageMABBAPP-BJHBLS-EN.html?color=RY,Bjšrn Borg
Bjorn Borg Men's Winter Classic Print Hoodie,55.91 €,79.95 €,Tennis Clothing,2026-09-11 14:51:34,Tennis Warehouse Europe,https://www.tenniswarehouse-europe.com/Bjorn_Borg_Mens_Winter_Classic_Print_Hoodie/descpageMABBAPP-BJHCPH-EN.html?color=GY,Bjšrn Borg
Bjorn Borg Men's Winter Tapered Pant,48.90 €,69.95 €,Tennis Clothing,2026-09-11 14:51:34,Tennis Warehouse Europe,https://www.tenniswarehouse-europe.com/Bjorn_Borg_Mens_Winter_Tapered_Pant/descpageMABBAPP-BJHCTP-EN.html?color=GY,Bjšrn Borg
Bjorn Borg Men's Winter Sports Microfiber 3-Pack Boxer,35.90 €,54.95 €,Tennis Clothing,2026-09-11 14:51:34,Tennis Warehouse Europe,https://www.tenniswarehouse-europe.com/Bjorn_Borg_Mens_Winter_Sports_Microfiber_3-Pack_Boxer/descpageMABBAPP-BWM3R-EN.html?color=BGR,Bjšrn Borg
Bjorn Borg Men's Fall Borg Longsleeve Top,35.90 €,39.95 €,Tennis Clothing,2026-09-11 14:51:34,Tennis Warehouse Europe,https://www.tenniswarehouse-europe.com/Bjorn_Borg_Mens_Fall_Borg_Longsleeve_Top/descpageMABBAPP-BJBLS-EN.html?color=BK,Bjšrn Borg
Bjorn Borg Men's Summer Premium Cotton 2-Pack Boxer,26.89 €,44.95 €,Tennis Clothing,2026-09-11 14:51:34,Tennis Warehouse Europe,https://www.tenniswarehouse-europe.com/Bjorn_Borg_Mens_Summer_Premium_Cotton_2-Pack_Boxer/descpageMABBAPP-BJPCBB-EN.html?color=GY,Bjšrn Borg
Men's Performance Top,53.90 €,60.00 €,Tennis Clothing,2026-09-11 14:51:34,Tennis Warehouse Europe,https://www.tenniswarehouse-europe.com/BOAST_Mens_Performance_Top/descpageMABOAST-BMPRFT-EN.html?color=BL,BOAST
Men's Performance Top,53.90 €,60.00 €,Tennis Clothing,2026-09-11 14:51:34,Tennis Warehouse Europe,https://www.tenniswarehouse-europe.com/BOAST_Mens_Performance_Top/descpageMABOAST-BMPRFT-EN.html?color=NV,BOAST
Men's Performance Top,53.90 €,60.00 €,Tennis Clothing,2026-09-11 14:51:34,Tennis Warehouse Europe,https://www.tenniswarehouse-europe.com/BOAST_Mens_Performance_Top/descpageMABOAST-BMPRFT-EN.html?color=WH,BOAST
Men's Match 2.0 Polo,74.90 €,83.00 €,Tennis Clothing,2026-09-11 14:51:34,Tennis Warehouse Europe,https://www.tenniswarehouse-europe.com/BOAST_Mens_Match_20_Polo/descpageMABOAST-BMMPO-EN.html?color=BK,BOAST
Men's Maple T-Shirt,36.90 €,41.00 €,Tennis Clothing,2026-09-11 14:51:34,Tennis Warehouse Europe,https://www.tenniswarehouse-europe.com/BOAST_Mens_Maple_T-Shirt/descpageMABOAST-BMAPTS-EN.html?color=GY,BOAST
Men's Maple T-Shirt,36.90 €,41.00 €,Tennis Clothing,2026-09-11 14:51:34,Tennis Warehouse Europe,https://www.tenniswarehouse-europe.com/BOAST_Mens_Maple_T-Shirt/descpageMABOAST-BMAPTS-EN.html?color=WH,BOAST
Men's Tennis T-Shirt,36.90 €,41.00 €,Tennis Clothing,2026-09-11 14:51:34,Tennis Warehouse Europe,https://www.tenniswarehouse-europe.com/BOAST_Mens_Tennis_T-Shirt/descpageMABOAST-BMBTTS-EN.html?color=BL,BOAST
Men's Boast T-Shirt,36.90 €,41.00 €,Tennis Clothing,2026-09-11 14:51:34,Tennis Warehouse Europe,https://www.tenniswarehouse-europe.com/BOAST_Mens_Boast_T-Shirt/descpageMABOAST-BMBSTS-EN.html?color=GY,BOAST
"Men's Peak Performance 7"" Short",59.90 €,67.00 €,Tennis Clothing,2026-09-11 14:51:34,Tennis Warehouse Europe,https://www.tenniswarehouse-europe.com/BOAST_Mens_Peak_Performance_7_Short/descpageMABOAST-BMPP7S-EN.html?color=BK,BOAST
"Men's Peak Performance 7"" Short",59.90 €,67.00 €,Tennis Clothing,2026-09-11 14:51:34,Tennis Warehouse Europe,https://www.tenniswarehouse-europe.com/BOAST_Mens_Peak_Performance_7_Short/descpageMABOAST-BMPP7S-EN.html?color=BL,BOAST
"Men's Peak Performance 7"" Short",59.90 €,67.00 €,Tennis Clothing,2026-09-11 14:51:34,Tennis Warehouse Europe,https://www.tenniswarehouse-europe.com/BOAST_Mens_Peak_Performance_7_Short/descpageMABOAST-BMPP7S-EN.html?color=GR,BOAST
"Men's Peak Performance 7"" Short",59.90 €,67.00 €,Tennis Clothing,2026-09-11 14:51:34,Tennis Warehouse Europe,https://www.tenniswarehouse-europe.com/BOAST_Mens_Peak_Performance_7_Short/descpageMABOAST-BMPP7S-EN.html?color=WH,BOAST
"Men's Tipped Peak Performance 7"" Short",51.90 €,58.00 €,Tennis Clothing,2026-09-11 14:51:34,Tennis Warehouse Europe,https://www.tenniswarehouse-europe.com/BOAST_Mens_Tipped_Peak_Performance_7_Short/descpageMABOAST-BMPK7S-EN.html?color=WH,BOAST
"Men's Peak 2-in-1 7"" Short",67.90 €,75.00 €,Tennis Clothing,2026-09-11 14:51:34,Tennis Warehouse Europe,https://www.tenniswarehouse-europe.com/BOAST_Mens_Peak_2-in-1_7_Short/descpageMABOAST-BM21P7S-EN.html?color=NV,BOAST
"Men's Peak Performance 5"" Short",56.90 €,63.00 €,Tennis Clothing,2026-09-11 14:51:34,Tennis Warehouse Europe,https://www.tenniswarehouse-europe.com/BOAST_Mens_Peak_Performance_5_Short/descpageMABOAST-BMPP5S-EN.html?color=NV,BOAST
"Men's Peak Performance 5"" Short",56.90 €,63.00 €,Tennis Clothing,2026-09-11 14:51:34,Tennis Warehouse Europe,https://www.tenniswarehouse-europe.com/BOAST_Mens_Peak_Performance_5_Short/descpageMABOAST-BMPP5S-EN.html?color=WH,BOAST
Men's Greenwich 1/4 Zip Longsleeve Top,89.90 €,100.00 €,Tennis Clothing,2026-09-11 14:51:34,Tennis Warehouse Europe,https://www.tenniswarehouse-europe.com/BOAST_Mens_Greenwich_1_4_Zip_Longsleeve_Top/descpageMABOAST-BMGRLS-EN.html?color=LGY,BOAST
Tech Hat,31.90 €,36.00 €,Tennis Clothing,2026-09-11 14:51:34,Tennis Warehouse Europe,https://www.tenniswarehouse-europe.com/BOAST_Tech_Hat/descpageMABOAST-BTECH-EN.html?color=NV,BOAST
Tech Hat,31.90 €,36.00 €,Tennis Clothing,2026-09-11 14:51:34,Tennis Warehouse Europe,https://www.tenniswarehouse-europe.com/BOAST_Tech_Hat/descpageMABOAST-BTECH-EN.html?color=WHN,BOAST
Headband & Wristband Set Navy/White,19.90 €,24.00 €,Tennis Clothing,2026-09-11 14:51:34,Tennis Warehouse Europe,https://www.tenniswarehouse-europe.com/BOAST_Headband__Wristband_Set_Navy_White/descpageBOAST-BHBWBS-EN.html,BOAST
Retro Crew 3-Pack Socks,34.90 €,39.00 €,Tennis Clothing,2026-09-11 14:51:34,Tennis Warehouse Europe,https://www.tenniswarehouse-europe.com/BOAST_Retro_Crew_3-Pack_Socks/descpageMABOAST-BRC3PS-EN.html?color=WHN,BOAST
Retro Crew 3-Pack Socks,34.90 €,39.00 €,Tennis Clothing,2026-09-11 14:51:34,Tennis Warehouse Europe,https://www.tenniswarehouse-europe.com/BOAST_Retro_Crew_3-Pack_Socks/descpageMABOAST-BRC3PS-EN.html?color=WRD,BOAST
Men's Fall Tennis Berrettini Game 1 Polo,118.90 €,139.95 €,Tennis Clothing,2026-09-11 14:51:34,Tennis Warehouse Europe,https://www.tenniswarehouse-europe.com/BOSS_Mens_Fall_Tennis_Berrettini_Game_1_Polo/descpageMABOSS-BMOCGP-EN.html?color=BK,BOSS
Men's Fall Tennis Fritz Game 1 Top,84.89 €,99.95 €,Tennis Clothing,2026-09-11 14:51:34,Tennis Warehouse Europe,https://www.tenniswarehouse-europe.com/BOSS_Mens_Fall_Tennis_Fritz_Game_1_Top/descpageMABOSS-BMFG1T-EN.html?color=BK,BOSS
Men's Fall Tennis Fritz Game 1 Top,84.89 €,99.95 €,Tennis Clothing,2026-09-11 14:51:34,Tennis Warehouse Europe,https://www.tenniswarehouse-europe.com/BOSS_Mens_Fall_Tennis_Fritz_Game_1_Top/descpageMABOSS-BMFG1T-EN.html?color=WH,BOSS
Men's Fall Tennis Game 3 Polo,99.89 €,129.95 €,Tennis Clothing,2026-09-11 14:51:34,Tennis Warehouse Europe,https://www.tenniswarehouse-europe.com/BOSS_Mens_Fall_Tennis_Game_3_Polo/descpageMABOSS-BMOCPNA-EN.html?color=BK,BOSS
Men's Fall Tennis Game 3 Polo,109.90 €,129.95 €,Tennis Clothing,2026-09-11 14:51:34,Tennis Warehouse Europe,https://www.tenniswarehouse-europe.com/BOSS_Mens_Fall_Tennis_Game_3_Polo/descpageMABOSS-BMOCP-EN.html?color=WH,BOSS
Men's Fall Tennis Game Top,71.90 €,89.95 €,Tennis Clothing,2026-09-11 14:51:34,Tennis Warehouse Europe,https://www.tenniswarehouse-europe.com/BOSS_Mens_Fall_Tennis_Game_Top/descpageMABOSS-BMFTGT-EN.html?color=BLD,BOSS
Men's Fall Tennis Game Top,71.90 €,89.95 €,Tennis Clothing,2026-09-11 14:51:34,Tennis Warehouse Europe,https://www.tenniswarehouse-europe.com/BOSS_Mens_Fall_Tennis_Game_Top/descpageMABOSS-BMFTGT-EN.html?color=DGY,BOSS
Men's Fall Tennis Game Top,71.90 €,89.95 €,Tennis Clothing,2026-09-11 14:51:34,Tennis Warehouse Europe,https://www.tenniswarehouse-europe.com/BOSS_Mens_Fall_Tennis_Game_Top/descpageMABOSS-BMFTGT-EN.html?color=WH,BOSS
"Men's Fall Tennis Game 9"" Short",103.90 €,129.95 €,Tennis Clothing,2026-09-11 14:51:34,Tennis Warehouse Europe,https://www.tenniswarehouse-europe.com/BOSS_Mens_Fall_Tennis_Game_9_Short/descpageMABOSS-BMFG9S-EN.html?color=DB,BOSS
"Men's Fall Tennis Game 9"" Short",103.90 €,129.95 €,Tennis Clothing,2026-09-11 14:51:34,Tennis Warehouse Europe,https://www.tenniswarehouse-europe.com/BOSS_Mens_Fall_Tennis_Game_9_Short/descpageMABOSS-BMFG9S-EN.html?color=GY,BOSS
"Men's Fall Tennis Game 9"" Short",103.90 €,129.95 €,Tennis Clothing,2026-09-11 14:51:34,Tennis Warehouse Europe,https://www.tenniswarehouse-europe.com/BOSS_Mens_Fall_Tennis_Game_9_Short/descpageMABOSS-BMFG9S-EN.html?color=WH,BOSS
Men's Fall Active Top,59.89 €,69.95 €,Tennis Clothing,2026-09-11 14:51:34,Tennis Warehouse Europe,https://www.tenniswarehouse-europe.com/BOSS_Mens_Fall_Active_Top/descpageMABOSS-BMFACT-EN.html?color=GY,BOSS
Men's Fall 3-Pack T-Shirt,99.89 €,129.95 €,Tennis Clothing,2026-09-11 14:51:34,Tennis Warehouse Europe,https://www.tenniswarehouse-europe.com/BOSS_Mens_Fall_3-Pack_T-Shirt/descpageMABOSS-BMFTP-EN.html?color=WBK,BOSS
Men's Fall Logo T-Shirt,53.90 €,59.95 €,Tennis Clothing,2026-09-11 14:51:34,Tennis Warehouse Europe,https://www.tenniswarehouse-europe.com/BOSS_Mens_Fall_Logo_T-Shirt/descpageMABOSS-BMSTLT-EN.html?color=BK,BOSS
Men's Fall Tee T-Shirt,49.88 €,59.95 €,Tennis Clothing,2026-09-11 14:51:34,Tennis Warehouse Europe,https://www.tenniswarehouse-europe.com/BOSS_Mens_Fall_Tee_T-Shirt/descpageMABOSS-BMSTETS-EN.html?color=BL,BOSS
Men's Fall Tee T-Shirt,49.88 €,59.95 €,Tennis Clothing,2026-09-11 14:51:34,Tennis Warehouse Europe,https://www.tenniswarehouse-europe.com/BOSS_Mens_Fall_Tee_T-Shirt/descpageMABOSS-BMSTETS-EN.html?color=CO,BOSS
Men's Fall Salbo Sweatshirt,109.88 €,139.95 €,Tennis Clothing,2026-09-11 14:51:34,Tennis Warehouse Europe,https://www.tenniswarehouse-europe.com/BOSS_Mens_Fall_Salbo_Sweatshirt/descpageMABOSS-BOSAS-EN.html?color=BK,BOSS
Men's Tennis Court Polo,125.90 €,139.95 €,Tennis Clothing,2026-09-11 14:51:34,Tennis Warehouse Europe,https://www.tenniswarehouse-europe.com/BOSS_Mens_Tennis_Court_Polo/descpageMABOSS-BMWCP-EN.html?color=PK,BOSS
Men's Tennis Court Top,89.90 €,99.95 €,Tennis Clothing,2026-09-11 14:51:34,Tennis Warehouse Europe,https://www.tenniswarehouse-europe.com/BOSS_Mens_Tennis_Court_Top/descpageMABOSS-BMWTCT-EN.html?color=PK,BOSS
"Men's Tennis Game 9"" Short",116.90 €,129.95 €,Tennis Clothing,2026-09-11 14:51:34,Tennis Warehouse Europe,https://www.tenniswarehouse-europe.com/BOSS_Mens_Tennis_Game_9_Short/descpageMABOSS-BMFG9B-EN.html?color=BK,BOSS
"Men's Tennis Game 8"" Short",116.90 €,129.95 €,Tennis Clothing,2026-09-11 14:51:34,Tennis Warehouse Europe,https://www.tenniswarehouse-europe.com/BOSS_Mens_Tennis_Game_8_Short/descpageMABOSS-BMWG8S-EN.html?color=BK,BOSS
Men's Tee T-Shirt,53.90 €,59.95 €,Tennis Clothing,2026-09-11 14:51:34,Tennis Warehouse Europe,https://www.tenniswarehouse-europe.com/BOSS_Mens_Tee_T-Shirt/descpageMABOSS-BMWITS-EN.html?color=RD,BOSS
Men's Longsleeve T-Shirt,62.90 €,69.95 €,Tennis Clothing,2026-09-11 14:51:34,Tennis Warehouse Europe,https://www.tenniswarehouse-europe.com/BOSS_Mens_Longsleeve_T-Shirt/descpageMABOSS-BMWLST-EN.html?color=BK,BOSS
Men's Summer Tennis Fritz Serve 2 Top,69.90 €,99.95 €,Tennis Clothing,2026-09-11 14:51:34,Tennis Warehouse Europe,https://www.tenniswarehouse-europe.com/BOSS_Mens_Summer_Tennis_Fritz_Serve_2_Top/descpageMABOSS-BMFSDT-EN.html?color=BL,BOSS
Men's Summer Tennis Fritz Serve 2 Top,69.90 €,99.95 €,Tennis Clothing,2026-09-11 14:51:34,Tennis Warehouse Europe,https://www.tenniswarehouse-europe.com/BOSS_Mens_Summer_Tennis_Fritz_Serve_2_Top/descpageMABOSS-BMFSDT-EN.html?color=WH,BOSS
Men's Summer Tennis Serve 2 Top,69.90 €,99.95 €,Tennis Clothing,2026-09-11 14:51:34,Tennis Warehouse Europe,https://www.tenniswarehouse-europe.com/BOSS_Mens_Summer_Tennis_Serve_2_Top/descpageMABOSS-BMFS2T-EN.html?color=BK,BOSS
Men's Summer Tennis Berrettini Serve 2 Polo,90.90 €,129.95 €,Tennis Clothing,2026-09-11 14:51:34,Tennis Warehouse Europe,https://www.tenniswarehouse-europe.com/BOSS_Mens_Summer_Tennis_Berrettini_Serve_2_Polo/descpageMABOSS-BMBS2P-EN.html?color=WH,BOSS
Men's Summer Tennis Berrettini Serve 2 Polo,90.90 €,129.95 €,Tennis Clothing,2026-09-11 14:51:34,Tennis Warehouse Europe,https://www.tenniswarehouse-europe.com/BOSS_Mens_Summer_Tennis_Berrettini_Serve_2_Polo/descpageMABOSS-BMSE2P-EN.html?color=BK,BOSS
Men's Summer Tennis Serve 3 Polo,97.90 €,139.95 €,Tennis Clothing,2026-09-11 14:51:34,Tennis Warehouse Europe,https://www.tenniswarehouse-europe.com/BOSS_Mens_Summer_Tennis_Serve_3_Polo/descpageMABOSS-BMBS3P-EN.html?color=BK,BOSS
Men's Summer Tennis Serve 3 Polo,97.90 €,139.95 €,Tennis Clothing,2026-09-11 14:51:34,Tennis Warehouse Europe,https://www.tenniswarehouse-europe.com/BOSS_Mens_Summer_Tennis_Serve_3_Polo/descpageMABOSS-BMBS3P-EN.html?color=BL,BOSS
Men's Summer Tennis Serve 3 Polo,97.90 €,139.95 €,Tennis Clothing,2026-09-11 14:51:34,Tennis Warehouse Europe,https://www.tenniswarehouse-europe.com/BOSS_Mens_Summer_Tennis_Serve_3_Polo/descpageMABOSS-BMBS3P-EN.html?color=WH,BOSS
"Men's Summer Tennis Spin 9"" Short",90.90 €,129.95 €,Tennis Clothing,2026-09-11 14:51:34,Tennis Warehouse Europe,https://www.tenniswarehouse-europe.com/BOSS_Mens_Summer_Tennis_Spin_9_Short/descpageMABOSS-BMSP9S-EN.html?color=BK,BOSS
"Men's Summer Tennis Spin 9"" Short",90.90 €,129.95 €,Tennis Clothing,2026-09-11 14:51:34,Tennis Warehouse Europe,https://www.tenniswarehouse-europe.com/BOSS_Mens_Summer_Tennis_Spin_9_Short/descpageMABOSS-BMSP9S-EN.html?color=WH,BOSS
"Men's Summer Tennis Spin 9"" Short",90.90 €,129.95 €,Tennis Clothing,2026-09-11 14:51:34,Tennis Warehouse Europe,https://www.tenniswarehouse-europe.com/BOSS_Mens_Summer_Tennis_Spin_9_Short/descpageMABOSS-BMSN9S-EN.html?color=GR,BOSS
"Men's Summer Tennis Spin 8"" Short",90.90 €,129.95 €,Tennis Clothing,2026-09-11 14:51:34,Tennis Warehouse Europe,https://www.tenniswarehouse-europe.com/BOSS_Mens_Summer_Tennis_Spin_8_Short/descpageMABOSS-BMSP8S-EN.html?color=BK,BOSS
"Men's Summer Tennis Spin 8"" Short",90.90 €,129.95 €,Tennis Clothing,2026-09-11 14:51:34,Tennis Warehouse Europe,https://www.tenniswarehouse-europe.com/BOSS_Mens_Summer_Tennis_Spin_8_Short/descpageMABOSS-BMSP8S-EN.html?color=WH,BOSS
Men's Summer Tennis Spin Training Top,62.90 €,89.95 €,Tennis Clothing,2026-09-11 14:51:34,Tennis Warehouse Europe,https://www.tenniswarehouse-europe.com/BOSS_Mens_Summer_Tennis_Spin_Training_Top/descpageMABOSS-BMSTRT-EN.html?color=BK,BOSS
Men's Summer Tennis Spin Training Top,62.90 €,89.95 €,Tennis Clothing,2026-09-11 14:51:34,Tennis Warehouse Europe,https://www.tenniswarehouse-europe.com/BOSS_Mens_Summer_Tennis_Spin_Training_Top/descpageMABOSS-BMSTRT-EN.html?color=BL,BOSS
Men's Summer Tennis Spin Training Top,62.90 €,89.95 €,Tennis Clothing,2026-09-11 14:51:34,Tennis Warehouse Europe,https://www.tenniswarehouse-europe.com/BOSS_Mens_Summer_Tennis_Spin_Training_Top/descpageMABOSS-BMSTRT-EN.html?color=WH,BOSS
Men's Summer Tennis Spin Full Zip Jacket,159.90 €,229.00 €,Tennis Clothing,2026-09-11 14:51:34,Tennis Warehouse Europe,https://www.tenniswarehouse-europe.com/BOSS_Mens_Summer_Tennis_Spin_Full_Zip_Jacket/descpageMABOSS-BMSZJ-EN.html?color=BK,BOSS
Men's Summer Tennis Member Ball T-Shirt,76.90 €,109.95 €,Tennis Clothing,2026-09-11 14:51:34,Tennis Warehouse Europe,https://www.tenniswarehouse-europe.com/BOSS_Mens_Summer_Tennis_Member_Ball_T-Shirt/descpageMABOSS-BMSMBT-EN.html?color=LB,BOSS
Men's Summer Tennis Member Ball T-Shirt,76.90 €,109.95 €,Tennis Clothing,2026-09-11 14:51:34,Tennis Warehouse Europe,https://www.tenniswarehouse-europe.com/BOSS_Mens_Summer_Tennis_Member_Ball_T-Shirt/descpageMABOSS-BMSMBT-EN.html?color=WH,BOSS
Men's Summer Tennis Club T-Shirt,48.90 €,69.95 €,Tennis Clothing,2026-09-11 14:51:34,Tennis Warehouse Europe,https://www.tenniswarehouse-europe.com/BOSS_Mens_Summer_Tennis_Club_T-Shirt/descpageMABOSS-BMSJLT-EN.html?color=WH,BOSS
Men's Summer Tennis Member Logo 3D T-Shirt,55.91 €,79.95 €,Tennis Clothing,2026-09-11 14:51:34,Tennis Warehouse Europe,https://www.tenniswarehouse-europe.com/BOSS_Mens_Summer_Tennis_Member_Logo_3D_T-Shirt/descpageMABOSS-BMS3DLT-EN.html?color=BLD,BOSS
Men's Summer Tennis Member Mesh T-Shirt,62.90 €,89.95 €,Tennis Clothing,2026-09-11 14:51:34,Tennis Warehouse Europe,https://www.tenniswarehouse-europe.com/BOSS_Mens_Summer_Tennis_Member_Mesh_T-Shirt/descpageMABOSS-BMSMEMT-EN.html?color=BK,BOSS
Men's Summer Paddy Cotton Polo,69.90 €,99.95 €,Tennis Clothing,2026-09-11 14:51:34,Tennis Warehouse Europe,https://www.tenniswarehouse-europe.com/BOSS_Mens_Summer_Paddy_Cotton_Polo/descpageMABOSS-BMPAP-EN.html?color=BE,BOSS
Men's Summer Paddy Cotton Polo,69.90 €,99.95 €,Tennis Clothing,2026-09-11 14:51:34,Tennis Warehouse Europe,https://www.tenniswarehouse-europe.com/BOSS_Mens_Summer_Paddy_Cotton_Polo/descpageMABOSS-BMPAP-EN.html?color=GR,BOSS
Men's Summer Paddy Cotton Polo,69.90 €,99.95 €,Tennis Clothing,2026-09-11 14:51:34,Tennis Warehouse Europe,https://www.tenniswarehouse-europe.com/BOSS_Mens_Summer_Paddy_Cotton_Polo/descpageMABOSS-BMPAP-EN.html?color=PK,BOSS
Men's Summer Active Performance Top,48.90 €,69.95 €,Tennis Clothing,2026-09-11 14:51:34,Tennis Warehouse Europe,https://www.tenniswarehouse-europe.com/BOSS_Mens_Summer_Active_Performance_Top/descpageMABOSS-BMSACT-EN.html?color=BK,BOSS
Men's Summer Active Performance Top,48.90 €,69.95 €,Tennis Clothing,2026-09-11 14:51:34,Tennis Warehouse Europe,https://www.tenniswarehouse-europe.com/BOSS_Mens_Summer_Active_Performance_Top/descpageMABOSS-BMSACT-EN.html?color=LB,BOSS
Men's Summer Active Performance Top,48.90 €,69.95 €,Tennis Clothing,2026-09-11 14:51:34,Tennis Warehouse Europe,https://www.tenniswarehouse-europe.com/BOSS_Mens_Summer_Active_Performance_Top/descpageMABOSS-BMSACT-EN.html?color=WH,BOSS
Men's Summer Taul T-Shirt,48.90 €,69.95 €,Tennis Clothing,2026-09-11 14:51:34,Tennis Warehouse Europe,https://www.tenniswarehouse-europe.com/BOSS_Mens_Summer_Taul_T-Shirt/descpageMABOSS-BMSTAT-EN.html?color=BE,BOSS
Men's Summer Taul T-Shirt,48.90 €,69.95 €,Tennis Clothing,2026-09-11 14:51:34,Tennis Warehouse Europe,https://www.tenniswarehouse-europe.com/BOSS_Mens_Summer_Taul_T-Shirt/descpageMABOSS-BMSTAT-EN.html?color=BLD,BOSS
Men's Summer Tee T-Shirt,41.90 €,59.95 €,Tennis Clothing,2026-09-11 14:51:34,Tennis Warehouse Europe,https://www.tenniswarehouse-europe.com/BOSS_Mens_Summer_Tee_T-Shirt/descpageMABOSS-BMSTET-EN.html?color=LB,BOSS
Men's Summer Tee T-Shirt,41.90 €,59.95 €,Tennis Clothing,2026-09-11 14:51:34,Tennis Warehouse Europe,https://www.tenniswarehouse-europe.com/BOSS_Mens_Summer_Tee_T-Shirt/descpageMABOSS-BMSTET-EN.html?color=OL,BOSS
Men's Summer Tee T-Shirt,41.90 €,59.95 €,Tennis Clothing,2026-09-11 14:51:34,Tennis Warehouse Europe,https://www.tenniswarehouse-europe.com/BOSS_Mens_Summer_Tee_T-Shirt/descpageMABOSS-BMSTET-EN.html?color=TU,BOSS
Men's Summer Tee T-Shirt,41.90 €,59.95 €,Tennis Clothing,2026-09-11 14:51:34,Tennis Warehouse Europe,https://www.tenniswarehouse-europe.com/BOSS_Mens_Summer_Tee_T-Shirt/descpageMABOSS-BMSTET-EN.html?color=YE,BOSS
Men's Summer Tee 10 T-Shirt,41.90 €,59.95 €,Tennis Clothing,2026-09-11 14:51:34,Tennis Warehouse Europe,https://www.tenniswarehouse-europe.com/BOSS_Mens_Summer_Tee_10_T-Shirt/descpageMABOSS-BMST10T-EN.html?color=BK,BOSS
Men's Summer Member Full Zip Jacket,139.90 €,199.95 €,Tennis Clothing,2026-09-11 14:51:34,Tennis Warehouse Europe,https://www.tenniswarehouse-europe.com/BOSS_Mens_Summer_Member_Full_Zip_Jacket/descpageMABOSS-BMSMFZJ-EN.html?color=BK,BOSS
Men's Summer Join Hadiko Pant,104.90 €,149.95 €,Tennis Clothing,2026-09-11 14:51:34,Tennis Warehouse Europe,https://www.tenniswarehouse-europe.com/BOSS_Mens_Summer_Join_Hadiko_Pant/descpageMABOSS-BMSJHP-EN.html?color=BK,BOSS
Men's Lach RS Hat,27.89 €,35.00 €,Tennis Clothing,2026-09-11 14:51:34,Tennis Warehouse Europe,https://www.tenniswarehouse-europe.com/BOSS_Mens_Lach_RS_Hat/descpageBOSS-BLARLH-EN.html?color=GY,BOSS
Men's Lach RS Hat,29.89 €,35.00 €,Tennis Clothing,2026-09-11 14:51:34,Tennis Warehouse Europe,https://www.tenniswarehouse-europe.com/BOSS_Mens_Lach_RS_Hat/descpageBOSS-BLARSH-EN.html?color=BK,BOSS
Men's Lach RS Hat,29.89 €,35.00 €,Tennis Clothing,2026-09-11 14:51:34,Tennis Warehouse Europe,https://www.tenniswarehouse-europe.com/BOSS_Mens_Lach_RS_Hat/descpageBOSS-BLARSH-EN.html?color=WH,BOSS
Men's Lach Member Tennis Club Hat,35.90 €,45.00 €,Tennis Clothing,2026-09-11 14:51:34,Tennis Warehouse Europe,https://www.tenniswarehouse-europe.com/BOSS_Mens_Lach_Member_Tennis_Club_Hat/descpageBOSS-BLMTCH-EN.html?color=NV,BOSS
Men's Fall Cisun Top,29.89 €,32.99 €,Tennis Clothing,2026-09-11 14:51:34,Tennis Warehouse Europe,https://www.tenniswarehouse-europe.com/Bullpadel_Mens_Fall_Cisun_Top/descpageMABULLPA-BCIST-EN.html?color=NV,Bullpadel
Men's Fall Cisun Top,29.89 €,32.99 €,Tennis Clothing,2026-09-11 14:51:34,Tennis Warehouse Europe,https://www.tenniswarehouse-europe.com/Bullpadel_Mens_Fall_Cisun_Top/descpageMABULLPA-BCIST-EN.html?color=WH,Bullpadel
Men's Fall Cete Top,31.90 €,35.99 €,Tennis Clothing,2026-09-11 14:51:34,Tennis Warehouse Europe,https://www.tenniswarehouse-europe.com/Bullpadel_Mens_Fall_Cete_Top/descpageMABULLPA-BCRTT-EN.html?color=BL,Bullpadel
Men's Fall Cayon Top,29.89 €,32.99 €,Tennis Clothing,2026-09-11 14:51:34,Tennis Warehouse Europe,https://www.tenniswarehouse-europe.com/Bullpadel_Mens_Fall_Cayon_Top/descpageMABULLPA-BCAYT-EN.html?color=NV,Bullpadel
Men's Fall Crase Top,31.90 €,35.99 €,Tennis Clothing,2026-09-11 14:51:34,Tennis Warehouse Europe,https://www.tenniswarehouse-europe.com/Bullpadel_Mens_Fall_Crase_Top/descpageMABULLPA-BCRAT-EN.html?color=WH,Bullpadel
Men's Fall Mensa Top,43.90 €,48.99 €,Tennis Clothing,2026-09-11 14:51:34,Tennis Warehouse Europe,https://www.tenniswarehouse-europe.com/Bullpadel_Mens_Fall_Mensa_Top/descpageMABULLPA-BMENST-EN.html?color=RD,Bullpadel
Men's Fall Mosal Top,40.90 €,45.99 €,Tennis Clothing,2026-09-11 14:51:34,Tennis Warehouse Europe,https://www.tenniswarehouse-europe.com/Bullpadel_Mens_Fall_Mosal_Top/descpageMABULLPA-BMOSAT-EN.html?color=BL,Bullpadel
Men's Fall Marel Top,41.89 €,46.99 €,Tennis Clothing,2026-09-11 14:51:34,Tennis Warehouse Europe,https://www.tenniswarehouse-europe.com/Bullpadel_Mens_Fall_Marel_Top/descpageMABULLPA-BMARELT-EN.html?color=WGY,Bullpadel
Men's Fall Ciren Short,29.89 €,33.99 €,Tennis Clothing,2026-09-11 14:51:34,Tennis Warehouse Europe,https://www.tenniswarehouse-europe.com/Bullpadel_Mens_Fall_Ciren_Short/descpageMABULLPA-BCIRES-EN.html?color=BL,Bullpadel
Men's Fall Ciren Short,29.89 €,33.99 €,Tennis Clothing,2026-09-11 14:51:34,Tennis Warehouse Europe,https://www.tenniswarehouse-europe.com/Bullpadel_Mens_Fall_Ciren_Short/descpageMABULLPA-BCIRES-EN.html?color=NV,Bullpadel
Men's Fall Cimos Short,32.89 €,36.99 €,Tennis Clothing,2026-09-11 14:51:34,Tennis Warehouse Europe,https://www.tenniswarehouse-europe.com/Bullpadel_Mens_Fall_Cimos_Short/descpageMABULLPA-BCIMOS-EN.html?color=BL,Bullpadel
Men's Fall Cetuo Short,30.89 €,34.99 €,Tennis Clothing,2026-09-11 14:51:34,Tennis Warehouse Europe,https://www.tenniswarehouse-europe.com/Bullpadel_Mens_Fall_Cetuo_Short/descpageMABULLPA-BCETUS-EN.html?color=WH,Bullpadel
Men's Fall Morel Short,43.90 €,48.99 €,Tennis Clothing,2026-09-11 14:51:34,Tennis Warehouse Europe,https://www.tenniswarehouse-europe.com/Bullpadel_Mens_Fall_Morel_Short/descpageMABULLPA-BMORELS-EN.html?color=WGY,Bullpadel
Men's Fall Montis Short,49.88 €,54.99 €,Tennis Clothing,2026-09-11 14:51:34,Tennis Warehouse Europe,https://www.tenniswarehouse-europe.com/Bullpadel_Mens_Fall_Montis_Short/descpageMABULLPA-BMONTS-EN.html?color=DG,Bullpadel
Men's Bisol Longsleeve Top,43.90 €,48.99 €,Tennis Clothing,2026-09-11 14:51:34,Tennis Warehouse Europe,https://www.tenniswarehouse-europe.com/Bullpadel_Mens_Bisol_Longsleeve_Top/descpageMABULLPA-BBISLT-EN.html?color=BK,Bullpadel
Men's Fall Eira Hoodie,52.88 €,58.99 €,Tennis Clothing,2026-09-11 14:51:34,Tennis Warehouse Europe,https://www.tenniswarehouse-europe.com/Bullpadel_Mens_Fall_Eira_Hoodie/descpageMABULLPA-BEIRAH-EN.html?color=RD,Bullpadel
Men's Chingotto 26V Top,36.90 €,52.99 €,Tennis Clothing,2026-09-11 14:51:34,Tennis Warehouse Europe,https://www.tenniswarehouse-europe.com/Bullpadel_Mens_Chingotto_26V_Top/descpageMABULLPA-BPMCHIN-EN.html?color=BL,Bullpadel
Men's Chingotto 26V Top,36.90 €,52.99 €,Tennis Clothing,2026-09-11 14:51:34,Tennis Warehouse Europe,https://www.tenniswarehouse-europe.com/Bullpadel_Mens_Chingotto_26V_Top/descpageMABULLPA-BPMCHIN-EN.html?color=GR,Bullpadel
Men's Dinenno 26V Top,36.90 €,52.99 €,Tennis Clothing,2026-09-11 14:51:34,Tennis Warehouse Europe,https://www.tenniswarehouse-europe.com/Bullpadel_Mens_Dinenno_26V_Top/descpageMABULLPA-BPMDINE-EN.html?color=WGR,Bullpadel
Men's Dinenno 26V Top,36.90 €,52.99 €,Tennis Clothing,2026-09-11 14:51:34,Tennis Warehouse Europe,https://www.tenniswarehouse-europe.com/Bullpadel_Mens_Dinenno_26V_Top/descpageMABULLPA-BPMDINE-EN.html?color=WOR,Bullpadel
Men's Paquito 26V Top,36.90 €,52.99 €,Tennis Clothing,2026-09-11 14:51:34,Tennis Warehouse Europe,https://www.tenniswarehouse-europe.com/Bullpadel_Mens_Paquito_26V_Top/descpageMABULLPA-BPMPAQU-EN.html?color=BK,Bullpadel
Men's Paquito 26V Top,36.90 €,52.99 €,Tennis Clothing,2026-09-11 14:51:34,Tennis Warehouse Europe,https://www.tenniswarehouse-europe.com/Bullpadel_Mens_Paquito_26V_Top/descpageMABULLPA-BPMPAQU-EN.html?color=OW,Bullpadel
Men's Toldo Tello Top,34.90 €,49.99 €,Tennis Clothing,2026-09-11 14:51:34,Tennis Warehouse Europe,https://www.tenniswarehouse-europe.com/Bullpadel_Mens_Toldo_Tello_Top/descpageMABULLPA-BMTTCGR-EN.html?color=KH,Bullpadel
Men's Cinera Chingotto Top,34.90 €,49.99 €,Tennis Clothing,2026-09-11 14:51:34,Tennis Warehouse Europe,https://www.tenniswarehouse-europe.com/Bullpadel_Mens_Cinera_Chingotto_Top/descpageMABULLPA-BMCCCOR-EN.html?color=OR,Bullpadel
Men's Danipro Di Nenno Top,36.90 €,52.99 €,Tennis Clothing,2026-09-11 14:51:34,Tennis Warehouse Europe,https://www.tenniswarehouse-europe.com/Bullpadel_Mens_Danipro_Di_Nenno_Top/descpageMABULLPA-BMDDNCB-EN.html?color=GY,Bullpadel
Men's Purus Paquito Navarro Top,20.00 €,49.99 €,Tennis Clothing,2026-09-11 14:51:34,Tennis Warehouse Europe,https://www.tenniswarehouse-europe.com/Bullpadel_Mens_Purus_Paquito_Navarro_Top/descpageMABULLPA-BMPNAVL-EN.html?color=LI,Bullpadel
Men's Purus Paquito Navarro Top,20.00 €,49.99 €,Tennis Clothing,2026-09-11 14:51:34,Tennis Warehouse Europe,https://www.tenniswarehouse-europe.com/Bullpadel_Mens_Purus_Paquito_Navarro_Top/descpageMABULLPA-BMPNAVC-EN.html?color=PU,Bullpadel
Junior Purus Paquito Navarro Top,11.90 €,39.99 €,Tennis Clothing,2026-09-11 14:51:34,Tennis Warehouse Europe,https://www.tenniswarehouse-europe.com/Bullpadel_Junior_Purus_Paquito_Navarro_Top/descpageBULLPA-BBPNT-EN.html?color=YE,Bullpadel
Hat,14.90 €,16.99 €,Tennis Clothing,2026-09-11 14:51:34,Tennis Warehouse Europe,https://www.tenniswarehouse-europe.com/Bullpadel_Hat/descpageBULLPA-BULHT-EN.html?color=BK,Bullpadel
Performance Hat,14.89 €,16.99 €,Tennis Clothing,2026-09-11 14:51:34,Tennis Warehouse Europe,https://www.tenniswarehouse-europe.com/Bullpadel_Performance_Hat/descpageBULLPA-BUPEFH-EN.html?color=BK,Bullpadel
Performance Hat,15.89 €,17.99 €,Tennis Clothing,2026-09-11 14:51:34,Tennis Warehouse Europe,https://www.tenniswarehouse-europe.com/Bullpadel_Performance_Hat/descpageBULLPA-BUPERH-EN.html?color=GY,Bullpadel
Performance Hat,15.89 €,17.99 €,Tennis Clothing,2026-09-11 14:51:34,Tennis Warehouse Europe,https://www.tenniswarehouse-europe.com/Bullpadel_Performance_Hat/descpageBULLPA-BUPERH-EN.html?color=NV,Bullpadel
Performance Hat,15.89 €,17.99 €,Tennis Clothing,2026-09-11 14:51:34,Tennis Warehouse Europe,https://www.tenniswarehouse-europe.com/Bullpadel_Performance_Hat/descpageBULLPA-BUPERH-EN.html?color=WH,Bullpadel
Hat,14.90 €,16.99 €,Tennis Clothing,2026-09-11 14:51:34,Tennis Warehouse Europe,https://www.tenniswarehouse-europe.com/Bullpadel_Hat/descpageBULLPA-BULHBWG-EN.html?color=BK,Bullpadel
Hat,14.90 €,16.99 €,Tennis Clothing,2026-09-11 14:51:34,Tennis Warehouse Europe,https://www.tenniswarehouse-europe.com/Bullpadel_Hat/descpageBULLPA-BULHBWG-EN.html?color=GY,Bullpadel
Hat,14.90 €,16.99 €,Tennis Clothing,2026-09-11 14:51:34,Tennis Warehouse Europe,https://www.tenniswarehouse-europe.com/Bullpadel_Hat/descpageBULLPA-BULHBWG-EN.html?color=WH,Bullpadel
Hat,14.90 €,17.99 €,Tennis Clothing,2026-09-11 14:51:34,Tennis Warehouse Europe,https://www.tenniswarehouse-europe.com/Bullpadel_Hat/descpageBULLPA-BULPHAM-EN.html?color=BK,Bullpadel
Hat,14.90 €,17.99 €,Tennis Clothing,2026-09-11 14:51:34,Tennis Warehouse Europe,https://www.tenniswarehouse-europe.com/Bullpadel_Hat/descpageBULLPA-BULPHAM-EN.html?color=NV,Bullpadel
Hat,14.90 €,17.99 €,Tennis Clothing,2026-09-11 14:51:34,Tennis Warehouse Europe,https://www.tenniswarehouse-europe.com/Bullpadel_Hat/descpageBULLPA-BULPHAM-EN.html?color=OW,Bullpadel
Hat,15.90 €,16.99 €,Tennis Clothing,2026-09-11 14:51:34,Tennis Warehouse Europe,https://www.tenniswarehouse-europe.com/Bullpadel_Hat/descpageBULLPA-BULHAG-EN.html?color=GN,Bullpadel
Basic Singlewide Wristbands,13.90 €,15.99 €,Tennis Clothing,2026-09-11 14:51:34,Tennis Warehouse Europe,https://www.tenniswarehouse-europe.com/Bullpadel_Basic_Singlewide_Wristbands/descpageBULLPA-BDUWWWB-EN.html?color=GRG,Bullpadel
Basic Singlewide Wristbands,13.90 €,15.99 €,Tennis Clothing,2026-09-11 14:51:34,Tennis Warehouse Europe,https://www.tenniswarehouse-europe.com/Bullpadel_Basic_Singlewide_Wristbands/descpageBULLPA-BDUWWWB-EN.html?color=RDG,Bullpadel
Basic Doublewide Wristbands,13.90 €,15.99 €,Tennis Clothing,2026-09-11 14:51:34,Tennis Warehouse Europe,https://www.tenniswarehouse-europe.com/Bullpadel_Basic_Doublewide_Wristbands/descpageBULLPA-BDUWR3-EN.html?color=RDG,Bullpadel
Basic Doublewide Wristbands,13.90 €,15.99 €,Tennis Clothing,2026-09-11 14:51:34,Tennis Warehouse Europe,https://www.tenniswarehouse-europe.com/Bullpadel_Basic_Doublewide_Wristbands/descpageBULLPA-BDUWR3-EN.html?color=WHN,Bullpadel
Basic Singlewide Wristbands,13.90 €,15.99 €,Tennis Clothing,2026-09-11 14:51:34,Tennis Warehouse Europe,https://www.tenniswarehouse-europe.com/Bullpadel_Basic_Singlewide_Wristbands/descpageBULLPA-BDUWWR-EN.html?color=ON,Bullpadel
Basic Doublewide Wristbands,13.90 €,15.99 €,Tennis Clothing,2026-09-11 14:51:34,Tennis Warehouse Europe,https://www.tenniswarehouse-europe.com/Bullpadel_Basic_Doublewide_Wristbands/descpageBULLPA-BDUWR31-EN.html?color=BKW,Bullpadel
Basic Doublewide Wristbands,13.90 €,15.99 €,Tennis Clothing,2026-09-11 14:51:34,Tennis Warehouse Europe,https://www.tenniswarehouse-europe.com/Bullpadel_Basic_Doublewide_Wristbands/descpageBULLPA-BDUWR31-EN.html?color=NG,Bullpadel
Basic Doublewide Wristbands,13.90 €,15.99 €,Tennis Clothing,2026-09-11 14:51:34,Tennis Warehouse Europe,https://www.tenniswarehouse-europe.com/Bullpadel_Basic_Doublewide_Wristbands/descpageBULLPA-BDUWR31-EN.html?color=WHO,Bullpadel
Basic Doublewide Wristbands,13.90 €,15.99 €,Tennis Clothing,2026-09-11 14:51:34,Tennis Warehouse Europe,https://www.tenniswarehouse-europe.com/Bullpadel_Basic_Doublewide_Wristbands/descpageBULLPA-BDUWR2C-EN.html?color=ON,Bullpadel
Men's Spring Cheles Top,27.89 €,34.99 €,Tennis Clothing,2026-09-11 14:51:34,Tennis Warehouse Europe,https://www.tenniswarehouse-europe.com/Bullpadel_Mens_Spring_Cheles_Top/descpageMABULLPA-BPMCHEL-EN.html?color=BL,Bullpadel
Men's Spring Cumbre Top,25.90 €,32.99 €,Tennis Clothing,2026-09-11 14:51:34,Tennis Warehouse Europe,https://www.tenniswarehouse-europe.com/Bullpadel_Mens_Spring_Cumbre_Top/descpageMABULLPA-BPMCUM-EN.html?color=BL,Bullpadel
Men's Spring Manin Top,38.90 €,48.99 €,Tennis Clothing,2026-09-11 14:51:34,Tennis Warehouse Europe,https://www.tenniswarehouse-europe.com/Bullpadel_Mens_Spring_Manin_Top/descpageMABULLPA-BPMMANI-EN.html?color=GR,Bullpadel
Men's Spring Masama Top,34.90 €,46.99 €,Tennis Clothing,2026-09-11 14:51:34,Tennis Warehouse Europe,https://www.tenniswarehouse-europe.com/Bullpadel_Mens_Spring_Masama_Top/descpageMABULLPA-BPMMASA-EN.html?color=PU,Bullpadel
Men's Spring Torno Top,34.90 €,49.99 €,Tennis Clothing,2026-09-11 14:51:34,Tennis Warehouse Europe,https://www.tenniswarehouse-europe.com/Bullpadel_Mens_Spring_Torno_Top/descpageMABULLPA-BPMTORN-EN.html?color=NV,Bullpadel
Men's Spring Torno Top,34.90 €,49.99 €,Tennis Clothing,2026-09-11 14:51:34,Tennis Warehouse Europe,https://www.tenniswarehouse-europe.com/Bullpadel_Mens_Spring_Torno_Top/descpageMABULLPA-BPMTORN-EN.html?color=OW,Bullpadel
Men's Spring Castil Top,25.90 €,32.99 €,Tennis Clothing,2026-09-11 14:51:34,Tennis Warehouse Europe,https://www.tenniswarehouse-europe.com/Bullpadel_Mens_Spring_Castil_Top/descpageMABULLPA-BPMCAST-EN.html?color=BK,Bullpadel
Men's Spring Ceclavin Short,37.90 €,47.99 €,Tennis Clothing,2026-09-11 14:51:34,Tennis Warehouse Europe,https://www.tenniswarehouse-europe.com/Bullpadel_Mens_Spring_Ceclavin_Short/descpageMABULLPA-BMSCECL-EN.html?color=BK,Bullpadel
Men's Spring Ceclavin Short,37.90 €,47.99 €,Tennis Clothing,2026-09-11 14:51:34,Tennis Warehouse Europe,https://www.tenniswarehouse-europe.com/Bullpadel_Mens_Spring_Ceclavin_Short/descpageMABULLPA-BMSCECL-EN.html?color=BL,Bullpadel
Men's Spring Ceclavin Short,37.90 €,47.99 €,Tennis Clothing,2026-09-11 14:51:34,Tennis Warehouse Europe,https://www.tenniswarehouse-europe.com/Bullpadel_Mens_Spring_Ceclavin_Short/descpageMABULLPA-BMSCECL-EN.html?color=BLL,Bullpadel
Men's Spring Ceclavin Short,37.90 €,47.99 €,Tennis Clothing,2026-09-11 14:51:34,Tennis Warehouse Europe,https://www.tenniswarehouse-europe.com/Bullpadel_Mens_Spring_Ceclavin_Short/descpageMABULLPA-BMSCECL-EN.html?color=WH,Bullpadel
Men's Spring Trevejo Short,37.90 €,53.99 €,Tennis Clothing,2026-09-11 14:51:34,Tennis Warehouse Europe,https://www.tenniswarehouse-europe.com/Bullpadel_Mens_Spring_Trevejo_Short/descpageMABULLPA-BMSTREV-EN.html?color=NV,Bullpadel
Men's Spring Trevejo Short,37.90 €,53.99 €,Tennis Clothing,2026-09-11 14:51:34,Tennis Warehouse Europe,https://www.tenniswarehouse-europe.com/Bullpadel_Mens_Spring_Trevejo_Short/descpageMABULLPA-BMSTREV-EN.html?color=OW,Bullpadel
Men's Acube Hoodie,40.90 €,57.99 €,Tennis Clothing,2026-09-11 14:51:34,Tennis Warehouse Europe,https://www.tenniswarehouse-europe.com/Bullpadel_Mens_Acube_Hoodie/descpageMABULLPA-BMHACU-EN.html?color=NV,Bullpadel
Men's Fall Musica Top,35.90 €,50.99 €,Tennis Clothing,2026-09-11 14:51:34,Tennis Warehouse Europe,https://www.tenniswarehouse-europe.com/Bullpadel_Mens_Fall_Musica_Top/descpageMABULLPA-BMFMUC-EN.html?color=LGY,Bullpadel
Men's Fall Libio Top,21.90 €,31.99 €,Tennis Clothing,2026-09-11 14:51:34,Tennis Warehouse Europe,https://www.tenniswarehouse-europe.com/Bullpadel_Mens_Fall_Libio_Top/descpageMABULLPA-BMFLIC-EN.html?color=WH,Bullpadel
Men's Fall Lande Top,23.90 €,34.99 €,Tennis Clothing,2026-09-11 14:51:34,Tennis Warehouse Europe,https://www.tenniswarehouse-europe.com/Bullpadel_Mens_Fall_Lande_Top/descpageMABULLPA-BMFLAC-EN.html?color=YE,Bullpadel
Men's Fall Lleno Print Short,23.90 €,33.90 €,Tennis Clothing,2026-09-11 14:51:34,Tennis Warehouse Europe,https://www.tenniswarehouse-europe.com/Bullpadel_Mens_Fall_Lleno_Print_Short/descpageMABULLPA-BMFLNS-EN.html?color=WH,Bullpadel
Men's Fall Legar Short,23.90 €,33.99 €,Tennis Clothing,2026-09-11 14:51:34,Tennis Warehouse Europe,https://www.tenniswarehouse-europe.com/Bullpadel_Mens_Fall_Legar_Short/descpageMABULLPA-BMFLGS-EN.html?color=BL,Bullpadel
Men's Fall Mazari Short,35.90 €,50.99 €,Tennis Clothing,2026-09-11 14:51:34,Tennis Warehouse Europe,https://www.tenniswarehouse-europe.com/Bullpadel_Mens_Fall_Mazari_Short/descpageMABULLPA-BMFMAS-EN.html?color=BK,Bullpadel
Men's Fall Boyal Hoodie,40.90 €,58.99 €,Tennis Clothing,2026-09-11 14:51:34,Tennis Warehouse Europe,https://www.tenniswarehouse-europe.com/Bullpadel_Mens_Fall_Boyal_Hoodie/descpageMABULLPA-BMFBOH-EN.html?color=GR,Bullpadel
Men's Brise Longsleeve Top,33.90 €,47.99 €,Tennis Clothing,2026-09-11 14:51:34,Tennis Warehouse Europe,https://www.tenniswarehouse-europe.com/Bullpadel_Mens_Brise_Longsleeve_Top/descpageMABULLPA-BMFBT-EN.html?color=BK,Bullpadel
Men's Premier Padel Bando Jacket,57.91 €,72.99 €,Tennis Clothing,2026-09-11 14:51:34,Tennis Warehouse Europe,https://www.tenniswarehouse-europe.com/Bullpadel_Mens_Premier_Padel_Bando_Jacket/descpageMABULLPA-BMDUBAH-EN.html?color=WH,Bullpadel
Men's Spring Gomese Hoodie,14.90 €,49.99 €,Tennis Clothing,2026-09-11 14:51:34,Tennis Warehouse Europe,https://www.tenniswarehouse-europe.com/Bullpadel_Mens_Spring_Gomese_Hoodie/descpageMABULLPA-BMSGHOO-EN.html?color=NV,Bullpadel
CEP Men's Core Long Sleeve,52.90 €,60.00 €,Tennis Clothing,2026-09-11 14:51:34,Tennis Warehouse Europe,https://www.tenniswarehouse-europe.com/CEP_Mens_Core_Long_Sleeve/descpageMACEPRA--EN.html?color=BL,CEP RUNNING
CEP Men's Core Short Sleeve,44.90 €,50.00 €,Tennis Clothing,2026-09-11 14:51:34,Tennis Warehouse Europe,https://www.tenniswarehouse-europe.com/CEP_Mens_Core_Short_Sleeve/descpageMACEPRA--EN.html?color=BK,CEP RUNNING
CEP Men's Core Short Sleeve,44.90 €,50.00 €,Tennis Clothing,2026-09-11 14:51:34,Tennis Warehouse Europe,https://www.tenniswarehouse-europe.com/CEP_Mens_Core_Short_Sleeve/descpageMACEPRA--EN.html?color=CL,CEP RUNNING
CEP Men's Pro Ultralight Singlet,72.90 €,80.00 €,Tennis Clothing,2026-09-11 14:51:34,Tennis Warehouse Europe,https://www.tenniswarehouse-europe.com/CEP_Mens_Pro_Ultralight_Singlet/descpageMACEPRA--EN.html?color=WH,CEP RUNNING
CEP Men's Core 2in1 Shorts,93.90 €,100.00 €,Tennis Clothing,2026-09-11 14:51:34,Tennis Warehouse Europe,https://www.tenniswarehouse-europe.com/CEP_Mens_Core_2in1_Shorts/descpageMACEPRA--EN.html?color=BK,CEP RUNNING
CEP Men's Core Shorts,56.90 €,60.00 €,Tennis Clothing,2026-09-11 14:51:34,Tennis Warehouse Europe,https://www.tenniswarehouse-europe.com/CEP_Mens_Core_Shorts/descpageMACEPRA--EN.html?color=BK,CEP RUNNING
CEP Men's Core Shorts,56.90 €,60.00 €,Tennis Clothing,2026-09-11 14:51:34,Tennis Warehouse Europe,https://www.tenniswarehouse-europe.com/CEP_Mens_Core_Shorts/descpageMACEPRA--EN.html?color=GY,CEP RUNNING
Dunlop Men's Club Top,27.89 €,34.99 €,Tennis Clothing,2026-09-11 14:51:34,Tennis Warehouse Europe,https://www.tenniswarehouse-europe.com/Dunlop_Mens_Club_Top/descpageMADUNAGER-DUMCC25-EN.html?color=BK,Dunlop Apparel Germany
Dunlop Men's Club Top,27.89 €,34.99 €,Tennis Clothing,2026-09-11 14:51:34,Tennis Warehouse Europe,https://www.tenniswarehouse-europe.com/Dunlop_Mens_Club_Top/descpageMADUNAGER-DUMCC25-EN.html?color=GR,Dunlop Apparel Germany
Dunlop Men's Club Top,27.89 €,34.99 €,Tennis Clothing,2026-09-11 14:51:34,Tennis Warehouse Europe,https://www.tenniswarehouse-europe.com/Dunlop_Mens_Club_Top/descpageMADUNAGER-DUMCC25-EN.html?color=NV,Dunlop Apparel Germany
Dunlop Men's Club Top,27.89 €,34.99 €,Tennis Clothing,2026-09-11 14:51:34,Tennis Warehouse Europe,https://www.tenniswarehouse-europe.com/Dunlop_Mens_Club_Top/descpageMADUNAGER-DUMCC25-EN.html?color=RD,Dunlop Apparel Germany
Dunlop Men's Club Top,27.89 €,34.99 €,Tennis Clothing,2026-09-11 14:51:34,Tennis Warehouse Europe,https://www.tenniswarehouse-europe.com/Dunlop_Mens_Club_Top/descpageMADUNAGER-DUMCC25-EN.html?color=WH,Dunlop Apparel Germany
Dunlop Men's Club Polo,27.89 €,34.99 €,Tennis Clothing,2026-09-11 14:51:34,Tennis Warehouse Europe,https://www.tenniswarehouse-europe.com/Dunlop_Mens_Club_Polo/descpageMADUNAGER-DUMCP25-EN.html?color=NV,Dunlop Apparel Germany
Dunlop Men's Club Polo,27.89 €,34.99 €,Tennis Clothing,2026-09-11 14:51:34,Tennis Warehouse Europe,https://www.tenniswarehouse-europe.com/Dunlop_Mens_Club_Polo/descpageMADUNAGER-DUMCP25-EN.html?color=WH,Dunlop Apparel Germany
"Dunlop Men's Club Woven 7"" Short",27.89 €,34.99 €,Tennis Clothing,2026-09-11 14:51:34,Tennis Warehouse Europe,https://www.tenniswarehouse-europe.com/Dunlop_Mens_Club_Woven_7_Short/descpageMADUNAGER-DMCWOSH-EN.html?color=BK,Dunlop Apparel Germany
"Dunlop Men's Club Woven 7"" Short",27.89 €,34.99 €,Tennis Clothing,2026-09-11 14:51:34,Tennis Warehouse Europe,https://www.tenniswarehouse-europe.com/Dunlop_Mens_Club_Woven_7_Short/descpageMADUNAGER-DMCWOSH-EN.html?color=NV,Dunlop Apparel Germany
"Dunlop Men's Club Woven 7"" Short",27.89 €,34.99 €,Tennis Clothing,2026-09-11 14:51:34,Tennis Warehouse Europe,https://www.tenniswarehouse-europe.com/Dunlop_Mens_Club_Woven_7_Short/descpageMADUNAGER-DMCWOSH-EN.html?color=WH,Dunlop Apparel Germany
Dunlop Men's Club Knitted Jacket,51.90 €,64.99 €,Tennis Clothing,2026-09-11 14:51:34,Tennis Warehouse Europe,https://www.tenniswarehouse-europe.com/Dunlop_Mens_Club_Knitted_Jacket/descpageMADUNAGER-DMCKNJA-EN.html?color=BK1,Dunlop Apparel Germany
Dunlop Men's Club Knitted Jacket,51.90 €,64.99 €,Tennis Clothing,2026-09-11 14:51:34,Tennis Warehouse Europe,https://www.tenniswarehouse-europe.com/Dunlop_Mens_Club_Knitted_Jacket/descpageMADUNAGER-DMCKNJA-EN.html?color=GR,Dunlop Apparel Germany
Dunlop Men's Club Knitted Jacket,51.90 €,64.99 €,Tennis Clothing,2026-09-11 14:51:34,Tennis Warehouse Europe,https://www.tenniswarehouse-europe.com/Dunlop_Mens_Club_Knitted_Jacket/descpageMADUNAGER-DMCKNJA-EN.html?color=NV,Dunlop Apparel Germany
Dunlop Men's Club Knitted Jacket,51.90 €,64.99 €,Tennis Clothing,2026-09-11 14:51:34,Tennis Warehouse Europe,https://www.tenniswarehouse-europe.com/Dunlop_Mens_Club_Knitted_Jacket/descpageMADUNAGER-DMCKNJA-EN.html?color=WH,Dunlop Apparel Germany
Dunlop Men's Club Knitted Pant,43.90 €,54.99 €,Tennis Clothing,2026-09-11 14:51:34,Tennis Warehouse Europe,https://www.tenniswarehouse-europe.com/Dunlop_Mens_Club_Knitted_Pant/descpageMADUNAGER-DMCKNPA-EN.html?color=BK,Dunlop Apparel Germany
Dunlop Men's Club Knitted Pant,43.90 €,54.99 €,Tennis Clothing,2026-09-11 14:51:34,Tennis Warehouse Europe,https://www.tenniswarehouse-europe.com/Dunlop_Mens_Club_Knitted_Pant/descpageMADUNAGER-DMCKNPA-EN.html?color=NV,Dunlop Apparel Germany
Fila Men's New York Henley Taavi Top,58.91 €,65.00 €,Tennis Clothing,2026-09-11 14:51:34,Tennis Warehouse Europe,https://www.tenniswarehouse-europe.com/Fila_Mens_New_York_Henley_Taavi_Top/descpageMAFILAA-FMHTTS-EN.html?color=PU,Fila Apparel Germany
Fila Men's New York Tamino Top,40.90 €,45.00 €,Tennis Clothing,2026-09-11 14:51:34,Tennis Warehouse Europe,https://www.tenniswarehouse-europe.com/Fila_Mens_New_York_Tamino_Top/descpageMAFILAA-FMHTTT-EN.html?color=WH,Fila Apparel Germany
Fila Men's Zayn Short,58.91 €,65.00 €,Tennis Clothing,2026-09-11 14:51:34,Tennis Warehouse Europe,https://www.tenniswarehouse-europe.com/Fila_Mens_Zayn_Short/descpageMAFILAA-FMSSFZA-EN.html?color=PU,Fila Apparel Germany
Fila Men's Fall BB 1983 Top,53.90 €,60.00 €,Tennis Clothing,2026-09-11 14:51:34,Tennis Warehouse Europe,https://www.tenniswarehouse-europe.com/Fila_Mens_Fall_BB_1983_Top/descpageMAFILAA-FMFBB19-EN.html?color=BB,Fila Apparel Germany
Fila Men's Fall BB 1983 Top,53.90 €,60.00 €,Tennis Clothing,2026-09-11 14:51:34,Tennis Warehouse Europe,https://www.tenniswarehouse-europe.com/Fila_Mens_Fall_BB_1983_Top/descpageMAFILAA-FMFBB1B-EN.html?color=NVR,Fila Apparel Germany
Fila Men's BB1 Stripes Top,53.90 €,60.00 €,Tennis Clothing,2026-09-11 14:51:34,Tennis Warehouse Europe,https://www.tenniswarehouse-europe.com/Fila_Mens_BB1_Stripes_Top/descpageMAFILAA-FMBB1SB-EN.html?color=BK,Fila Apparel Germany
Fila Men's Logo Top,26.89 €,30.00 €,Tennis Clothing,2026-09-11 14:51:34,Tennis Warehouse Europe,https://www.tenniswarehouse-europe.com/Fila_Mens_Logo_Top/descpageMAFILAA-FMLTTS-EN.html?color=WH,Fila Apparel Germany
Fila Men's BB1 Stripes Top,47.90 €,60.00 €,Tennis Clothing,2026-09-11 14:51:34,Tennis Warehouse Europe,https://www.tenniswarehouse-europe.com/Fila_Mens_BB1_Stripes_Top/descpageMAFILAA-FMBB1SC-EN.html?color=NV,Fila Apparel Germany
Fila Men's BB1 Stripes Top,47.90 €,60.00 €,Tennis Clothing,2026-09-11 14:51:34,Tennis Warehouse Europe,https://www.tenniswarehouse-europe.com/Fila_Mens_BB1_Stripes_Top/descpageMAFILAA-FMBB1SC-EN.html?color=WH,Fila Apparel Germany
Fila Men's BB Monte Carlo Polo,53.90 €,60.00 €,Tennis Clothing,2026-09-11 14:51:34,Tennis Warehouse Europe,https://www.tenniswarehouse-europe.com/Fila_Mens_BB_Monte_Carlo_Polo/descpageMAFILAA-FMBBMCP-EN.html?color=BB,Fila Apparel Germany
Fila Men's Fall Santana Short,44.89 €,50.00 €,Tennis Clothing,2026-09-11 14:51:34,Tennis Warehouse Europe,https://www.tenniswarehouse-europe.com/Fila_Mens_Fall_Santana_Short/descpageMAFILAA-FMSSF-EN.html?color=BE,Fila Apparel Germany
Fila Men's Fall Santana Short,44.89 €,50.00 €,Tennis Clothing,2026-09-11 14:51:34,Tennis Warehouse Europe,https://www.tenniswarehouse-europe.com/Fila_Mens_Fall_Santana_Short/descpageMAFILAA-FMSSF-EN.html?color=BR,Fila Apparel Germany
Fila Men's Core Stephan Short,44.90 €,49.99 €,Tennis Clothing,2026-09-11 14:51:34,Tennis Warehouse Europe,https://www.tenniswarehouse-europe.com/Fila_Mens_Core_Stephan_Short/descpageMAFILAA-FMCSS-EN.html?color=NV,Fila Apparel Germany
Fila Men's Core Stephan Short,44.90 €,49.99 €,Tennis Clothing,2026-09-11 14:51:34,Tennis Warehouse Europe,https://www.tenniswarehouse-europe.com/Fila_Mens_Core_Stephan_Short/descpageMAFILAA-FMCSS-EN.html?color=WH,Fila Apparel Germany
Fila Men's Core Santana Short,35.90 € - 48.90 €,55.00€,Tennis Clothing,2026-09-11 14:51:34,Tennis Warehouse Europe,https://www.tenniswarehouse-europe.com/Fila_Mens_Core_Santana_Short/descpageMAFILAA-FMCSSA-EN.html?color=BK,Fila Apparel Germany
Fila Men's Core Santana Short,35.90 € - 48.90 €,55.00€,Tennis Clothing,2026-09-11 14:51:34,Tennis Warehouse Europe,https://www.tenniswarehouse-europe.com/Fila_Mens_Core_Santana_Short/descpageMAFILAA-FMCSSA-EN.html?color=NV,Fila Apparel Germany
Fila Men's Core Santana Short,35.90 € - 48.90 €,55.00€,Tennis Clothing,2026-09-11 14:51:34,Tennis Warehouse Europe,https://www.tenniswarehouse-europe.com/Fila_Mens_Core_Santana_Short/descpageMAFILAA-FMCSSA-EN.html?color=RD,Fila Apparel Germany
Fila Men's Core Santana Short,35.90 € - 48.90 €,55.00€,Tennis Clothing,2026-09-11 14:51:34,Tennis Warehouse Europe,https://www.tenniswarehouse-europe.com/Fila_Mens_Core_Santana_Short/descpageMAFILAA-FMCSSA-EN.html?color=WH,Fila Apparel Germany
Fila Men's Bjorn Jacket,76.49 €,84.99 €,Tennis Clothing,2026-09-11 14:51:34,Tennis Warehouse Europe,https://www.tenniswarehouse-europe.com/Fila_Mens_Bjorn_Jacket/descpageMAFILAA-FMBJORJ-EN.html?color=NV,Fila Apparel Germany
Fila Men's Core Pro 3 Pant,62.90 €,70.00 €,Tennis Clothing,2026-09-11 14:51:34,Tennis Warehouse Europe,https://www.tenniswarehouse-europe.com/Fila_Mens_Core_Pro_3_Pant/descpageMAFILAA-FMCPRO3-EN.html?color=NV,Fila Apparel Germany
Fila Men's London Corvin Polo,47.90 €,59.99 €,Tennis Clothing,2026-09-11 14:51:34,Tennis Warehouse Europe,https://www.tenniswarehouse-europe.com/Fila_Mens_London_Corvin_Polo/descpageMAFILAA-FMLOMP-EN.html?color=WH,Fila Apparel Germany
Fila Men's London Taavi Henley,47.90 €,59.99 €,Tennis Clothing,2026-09-11 14:51:34,Tennis Warehouse Europe,https://www.tenniswarehouse-europe.com/Fila_Mens_London_Taavi_Henley/descpageMAFILAA-FMLOHE-EN.html?color=WH,Fila Apparel Germany
Fila Men's London Tony Short,47.90 €,59.99 €,Tennis Clothing,2026-09-11 14:51:34,Tennis Warehouse Europe,https://www.tenniswarehouse-europe.com/Fila_Mens_London_Tony_Short/descpageMAFILAA-FMLOTRS-EN.html?color=WH,Fila Apparel Germany
Fila Men's Paris Taavi Henley,44.90 €,59.99 €,Tennis Clothing,2026-09-11 14:51:34,Tennis Warehouse Europe,https://www.tenniswarehouse-europe.com/Fila_Mens_Paris_Taavi_Henley/descpageMAFILAA-FMLTAHE-EN.html?color=YE,Fila Apparel Germany
Fila Men's Paris Thilo Top,36.90 €,49.99 €,Tennis Clothing,2026-09-11 14:51:34,Tennis Warehouse Europe,https://www.tenniswarehouse-europe.com/Fila_Mens_Paris_Thilo_Top/descpageMAFILAA-FMTHIC-EN.html?color=BL,Fila Apparel Germany
Fila Men's Paris Zayn Short,44.90 €,59.99 €,Tennis Clothing,2026-09-11 14:51:34,Tennis Warehouse Europe,https://www.tenniswarehouse-europe.com/Fila_Mens_Paris_Zayn_Short/descpageMAFILAA-FMZATRS-EN.html?color=GY,Fila Apparel Germany
Fila Men's Paris Tony Short,44.90 €,59.99 €,Tennis Clothing,2026-09-11 14:51:34,Tennis Warehouse Europe,https://www.tenniswarehouse-europe.com/Fila_Mens_Paris_Tony_Short/descpageMAFILAA-FMTONRS-EN.html?color=NV,Fila Apparel Germany
Fila Men's Joey Top,37.90 €,45.00 €,Tennis Clothing,2026-09-11 14:51:34,Tennis Warehouse Europe,https://www.tenniswarehouse-europe.com/Fila_Mens_Joey_Top/descpageMAFILAA-FMJOC-EN.html?color=PR,Fila Apparel Germany
Fila Men's Caius Top,37.90 €,50.00 €,Tennis Clothing,2026-09-11 14:51:34,Tennis Warehouse Europe,https://www.tenniswarehouse-europe.com/Fila_Mens_Caius_Top/descpageMAFILAA-FMCAIC-EN.html?color=RD,Fila Apparel Germany
Fila Men's Caius Top,37.90 €,50.00 €,Tennis Clothing,2026-09-11 14:51:34,Tennis Warehouse Europe,https://www.tenniswarehouse-europe.com/Fila_Mens_Caius_Top/descpageMAFILAA-FMCAIC-EN.html?color=TU,Fila Apparel Germany
Fila Men's Jarro Short,41.90 €,53.00 €,Tennis Clothing,2026-09-11 14:51:34,Tennis Warehouse Europe,https://www.tenniswarehouse-europe.com/Fila_Mens_Jarro_Short/descpageMAFILAA-FMJARS-EN.html?color=BK,Fila Apparel Germany
Fila Men's Jarro Short,41.90 €,53.00 €,Tennis Clothing,2026-09-11 14:51:34,Tennis Warehouse Europe,https://www.tenniswarehouse-europe.com/Fila_Mens_Jarro_Short/descpageMAFILAA-FMJARS-EN.html?color=RD,Fila Apparel Germany
Fila Men's Jeremy Short,49.88 €,55.00 €,Tennis Clothing,2026-09-11 14:51:34,Tennis Warehouse Europe,https://www.tenniswarehouse-europe.com/Fila_Mens_Jeremy_Short/descpageMAFILAA-FMJERS-EN.html?color=TU,Fila Apparel Germany
Fila Men's Jan Pant,47.90 €,59.99 €,Tennis Clothing,2026-09-11 14:51:34,Tennis Warehouse Europe,https://www.tenniswarehouse-europe.com/Fila_Mens_Jan_Pant/descpageMAFILAA-FMJANPA-EN.html?color=NV,Fila Apparel Germany
Fila Men's Manuel Jacket,63.90 €,79.99 €,Tennis Clothing,2026-09-11 14:51:34,Tennis Warehouse Europe,https://www.tenniswarehouse-europe.com/Fila_Mens_Manuel_Jacket/descpageMAFILAA-FMMANUJ-EN.html?color=NV,Fila Apparel Germany
Fila Men's Manuel Jacket,63.90 €,79.99 €,Tennis Clothing,2026-09-11 14:51:34,Tennis Warehouse Europe,https://www.tenniswarehouse-europe.com/Fila_Mens_Manuel_Jacket/descpageMAFILAA-FMMANUJ-EN.html?color=WH,Fila Apparel Germany
Fila Men's Core Leon Short,35.90 €,44.99 €,Tennis Clothing,2026-09-11 14:51:34,Tennis Warehouse Europe,https://www.tenniswarehouse-europe.com/Fila_Mens_Core_Leon_Short/descpageMAFILAA-FMLEONN-EN.html?color=NV,Fila Apparel Germany
Fila Men's Santana Short,39.90 €,50.00 €,Tennis Clothing,2026-09-11 14:51:34,Tennis Warehouse Europe,https://www.tenniswarehouse-europe.com/Fila_Mens_Santana_Short/descpageMAFILAA-FMSANS-EN.html?color=RY,Fila Apparel Germany
Fila Men's Core Bjorn Stripes Polo,47.90 €,60.00 €,Tennis Clothing,2026-09-11 14:51:34,Tennis Warehouse Europe,https://www.tenniswarehouse-europe.com/Fila_Mens_Core_Bjorn_Stripes_Polo/descpageMAFILAA-FIFBSP-EN.html?color=WH,Fila Apparel Germany
Fila Men's Core Stripes Polo,47.90 €,60.00 €,Tennis Clothing,2026-09-11 14:51:34,Tennis Warehouse Europe,https://www.tenniswarehouse-europe.com/Fila_Mens_Core_Stripes_Polo/descpageMAFILAA-FMTCSP-EN.html?color=NV,Fila Apparel Germany
Fila Men's Core Stripes Polo,47.90 €,60.00 €,Tennis Clothing,2026-09-11 14:51:34,Tennis Warehouse Europe,https://www.tenniswarehouse-europe.com/Fila_Mens_Core_Stripes_Polo/descpageMAFILAA-FMTCSP-EN.html?color=WH,Fila Apparel Germany
Fila Men's Core Piro Polo,43.90 €,55.00 €,Tennis Clothing,2026-09-11 14:51:34,Tennis Warehouse Europe,https://www.tenniswarehouse-europe.com/Fila_Mens_Core_Piro_Polo/descpageMAFILAA-FMPIW-EN.html?color=NV,Fila Apparel Germany
Fila Men's Core Piro Polo,43.90 €,55.00 €,Tennis Clothing,2026-09-11 14:51:34,Tennis Warehouse Europe,https://www.tenniswarehouse-europe.com/Fila_Mens_Core_Piro_Polo/descpageMAFILAA-FMPIW-EN.html?color=RD,Fila Apparel Germany
Fila Men's Core Piro Polo,43.90 €,55.00 €,Tennis Clothing,2026-09-11 14:51:34,Tennis Warehouse Europe,https://www.tenniswarehouse-europe.com/Fila_Mens_Core_Piro_Polo/descpageMAFILAA-FMPIW-EN.html?color=WH,Fila Apparel Germany
Fila Men's Core Logo Top,23.90 €,29.95 €,Tennis Clothing,2026-09-11 14:51:34,Tennis Warehouse Europe,https://www.tenniswarehouse-europe.com/Fila_Mens_Core_Logo_Top/descpageMAFILAA-FMCLOGC-EN.html?color=NV,Fila Apparel Germany
Fila Men's Core Logo Top,23.90 €,29.95 €,Tennis Clothing,2026-09-11 14:51:34,Tennis Warehouse Europe,https://www.tenniswarehouse-europe.com/Fila_Mens_Core_Logo_Top/descpageMAFILAA-FMCLOGC-EN.html?color=WH,Fila Apparel Germany
Fila Men's Core Small Logo Top,23.90 €,29.95 €,Tennis Clothing,2026-09-11 14:51:34,Tennis Warehouse Europe,https://www.tenniswarehouse-europe.com/Fila_Mens_Core_Small_Logo_Top/descpageMAFILAA-FMCLSC-EN.html?color=NV,Fila Apparel Germany
Fila Men's Core Small Logo Top,23.90 €,29.95 €,Tennis Clothing,2026-09-11 14:51:34,Tennis Warehouse Europe,https://www.tenniswarehouse-europe.com/Fila_Mens_Core_Small_Logo_Top/descpageMAFILAA-FMCLSC-EN.html?color=RD,Fila Apparel Germany
Fila Men's Core Small Logo Top,23.90 €,29.95 €,Tennis Clothing,2026-09-11 14:51:34,Tennis Warehouse Europe,https://www.tenniswarehouse-europe.com/Fila_Mens_Core_Small_Logo_Top/descpageMAFILAA-FMCLSC-EN.html?color=WH,Fila Apparel Germany
Fila Men's Gabriel Top,33.90 €,43.00 €,Tennis Clothing,2026-09-11 14:51:34,Tennis Warehouse Europe,https://www.tenniswarehouse-europe.com/Fila_Mens_Gabriel_Top/descpageMAFILAA-FMGABC-EN.html?color=NV,Fila Apparel Germany
Fila Men's Gabriel Top,33.90 €,43.00 €,Tennis Clothing,2026-09-11 14:51:34,Tennis Warehouse Europe,https://www.tenniswarehouse-europe.com/Fila_Mens_Gabriel_Top/descpageMAFILAA-FMGABC-EN.html?color=WH,Fila Apparel Germany
Fila Men's Elias Top,31.90 €,40.00 €,Tennis Clothing,2026-09-11 14:51:34,Tennis Warehouse Europe,https://www.tenniswarehouse-europe.com/Fila_Mens_Elias_Top/descpageMAFILAA-FMELIC-EN.html?color=RD,Fila Apparel Germany
Fila Men's Elias Top,31.90 €,40.00 €,Tennis Clothing,2026-09-11 14:51:34,Tennis Warehouse Europe,https://www.tenniswarehouse-europe.com/Fila_Mens_Elias_Top/descpageMAFILAA-FMELIC-EN.html?color=WNV,Fila Apparel Germany
Fila Men's Core Holger Top,31.90 €,40.00 €,Tennis Clothing,2026-09-11 14:51:34,Tennis Warehouse Europe,https://www.tenniswarehouse-europe.com/Fila_Mens_Core_Holger_Top/descpageMAFILAA-FMHOC-EN.html?color=NV,Fila Apparel Germany
Fila Men's Core Holger Top,31.90 €,40.00 €,Tennis Clothing,2026-09-11 14:51:34,Tennis Warehouse Europe,https://www.tenniswarehouse-europe.com/Fila_Mens_Core_Holger_Top/descpageMAFILAA-FMHOC-EN.html?color=RD,Fila Apparel Germany
Fila Men's Core Holger Top,31.90 €,40.00 €,Tennis Clothing,2026-09-11 14:51:34,Tennis Warehouse Europe,https://www.tenniswarehouse-europe.com/Fila_Mens_Core_Holger_Top/descpageMAFILAA-FMHOC-EN.html?color=WH,Fila Apparel Germany
Fila Men's Holger Top,31.90 €,40.00 €,Tennis Clothing,2026-09-11 14:51:34,Tennis Warehouse Europe,https://www.tenniswarehouse-europe.com/Fila_Mens_Holger_Top/descpageMAFILAA-FMHGC-EN.html?color=RY,Fila Apparel Germany
Fila Men's BB 1983 Polo,47.90 €,60.00 €,Tennis Clothing,2026-09-11 14:51:34,Tennis Warehouse Europe,https://www.tenniswarehouse-europe.com/Fila_Mens_BB_1983_Polo/descpageMAFILAA-FMBBCR-EN.html?color=NBL,Fila Apparel Germany
Fila Men's BB 1983 Polo,47.90 €,60.00 €,Tennis Clothing,2026-09-11 14:51:34,Tennis Warehouse Europe,https://www.tenniswarehouse-europe.com/Fila_Mens_BB_1983_Polo/descpageMAFILAA-FMBBCR-EN.html?color=NVR,Fila Apparel Germany
Fila Men's Crew Sport Socks - 2 Pack,8.90 €,9.99 €,Tennis Clothing,2026-09-11 14:51:34,Tennis Warehouse Europe,https://www.tenniswarehouse-europe.com/Fila_Mens_Crew_Sport_Socks_-_2_Pack/descpageMAFILAA-FMCSS2P-EN.html?color=WH,Fila Apparel Germany
Fila Men's Crew Heritage Socks,6.90 €,8.00 €,Tennis Clothing,2026-09-11 14:51:34,Tennis Warehouse Europe,https://www.tenniswarehouse-europe.com/Fila_Mens_Crew_Heritage_Socks/descpageMAFILAA-FMCHS-EN.html?color=WH,Fila Apparel Germany
Fila Men's Crew Sport Socks,6.90 €,8.00 €,Tennis Clothing,2026-09-11 14:51:34,Tennis Warehouse Europe,https://www.tenniswarehouse-europe.com/Fila_Mens_Crew_Sport_Socks/descpageMAFILAA-FMCSPO-EN.html?color=BK,Fila Apparel Germany
Fila Spring Mesh cap Sampau Hat Red,19.90 €,24.50 €,Tennis Clothing,2026-09-11 14:51:34,Tennis Warehouse Europe,https://www.tenniswarehouse-europe.com/Fila_Spring_Mesh_cap_Sampau_Hat_Red/descpageFILAA-FSSHWRD2-EN.html,Fila Apparel Germany
Fila Spring Mesh cap Sampau Hat White,22.90 €,24.50 €,Tennis Clothing,2026-09-11 14:51:34,Tennis Warehouse Europe,https://www.tenniswarehouse-europe.com/Fila_Spring_Mesh_cap_Sampau_Hat_White/descpageFILAA-FSSHWH2-EN.html,Fila Apparel Germany
Fila Max Hat,15.90 €,20.00 €,Tennis Clothing,2026-09-11 14:51:34,Tennis Warehouse Europe,https://www.tenniswarehouse-europe.com/Fila_Max_Hat/descpageFILAA-FMAXHAT-EN.html?color=WH,Fila Apparel Germany
Fila Rune Headband White/Navy/Red,13.90 €,15.00 €,Tennis Clothing,2026-09-11 14:51:34,Tennis Warehouse Europe,https://www.tenniswarehouse-europe.com/Fila_Rune_Headband_White_Navy_Red/descpageFILAA-FFRUNE-EN.html?color=WHN,Fila Apparel Germany
Fila Rory Single Wristband White/Navy/Red,12.90 €,15.00 €,Tennis Clothing,2026-09-11 14:51:34,Tennis Warehouse Europe,https://www.tenniswarehouse-europe.com/Fila_Rory_Single_Wristband_White_Navy_Red/descpageFILAA-FRORY-EN.html?color=WH,Fila Apparel Germany
Fila Arnst Doublewide Wristband Red,7.90 €,9.00 €,Tennis Clothing,2026-09-11 14:51:34,Tennis Warehouse Europe,https://www.tenniswarehouse-europe.com/Fila_Arnst_Doublewide_Wristband_Red/descpageFILAA-FADWBR-EN.html,Fila Apparel Germany
Fila Arnst Doublewide Wristband White,7.90 €,9.00 €,Tennis Clothing,2026-09-11 14:51:34,Tennis Warehouse Europe,https://www.tenniswarehouse-europe.com/Fila_Arnst_Doublewide_Wristband_White/descpageFILAA-FADWBW-EN.html,Fila Apparel Germany
Fila Arnst Doublewide Wristband Navy,7.90 €,9.00 €,Tennis Clothing,2026-09-11 14:51:34,Tennis Warehouse Europe,https://www.tenniswarehouse-europe.com/Fila_Arnst_Doublewide_Wristband_Navy/descpageFILAA-FADWBN-EN.html,Fila Apparel Germany
Men's Topspin Top,53.90 €,60.00 €,Tennis Clothing,2026-09-11 14:51:34,Tennis Warehouse Europe,https://www.tenniswarehouse-europe.com/HEAD_Mens_Topspin_Top/descpageMAHEAD-HEMTOTQ-EN.html?color=WBL,Head
Men's Slice II Top,44.90 €,50.00 €,Tennis Clothing,2026-09-11 14:51:34,Tennis Warehouse Europe,https://www.tenniswarehouse-europe.com/HEAD_Mens_Slice_II_Top/descpageMAHEAD-HEMTST2-EN.html?color=BL,Head
Men's Slice Top,49.90 €,55.00 €,Tennis Clothing,2026-09-11 14:51:34,Tennis Warehouse Europe,https://www.tenniswarehouse-europe.com/HEAD_Mens_Slice_Top/descpageMAHEAD-HEMTSLT-EN.html?color=BL,Head
Men's Slice Top,49.90 €,55.00 €,Tennis Clothing,2026-09-11 14:51:34,Tennis Warehouse Europe,https://www.tenniswarehouse-europe.com/HEAD_Mens_Slice_Top/descpageMAHEAD-HEMTSLT-EN.html?color=TU,Head
Men's Play Top,58.91 €,65.00 €,Tennis Clothing,2026-09-11 14:51:34,Tennis Warehouse Europe,https://www.tenniswarehouse-europe.com/HEAD_Mens_Play_Top/descpageMAHEAD-HMPLT-EN.html?color=GRL,Head
Men's Play Top,58.91 €,65.00 €,Tennis Clothing,2026-09-11 14:51:34,Tennis Warehouse Europe,https://www.tenniswarehouse-europe.com/HEAD_Mens_Play_Top/descpageMAHEAD-HMPLT-EN.html?color=PK,Head
Men's Play Henley Top,62.90 €,70.00 €,Tennis Clothing,2026-09-11 14:51:34,Tennis Warehouse Europe,https://www.tenniswarehouse-europe.com/HEAD_Mens_Play_Henley_Top/descpageMAHEAD-HMPHLT-EN.html?color=WH,Head
Men's Play Short,46.90 €,65.00 €,Tennis Clothing,2026-09-11 14:51:34,Tennis Warehouse Europe,https://www.tenniswarehouse-europe.com/HEAD_Mens_Play_Short_/descpageMAHEAD-HEMPLS2-EN.html?color=GRL,Head
Men's Play Short,46.90 €,65.00 €,Tennis Clothing,2026-09-11 14:51:34,Tennis Warehouse Europe,https://www.tenniswarehouse-europe.com/HEAD_Mens_Play_Short_/descpageMAHEAD-HEMPLS2-EN.html?color=PK,Head
Men's Pro Short,58.91 €,65.00 €,Tennis Clothing,2026-09-11 14:51:34,Tennis Warehouse Europe,https://www.tenniswarehouse-europe.com/HEAD_Mens_Pro_Short/descpageMAHEAD-HEMPRSH-EN.html?color=BL,Head
Men's Pro Short,58.91 €,65.00 €,Tennis Clothing,2026-09-11 14:51:34,Tennis Warehouse Europe,https://www.tenniswarehouse-europe.com/HEAD_Mens_Pro_Short/descpageMAHEAD-HEMPRSH-EN.html?color=TU,Head
Men's Rainbow T-Shirt,27.89 €,40.00 €,Tennis Clothing,2026-09-11 14:51:34,Tennis Warehouse Europe,https://www.tenniswarehouse-europe.com/HEAD_Mens_Rainbow_T-Shirt/descpageMAHEAD-HMRAITS-EN.html?color=NV,Head
Men's Rainbow T-Shirt,27.89 €,40.00 €,Tennis Clothing,2026-09-11 14:51:34,Tennis Warehouse Europe,https://www.tenniswarehouse-europe.com/HEAD_Mens_Rainbow_T-Shirt/descpageMAHEAD-HMRAITS-EN.html?color=WH,Head
Men's Breaker Jacket,85.90 €,95.00 €,Tennis Clothing,2026-09-11 14:51:34,Tennis Warehouse Europe,https://www.tenniswarehouse-europe.com/HEAD_Mens_Breaker_Jacket/descpageMAHEAD-HEMBRJB-EN.html?color=BL,Head
Men's Breaker Pant,71.90 €,80.00 €,Tennis Clothing,2026-09-11 14:51:34,Tennis Warehouse Europe,https://www.tenniswarehouse-europe.com/HEAD_Mens_Breaker_Pant/descpageMAHEAD-HMBRPAT-EN.html?color=BL,Head
Men's Vision Jacket,87.91 €,110.00 €,Tennis Clothing,2026-09-11 14:51:34,Tennis Warehouse Europe,https://www.tenniswarehouse-europe.com/HEAD_Mens_Vision_Jacket/descpageMAHEAD-HEMVIJA-EN.html?color=NV,Head
Men's Vision Pant,80.90 €,90.00 €,Tennis Clothing,2026-09-11 14:51:34,Tennis Warehouse Europe,https://www.tenniswarehouse-europe.com/HEAD_Mens_Vision_Pant/descpageMAHEAD-HMVIPAN-EN.html?color=NV,Head
Men's Club Top,24.91 € - 28.91 €,40.00€,Tennis Clothing,2026-09-11 14:51:34,Tennis Warehouse Europe,https://www.tenniswarehouse-europe.com/HEAD_Mens_Club_Top/descpageMAHEAD-HEMCLUC-EN.html?color=NV,Head
Men's Club Top,24.91 € - 28.91 €,40.00€,Tennis Clothing,2026-09-11 14:51:34,Tennis Warehouse Europe,https://www.tenniswarehouse-europe.com/HEAD_Mens_Club_Top/descpageMAHEAD-HEMCLUC-EN.html?color=WH,Head
Men's Club Top,24.91 € - 28.91 €,40.00€,Tennis Clothing,2026-09-11 14:51:34,Tennis Warehouse Europe,https://www.tenniswarehouse-europe.com/HEAD_Mens_Club_Top/descpageMAHEAD-HEMCLUC-EN.html?color=WBL,Head
Men's Club Basic Top,25.90 €,35.00 €,Tennis Clothing,2026-09-11 14:51:34,Tennis Warehouse Europe,https://www.tenniswarehouse-europe.com/HEAD_Mens_Club_Basic_Top/descpageMAHEAD-HMCLBAC-EN.html?color=NV,Head
Men's Club Basic Top,25.90 €,35.00 €,Tennis Clothing,2026-09-11 14:51:34,Tennis Warehouse Europe,https://www.tenniswarehouse-europe.com/HEAD_Mens_Club_Basic_Top/descpageMAHEAD-HMCLBAC-EN.html?color=WH,Head
Men's Club Polo,30.90 € - 33.90 €,50.00€,Tennis Clothing,2026-09-11 14:51:34,Tennis Warehouse Europe,https://www.tenniswarehouse-europe.com/HEAD_Mens_Club_Polo/descpageMAHEAD-HEMCLPO-EN.html?color=NV,Head
Men's Club Polo,30.90 € - 33.90 €,50.00€,Tennis Clothing,2026-09-11 14:51:34,Tennis Warehouse Europe,https://www.tenniswarehouse-europe.com/HEAD_Mens_Club_Polo/descpageMAHEAD-HEMCLPO-EN.html?color=WH,Head
Men's Club Short,23.90 € - 35.90 €,45.00€,Tennis Clothing,2026-09-11 14:51:34,Tennis Warehouse Europe,https://www.tenniswarehouse-europe.com/HEAD_Mens_Club_Short/descpageMAHEAD-HDMCLS-EN.html?color=BK,Head
Men's Club Short,23.90 € - 35.90 €,45.00€,Tennis Clothing,2026-09-11 14:51:34,Tennis Warehouse Europe,https://www.tenniswarehouse-europe.com/HEAD_Mens_Club_Short/descpageMAHEAD-HDMCLS-EN.html?color=GY,Head
Men's Club Short,23.90 € - 35.90 €,45.00€,Tennis Clothing,2026-09-11 14:51:34,Tennis Warehouse Europe,https://www.tenniswarehouse-europe.com/HEAD_Mens_Club_Short/descpageMAHEAD-HDMCLS-EN.html?color=NV,Head
Men's Club Short,23.90 € - 35.90 €,45.00€,Tennis Clothing,2026-09-11 14:51:34,Tennis Warehouse Europe,https://www.tenniswarehouse-europe.com/HEAD_Mens_Club_Short/descpageMAHEAD-HDMCLS-EN.html?color=RD,Head
Men's Club Short,23.90 € - 35.90 €,45.00€,Tennis Clothing,2026-09-11 14:51:34,Tennis Warehouse Europe,https://www.tenniswarehouse-europe.com/HEAD_Mens_Club_Short/descpageMAHEAD-HDMCLS-EN.html?color=RY,Head
Men's Club Short,23.90 € - 35.90 €,45.00€,Tennis Clothing,2026-09-11 14:51:34,Tennis Warehouse Europe,https://www.tenniswarehouse-europe.com/HEAD_Mens_Club_Short/descpageMAHEAD-HDMCLS-EN.html?color=WH,Head
Men's Club Short,35.90 €,45.00 €,Tennis Clothing,2026-09-11 14:51:34,Tennis Warehouse Europe,https://www.tenniswarehouse-europe.com/HEAD_Mens_Club_Short/descpageMAHEAD-HMECLSH-EN.html?color=GR,Head
Men's Club Jacket,45.90 €,70.00 €,Tennis Clothing,2026-09-11 14:51:34,Tennis Warehouse Europe,https://www.tenniswarehouse-europe.com/HEAD_Mens_Club_Jacket/descpageMAHEAD-HEMCLJA-EN.html?color=NV,Head
Men's Club Jacket,45.90 €,70.00 €,Tennis Clothing,2026-09-11 14:51:34,Tennis Warehouse Europe,https://www.tenniswarehouse-europe.com/HEAD_Mens_Club_Jacket/descpageMAHEAD-HEMCLJA-EN.html?color=WH,Head
Men's Club Pant,49.90 €,55.00 €,Tennis Clothing,2026-09-11 14:51:34,Tennis Warehouse Europe,https://www.tenniswarehouse-europe.com/HEAD_Mens_Club_Pant/descpageMAHEAD-HEMCLPA-EN.html?color=NV,Head
Men's Club Original T-Shirt,24.89 €,30.00 €,Tennis Clothing,2026-09-11 14:51:34,Tennis Warehouse Europe,https://www.tenniswarehouse-europe.com/HEAD_Mens_Club_Original_T-Shirt/descpageMAHEAD-HMCLORT-EN.html?color=BK,Head
Men's Club Original T-Shirt,24.89 €,30.00 €,Tennis Clothing,2026-09-11 14:51:34,Tennis Warehouse Europe,https://www.tenniswarehouse-europe.com/HEAD_Mens_Club_Original_T-Shirt/descpageMAHEAD-HMCLORT-EN.html?color=NV,Head
Men's Club Original T-Shirt,24.89 €,30.00 €,Tennis Clothing,2026-09-11 14:51:34,Tennis Warehouse Europe,https://www.tenniswarehouse-europe.com/HEAD_Mens_Club_Original_T-Shirt/descpageMAHEAD-HMCLORT-EN.html?color=RD,Head
Men's Club Original T-Shirt,24.89 €,30.00 €,Tennis Clothing,2026-09-11 14:51:34,Tennis Warehouse Europe,https://www.tenniswarehouse-europe.com/HEAD_Mens_Club_Original_T-Shirt/descpageMAHEAD-HMCLORT-EN.html?color=RY,Head
Men's Club Original T-Shirt,24.89 €,30.00 €,Tennis Clothing,2026-09-11 14:51:34,Tennis Warehouse Europe,https://www.tenniswarehouse-europe.com/HEAD_Mens_Club_Original_T-Shirt/descpageMAHEAD-HMCLORT-EN.html?color=WH,Head
Men's Club Original Bermuda Short,31.90 €,35.00 €,Tennis Clothing,2026-09-11 14:51:34,Tennis Warehouse Europe,https://www.tenniswarehouse-europe.com/HEAD_Mens_Club_Original_Bermuda_Short/descpageMAHEAD-HMCOBSH-EN.html?color=BK,Head
Men's Club Original Bermuda Short,31.90 €,35.00 €,Tennis Clothing,2026-09-11 14:51:34,Tennis Warehouse Europe,https://www.tenniswarehouse-europe.com/HEAD_Mens_Club_Original_Bermuda_Short/descpageMAHEAD-HMCOBSH-EN.html?color=GY,Head
Men's Club Original Bermuda Short,31.90 €,35.00 €,Tennis Clothing,2026-09-11 14:51:34,Tennis Warehouse Europe,https://www.tenniswarehouse-europe.com/HEAD_Mens_Club_Original_Bermuda_Short/descpageMAHEAD-HMCOBSH-EN.html?color=NV,Head
Men's Spring Club Original Hoodie,49.90 €,55.00 €,Tennis Clothing,2026-09-11 14:51:34,Tennis Warehouse Europe,https://www.tenniswarehouse-europe.com/HEAD_Mens_Spring_Club_Original_Hoodie/descpageMAHEAD-HMSPRHO-EN.html?color=BL,Head
Men's Club Original Hoodie,49.90 €,55.00 €,Tennis Clothing,2026-09-11 14:51:34,Tennis Warehouse Europe,https://www.tenniswarehouse-europe.com/HEAD_Mens_Club_Original_Hoodie/descpageMAHEAD-HMCORHO-EN.html?color=GY,Head
Men's Club Original Hoodie,49.90 €,55.00 €,Tennis Clothing,2026-09-11 14:51:34,Tennis Warehouse Europe,https://www.tenniswarehouse-europe.com/HEAD_Mens_Club_Original_Hoodie/descpageMAHEAD-HMCORHO-EN.html?color=NV,Head
Men's Club Original Hoodie,49.90 €,55.00 €,Tennis Clothing,2026-09-11 14:51:34,Tennis Warehouse Europe,https://www.tenniswarehouse-europe.com/HEAD_Mens_Club_Original_Hoodie/descpageMAHEAD-HMCORHO-EN.html?color=RD,Head
Men's Club Original Hoodie,49.90 €,55.00 €,Tennis Clothing,2026-09-11 14:51:34,Tennis Warehouse Europe,https://www.tenniswarehouse-europe.com/HEAD_Mens_Club_Original_Hoodie/descpageMAHEAD-HMCORHO-EN.html?color=RY,Head
Men's Club Original Pant,49.90 €,55.00 €,Tennis Clothing,2026-09-11 14:51:34,Tennis Warehouse Europe,https://www.tenniswarehouse-europe.com/HEAD_Mens_Club_Original_Pant/descpageMAHEAD-HEMCORP-EN.html?color=BK,Head
Men's Club Original Pant,49.90 €,55.00 €,Tennis Clothing,2026-09-11 14:51:34,Tennis Warehouse Europe,https://www.tenniswarehouse-europe.com/HEAD_Mens_Club_Original_Pant/descpageMAHEAD-HEMCORP-EN.html?color=GY,Head
Men's Club Original Pant,49.90 €,55.00 €,Tennis Clothing,2026-09-11 14:51:34,Tennis Warehouse Europe,https://www.tenniswarehouse-europe.com/HEAD_Mens_Club_Original_Pant/descpageMAHEAD-HEMCORP-EN.html?color=NV,Head
Pro Player Hat,22.90 €,25.00 €,Tennis Clothing,2026-09-11 14:51:34,Tennis Warehouse Europe,https://www.tenniswarehouse-europe.com/HEAD_Pro_Player_Hat/descpageHEAD-HPRPLH2-EN.html?color=TU,Head
Pro Player Hat,22.50 €,25.00 €,Tennis Clothing,2026-09-11 14:51:34,Tennis Warehouse Europe,https://www.tenniswarehouse-europe.com/HEAD_Pro_Player_Hat/descpageHEAD-HPROPLH-EN.html?color=BK,Head
Pro Player Hat,22.50 €,25.00 €,Tennis Clothing,2026-09-11 14:51:34,Tennis Warehouse Europe,https://www.tenniswarehouse-europe.com/HEAD_Pro_Player_Hat/descpageHEAD-HPROPLH-EN.html?color=NV,Head
Pro Player Hat,22.50 €,25.00 €,Tennis Clothing,2026-09-11 14:51:34,Tennis Warehouse Europe,https://www.tenniswarehouse-europe.com/HEAD_Pro_Player_Hat/descpageHEAD-HPROPLH-EN.html?color=WH,Head
Pro Player Visor,20.90 €,23.00 €,Tennis Clothing,2026-09-11 14:51:34,Tennis Warehouse Europe,https://www.tenniswarehouse-europe.com/HEAD_Pro_Player_Visor/descpageHEAD-HPPLAVI-EN.html?color=NV,Head
Pro Player Visor,20.90 €,23.00 €,Tennis Clothing,2026-09-11 14:51:34,Tennis Warehouse Europe,https://www.tenniswarehouse-europe.com/HEAD_Pro_Player_Visor/descpageHEAD-HPPLAVS-EN.html?color=BL,Head
Kid's Pro Player Hat,20.90 €,23.00 €,Tennis Clothing,2026-09-11 14:51:34,Tennis Warehouse Europe,https://www.tenniswarehouse-europe.com/HEAD_Kids_Pro_Player_Hat/descpageHEAD-HKILBT-EN.html?color=BL,Head
Kid's Pro Player Hat,20.90 €,23.00 €,Tennis Clothing,2026-09-11 14:51:34,Tennis Warehouse Europe,https://www.tenniswarehouse-europe.com/HEAD_Kids_Pro_Player_Hat/descpageHEAD-HKILBT-EN.html?color=TU,Head
Kid's Pro Player Hat,22.00 €,23.00 €,Tennis Clothing,2026-09-11 14:51:34,Tennis Warehouse Europe,https://www.tenniswarehouse-europe.com/HEAD_Kids_Pro_Player_Hat/descpageHEAD-HKILFH-EN.html?color=BK,Head
Kid's Pro Player Hat,22.00 €,23.00 €,Tennis Clothing,2026-09-11 14:51:34,Tennis Warehouse Europe,https://www.tenniswarehouse-europe.com/HEAD_Kids_Pro_Player_Hat/descpageHEAD-HKILFH-EN.html?color=NV,Head
Striped Doublewide Wristband,8.90 €,10.00 €,Tennis Clothing,2026-09-11 14:51:34,Tennis Warehouse Europe,https://www.tenniswarehouse-europe.com/HEAD_Striped_Doublewide_Wristband/descpageHEAD-HEAS5W2-EN.html?color=BTW,Head
Striped Doublewide Wristband,8.90 €,10.00 €,Tennis Clothing,2026-09-11 14:51:34,Tennis Warehouse Europe,https://www.tenniswarehouse-europe.com/HEAD_Striped_Doublewide_Wristband/descpageHEAD-HEAS5W2-EN.html?color=RDW,Head
Striped Doublewide Wristband,8.90 €,10.00 €,Tennis Clothing,2026-09-11 14:51:34,Tennis Warehouse Europe,https://www.tenniswarehouse-europe.com/HEAD_Striped_Doublewide_Wristband/descpageHEAD-HEAS5W2-EN.html?color=WHN,Head
Striped Doublewide Wristband,8.90 €,10.00 €,Tennis Clothing,2026-09-11 14:51:34,Tennis Warehouse Europe,https://www.tenniswarehouse-europe.com/HEAD_Striped_Doublewide_Wristband/descpageHEAD-HEADS5W-EN.html?color=BWH,Head
Striped Doublewide Wristband,8.90 €,10.00 €,Tennis Clothing,2026-09-11 14:51:34,Tennis Warehouse Europe,https://www.tenniswarehouse-europe.com/HEAD_Striped_Doublewide_Wristband/descpageHEAD-HEADS5W-EN.html?color=WHO,Head
Wristbands Logo Large Purple,8.90 €,10.00 €,Tennis Clothing,2026-09-11 14:51:34,Tennis Warehouse Europe,https://www.tenniswarehouse-europe.com/Head_Wristbands_Logo_Large_Purple/descpageHEAD-HLWPUR-EN.html,Head
Wristbands Logo Large Lt. Green,8.90 €,10.00 €,Tennis Clothing,2026-09-11 14:51:34,Tennis Warehouse Europe,https://www.tenniswarehouse-europe.com/Head_Wristbands_Logo_Large_Lt_Green/descpageHEAD-HLWGREY-EN.html,Head
Wristbands Logo Large Blue,8.90 €,,Tennis Clothing,2026-09-11 14:51:34,Tennis Warehouse Europe,https://www.tenniswarehouse-europe.com/HEAD_Wristbands_Logo_Large_Blue/descpageHEAD-HLWBLUE-EN.html,Head
Wristbands Logo Large Navy,8.90 €,10.00 €,Tennis Clothing,2026-09-11 14:51:34,Tennis Warehouse Europe,https://www.tenniswarehouse-europe.com/HEAD_Wristbands_Logo_Large_Navy/descpageHEAD-HLWNV-EN.html,Head
Wristband Logo Large Black,8.90 €,10.00 €,Tennis Clothing,2026-09-11 14:51:34,Tennis Warehouse Europe,https://www.tenniswarehouse-europe.com/HEAD_Wristband_Logo_Large_Black/descpageHEAD-HWBLLBK-EN.html,Head
Wristband Logo Large White,8.90 €,10.00 €,Tennis Clothing,2026-09-11 14:51:34,Tennis Warehouse Europe,https://www.tenniswarehouse-europe.com/HEAD_Wristband_Logo_Large_White/descpageHEAD-HWBLLWH-EN.html,Head
Head Tie,15.90 €,17.00 €,Tennis Clothing,2026-09-11 14:51:34,Tennis Warehouse Europe,https://www.tenniswarehouse-europe.com/HEAD_Head_Tie/descpageHEAD-HEADBAN-EN.html?color=WBL,Head
Head Tie,15.90 €,17.00 €,Tennis Clothing,2026-09-11 14:51:34,Tennis Warehouse Europe,https://www.tenniswarehouse-europe.com/HEAD_Head_Tie/descpageHEAD-HEADBAN-EN.html?color=WYE,Head
Pro Player Headband,10.90 €,12.00 €,Tennis Clothing,2026-09-11 14:51:34,Tennis Warehouse Europe,https://www.tenniswarehouse-europe.com/HEAD_Pro_Player_Headband/descpageHEAD-HEAPPB-EN.html?color=BK,Head
Pro Player Headband,10.90 €,12.00 €,Tennis Clothing,2026-09-11 14:51:34,Tennis Warehouse Europe,https://www.tenniswarehouse-europe.com/HEAD_Pro_Player_Headband/descpageHEAD-HEAPPB-EN.html?color=WH,Head
Tennis Headband,5.90 €,7.00 €,Tennis Clothing,2026-09-11 14:51:34,Tennis Warehouse Europe,https://www.tenniswarehouse-europe.com/HEAD_Tennis_Headband/descpageHEAD-HDTHB-EN.html?color=NV,Head
Tennis Headband,5.90 €,7.00 €,Tennis Clothing,2026-09-11 14:51:34,Tennis Warehouse Europe,https://www.tenniswarehouse-europe.com/HEAD_Tennis_Headband/descpageHEAD-HDTHB-EN.html?color=WH,Head
HEAD Tennis Crew 1-Pack Socks Light Blue,9.90 €,,Tennis Clothing,2026-09-11 14:51:34,Tennis Warehouse Europe,https://www.tenniswarehouse-europe.com/HEAD_Tennis_Crew_1-Pack_Socks_Light_Blue/descpageMADOBOT-HTC1BLN-EN.html?color=LBL,stichd -
HEAD Tennis Crew 1-Pack Socks Light Pink,9.90 €,,Tennis Clothing,2026-09-11 14:51:34,Tennis Warehouse Europe,https://www.tenniswarehouse-europe.com/HEAD_Tennis_Crew_1-Pack_Socks_Light_Pink/descpageMADOBOT-HTC1PIN-EN.html?color=PK,stichd -
HEAD Tennis Crew 1-Pack Socks Yellow,9.90 €,,Tennis Clothing,2026-09-11 14:51:34,Tennis Warehouse Europe,https://www.tenniswarehouse-europe.com/HEAD_Tennis_Crew_1-Pack_Socks_Yellow/descpageMADOBOT-HTC1YEN-EN.html?color=YE,stichd -
HEAD Tennis Crew 1-Pack Socks Black,9.90 €,,Tennis Clothing,2026-09-11 14:51:34,Tennis Warehouse Europe,https://www.tenniswarehouse-europe.com/HEAD_Tennis_Crew_1-Pack_Socks_Black/descpageMADOBOT-HTC1BKN-EN.html?color=BK,stichd -
HEAD Tennis Crew 1-Pack Socks White,9.90 €,,Tennis Clothing,2026-09-11 14:51:34,Tennis Warehouse Europe,https://www.tenniswarehouse-europe.com/HEAD_Tennis_Crew_1-Pack_Socks_White/descpageMADOBOT-HTC1WHN-EN.html?color=WH,stichd -
HEAD Tennis Quarter 1-Pack Socks Yellow,9.90 €,,Tennis Clothing,2026-09-11 14:51:34,Tennis Warehouse Europe,https://www.tenniswarehouse-europe.com/HEAD_Tennis_Quarter_1-Pack_Socks_Yellow/descpageMADOBOT-HTQ1YWN-EN.html?color=YE,stichd -
HEAD Tennis Quarter 1-Pack Socks Black,9.90 €,,Tennis Clothing,2026-09-11 14:51:34,Tennis Warehouse Europe,https://www.tenniswarehouse-europe.com/HEAD_Tennis_Quarter_1-Pack_Socks_Black/descpageMADOBOT-HTQ1BLN-EN.html?color=BK,stichd -
HEAD Tennis Quarter 1-Pack Socks White,9.90 €,,Tennis Clothing,2026-09-11 14:51:34,Tennis Warehouse Europe,https://www.tenniswarehouse-europe.com/HEAD_Tennis_Quarter_1-Pack_Socks_White/descpageMADOBOT-HTQ1WHN-EN.html?color=WH,stichd -
HEAD Performance Crew 2-Pack Socks Black,7.90 €,,Tennis Clothing,2026-09-11 14:51:34,Tennis Warehouse Europe,https://www.tenniswarehouse-europe.com/HEAD_Performance_Crew_2-Pack_Socks_Black/descpageMADOBOT-HPC2BKN-EN.html?color=BK,stichd -
HEAD Performance Crew 2-Pack Socks White,7.90 €,,Tennis Clothing,2026-09-11 14:51:34,Tennis Warehouse Europe,https://www.tenniswarehouse-europe.com/HEAD_Performance_Crew_2-Pack_Socks_White/descpageMADOBOT-HPC2WHN-EN.html?color=WH,stichd -
HEAD Performance Crew 2-Pack Socks Grey Melange/White,7.90 €,,Tennis Clothing,2026-09-11 14:51:34,Tennis Warehouse Europe,https://www.tenniswarehouse-europe.com/HEAD_Performance_Crew_2-Pack_Socks_Grey_Melange_White/descpageMADOBOT-HPC2GWN-EN.html?color=MX,stichd -
HEAD Performance Short Crew 2-Pack Socks White,7.90 €,,Tennis Clothing,2026-09-11 14:51:34,Tennis Warehouse Europe,https://www.tenniswarehouse-europe.com/HEAD_Performance_Short_Crew_2-Pack_Socks_White/descpageMADOBOT-HPSC2WN-EN.html?color=WH,stichd -
HEAD Performance Short Crew 2-Pack Socks Grey/White,7.90 €,,Tennis Clothing,2026-09-11 14:51:34,Tennis Warehouse Europe,https://www.tenniswarehouse-europe.com/HEAD_Performance_Short_Crew_2-Pack_Socks_Grey_White/descpageMADOBOT-HPSC2MN-EN.html?color=BK,stichd -
HEAD Performance Quarter 2-Pack Socks Black,7.90 €,,Tennis Clothing,2026-09-11 14:51:34,Tennis Warehouse Europe,https://www.tenniswarehouse-europe.com/HEAD_Performance_Quarter_2-Pack_Socks_Black/descpageMADOBOT-HPQ2PBL-EN.html?color=BK,stichd -
HEAD Performance Quarter 2-Pack Socks White,7.90 €,,Tennis Clothing,2026-09-11 14:51:34,Tennis Warehouse Europe,https://www.tenniswarehouse-europe.com/HEAD_Performance_Quarter_2-Pack_Socks_White/descpageMADOBOT-HPQ2PWH-EN.html?color=WH,stichd -
HEAD Performance Quarter 2-Pack Socks Grey/White,7.90 €,,Tennis Clothing,2026-09-11 14:51:34,Tennis Warehouse Europe,https://www.tenniswarehouse-europe.com/HEAD_Performance_Quarter_2-Pack_Socks_Grey_White/descpageMADOBOT-HPQ2PGW-EN.html?color=MX,stichd -
HEAD Training Crew 3-Pack Socks Black,8.90 €,,Tennis Clothing,2026-09-11 14:51:34,Tennis Warehouse Europe,https://www.tenniswarehouse-europe.com/HEAD_Training_Crew_3-Pack_Socks_Black/descpageMADOBOT-HPC3BKN-EN.html?color=BK,stichd -
HEAD Training Crew 3-Pack Socks White,8.90 €,,Tennis Clothing,2026-09-11 14:51:34,Tennis Warehouse Europe,https://www.tenniswarehouse-europe.com/HEAD_Training_Crew_3-Pack_Socks_White/descpageMADOBOT-HPC3WHN-EN.html?color=WH,stichd -
HEAD Training Crew 3-Pack Socks Grey/White/Black,8.90 €,,Tennis Clothing,2026-09-11 14:51:34,Tennis Warehouse Europe,https://www.tenniswarehouse-europe.com/HEAD_Training_Crew_3-Pack_Socks_Grey_White_Black/descpageMADOBOT-HPC3GYN-EN.html?color=GYB,stichd -
HEAD Training Crew 3-Pack Socks Navy,8.90 €,,Tennis Clothing,2026-09-11 14:51:34,Tennis Warehouse Europe,https://www.tenniswarehouse-europe.com/HEAD_Training_Crew_3-Pack_Socks_Navy/descpageMADOBOT-HPC3NYN-EN.html,stichd -
HEAD Training Short Crew 3-Pack Socks Black,8.90 €,,Tennis Clothing,2026-09-11 14:51:34,Tennis Warehouse Europe,https://www.tenniswarehouse-europe.com/HEAD_Training_Short_Crew_3-Pack_Socks_Black/descpageMADOBOT-HPSC3BN-EN.html?color=BK,stichd -
HEAD Training Short Crew 3-Pack Socks White,8.90 €,,Tennis Clothing,2026-09-11 14:51:34,Tennis Warehouse Europe,https://www.tenniswarehouse-europe.com/HEAD_Training_Short_Crew_3-Pack_Socks_White/descpageMADOBOT-HPSC3WN-EN.html?color=WH,stichd -
HEAD Training Short Crew 3-Pack Socks Navy,8.90 €,,Tennis Clothing,2026-09-11 14:51:34,Tennis Warehouse Europe,https://www.tenniswarehouse-europe.com/HEAD_Training_Short_Crew_3-Pack_Socks_Navy/descpageMADOBOT-HPSC3NN-EN.html?color=NV,stichd -
HEAD Training Short Crew 3-Pack Socks Grey/White/Blk,8.90 €,,Tennis Clothing,2026-09-11 14:51:34,Tennis Warehouse Europe,https://www.tenniswarehouse-europe.com/HEAD_Training_Short_Crew_3-Pack_Socks_Grey_White_Blk/descpageMADOBOT-HPSC3MN-EN.html?color=GYB,stichd -
HEAD Training Quarter 3-Pack Socks Black,8.90 €,,Tennis Clothing,2026-09-11 14:51:34,Tennis Warehouse Europe,https://www.tenniswarehouse-europe.com/HEAD_Training_Quarter_3-Pack_Socks_Black/descpageMADOBOT-HPQ2PBN-EN.html?color=BK,stichd -
HEAD Training Quarter 3-Pack Socks White,8.90 €,,Tennis Clothing,2026-09-11 14:51:34,Tennis Warehouse Europe,https://www.tenniswarehouse-europe.com/HEAD_Training_Quarter_3-Pack_Socks_White/descpageMADOBOT-HPQ3PWN-EN.html?color=WH,stichd -
HEAD Training Quarter 3-Pack Socks Navy,8.90 €,,Tennis Clothing,2026-09-11 14:51:34,Tennis Warehouse Europe,https://www.tenniswarehouse-europe.com/HEAD_Training_Quarter_3-Pack_Socks_Navy/descpageMADOBOT-HPQ3PNN-EN.html?color=NV,stichd -
HEAD Training Quarter 3-Pack Socks Grey/White/Black,8.90 €,,Tennis Clothing,2026-09-11 14:51:34,Tennis Warehouse Europe,https://www.tenniswarehouse-europe.com/HEAD_Training_Quarter_3-Pack_Socks_Grey_White_Black/descpageMADOBOT-HPQ3PMN-EN.html?color=GYB,stichd -
HEAD Training Sneaker 3-Pack Socks Black,8.90 €,,Tennis Clothing,2026-09-11 14:51:34,Tennis Warehouse Europe,https://www.tenniswarehouse-europe.com/HEAD_Training_Sneaker_3-Pack_Socks_Black/descpageMADOBOT-HPS3BLN-EN.html?color=BK,stichd -
HEAD Training Sneaker 3-Pack Socks White,8.90 €,,Tennis Clothing,2026-09-11 14:51:34,Tennis Warehouse Europe,https://www.tenniswarehouse-europe.com/HEAD_Training_Sneaker_3-Pack_Socks_White/descpageMADOBOT-HPS3WHN-EN.html?color=WH,stichd -
HEAD Training Sneaker 3-Pack Socks Grey/White/Black,8.90 €,,Tennis Clothing,2026-09-11 14:51:34,Tennis Warehouse Europe,https://www.tenniswarehouse-europe.com/HEAD_Training_Sneaker_3-Pack_Socks_Grey_White_Black/descpageMADOBOT-HPS3MIN-EN.html?color=MX,stichd -
HEAD Padel Crew 1-Pack Socks White,11.90 €,,Tennis Clothing,2026-09-11 14:51:34,Tennis Warehouse Europe,https://www.tenniswarehouse-europe.com/HEAD_Padel_Crew_1-Pack_Socks_White/descpageMADOBOT-HPC1WHN-EN.html?color=WH,stichd -
HEAD Padel Crew 1-Pack Socks Yellow,11.90 €,,Tennis Clothing,2026-09-11 14:51:34,Tennis Warehouse Europe,https://www.tenniswarehouse-europe.com/HEAD_Padel_Crew_1-Pack_Socks_Yellow/descpageMADOBOT-HPC1YWN-EN.html?color=YE,stichd -
HEAD Padel Crew 1-Pack Socks Fiery Coral,11.90 €,,Tennis Clothing,2026-09-11 14:51:34,Tennis Warehouse Europe,https://www.tenniswarehouse-europe.com/HEAD_Padel_Crew_1-Pack_Socks_Fiery_Coral/descpageMADOBOT-HPC1FCN-EN.html,stichd -
HEAD Padel Crew 1-Pack Socks Aqua Blue,11.90 €,,Tennis Clothing,2026-09-11 14:51:34,Tennis Warehouse Europe,https://www.tenniswarehouse-europe.com/HEAD_Padel_Crew_1-Pack_Socks_Aqua_Blue/descpageMADOBOT-HPC1ABN-EN.html?color=BL,stichd -
HEAD Padel Quarter 1-Pack Socks White,11.90 €,,Tennis Clothing,2026-09-11 14:51:34,Tennis Warehouse Europe,https://www.tenniswarehouse-europe.com/HEAD_Padel_Quarter_1-Pack_Socks_White/descpageMADOBOT-HPQ1WHN-EN.html?color=WH,stichd -
HEAD Padel Quarter 1-Pack Socks Fiery Coral,11.90 €,,Tennis Clothing,2026-09-11 14:51:34,Tennis Warehouse Europe,https://www.tenniswarehouse-europe.com/HEAD_Padel_Quarter_1-Pack_Socks_Fiery_Coral/descpageMADOBOT-HPQ1FCN-EN.html?color=CO,stichd -
HEAD Padel Quarter 1-Pack Socks Aqua Blue,11.90 €,,Tennis Clothing,2026-09-11 14:51:34,Tennis Warehouse Europe,https://www.tenniswarehouse-europe.com/HEAD_Padel_Quarter_1-Pack_Socks_Aqua_Blue/descpageMADOBOT-HPQ1ABN-EN.html?color=BL,stichd -
Men's Spring Smash Top,24.89 €,31.50 €,Tennis Clothing,2026-09-11 14:51:34,Tennis Warehouse Europe,https://www.tenniswarehouse-europe.com/Joma_Mens_Spring_Smash_Top/descpageMAJOMAAP-JMSMT-EN.html?color=NV,Joma
Men's Spring Open III Short,17.90 €,22.80 €,Tennis Clothing,2026-09-11 14:51:34,Tennis Warehouse Europe,https://www.tenniswarehouse-europe.com/Joma_Mens_Spring_Open_III_Short/descpageMAJOMAAP-JMSOPS-EN.html?color=NV,Joma
Men's Spring Challenge Short,20.90 €,26.30 €,Tennis Clothing,2026-09-11 14:51:34,Tennis Warehouse Europe,https://www.tenniswarehouse-europe.com/Joma_Mens_Spring_Challenge_Short/descpageMAJOMAAP-JMSCLS-EN.html?color=BO,Joma
Men's Spring Challenge Short,20.90 €,26.30 €,Tennis Clothing,2026-09-11 14:51:34,Tennis Warehouse Europe,https://www.tenniswarehouse-europe.com/Joma_Mens_Spring_Challenge_Short/descpageMAJOMAAP-JMSCLS-EN.html?color=WH,Joma
Men's Spring Challenge T-Shirt,14.90 €,17.00 €,Tennis Clothing,2026-09-11 14:51:34,Tennis Warehouse Europe,https://www.tenniswarehouse-europe.com/Joma_Mens_Spring_Challenge_T-Shirt/descpageMAJOMAAP-JOMSCT-EN.html?color=BK,Joma
Men's Spring Challenge T-Shirt,14.90 €,17.00 €,Tennis Clothing,2026-09-11 14:51:34,Tennis Warehouse Europe,https://www.tenniswarehouse-europe.com/Joma_Mens_Spring_Challenge_T-Shirt/descpageMAJOMAAP-JOMSCT-EN.html?color=GR,Joma
Men's Spring Challenge T-Shirt,14.90 €,17.00 €,Tennis Clothing,2026-09-11 14:51:34,Tennis Warehouse Europe,https://www.tenniswarehouse-europe.com/Joma_Mens_Spring_Challenge_T-Shirt/descpageMAJOMAAP-JOMSCT-EN.html?color=WH,Joma
Men's Spring Smash Top,20.90 €,26.30 €,Tennis Clothing,2026-09-11 14:51:34,Tennis Warehouse Europe,https://www.tenniswarehouse-europe.com/Joma_Mens_Spring_Smash_Top/descpageMAJOMAAP-JMSMHT-EN.html?color=PK,Joma
Men's Spring Torneo Top,16.90 €,21.00 €,Tennis Clothing,2026-09-11 14:51:34,Tennis Warehouse Europe,https://www.tenniswarehouse-europe.com/Joma_Mens_Spring_Torneo_Top/descpageMAJOMAAP-JMSTOT-EN.html?color=RD,Joma
Men's Spring Smash 2-in-1 Short,25.90 €,31.90 €,Tennis Clothing,2026-09-11 14:51:34,Tennis Warehouse Europe,https://www.tenniswarehouse-europe.com/Joma_Mens_Spring_Smash_2-in-1_Short/descpageMAJOMAAP-JMSM21S-EN.html?color=BK,Joma
Men's Spring Torneo PDL T-Shirt,8.90 €,14.70 €,Tennis Clothing,2026-09-11 14:51:34,Tennis Warehouse Europe,https://www.tenniswarehouse-europe.com/Joma_Mens_Spring_Torneo_PDL_T-Shirt/descpageMAJOMAAP-JOSTPT-EN.html?color=WH,Joma
Men's Combi Top,9.90 €,16.00 €,Tennis Clothing,2026-09-11 14:51:34,Tennis Warehouse Europe,https://www.tenniswarehouse-europe.com/Joma_Mens_Combi_Top/descpageMAJOMAAP-JOCOMBI-EN.html?color=DGR,Joma
Men's Combi Top,9.90 €,16.00 €,Tennis Clothing,2026-09-11 14:51:34,Tennis Warehouse Europe,https://www.tenniswarehouse-europe.com/Joma_Mens_Combi_Top/descpageMAJOMAAP-JOCOMBI-EN.html?color=GRL,Joma
Men's Combi Top,9.90 €,16.00 €,Tennis Clothing,2026-09-11 14:51:34,Tennis Warehouse Europe,https://www.tenniswarehouse-europe.com/Joma_Mens_Combi_Top/descpageMAJOMAAP-JOCOMBI-EN.html?color=OR,Joma
Men's Combi Top,9.90 €,16.00 €,Tennis Clothing,2026-09-11 14:51:34,Tennis Warehouse Europe,https://www.tenniswarehouse-europe.com/Joma_Mens_Combi_Top/descpageMAJOMAAP-JOCOMBI-EN.html?color=PK,Joma
Men's Combi Top,9.90 €,16.00 €,Tennis Clothing,2026-09-11 14:51:34,Tennis Warehouse Europe,https://www.tenniswarehouse-europe.com/Joma_Mens_Combi_Top/descpageMAJOMAAP-JOCOMBI-EN.html?color=PU,Joma
Men's Combi Top,9.90 €,16.00 €,Tennis Clothing,2026-09-11 14:51:34,Tennis Warehouse Europe,https://www.tenniswarehouse-europe.com/Joma_Mens_Combi_Top/descpageMAJOMAAP-JOCOMBI-EN.html?color=TU,Joma
Men's Combi Top,9.90 €,16.00 €,Tennis Clothing,2026-09-11 14:51:34,Tennis Warehouse Europe,https://www.tenniswarehouse-europe.com/Joma_Mens_Combi_Top/descpageMAJOMAAP-JOCOMBI-EN.html?color=YE,Joma
Men's Combi Top,10.90 €,16.00 €,Tennis Clothing,2026-09-11 14:51:34,Tennis Warehouse Europe,https://www.tenniswarehouse-europe.com/Joma_Mens_Combi_Top/descpageMAJOMAAP-JOMCOFL-EN.html?color=BL,Joma
Men's Combi Top,10.90 €,16.00 €,Tennis Clothing,2026-09-11 14:51:34,Tennis Warehouse Europe,https://www.tenniswarehouse-europe.com/Joma_Mens_Combi_Top/descpageMAJOMAAP-JOMCOFL-EN.html?color=CO,Joma
Men's Combi Top,10.90 €,16.00 €,Tennis Clothing,2026-09-11 14:51:34,Tennis Warehouse Europe,https://www.tenniswarehouse-europe.com/Joma_Mens_Combi_Top/descpageMAJOMAAP-JOMCOFL-EN.html?color=GR,Joma
Men's Combi Top,10.90 €,16.00 €,Tennis Clothing,2026-09-11 14:51:34,Tennis Warehouse Europe,https://www.tenniswarehouse-europe.com/Joma_Mens_Combi_Top/descpageMAJOMAAP-JOMCOFL-EN.html?color=LB,Joma
Men's Combi Top,10.90 €,16.00 €,Tennis Clothing,2026-09-11 14:51:34,Tennis Warehouse Europe,https://www.tenniswarehouse-europe.com/Joma_Mens_Combi_Top/descpageMAJOMAAP-JOMCOFL-EN.html?color=PK,Joma
Men's Combi Top,10.90 €,16.00 €,Tennis Clothing,2026-09-11 14:51:34,Tennis Warehouse Europe,https://www.tenniswarehouse-europe.com/Joma_Mens_Combi_Top/descpageMAJOMAAP-JOMCOFL-EN.html?color=RD,Joma
Men's Combi Top,10.90 €,16.00 €,Tennis Clothing,2026-09-11 14:51:34,Tennis Warehouse Europe,https://www.tenniswarehouse-europe.com/Joma_Mens_Combi_Top/descpageMAJOMAAP-JOMCOFL-EN.html?color=YE,Joma
Men's Combi Top,6.90 € - 13.90 €,16.00€,Tennis Clothing,2026-09-11 14:51:34,Tennis Warehouse Europe,https://www.tenniswarehouse-europe.com/Joma_Mens_Combi_Top/descpageMAJOMAAP-JOMCOMC-EN.html?color=BK,Joma
Men's Combi Top,6.90 € - 13.90 €,16.00€,Tennis Clothing,2026-09-11 14:51:34,Tennis Warehouse Europe,https://www.tenniswarehouse-europe.com/Joma_Mens_Combi_Top/descpageMAJOMAAP-JOMCOMC-EN.html?color=GY,Joma
Men's Combi Top,6.90 € - 13.90 €,16.00€,Tennis Clothing,2026-09-11 14:51:34,Tennis Warehouse Europe,https://www.tenniswarehouse-europe.com/Joma_Mens_Combi_Top/descpageMAJOMAAP-JOMCOMC-EN.html?color=LGY,Joma
Men's Combi Top,6.90 € - 13.90 €,16.00€,Tennis Clothing,2026-09-11 14:51:34,Tennis Warehouse Europe,https://www.tenniswarehouse-europe.com/Joma_Mens_Combi_Top/descpageMAJOMAAP-JOMCOMC-EN.html?color=MR,Joma
Men's Combi Top,6.90 € - 13.90 €,16.00€,Tennis Clothing,2026-09-11 14:51:34,Tennis Warehouse Europe,https://www.tenniswarehouse-europe.com/Joma_Mens_Combi_Top/descpageMAJOMAAP-JOMCOMC-EN.html?color=NV,Joma
Men's Combi Top,6.90 € - 13.90 €,16.00€,Tennis Clothing,2026-09-11 14:51:34,Tennis Warehouse Europe,https://www.tenniswarehouse-europe.com/Joma_Mens_Combi_Top/descpageMAJOMAAP-JOMCOMC-EN.html?color=WH,Joma
Men's Record II Top,13.90 €,16.90 €,Tennis Clothing,2026-09-11 14:51:34,Tennis Warehouse Europe,https://www.tenniswarehouse-europe.com/Joma_Mens_Record_II_Top/descpageMAJOMAAP-JORECT-EN.html?color=RD,Joma
Men's Basic Miami Short,17.90 €,23.00 €,Tennis Clothing,2026-09-11 14:51:34,Tennis Warehouse Europe,https://www.tenniswarehouse-europe.com/Joma_Mens_Basic_Miami_Short/descpageMAJOMAAP-JMMIAMI-EN.html?color=BK,Joma
Men's Basic Miami Short,17.90 €,23.00 €,Tennis Clothing,2026-09-11 14:51:34,Tennis Warehouse Europe,https://www.tenniswarehouse-europe.com/Joma_Mens_Basic_Miami_Short/descpageMAJOMAAP-JMMIAMI-EN.html?color=NV,Joma
Men's Basic Miami Short,17.90 €,23.00 €,Tennis Clothing,2026-09-11 14:51:34,Tennis Warehouse Europe,https://www.tenniswarehouse-europe.com/Joma_Mens_Basic_Miami_Short/descpageMAJOMAAP-JMMIAMI-EN.html?color=RD,Joma
Men's Basic Miami Short,17.90 €,23.00 €,Tennis Clothing,2026-09-11 14:51:34,Tennis Warehouse Europe,https://www.tenniswarehouse-europe.com/Joma_Mens_Basic_Miami_Short/descpageMAJOMAAP-JMMIAMI-EN.html?color=RY,Joma
Men's Basic Miami Short,17.90 €,23.00 €,Tennis Clothing,2026-09-11 14:51:34,Tennis Warehouse Europe,https://www.tenniswarehouse-europe.com/Joma_Mens_Basic_Miami_Short/descpageMAJOMAAP-JMMIAMI-EN.html?color=WH,Joma
Men's Basic Master Short,16.90 € - 22.90 €,30.50€,Tennis Clothing,2026-09-11 14:51:34,Tennis Warehouse Europe,https://www.tenniswarehouse-europe.com/Joma_Mens_Basic_Master_Short/descpageMAJOMAAP-JMMSH-EN.html?color=BK,Joma
Men's Basic Master Short,16.90 € - 22.90 €,30.50€,Tennis Clothing,2026-09-11 14:51:34,Tennis Warehouse Europe,https://www.tenniswarehouse-europe.com/Joma_Mens_Basic_Master_Short/descpageMAJOMAAP-JMMSH-EN.html?color=NV,Joma
Men's Basic Master Short,16.90 € - 22.90 €,30.50€,Tennis Clothing,2026-09-11 14:51:34,Tennis Warehouse Europe,https://www.tenniswarehouse-europe.com/Joma_Mens_Basic_Master_Short/descpageMAJOMAAP-JMMSH-EN.html?color=WH,Joma
Men's Drive Short,5.90 € - 12.90 €,19.90€,Tennis Clothing,2026-09-11 14:51:34,Tennis Warehouse Europe,https://www.tenniswarehouse-europe.com/Joma_Mens_Drive_Short/descpageMAJOMAAP-JMDRIVE-EN.html?color=BK,Joma
Men's Drive Short,5.90 € - 12.90 €,19.90€,Tennis Clothing,2026-09-11 14:51:34,Tennis Warehouse Europe,https://www.tenniswarehouse-europe.com/Joma_Mens_Drive_Short/descpageMAJOMAAP-JMDRIVE-EN.html?color=BL,Joma
Men's Drive Short,5.90 € - 12.90 €,19.90€,Tennis Clothing,2026-09-11 14:51:34,Tennis Warehouse Europe,https://www.tenniswarehouse-europe.com/Joma_Mens_Drive_Short/descpageMAJOMAAP-JMDRIVE-EN.html?color=NV,Joma
Men's Drive Short,5.90 € - 12.90 €,19.90€,Tennis Clothing,2026-09-11 14:51:34,Tennis Warehouse Europe,https://www.tenniswarehouse-europe.com/Joma_Mens_Drive_Short/descpageMAJOMAAP-JMDRIVE-EN.html?color=OR,Joma
Men's Drive Short,5.90 € - 12.90 €,19.90€,Tennis Clothing,2026-09-11 14:51:34,Tennis Warehouse Europe,https://www.tenniswarehouse-europe.com/Joma_Mens_Drive_Short/descpageMAJOMAAP-JMDRIVE-EN.html?color=RD,Joma
Men's Drive Short,5.90 € - 12.90 €,19.90€,Tennis Clothing,2026-09-11 14:51:34,Tennis Warehouse Europe,https://www.tenniswarehouse-europe.com/Joma_Mens_Drive_Short/descpageMAJOMAAP-JMDRIVE-EN.html?color=RY,Joma
Men's Drive Short,5.90 € - 12.90 €,19.90€,Tennis Clothing,2026-09-11 14:51:34,Tennis Warehouse Europe,https://www.tenniswarehouse-europe.com/Joma_Mens_Drive_Short/descpageMAJOMAAP-JMDRIVE-EN.html?color=WH,Joma
Men's Versalles T-Shirt,10.90 €,17.00 €,Tennis Clothing,2026-09-11 14:51:34,Tennis Warehouse Europe,https://www.tenniswarehouse-europe.com/Joma_Mens_Versalles_T-Shirt/descpageMAJOMAAP-JOMVEC-EN.html?color=BR,Joma
Men's Versalles T-Shirt,10.90 €,17.00 €,Tennis Clothing,2026-09-11 14:51:34,Tennis Warehouse Europe,https://www.tenniswarehouse-europe.com/Joma_Mens_Versalles_T-Shirt/descpageMAJOMAAP-JOMVEC-EN.html?color=TE,Joma
Men's Versalles T-Shirt,10.90 €,17.00 €,Tennis Clothing,2026-09-11 14:51:34,Tennis Warehouse Europe,https://www.tenniswarehouse-europe.com/Joma_Mens_Versalles_T-Shirt/descpageMAJOMAAP-JOMVEC-EN.html?color=WH,Joma
Men's Versalles T-Shirt,10.90 €,17.00 €,Tennis Clothing,2026-09-11 14:51:34,Tennis Warehouse Europe,https://www.tenniswarehouse-europe.com/Joma_Mens_Versalles_T-Shirt/descpageMAJOMAAP-JOMVEC-EN.html?color=YE,Joma
Men's Combi Longsleeve Top,14.99 €,19.00 €,Tennis Clothing,2026-09-11 14:51:34,Tennis Warehouse Europe,https://www.tenniswarehouse-europe.com/Joma_Mens_Combi_Longsleeve_Top/descpageMAJOMAAP-JOMSLS-EN.html?color=BL,Joma
Men's Combi Longsleeve Top,14.99 €,19.00 €,Tennis Clothing,2026-09-11 14:51:34,Tennis Warehouse Europe,https://www.tenniswarehouse-europe.com/Joma_Mens_Combi_Longsleeve_Top/descpageMAJOMAAP-JOMSLS-EN.html?color=NV,Joma
Men's Combi Longsleeve Top,14.99 €,19.00 €,Tennis Clothing,2026-09-11 14:51:34,Tennis Warehouse Europe,https://www.tenniswarehouse-europe.com/Joma_Mens_Combi_Longsleeve_Top/descpageMAJOMAAP-JOMSLS-EN.html?color=WH,Joma
Men's Combi Jacket,52.90 €,59.00 €,Tennis Clothing,2026-09-11 14:51:34,Tennis Warehouse Europe,https://www.tenniswarehouse-europe.com/Joma_Mens_Combi_Jacket/descpageMAJOMAAP-JMCOMJA-EN.html?color=BK,Joma
Men's Elite XI Jacket,53.90 €,59.90 €,Tennis Clothing,2026-09-11 14:51:34,Tennis Warehouse Europe,https://www.tenniswarehouse-europe.com/Joma_Mens_Elite_XI_Jacket/descpageMAJOMAAP-JOELIJ-EN.html?color=RD,Joma
Men's Combi Pants,41.90 €,46.40 €,Tennis Clothing,2026-09-11 14:51:34,Tennis Warehouse Europe,https://www.tenniswarehouse-europe.com/Joma_Mens_Combi_Pants/descpageMAJOMAAP-JMCOMBI-EN.html?color=BK,Joma
Men's Combi Pants,41.90 €,46.40 €,Tennis Clothing,2026-09-11 14:51:34,Tennis Warehouse Europe,https://www.tenniswarehouse-europe.com/Joma_Mens_Combi_Pants/descpageMAJOMAAP-JMCOMBI-EN.html?color=NV,Joma
Men's Fall Challenge Top,24.89 €,36.00 €,Tennis Clothing,2026-09-11 14:51:34,Tennis Warehouse Europe,https://www.tenniswarehouse-europe.com/Joma_Mens_Fall_Challenge_Top/descpageMAJOMAAP-JMCAPC-EN.html?color=LB,Joma
Men's Fall Challenge Top,24.89 €,36.00 €,Tennis Clothing,2026-09-11 14:51:34,Tennis Warehouse Europe,https://www.tenniswarehouse-europe.com/Joma_Mens_Fall_Challenge_Top/descpageMAJOMAAP-JMCAPC-EN.html?color=OR,Joma
Men's Fall Challenge Top,24.89 €,36.00 €,Tennis Clothing,2026-09-11 14:51:34,Tennis Warehouse Europe,https://www.tenniswarehouse-europe.com/Joma_Mens_Fall_Challenge_Top/descpageMAJOMAAP-JMCAPC-EN.html?color=YE,Joma
Men's Fall Montreal Short,14.90 €,25.00 €,Tennis Clothing,2026-09-11 14:51:34,Tennis Warehouse Europe,https://www.tenniswarehouse-europe.com/Joma_Mens_Fall_Montreal_Short/descpageMAJOMAAP-JMMONT-EN.html?color=RD,Joma
Men's Fall Challenge Jacket,37.90 €,54.00 €,Tennis Clothing,2026-09-11 14:51:34,Tennis Warehouse Europe,https://www.tenniswarehouse-europe.com/Joma_Mens_Fall_Challenge_Jacket/descpageMAJOMAAP-JOGCHAJ-EN.html?color=WBL,Joma
Men's Sydney Top,9.90 €,15.00 €,Tennis Clothing,2026-09-11 14:51:34,Tennis Warehouse Europe,https://www.tenniswarehouse-europe.com/Joma_Mens_Sydney_Top/descpageMAJOMAAP-JOMESYC-EN.html,Joma
Men's Spring Drive Short,10.00 €,17.90 €,Tennis Clothing,2026-09-11 14:51:34,Tennis Warehouse Europe,https://www.tenniswarehouse-europe.com/Joma_Mens_Spring_Drive_Short/descpageMAJOMAAP-JMDRSH-EN.html?color=BL,Joma
Men's Indoor Top,8.90 €,15.00 €,Tennis Clothing,2026-09-11 14:51:34,Tennis Warehouse Europe,https://www.tenniswarehouse-europe.com/Joma_Mens_Indoor_Top/descpageMAJOMAAP-JOMINC-EN.html?color=DGR,Joma
2-Pack Doublewide Wristbands,5.90 €,10.00 €,Tennis Clothing,2026-09-11 14:51:34,Tennis Warehouse Europe,https://www.tenniswarehouse-europe.com/Joma_2-Pack_Doublewide_Wristbands/descpageJOMAAP-JO2PDWR-EN.html?color=WH,Joma
Classic Hat,10.90 €,15.90 €,Tennis Clothing,2026-09-11 14:51:34,Tennis Warehouse Europe,https://www.tenniswarehouse-europe.com/Joma_Classic_Hat/descpageMAJOMAAP-JOCLAHA-EN.html?color=BK,Joma
Classic Hat,10.90 €,15.90 €,Tennis Clothing,2026-09-11 14:51:34,Tennis Warehouse Europe,https://www.tenniswarehouse-europe.com/Joma_Classic_Hat/descpageMAJOMAAP-JOCLAHA-EN.html?color=WH,Joma
Men's Hypercourt Melange Top,35.90 €,44.99 €,Tennis Clothing,2026-09-11 14:51:34,Tennis Warehouse Europe,https://www.tenniswarehouse-europe.com/K-Swiss_Mens_Hypercourt_Melange_Top/descpageMAKSWISSA-KHYMT-EN.html?color=BK,K-Swiss
Men's Hypercourt Melange Top,35.90 €,44.99 €,Tennis Clothing,2026-09-11 14:51:34,Tennis Warehouse Europe,https://www.tenniswarehouse-europe.com/K-Swiss_Mens_Hypercourt_Melange_Top/descpageMAKSWISSA-KHYMT-EN.html?color=RY,K-Swiss
Men's Hypercourt Print Top,37.90 €,44.99 €,Tennis Clothing,2026-09-11 14:51:34,Tennis Warehouse Europe,https://www.tenniswarehouse-europe.com/K-Swiss_Mens_Hypercourt_Print_Top/descpageMAKSWISSA-KHYPT-EN.html?color=NBL,K-Swiss
Men's Hypercourt Print Top,37.90 €,44.99 €,Tennis Clothing,2026-09-11 14:51:34,Tennis Warehouse Europe,https://www.tenniswarehouse-europe.com/K-Swiss_Mens_Hypercourt_Print_Top/descpageMAKSWISSA-KHYPT-EN.html?color=WNV,K-Swiss
Men's Basic Tecnical Top,27.89 €,34.99 €,Tennis Clothing,2026-09-11 14:51:34,Tennis Warehouse Europe,https://www.tenniswarehouse-europe.com/K-Swiss_Mens_Basic_Tecnical_Top/descpageMAKSWISSA-KSBAT-EN.html?color=BL,K-Swiss
Men's Basic Tecnical Top,27.89 €,34.99 €,Tennis Clothing,2026-09-11 14:51:34,Tennis Warehouse Europe,https://www.tenniswarehouse-europe.com/K-Swiss_Mens_Basic_Tecnical_Top/descpageMAKSWISSA-KSBAT-EN.html?color=RY,K-Swiss
Men's Basic Tecnical Top,27.89 €,34.99 €,Tennis Clothing,2026-09-11 14:51:34,Tennis Warehouse Europe,https://www.tenniswarehouse-europe.com/K-Swiss_Mens_Basic_Tecnical_Top/descpageMAKSWISSA-KSBAT-EN.html?color=WH,K-Swiss
"Men's Hypercourt 7"" Short",35.90 €,44.99 €,Tennis Clothing,2026-09-11 14:51:34,Tennis Warehouse Europe,https://www.tenniswarehouse-europe.com/K-Swiss_Mens_Hypercourt_7_Short/descpageMAKSWISSA-KMHP7S-EN.html?color=BK,K-Swiss
"Men's Hypercourt 7"" Short",35.90 €,44.99 €,Tennis Clothing,2026-09-11 14:51:34,Tennis Warehouse Europe,https://www.tenniswarehouse-europe.com/K-Swiss_Mens_Hypercourt_7_Short/descpageMAKSWISSA-KMHP7S-EN.html?color=NV,K-Swiss
"Men's Hypercourt 7"" Short",35.90 €,44.99 €,Tennis Clothing,2026-09-11 14:51:34,Tennis Warehouse Europe,https://www.tenniswarehouse-europe.com/K-Swiss_Mens_Hypercourt_7_Short/descpageMAKSWISSA-KMHP7S-EN.html?color=RY,K-Swiss
"Men's Hypercourt 7"" Short",35.90 €,44.99 €,Tennis Clothing,2026-09-11 14:51:34,Tennis Warehouse Europe,https://www.tenniswarehouse-europe.com/K-Swiss_Mens_Hypercourt_7_Short/descpageMAKSWISSA-KMHP7S-EN.html?color=WH,K-Swiss
Hat,13.90 €,14.99 €,Tennis Clothing,2026-09-11 14:51:34,Tennis Warehouse Europe,https://www.tenniswarehouse-europe.com/K-Swiss_Hat/descpageMAKSWISSA-KSHAT-EN.html?color=NV,K-Swiss
Hat,13.90 €,14.99 €,Tennis Clothing,2026-09-11 14:51:34,Tennis Warehouse Europe,https://www.tenniswarehouse-europe.com/K-Swiss_Hat/descpageMAKSWISSA-KSHAT-EN.html?color=WH,K-Swiss
Visor,13.90 €,14.99 €,Tennis Clothing,2026-09-11 14:51:34,Tennis Warehouse Europe,https://www.tenniswarehouse-europe.com/K-Swiss_Visor/descpageKSWISSA-KSWVI-EN.html?color=NV,K-Swiss
Visor,13.90 €,14.99 €,Tennis Clothing,2026-09-11 14:51:34,Tennis Warehouse Europe,https://www.tenniswarehouse-europe.com/K-Swiss_Visor/descpageKSWISSA-KSWVI-EN.html?color=WH,K-Swiss
2-Pack Singlewide Wristbands,11.50 €,12.49 €,Tennis Clothing,2026-09-11 14:51:34,Tennis Warehouse Europe,https://www.tenniswarehouse-europe.com/K-Swiss_2-Pack_Singlewide_Wristbands/descpageKSWISSA-KSSWB-EN.html,K-Swiss
Lacoste Men's Novak On Court Polo,149.90 €,,Tennis Clothing,2026-09-11 14:51:34,Tennis Warehouse Europe,https://www.tenniswarehouse-europe.com/Lacoste_Mens_Novak_On_Court_Polo_/descpageMALACFRA-LMNOCPO-EN.html?color=BK,Lacoste France
Lacoste Men's Novak On Court Polo,149.90 €,,Tennis Clothing,2026-09-11 14:51:34,Tennis Warehouse Europe,https://www.tenniswarehouse-europe.com/Lacoste_Mens_Novak_On_Court_Polo_/descpageMALACFRA-LMNOCPO-EN.html?color=GR,Lacoste France
Lacoste Men's Novak On Court Polo,149.90 €,,Tennis Clothing,2026-09-11 14:51:34,Tennis Warehouse Europe,https://www.tenniswarehouse-europe.com/Lacoste_Mens_Novak_On_Court_Polo_/descpageMALACFRA-LMNOCPO-EN.html?color=WH,Lacoste France
Lacoste Men's Novak On Court Short,94.90 €,,Tennis Clothing,2026-09-11 14:51:34,Tennis Warehouse Europe,https://www.tenniswarehouse-europe.com/Lacoste_Mens_Novak_On_Court_Short/descpageMALACFRA-LMDJOCS-EN.html?color=BK,Lacoste France
Lacoste Men's Novak On Court Sweatshirt,149.90 €,,Tennis Clothing,2026-09-11 14:51:34,Tennis Warehouse Europe,https://www.tenniswarehouse-europe.com/Lacoste_Mens_Novak_On_Court_Sweatshirt/descpageMALACFRA-LMNSWS-EN.html?color=BK,Lacoste France
Lacoste Men's Fall Novak On Court Pant,98.90 €,110.00 €,Tennis Clothing,2026-09-11 14:51:34,Tennis Warehouse Europe,https://www.tenniswarehouse-europe.com/Lacoste_Mens_Fall_Novak_On_Court_Pant/descpageMALACFRA-LMFNOCP-EN.html?color=BK,Lacoste France
Lacoste Men's Medvedev Polo,125.90 €,140.00 €,Tennis Clothing,2026-09-11 14:51:34,Tennis Warehouse Europe,https://www.tenniswarehouse-europe.com/Lacoste_Mens_Medvedev_Polo/descpageMALACFRA-LMMPOD-EN.html?color=RY,Lacoste France
Lacoste Men's Medvedev Polo,125.90 €,140.00 €,Tennis Clothing,2026-09-11 14:51:34,Tennis Warehouse Europe,https://www.tenniswarehouse-europe.com/Lacoste_Mens_Medvedev_Polo/descpageMALACFRA-LMMPOD-EN.html?color=WH,Lacoste France
Lacoste Men's Players Polo,116.89 €,130.00 €,Tennis Clothing,2026-09-11 14:51:34,Tennis Warehouse Europe,https://www.tenniswarehouse-europe.com/Lacoste_Mens_Players_Polo_/descpageMALACFRA-LMPOLO-EN.html?color=BK,Lacoste France
Lacoste Men's Players Polo,116.89 €,130.00 €,Tennis Clothing,2026-09-11 14:51:34,Tennis Warehouse Europe,https://www.tenniswarehouse-europe.com/Lacoste_Mens_Players_Polo_/descpageMALACFRA-LMPOLO-EN.html?color=LB,Lacoste France
Lacoste Men's Players Polo,116.89 €,130.00 €,Tennis Clothing,2026-09-11 14:51:34,Tennis Warehouse Europe,https://www.tenniswarehouse-europe.com/Lacoste_Mens_Players_Polo_/descpageMALACFRA-LMPOLO-EN.html?color=PK,Lacoste France
Lacoste Men's Rolex Paris Masters Knitted Polo,119.90 €,,Tennis Clothing,2026-09-11 14:51:34,Tennis Warehouse Europe,https://www.tenniswarehouse-europe.com/Lacoste_Mens_Rolex_Paris_Masters_Knitted_Polo_/descpageMALACFRA-LMPMKPO-EN.html?color=WH,Lacoste France
Lacoste Men's Fall Players Top,80.90 €,90.00 €,Tennis Clothing,2026-09-11 14:51:34,Tennis Warehouse Europe,https://www.tenniswarehouse-europe.com/Lacoste_Mens_Fall_Players_Top/descpageMALACFRA-LMFPTO-EN.html?color=BK,Lacoste France
Lacoste Men's Fall Players Top,80.90 €,90.00 €,Tennis Clothing,2026-09-11 14:51:34,Tennis Warehouse Europe,https://www.tenniswarehouse-europe.com/Lacoste_Mens_Fall_Players_Top/descpageMALACFRA-LMFPTO-EN.html?color=RD,Lacoste France
Lacoste Men's Fall Players Top,80.90 €,90.00 €,Tennis Clothing,2026-09-11 14:51:34,Tennis Warehouse Europe,https://www.tenniswarehouse-europe.com/Lacoste_Mens_Fall_Players_Top/descpageMALACFRA-LMFPTO-EN.html?color=LB,Lacoste France
Lacoste Men's Fall Players Short,80.90 €,90.00 €,Tennis Clothing,2026-09-11 14:51:34,Tennis Warehouse Europe,https://www.tenniswarehouse-europe.com/Lacoste_Mens_Fall_Players_Short/descpageMALACFRA-LMFPLSH-EN.html?color=BL,Lacoste France
Lacoste Men's Fall Players Short,80.90 €,90.00 €,Tennis Clothing,2026-09-11 14:51:34,Tennis Warehouse Europe,https://www.tenniswarehouse-europe.com/Lacoste_Mens_Fall_Players_Short/descpageMALACFRA-LMFPLSH-EN.html?color=GR,Lacoste France
Lacoste Men's Fall Players Short,80.90 €,90.00 €,Tennis Clothing,2026-09-11 14:51:34,Tennis Warehouse Europe,https://www.tenniswarehouse-europe.com/Lacoste_Mens_Fall_Players_Short/descpageMALACFRA-LMFPLSH-EN.html?color=GY,Lacoste France
Lacoste Men's Solid Fall Perf Polo,85.90 €,95.00 €,Tennis Clothing,2026-09-11 14:51:34,Tennis Warehouse Europe,https://www.tenniswarehouse-europe.com/Lacoste_Mens_Solid_Fall_Perf_Polo/descpageMALACFRA-LMFPRFP-EN.html?color=BL,Lacoste France
Lacoste Men's Solid Basic Perf Polo,75.90 €,95.00 €,Tennis Clothing,2026-09-11 14:51:34,Tennis Warehouse Europe,https://www.tenniswarehouse-europe.com/Lacoste_Mens_Solid_Basic_Perf_Polo/descpageMALACFRA-LMFPRGP-EN.html?color=NV,Lacoste France
Lacoste Men's Solid Basic Perf Polo,75.90 €,95.00 €,Tennis Clothing,2026-09-11 14:51:34,Tennis Warehouse Europe,https://www.tenniswarehouse-europe.com/Lacoste_Mens_Solid_Basic_Perf_Polo/descpageMALACFRA-LMFPRGP-EN.html?color=WH,Lacoste France
Lacoste Men's Solid Basic Perf Polo,84.89 €,95.00 €,Tennis Clothing,2026-09-11 14:51:34,Tennis Warehouse Europe,https://www.tenniswarehouse-europe.com/Lacoste_Mens_Solid_Basic_Perf_Polo/descpageMALACFRA-LMFRGP-EN.html?color=BK,Lacoste France
Lacoste Men's Heritage T-Shirt,71.90 €,80.00 €,Tennis Clothing,2026-09-11 14:51:34,Tennis Warehouse Europe,https://www.tenniswarehouse-europe.com/Lacoste_Mens_Heritage_T-Shirt/descpageMALACFRA-MLHET-EN.html?color=NV,Lacoste France
Lacoste Men's Rolex Paris Masters T-Shirt,89.90 €,,Tennis Clothing,2026-09-11 14:51:34,Tennis Warehouse Europe,https://www.tenniswarehouse-europe.com/Lacoste_Mens_Rolex_Paris_Masters_T-Shirt/descpageMALACFRA-LMRPMTO-EN.html?color=GR,Lacoste France
Lacoste Men's Fall Pique Polo,80.90 €,90.00 €,Tennis Clothing,2026-09-11 14:51:34,Tennis Warehouse Europe,https://www.tenniswarehouse-europe.com/Lacoste_Mens_Fall_Pique_Polo/descpageMALACFRA-LAMCPPG-EN.html?color=GR,Lacoste France
Lacoste Men's Fall Pique Polo,80.90 €,90.00 €,Tennis Clothing,2026-09-11 14:51:34,Tennis Warehouse Europe,https://www.tenniswarehouse-europe.com/Lacoste_Mens_Fall_Pique_Polo/descpageMALACFRA-LAMCPPG-EN.html?color=GY,Lacoste France
Lacoste Men's Basic Pique Polo,80.90 €,90.00 €,Tennis Clothing,2026-09-11 14:51:34,Tennis Warehouse Europe,https://www.tenniswarehouse-europe.com/Lacoste_Mens_Basic_Pique_Polo/descpageMALACFRA-LAMCPP-EN.html?color=NV,Lacoste France
Lacoste Men's Basic Pique Polo,80.90 €,90.00 €,Tennis Clothing,2026-09-11 14:51:34,Tennis Warehouse Europe,https://www.tenniswarehouse-europe.com/Lacoste_Mens_Basic_Pique_Polo/descpageMALACFRA-LAMCPP-EN.html?color=WH,Lacoste France
Lacoste Men's Fall Performance Top,62.90 €,70.00 €,Tennis Clothing,2026-09-11 14:51:34,Tennis Warehouse Europe,https://www.tenniswarehouse-europe.com/Lacoste_Mens_Fall_Performance_Top/descpageMALACFRA-LMCPC2-EN.html?color=NW,Lacoste France
Lacoste Men's Fall Performance Top,62.90 €,70.00 €,Tennis Clothing,2026-09-11 14:51:34,Tennis Warehouse Europe,https://www.tenniswarehouse-europe.com/Lacoste_Mens_Fall_Performance_Top/descpageMALACFRA-LMCPC2-EN.html?color=WBL,Lacoste France
Lacoste Men's Core Performance Top,58.91 €,65.00 €,Tennis Clothing,2026-09-11 14:51:34,Tennis Warehouse Europe,https://www.tenniswarehouse-europe.com/Lacoste_Mens_Core_Performance_Top/descpageMALACFRA-LMCPEC-EN.html?color=BK,Lacoste France
Lacoste Men's Core Performance Top,58.91 €,65.00 €,Tennis Clothing,2026-09-11 14:51:34,Tennis Warehouse Europe,https://www.tenniswarehouse-europe.com/Lacoste_Mens_Core_Performance_Top/descpageMALACFRA-LMCPEC-EN.html?color=NV,Lacoste France
Lacoste Men's Core Performance Top,58.91 €,65.00 €,Tennis Clothing,2026-09-11 14:51:34,Tennis Warehouse Europe,https://www.tenniswarehouse-europe.com/Lacoste_Mens_Core_Performance_Top/descpageMALACFRA-LMCPEC-EN.html?color=WH,Lacoste France
Lacoste Men's Core Performance Top,62.90 €,70.00 €,Tennis Clothing,2026-09-11 14:51:34,Tennis Warehouse Europe,https://www.tenniswarehouse-europe.com/Lacoste_Mens_Core_Performance_Top/descpageMALACFRA-LMCPT2-EN.html?color=BWH,Lacoste France
Lacoste Men's Fall Technical Tennis Short,74.90 €,,Tennis Clothing,2026-09-11 14:51:34,Tennis Warehouse Europe,https://www.tenniswarehouse-europe.com/Lacoste_Mens_Fall_Technical_Tennis_Short/descpageMALACFRA-LMBATS2-EN.html?color=BL,Lacoste France
Lacoste Men's Basic Technical Tennis Short,66.89 €,75.00 €,Tennis Clothing,2026-09-11 14:51:34,Tennis Warehouse Europe,https://www.tenniswarehouse-europe.com/Lacoste_Mens_Basic_Technical_Tennis_Short/descpageMALACFRA-LMBATSH-EN.html?color=BK,Lacoste France
Lacoste Men's Basic Technical Tennis Short,66.89 €,75.00 €,Tennis Clothing,2026-09-11 14:51:34,Tennis Warehouse Europe,https://www.tenniswarehouse-europe.com/Lacoste_Mens_Basic_Technical_Tennis_Short/descpageMALACFRA-LMBATSH-EN.html?color=NV,Lacoste France
Lacoste Men's Basic Technical Tennis Short,66.89 €,75.00 €,Tennis Clothing,2026-09-11 14:51:34,Tennis Warehouse Europe,https://www.tenniswarehouse-europe.com/Lacoste_Mens_Basic_Technical_Tennis_Short/descpageMALACFRA-LMBATSH-EN.html?color=WH,Lacoste France
Lacoste Men's Fall Uni Short,58.90 €,65.00 €,Tennis Clothing,2026-09-11 14:51:34,Tennis Warehouse Europe,https://www.tenniswarehouse-europe.com/Lacoste_Mens_Fall_Uni_Short/descpageMALACFRA-LMFPSHG-EN.html?color=GR,Lacoste France
Lacoste Men's Fall Uni Short,58.90 €,65.00 €,Tennis Clothing,2026-09-11 14:51:34,Tennis Warehouse Europe,https://www.tenniswarehouse-europe.com/Lacoste_Mens_Fall_Uni_Short/descpageMALACFRA-LMFPSHG-EN.html?color=RD,Lacoste France
Lacoste Men's Basic Uni Short,51.90 €,65.00 €,Tennis Clothing,2026-09-11 14:51:34,Tennis Warehouse Europe,https://www.tenniswarehouse-europe.com/Lacoste_Mens_Basic_Uni_Short/descpageMALACFRA-LMFPSH-EN.html?color=BK,Lacoste France
Lacoste Men's Basic Uni Short,51.90 €,65.00 €,Tennis Clothing,2026-09-11 14:51:34,Tennis Warehouse Europe,https://www.tenniswarehouse-europe.com/Lacoste_Mens_Basic_Uni_Short/descpageMALACFRA-LMFPSH-EN.html?color=NV,Lacoste France
Lacoste Men's Basic Uni Short,51.90 €,65.00 €,Tennis Clothing,2026-09-11 14:51:34,Tennis Warehouse Europe,https://www.tenniswarehouse-europe.com/Lacoste_Mens_Basic_Uni_Short/descpageMALACFRA-LMFPSH-EN.html?color=WH,Lacoste France
Lacoste Men's Fall Novak Fan Pack - T-Shirt + Hat,63.90 €,,Tennis Clothing,2026-09-11 14:51:34,Tennis Warehouse Europe,https://www.tenniswarehouse-europe.com/Lacoste_Mens_Fall_Novak_Fan_Pack_-_T-Shirt__Hat/descpageMALACFRA-LMNKFP2-EN.html?color=BWH,Lacoste France
Lacoste Men's Fall Novak Fan Pack - T-Shirt + Hat,63.90 €,,Tennis Clothing,2026-09-11 14:51:34,Tennis Warehouse Europe,https://www.tenniswarehouse-europe.com/Lacoste_Mens_Fall_Novak_Fan_Pack_-_T-Shirt__Hat/descpageMALACFRA-LMNKFP2-EN.html?color=WBK,Lacoste France
Lacoste Men's Fall T-Shirt,49.90 €,55.00 €,Tennis Clothing,2026-09-11 14:51:34,Tennis Warehouse Europe,https://www.tenniswarehouse-europe.com/Lacoste_Mens_Fall_T-Shirt/descpageMALACFRA-LMFBAT2-EN.html?color=BL,Lacoste France
Lacoste Men's Fall T-Shirt,49.90 €,55.00 €,Tennis Clothing,2026-09-11 14:51:34,Tennis Warehouse Europe,https://www.tenniswarehouse-europe.com/Lacoste_Mens_Fall_T-Shirt/descpageMALACFRA-LMFBAT2-EN.html?color=LB,Lacoste France
Lacoste Men's Basic Croc T-Shirt,48.90 €,70.00 €,Tennis Clothing,2026-09-11 14:51:34,Tennis Warehouse Europe,https://www.tenniswarehouse-europe.com/Lacoste_Mens_Basic_Croc_T-Shirt/descpageMALACFRA-LMFBACR-EN.html?color=NV,Lacoste France
Lacoste Men's Basic T-Shirt,48.90 €,55.00 €,Tennis Clothing,2026-09-11 14:51:34,Tennis Warehouse Europe,https://www.tenniswarehouse-europe.com/Lacoste_Mens_Basic_T-Shirt/descpageMALACFRA-LMFBACT-EN.html?color=BK,Lacoste France
Lacoste Men's Basic T-Shirt,48.90 €,55.00 €,Tennis Clothing,2026-09-11 14:51:34,Tennis Warehouse Europe,https://www.tenniswarehouse-europe.com/Lacoste_Mens_Basic_T-Shirt/descpageMALACFRA-LMFBACT-EN.html?color=NV,Lacoste France
Lacoste Men's Basic T-Shirt,48.90 €,55.00 €,Tennis Clothing,2026-09-11 14:51:34,Tennis Warehouse Europe,https://www.tenniswarehouse-europe.com/Lacoste_Mens_Basic_T-Shirt/descpageMALACFRA-LMFBACT-EN.html?color=WH,Lacoste France
Lacoste Men's Spring Interlock Jacket,116.90 €,130.00 €,Tennis Clothing,2026-09-11 14:51:34,Tennis Warehouse Europe,https://www.tenniswarehouse-europe.com/Lacoste_Mens_Spring_Interlock_Jacket/descpageMALACFRA-LMSITS-EN.html?color=BK,Lacoste France
Lacoste Men's Spring Interlock Jacket,116.90 €,130.00 €,Tennis Clothing,2026-09-11 14:51:34,Tennis Warehouse Europe,https://www.tenniswarehouse-europe.com/Lacoste_Mens_Spring_Interlock_Jacket/descpageMALACFRA-LMSITS-EN.html?color=NV,Lacoste France
Lacoste Men's Spring Interlock Pant,99.90 €,110.00 €,Tennis Clothing,2026-09-11 14:51:34,Tennis Warehouse Europe,https://www.tenniswarehouse-europe.com/Lacoste_Mens_Spring_Interlock_Pant/descpageMALACFRA-LMSITP-EN.html?color=BK,Lacoste France
Lacoste Men's Spring Interlock Pant,99.90 €,110.00 €,Tennis Clothing,2026-09-11 14:51:34,Tennis Warehouse Europe,https://www.tenniswarehouse-europe.com/Lacoste_Mens_Spring_Interlock_Pant/descpageMALACFRA-LMSITP-EN.html?color=NV,Lacoste France
Lacoste Men's Players Fall Tracksuit,224.89 €,250.00 €,Tennis Clothing,2026-09-11 14:51:34,Tennis Warehouse Europe,https://www.tenniswarehouse-europe.com/Lacoste_Mens_Players_Fall_Tracksuit/descpageMALACFRA-LMPTR26-EN.html?color=BL,Lacoste France
Lacoste Men's Fall Novak Djokovic Tracksuit,233.89 €,260.00 €,Tennis Clothing,2026-09-11 14:51:34,Tennis Warehouse Europe,https://www.tenniswarehouse-europe.com/Lacoste_Mens_Fall_Novak_Djokovic_Tracksuit/descpageMALACFRA-LMNKFTR-EN.html?color=BK,Lacoste France
Lacoste Men's Novak On Court Roland Garros Polo,112.90 €,150.00 €,Tennis Clothing,2026-09-11 14:51:34,Tennis Warehouse Europe,https://www.tenniswarehouse-europe.com/Lacoste_Mens_Novak_On_Court_Roland_Garros_Polo_/descpageMALACFRA-LMPNOCP-EN.html?color=OR,Lacoste France
Lacoste Men's Dimitrov On Court Roland Garros Polo,112.90 €,150.00 €,Tennis Clothing,2026-09-11 14:51:34,Tennis Warehouse Europe,https://www.tenniswarehouse-europe.com/Lacoste_Mens_Dimitrov_On_Court_Roland_Garros_Polo_/descpageMALACFRA-LMDIRGP-EN.html?color=GRL,Lacoste France
Lacoste Men's Dimitrov Roland Garros Short,74.90 €,100.00 €,Tennis Clothing,2026-09-11 14:51:34,Tennis Warehouse Europe,https://www.tenniswarehouse-europe.com/Lacoste_Mens_Dimitrov_Roland_Garros_Short/descpageMALACFRA-LMDIRGS-EN.html?color=GR,Lacoste France
Lacoste Men's Players On Court Roland Garros Polo,112.90 €,150.00 €,Tennis Clothing,2026-09-11 14:51:34,Tennis Warehouse Europe,https://www.tenniswarehouse-europe.com/Lacoste_Mens_Players_On_Court_Roland_Garros_Polo_/descpageMALACFRA-LMPLRGP-EN.html?color=BL,Lacoste France
Lacoste Men's Roland Garros Club Hoodie,142.90 €,190.00 €,Tennis Clothing,2026-09-11 14:51:34,Tennis Warehouse Europe,https://www.tenniswarehouse-europe.com/Lacoste_Mens_Roland_Garros_Club_Hoodie/descpageMALACFRA-LMROCLH-EN.html?color=WH,Lacoste France
Lacoste Men's Roland Garros Croc T-Shirt,67.90 €,90.00 €,Tennis Clothing,2026-09-11 14:51:34,Tennis Warehouse Europe,https://www.tenniswarehouse-europe.com/Lacoste_Mens_Roland_Garros_Croc_T-Shirt/descpageMALACFRA-LMCRGT-EN.html?color=LB,Lacoste France
Lacoste Men's Roland Garros Croc T-Shirt,67.90 €,90.00 €,Tennis Clothing,2026-09-11 14:51:34,Tennis Warehouse Europe,https://www.tenniswarehouse-europe.com/Lacoste_Mens_Roland_Garros_Croc_T-Shirt/descpageMALACFRA-LMCRGT-EN.html?color=WH,Lacoste France
Lacoste Men's Roland Garros T-Shirt,55.91 €,75.00 €,Tennis Clothing,2026-09-11 14:51:34,Tennis Warehouse Europe,https://www.tenniswarehouse-europe.com/Lacoste_Mens_Roland_Garros_T-Shirt/descpageMALACFRA-LMPAT-EN.html?color=NV,Lacoste France
Lacoste Men's Roland Garros Terre Battue Polo,104.90 €,140.00 €,Tennis Clothing,2026-09-11 14:51:34,Tennis Warehouse Europe,https://www.tenniswarehouse-europe.com/Lacoste_Mens_Roland_Garros_Terre_Battue_Polo/descpageMALACFRA-LMRTBP-EN.html?color=OR,Lacoste France
Lacoste Men's Roland Garros Official Day Polo,89.90 €,120.00 €,Tennis Clothing,2026-09-11 14:51:34,Tennis Warehouse Europe,https://www.tenniswarehouse-europe.com/Lacoste_Mens_Roland_Garros_Official_Day_Polo/descpageMALACFRA-LMORGP-EN.html?color=OR,Lacoste France
Lacoste Men's Roland Garros Official Night Polo,89.90 €,120.00 €,Tennis Clothing,2026-09-11 14:51:34,Tennis Warehouse Europe,https://www.tenniswarehouse-europe.com/Lacoste_Mens_Roland_Garros_Official_Night_Polo/descpageMALACFRA-LMORGNP-EN.html?color=NV,Lacoste France
Lacoste Men's Roland Garros Official Short,67.90 €,90.00 €,Tennis Clothing,2026-09-11 14:51:34,Tennis Warehouse Europe,https://www.tenniswarehouse-europe.com/Lacoste_Mens_Roland_Garros_Official_Short/descpageMALACFRA-LMOFRS-EN.html?color=NV,Lacoste France
Lacoste Men's Spring Novak Signature Hoodie,112.90 €,150.00 €,Tennis Clothing,2026-09-11 14:51:34,Tennis Warehouse Europe,https://www.tenniswarehouse-europe.com/Lacoste_Mens_Spring_Novak_Signature_Hoodie/descpageMALACFRA-LMSNXF-EN.html?color=BG,Lacoste France
Lacoste Men's Spring Novak Signature Jacket,164.90 €,220.00 €,Tennis Clothing,2026-09-11 14:51:34,Tennis Warehouse Europe,https://www.tenniswarehouse-europe.com/Lacoste_Mens_Spring_Novak_Signature_Jacket/descpageMALACFRA-LMNKJA-EN.html?color=NV,Lacoste France
Lacoste Men's Spring Novak Signature Pant,82.90 €,110.00 €,Tennis Clothing,2026-09-11 14:51:34,Tennis Warehouse Europe,https://www.tenniswarehouse-europe.com/Lacoste_Mens_Spring_Novak_Signature_Pant/descpageMALACFRA-LMSNSP-EN.html?color=BE,Lacoste France
Lacoste Men's Spring Novak On Court Polo,112.90 €,150.00 €,Tennis Clothing,2026-09-11 14:51:34,Tennis Warehouse Europe,https://www.tenniswarehouse-europe.com/Lacoste_Mens_Spring_Novak_On_Court_Polo_/descpageMALACFRA-LMNKCP-EN.html?color=BE,Lacoste France
Lacoste Men's Spring Novak On Court Polo,112.90 €,150.00 €,Tennis Clothing,2026-09-11 14:51:34,Tennis Warehouse Europe,https://www.tenniswarehouse-europe.com/Lacoste_Mens_Spring_Novak_On_Court_Polo_/descpageMALACFRA-LMNKCP-EN.html?color=NV,Lacoste France
Lacoste Men's Spring Novak Fan Top,63.90 €,85.00 €,Tennis Clothing,2026-09-11 14:51:34,Tennis Warehouse Europe,https://www.tenniswarehouse-europe.com/Lacoste_Mens_Spring_Novak_Fan_Top/descpageMALACFRA-LNNKSC-EN.html?color=BE,Lacoste France
Lacoste Men's Spring Dimitrov On Court Polo,97.90 €,130.00 €,Tennis Clothing,2026-09-11 14:51:34,Tennis Warehouse Europe,https://www.tenniswarehouse-europe.com/Lacoste_Mens_Spring_Dimitrov_On_Court_Polo_/descpageMALACFRA-LMDICP-EN.html?color=PK,Lacoste France
Lacoste Men's Spring Daniil On Court Polo,104.90 €,140.00 €,Tennis Clothing,2026-09-11 14:51:34,Tennis Warehouse Europe,https://www.tenniswarehouse-europe.com/Lacoste_Mens_Spring_Daniil_On_Court_Polo_/descpageMALACFRA-LMDACP-EN.html?color=OR,Lacoste France
Lacoste Men's Spring Dimitrov Technical Top,67.90 €,90.00 €,Tennis Clothing,2026-09-11 14:51:34,Tennis Warehouse Europe,https://www.tenniswarehouse-europe.com/Lacoste_Mens_Spring_Dimitrov_Technical_Top/descpageMALACFRA-LSDICR-EN.html?color=PK,Lacoste France
Lacoste Men's Spring Players Short,67.90 €,90.00 €,Tennis Clothing,2026-09-11 14:51:34,Tennis Warehouse Europe,https://www.tenniswarehouse-europe.com/Lacoste_Mens_Spring_Players_Short/descpageMALACFRA-LMPYST-EN.html?color=BR,Lacoste France
Lacoste Men's Spring Players Short,67.90 €,90.00 €,Tennis Clothing,2026-09-11 14:51:34,Tennis Warehouse Europe,https://www.tenniswarehouse-europe.com/Lacoste_Mens_Spring_Players_Short/descpageMALACFRA-LMPYST-EN.html?color=LB,Lacoste France
Lacoste Men's Spring Novak Fan Pack - T-Shirt + Hat,52.90 €,70.00 €,Tennis Clothing,2026-09-11 14:51:34,Tennis Warehouse Europe,https://www.tenniswarehouse-europe.com/Lacoste_Mens_Spring_Novak_Fan_Pack_-_T-Shirt__Hat/descpageMALACFRA-LMNKFP-EN.html?color=WH,Lacoste France
Lacoste Men's Spring Novak Djokovic Tracksuit,194.90 €,260.00 €,Tennis Clothing,2026-09-11 14:51:34,Tennis Warehouse Europe,https://www.tenniswarehouse-europe.com/Lacoste_Mens_Spring_Novak_Djokovic_Tracksuit/descpageMALACFRA-LMNKTR-EN.html?color=NV,Lacoste France
Lacoste Men's Core Cotton Hoodie,111.90 €,140.00 €,Tennis Clothing,2026-09-11 14:51:34,Tennis Warehouse Europe,https://www.tenniswarehouse-europe.com/Lacoste_Mens_Core_Cotton_Hoodie/descpageMALACFRA-LMCOHP-EN.html?color=PU,Lacoste France
Lacoste Men's Spring Daniil Training T-Shirt,63.90 €,85.00 €,Tennis Clothing,2026-09-11 14:51:34,Tennis Warehouse Europe,https://www.tenniswarehouse-europe.com/Lacoste_Mens_Spring_Daniil_Training_T-Shirt/descpageMALACFRA-LMDATS-EN.html?color=WH,Lacoste France
Lacoste Men's Basic Pique Polo,71.90 €,90.00 €,Tennis Clothing,2026-09-11 14:51:34,Tennis Warehouse Europe,https://www.tenniswarehouse-europe.com/Lacoste_Mens_Basic_Pique_Polo/descpageMALACFRA-LMBPPO-EN.html?color=BK,Lacoste France
Lacoste Men's Spring Uni Short,48.90 €,65.00 €,Tennis Clothing,2026-09-11 14:51:34,Tennis Warehouse Europe,https://www.tenniswarehouse-europe.com/Lacoste_Mens_Spring_Uni_Short/descpageMALACFRA-LMSUISH-EN.html?color=PK,Lacoste France
Lacoste Men's Spring Uni Short,48.90 €,65.00 €,Tennis Clothing,2026-09-11 14:51:34,Tennis Warehouse Europe,https://www.tenniswarehouse-europe.com/Lacoste_Mens_Spring_Uni_Short/descpageMALACFRA-LMSUISH-EN.html?color=PU,Lacoste France
Lacoste Men's Novak Tech Woven Melbourne Short,66.90 €,95.00 €,Tennis Clothing,2026-09-11 14:51:34,Tennis Warehouse Europe,https://www.tenniswarehouse-europe.com/Lacoste_Mens_Novak_Tech_Woven_Melbourne_Short/descpageMALACFRA-LMNTWSA-EN.html?color=NV,Lacoste France
Lacoste Men's Daniil Melbourne Polo,97.90 €,140.00 €,Tennis Clothing,2026-09-11 14:51:34,Tennis Warehouse Europe,https://www.tenniswarehouse-europe.com/Lacoste_Mens_Daniil_Melbourne_Polo/descpageMALACFRA-LMDAPAO-EN.html?color=GR,Lacoste France
Lacoste Men's Rolex Paris Masters Official Polo,59.90 €,120.00 €,Tennis Clothing,2026-09-11 14:51:34,Tennis Warehouse Europe,https://www.tenniswarehouse-europe.com/Lacoste_Mens_Rolex_Paris_Masters_Official_Polo/descpageMALACFRA-LMRPMOP-EN.html?color=GR,Lacoste France
Lacoste Men's Novak Tech Woven Short,47.90 €,95.00 €,Tennis Clothing,2026-09-11 14:51:34,Tennis Warehouse Europe,https://www.tenniswarehouse-europe.com/Lacoste_Mens_Novak_Tech_Woven_Short/descpageMALACFRA-LMNVTS-EN.html?color=WH,Lacoste France
Lacoste Men's Novak Djokovic Ceremony Jacket,131.90 €,220.00 €,Tennis Clothing,2026-09-11 14:51:34,Tennis Warehouse Europe,https://www.tenniswarehouse-europe.com/Lacoste_Mens_Novak_Djokovic_Ceremony_Jacket/descpageMALACFRA-LMNCJ-EN.html?color=NV,Lacoste France
Lacoste Men's Player On Court Polo,77.90 €,120.00 €,Tennis Clothing,2026-09-11 14:51:34,Tennis Warehouse Europe,https://www.tenniswarehouse-europe.com/Lacoste_Mens_Player_On_Court_Polo_/descpageMALACFRA-LMPOCPO-EN.html?color=GR,Lacoste France
Lacoste Men's Player Fall Mesh Short,58.91 €,90.00 €,Tennis Clothing,2026-09-11 14:51:34,Tennis Warehouse Europe,https://www.tenniswarehouse-europe.com/Lacoste_Mens_Player_Fall_Mesh_Short/descpageMALACFRA-LMPLMSH-EN.html?color=BL,Lacoste France
Lacoste Men's Players Fall Technical Top,51.90 €,80.00 €,Tennis Clothing,2026-09-11 14:51:34,Tennis Warehouse Europe,https://www.tenniswarehouse-europe.com/Lacoste_Mens_Players_Fall_Technical_Top/descpageMALACFRA-LMPTCR-EN.html?color=BE,Lacoste France
Lacoste Men's Players Fall Technical Top,51.90 €,80.00 €,Tennis Clothing,2026-09-11 14:51:34,Tennis Warehouse Europe,https://www.tenniswarehouse-europe.com/Lacoste_Mens_Players_Fall_Technical_Top/descpageMALACFRA-LMPTCR-EN.html?color=BL,Lacoste France
Lacoste Men's Players Fall Technical Top,51.90 €,80.00 €,Tennis Clothing,2026-09-11 14:51:34,Tennis Warehouse Europe,https://www.tenniswarehouse-europe.com/Lacoste_Mens_Players_Fall_Technical_Top/descpageMALACFRA-LMPTCR-EN.html?color=GR,Lacoste France
Lacoste Men's Daniil Training T-Shirt,42.90 €,85.00 €,Tennis Clothing,2026-09-11 14:51:34,Tennis Warehouse Europe,https://www.tenniswarehouse-europe.com/Lacoste_Mens_Daniil_Training_T-Shirt/descpageMALACFRA-LMDATTS-EN.html?color=WH,Lacoste France
Lacoste Men's Players Fall Tracksuit,119.90 €,240.00 €,Tennis Clothing,2026-09-11 14:51:34,Tennis Warehouse Europe,https://www.tenniswarehouse-europe.com/Lacoste_Mens_Players_Fall_Tracksuit/descpageMALACFRA-LMPTR-EN.html?color=GR,Lacoste France
Lacoste Men's Puffer Sleeveless Jacket,99.90 €,200.00 €,Tennis Clothing,2026-09-11 14:51:34,Tennis Warehouse Europe,https://www.tenniswarehouse-europe.com/Lacoste_Mens_Puffer_Sleeveless_Jacket/descpageMALACFRA-LMPSLJ-EN.html?color=NV,Lacoste France
Lacoste Men's Spring Uni Short,19.90 €,65.00 €,Tennis Clothing,2026-09-11 14:51:34,Tennis Warehouse Europe,https://www.tenniswarehouse-europe.com/Lacoste_Mens_Spring_Uni_Short/descpageMALACFRA-LMFUNIS-EN.html?color=GY,Lacoste France
Lacoste Men's Fall Core Cotton Pant,59.90 €,120.00 €,Tennis Clothing,2026-09-11 14:51:34,Tennis Warehouse Europe,https://www.tenniswarehouse-europe.com/Lacoste_Mens_Fall_Core_Cotton_Pant/descpageMALACFRA-LMFCCP-EN.html?color=BK,Lacoste France
Lacoste Men's 3-Pack Performance Boxer Shorts,40.90 €,45.00 €,Tennis Clothing,2026-09-11 14:51:34,Tennis Warehouse Europe,https://www.tenniswarehouse-europe.com/Lacoste_Mens_3-Pack_Performance_Boxer_Shorts/descpageMALACFRA-LM3PGWB-EN.html?color=GWB,Lacoste France
Lacoste Men's 3-Pack Performance Mesh Boxer Shorts,44.90 €,50.00 €,Tennis Clothing,2026-09-11 14:51:34,Tennis Warehouse Europe,https://www.tenniswarehouse-europe.com/Lacoste_Mens_3-Pack_Performance_Mesh_Boxer_Shorts/descpageMALACFRA-LM3PMB-EN.html?color=BWH,Lacoste France
Lacoste Men's 3-Pack Performance Boxer Shorts,42.90 €,48.00 €,Tennis Clothing,2026-09-11 14:51:34,Tennis Warehouse Europe,https://www.tenniswarehouse-europe.com/Lacoste_Mens_3-Pack_Performance_Boxer_Shorts/descpageMALACFRA-LM3POB-EN.html?color=BK,Lacoste France
Lacoste Men's 3-Pack Performance Boxer Shorts,42.90 €,48.00 €,Tennis Clothing,2026-09-11 14:51:34,Tennis Warehouse Europe,https://www.tenniswarehouse-europe.com/Lacoste_Mens_3-Pack_Performance_Boxer_Shorts/descpageMALACFRA-LM3POB-EN.html?color=BWH,Lacoste France
Lacoste Men's 3-Pack Performance Boxer Shorts,40.90 €,45.00 €,Tennis Clothing,2026-09-11 14:51:34,Tennis Warehouse Europe,https://www.tenniswarehouse-europe.com/Lacoste_Mens_3-Pack_Performance_Boxer_Shorts/descpageMALACFRA-LM3PFB-EN.html?color=BK,Lacoste France
Lacoste Men's 3-Pack Performance Boxer Shorts,40.90 €,45.00 €,Tennis Clothing,2026-09-11 14:51:34,Tennis Warehouse Europe,https://www.tenniswarehouse-europe.com/Lacoste_Mens_3-Pack_Performance_Boxer_Shorts/descpageMALACFRA-LM3PFB-EN.html?color=BN,Lacoste France
Lacoste 3-Pack Classic Socks,26.89 €,30.00 €,Tennis Clothing,2026-09-11 14:51:34,Tennis Warehouse Europe,https://www.tenniswarehouse-europe.com/Lacoste_3-Pack_Classic_Socks/descpageMALACFRA-L3PCLSB-EN.html?color=BL,Lacoste France
Lacoste 3-Pack Classic Socks,26.89 €,30.00 €,Tennis Clothing,2026-09-11 14:51:34,Tennis Warehouse Europe,https://www.tenniswarehouse-europe.com/Lacoste_3-Pack_Classic_Socks/descpageMALACFRA-L3PCLSO-EN.html?color=BK,Lacoste France
Lacoste 3-Pack Classic Socks,26.89 €,30.00 €,Tennis Clothing,2026-09-11 14:51:34,Tennis Warehouse Europe,https://www.tenniswarehouse-europe.com/Lacoste_3-Pack_Classic_Socks/descpageMALACFRA-L3PCLSO-EN.html?color=WH,Lacoste France
Lacoste 3-Pack French Socks,16.90 €,18.00 €,Tennis Clothing,2026-09-11 14:51:34,Tennis Warehouse Europe,https://www.tenniswarehouse-europe.com/Lacoste_3-Pack_French_Socks/descpageMALACFRA-L3PFSOC-EN.html?color=WNR,Lacoste France
Lacoste Spring Roland Garros Socks - Wh/Nv,24.89 €,35.00 €,Tennis Clothing,2026-09-11 14:51:34,Tennis Warehouse Europe,https://www.tenniswarehouse-europe.com/Lacoste_Spring_Roland_Garros_Socks_-_Wh_Nv/descpageMALACFRA-LAPSWN-EN.html?color=WHN,Lacoste France
Lacoste 3-Pack Socks - Multicolor,31.90 €,40.00 €,Tennis Clothing,2026-09-11 14:51:34,Tennis Warehouse Europe,https://www.tenniswarehouse-europe.com/Lacoste_3-Pack_Socks_-_Multicolor/descpageMALACFRA-L3PSWM-EN.html?color=MX,Lacoste France
Lacoste Spring Performance Socks - White/Navy,25.00 €,,Tennis Clothing,2026-09-11 14:51:34,Tennis Warehouse Europe,https://www.tenniswarehouse-europe.com/Lacoste_Spring_Performance_Socks_-_White_Navy/descpageMALACFRA-LPESWN-EN.html?color=WHN,Lacoste France
Lacoste Fall Performance Socks - Navy,21.90 €,25.00 €,Tennis Clothing,2026-09-11 14:51:34,Tennis Warehouse Europe,https://www.tenniswarehouse-europe.com/Lacoste_Fall_Performance_Socks_-_Navy/descpageMALACFRA-LFAPSNV-EN.html?color=NV,Lacoste France
Lacoste 3-Pack Socks - White,31.90 €,40.00 €,Tennis Clothing,2026-09-11 14:51:34,Tennis Warehouse Europe,https://www.tenniswarehouse-europe.com/Lacoste_3-Pack_Socks_-_White/descpageMALACFRA-L3PSWH-EN.html?color=WH,Lacoste France
Lacoste 3-Pack Socks - Black,31.90 €,40.00 €,Tennis Clothing,2026-09-11 14:51:34,Tennis Warehouse Europe,https://www.tenniswarehouse-europe.com/Lacoste_3-Pack_Socks_-_Black/descpageMALACFRA-L3PSBK-EN.html?color=BK,Lacoste France
Lacoste Men's New Era Hat,44.90 €,50.00 €,Tennis Clothing,2026-09-11 14:51:34,Tennis Warehouse Europe,https://www.tenniswarehouse-europe.com/Lacoste_Mens_New_Era_Hat/descpageLACFRA-LANW26-EN.html?color=BK,Lacoste France
Lacoste Men's New Era Hat,44.90 €,50.00 €,Tennis Clothing,2026-09-11 14:51:34,Tennis Warehouse Europe,https://www.tenniswarehouse-europe.com/Lacoste_Mens_New_Era_Hat/descpageLACFRA-LANW26-EN.html?color=GN,Lacoste France
Lacoste Men's New Era Hat,36.90 €,50.00 €,Tennis Clothing,2026-09-11 14:51:34,Tennis Warehouse Europe,https://www.tenniswarehouse-europe.com/Lacoste_Mens_New_Era_Hat/descpageLACFRA-LANWEH-EN.html?color=GN,Lacoste France
Lacoste Men's New Era Hat,36.90 €,50.00 €,Tennis Clothing,2026-09-11 14:51:34,Tennis Warehouse Europe,https://www.tenniswarehouse-europe.com/Lacoste_Mens_New_Era_Hat/descpageLACFRA-LANWEH-EN.html?color=LB,Lacoste France
Lacoste Men's New Era Hat,36.90 €,50.00 €,Tennis Clothing,2026-09-11 14:51:34,Tennis Warehouse Europe,https://www.tenniswarehouse-europe.com/Lacoste_Mens_New_Era_Hat/descpageLACFRA-LANWEH-EN.html?color=NV,Lacoste France
Lacoste Men's New Era Hat,36.90 €,50.00 €,Tennis Clothing,2026-09-11 14:51:34,Tennis Warehouse Europe,https://www.tenniswarehouse-europe.com/Lacoste_Mens_New_Era_Hat/descpageLACFRA-LANWEH-EN.html?color=WH,Lacoste France
Lacoste Men's Roland Garros Terre Battue Tennis Hat,71.90 €,80.00 €,Tennis Clothing,2026-09-11 14:51:34,Tennis Warehouse Europe,https://www.tenniswarehouse-europe.com/Lacoste_Mens_Roland_Garros_Terre_Battue_Tennis_Hat_/descpageLACFRA-LRTBH-EN.html?color=OR,Lacoste France
Lacoste Men's Roland Garros Tennis Hat,62.90 €,70.00 €,Tennis Clothing,2026-09-11 14:51:34,Tennis Warehouse Europe,https://www.tenniswarehouse-europe.com/Lacoste_Mens_Roland_Garros_Tennis_Hat_/descpageLACFRA-LMRGPH-EN.html?color=GN,Lacoste France
Lacoste Men's Novak Roland Garros Hat,70.00 €,,Tennis Clothing,2026-09-11 14:51:34,Tennis Warehouse Europe,https://www.tenniswarehouse-europe.com/Lacoste_Mens_Novak_Roland_Garros_Hat/descpageLACFRA-LMNRGH-EN.html?color=OR,Lacoste France
Lacoste Men's Novak Spring Hat,62.90 €,70.00 €,Tennis Clothing,2026-09-11 14:51:34,Tennis Warehouse Europe,https://www.tenniswarehouse-europe.com/Lacoste_Mens_Novak_Spring_Hat/descpageLACFRA-LMNKSH-EN.html?color=NV,Lacoste France
Lacoste Men's Fall Player Hat,58.91 €,65.00 €,Tennis Clothing,2026-09-11 14:51:34,Tennis Warehouse Europe,https://www.tenniswarehouse-europe.com/Lacoste_Mens_Fall_Player_Hat/descpageLACFRA-LFPLHK-EN.html?color=KH,Lacoste France
Lacoste Men's Fall Player Hat,58.91 €,65.00 €,Tennis Clothing,2026-09-11 14:51:34,Tennis Warehouse Europe,https://www.tenniswarehouse-europe.com/Lacoste_Mens_Fall_Player_Hat/descpageLACFRA-LFPLHA-EN.html?color=LB,Lacoste France
Lacoste Men's Novak Hat,62.90 €,70.00 €,Tennis Clothing,2026-09-11 14:51:34,Tennis Warehouse Europe,https://www.tenniswarehouse-europe.com/Lacoste_Mens_Novak_Hat/descpageLACFRA-LMNFH-EN.html?color=BK,Lacoste France
Lacoste Men's Novak Hat,62.90 €,70.00 €,Tennis Clothing,2026-09-11 14:51:34,Tennis Warehouse Europe,https://www.tenniswarehouse-europe.com/Lacoste_Mens_Novak_Hat/descpageLACFRA-LMNFH-EN.html?color=BL,Lacoste France
Lacoste Men's Classic Hat,65.00 €,,Tennis Clothing,2026-09-11 14:51:34,Tennis Warehouse Europe,https://www.tenniswarehouse-europe.com/Lacoste_Mens_Classic_Hat/descpageLACFRA-LACLHA-EN.html?color=NV,Lacoste France
Lacoste Men's Classic Hat,65.00 €,,Tennis Clothing,2026-09-11 14:51:34,Tennis Warehouse Europe,https://www.tenniswarehouse-europe.com/Lacoste_Mens_Classic_Hat/descpageLACFRA-LACLHA-EN.html?color=WH,Lacoste France
Lacoste Classic Visor,53.90 €,60.00 €,Tennis Clothing,2026-09-11 14:51:34,Tennis Warehouse Europe,https://www.tenniswarehouse-europe.com/Lacoste_Classic_Visor/descpageLACFRA-LACLVI-EN.html?color=NV,Lacoste France
Lacoste Classic Visor,53.90 €,60.00 €,Tennis Clothing,2026-09-11 14:51:34,Tennis Warehouse Europe,https://www.tenniswarehouse-europe.com/Lacoste_Classic_Visor/descpageLACFRA-LACLVI-EN.html?color=WH,Lacoste France
Lacoste Men's RPM Official Hat,48.90 €,70.00 €,Tennis Clothing,2026-09-11 14:51:34,Tennis Warehouse Europe,https://www.tenniswarehouse-europe.com/Lacoste_Mens_RPM_Official_Hat/descpageLACFRA-LMRPMOH-EN.html?color=GN,Lacoste France
Lacoste Visor,45.90 €,60.00 €,Tennis Clothing,2026-09-11 14:51:34,Tennis Warehouse Europe,https://www.tenniswarehouse-europe.com/Lacoste_Visor/descpageLACFRA-LACWOVI-EN.html?color=WH,Lacoste France
Lacoste Wristband Navy,13.49 €,15.00 €,Tennis Clothing,2026-09-11 14:51:34,Tennis Warehouse Europe,https://www.tenniswarehouse-europe.com/Lacoste_Wristband_Navy/descpageLACFRA-LFWNV-EN.html,Lacoste France
Lacoste Wristband White,13.90 €,15.00 €,Tennis Clothing,2026-09-11 14:51:34,Tennis Warehouse Europe,https://www.tenniswarehouse-europe.com/Lacoste_Wristband_White/descpageLACFRA-LFWWH-EN.html,Lacoste France
Lacoste Wristband Black,13.90 €,,Tennis Clothing,2026-09-11 14:51:34,Tennis Warehouse Europe,https://www.tenniswarehouse-europe.com/Lacoste_Wristband_Black/descpageLACAYEL-LFWBK-EN.html,Lacoste Apparel Germany
Lacoste Backpack,60.90 €,110.00 €,Tennis Clothing,2026-09-11 14:51:34,Tennis Warehouse Europe,https://www.tenniswarehouse-europe.com/Lacoste_Backpack/descpageBGLACFRA-LBPBKKB-EN.html,Lacoste France
Le Coq Sportif Men's New York Tournament Top,30.00 €,60.00 €,Tennis Clothing,2026-09-11 14:51:34,Tennis Warehouse Europe,https://www.tenniswarehouse-europe.com/Le_Coq_Sportif_Mens_New_York_Tournament_Top/descpageMALECOQA-LCMNTC-EN.html?color=NV,Le Coq Sportif -
Le Coq Sportif Men's Essential T-Shirt,5.90 €,30.00 €,Tennis Clothing,2026-09-11 14:51:34,Tennis Warehouse Europe,https://www.tenniswarehouse-europe.com/Le_Coq_Sportif_Mens_Essential_T-Shirt/descpageMALECOQA-LCSEST-EN.html?color=BL,Le Coq Sportif -
Le Coq Sportif Men's Tennis Socks - Black,13.49 €,15.00 €,Tennis Clothing,2026-09-11 14:51:34,Tennis Warehouse Europe,https://www.tenniswarehouse-europe.com/Le_Coq_Sportif_Mens_Tennis_Socks_-_Black/descpageMALECOQA-LCSSPSB-EN.html?color=BK,Le Coq Sportif -
Le Coq Tennisif Men's Sport Socks - White,13.49 €,15.00 €,Tennis Clothing,2026-09-11 14:51:34,Tennis Warehouse Europe,https://www.tenniswarehouse-europe.com/Le_Coq_Tennisif_Mens_Sport_Socks_-_White/descpageMALECOQA-LCSSPSW-EN.html?color=WH,Le Coq Sportif -
Le Coq Sportif Wristband - White/Blue,5.90 €,12.00 €,Tennis Clothing,2026-09-11 14:51:34,Tennis Warehouse Europe,https://www.tenniswarehouse-europe.com/Le_Coq_Sportif_Wristband_-_White_Blue/descpageLECOQA-LCWBWB-EN.html?color=WH,Le Coq Sportif -
Men's Fall Tech IV D1 Short,44.90 €,50.00 €,Tennis Clothing,2026-09-11 14:51:34,Tennis Warehouse Europe,https://www.tenniswarehouse-europe.com/Lotto_Mens_Fall_Tech_IV_D1_Short/descpageMALOTTOA-LMTD1SH-EN.html?color=BR,Lotto
Men's Fall Tech VI D3 Top,44.90 €,50.00 €,Tennis Clothing,2026-09-11 14:51:34,Tennis Warehouse Europe,https://www.tenniswarehouse-europe.com/Lotto_Mens_Fall_Tech_VI_D3_Top/descpageMALOTTOA-LMFTET-EN.html?color=WGR,Lotto
Men's Fall Tech V D1 Short,44.90 €,50.00 €,Tennis Clothing,2026-09-11 14:51:34,Tennis Warehouse Europe,https://www.tenniswarehouse-europe.com/Lotto_Mens_Fall_Tech_V_D1_Short/descpageMALOTTOA-LMTESH-EN.html?color=GR,Lotto
Men's Superrapida IX Top,35.90 €,40.00 €,Tennis Clothing,2026-09-11 14:51:34,Tennis Warehouse Europe,https://www.tenniswarehouse-europe.com/Lotto_Mens_Superrapida_IX_Top/descpageMALOTTOA-LMSRIXT-EN.html?color=NP,Lotto
"Men's Superrapida VIII 7"" Short",31.90 €,40.00 €,Tennis Clothing,2026-09-11 14:51:34,Tennis Warehouse Europe,https://www.tenniswarehouse-europe.com/Lotto_Mens_Superrapida_VIII_7_Short/descpageMALOTTOA-LMSR7SH-EN.html?color=NV,Lotto
"Men's Core Tech 9"" Short",35.90 €,40.00 €,Tennis Clothing,2026-09-11 14:51:34,Tennis Warehouse Europe,https://www.tenniswarehouse-europe.com/Lotto_Mens_Core_Tech_9_Short/descpageMALOTTOA-LMSC9S-EN.html?color=NV,Lotto
"Men's Core Tech 9"" Short",35.90 €,40.00 €,Tennis Clothing,2026-09-11 14:51:34,Tennis Warehouse Europe,https://www.tenniswarehouse-europe.com/Lotto_Mens_Core_Tech_9_Short/descpageMALOTTOA-LMSC9S-EN.html?color=WH,Lotto
Men's Core Tennis T-Shirt,10.90 €,15.00 €,Tennis Clothing,2026-09-11 14:51:34,Tennis Warehouse Europe,https://www.tenniswarehouse-europe.com/Lotto_Mens_Core_Tennis_T-Shirt/descpageMALOTTOA-LMCSTS-EN.html?color=WH,Lotto
Men's MSP Top,9.90 €,14.00 €,Tennis Clothing,2026-09-11 14:51:34,Tennis Warehouse Europe,https://www.tenniswarehouse-europe.com/Lotto_Mens_MSP_Top/descpageMALOTTOA-LMSPCR-EN.html?color=BL,Lotto
Men's MSP Top,9.90 €,15.00 €,Tennis Clothing,2026-09-11 14:51:34,Tennis Warehouse Europe,https://www.tenniswarehouse-europe.com/Lotto_Mens_MSP_Top/descpageMALOTTOA-LMMSPC-EN.html?color=BK,Lotto
Men's MSP Top,9.90 €,15.00 €,Tennis Clothing,2026-09-11 14:51:34,Tennis Warehouse Europe,https://www.tenniswarehouse-europe.com/Lotto_Mens_MSP_Top/descpageMALOTTOA-LMMSPC-EN.html?color=NV,Lotto
Men's MSP Top,9.90 €,15.00 €,Tennis Clothing,2026-09-11 14:51:34,Tennis Warehouse Europe,https://www.tenniswarehouse-europe.com/Lotto_Mens_MSP_Top/descpageMALOTTOA-LMMSPC-EN.html?color=YE,Lotto
Men's MSP Sleeveless Top,11.89 €,13.00 €,Tennis Clothing,2026-09-11 14:51:34,Tennis Warehouse Europe,https://www.tenniswarehouse-europe.com/Lotto_Mens_MSP_Sleeveless_Top/descpageMALOTTOA-LMSPSLT-EN.html?color=BK,Lotto
"Men's MSP 7"" Short",14.89 €,17.00 €,Tennis Clothing,2026-09-11 14:51:34,Tennis Warehouse Europe,https://www.tenniswarehouse-europe.com/Lotto_Mens_MSP_7_Short/descpageMALOTTOA-LMMS7S-EN.html?color=BK,Lotto
"Men's MSP 7"" Short",14.89 €,17.00 €,Tennis Clothing,2026-09-11 14:51:34,Tennis Warehouse Europe,https://www.tenniswarehouse-europe.com/Lotto_Mens_MSP_7_Short/descpageMALOTTOA-LMMS7S-EN.html?color=WH,Lotto
Men's Basic MSP 1/2 Zip Top,26.89 €,30.00 €,Tennis Clothing,2026-09-11 14:51:34,Tennis Warehouse Europe,https://www.tenniswarehouse-europe.com/Lotto_Mens_Basic_MSP_1_2_Zip_Top/descpageMALOTTOA-LMSPHZT-EN.html?color=BK,Lotto
Men's Basic MSP 1/2 Zip Top,26.89 €,30.00 €,Tennis Clothing,2026-09-11 14:51:34,Tennis Warehouse Europe,https://www.tenniswarehouse-europe.com/Lotto_Mens_Basic_MSP_1_2_Zip_Top/descpageMALOTTOA-LMSPHZT-EN.html?color=WH,Lotto
Men's Basic MSP Pant,26.89 €,30.00 €,Tennis Clothing,2026-09-11 14:51:34,Tennis Warehouse Europe,https://www.tenniswarehouse-europe.com/Lotto_Mens_Basic_MSP_Pant/descpageMALOTTOA-LMSPANT-EN.html?color=BK,Lotto
Men's Basic MSP Pant,26.89 €,30.00 €,Tennis Clothing,2026-09-11 14:51:34,Tennis Warehouse Europe,https://www.tenniswarehouse-europe.com/Lotto_Mens_Basic_MSP_Pant/descpageMALOTTOA-LMSPANT-EN.html?color=NV,Lotto
Men's MSC Logo T-Shirt,11.90 €,15.00 €,Tennis Clothing,2026-09-11 14:51:34,Tennis Warehouse Europe,https://www.tenniswarehouse-europe.com/Lotto_Mens_MSC_Logo_T-Shirt/descpageMALOTTOA-LMSLTS-EN.html?color=BK,Lotto
Men's Logo T-Shirt,13.90 €,15.00 €,Tennis Clothing,2026-09-11 14:51:34,Tennis Warehouse Europe,https://www.tenniswarehouse-europe.com/Lotto_Mens_Logo_T-Shirt/descpageMALOTTOA-LMLOGTS-EN.html?color=NV,Lotto
Men's Squadra IV Top,20.90 €,30.00 €,Tennis Clothing,2026-09-11 14:51:34,Tennis Warehouse Europe,https://www.tenniswarehouse-europe.com/Lotto_Mens_Squadra_IV_Top/descpageMALOTTOA-LMSQIVT-EN.html?color=BL,Lotto
Men's Squadra IV Top,20.90 €,30.00 €,Tennis Clothing,2026-09-11 14:51:34,Tennis Warehouse Europe,https://www.tenniswarehouse-europe.com/Lotto_Mens_Squadra_IV_Top/descpageMALOTTOA-LMSQIVT-EN.html?color=LI,Lotto
Men's Squadra IV Top,20.90 €,30.00 €,Tennis Clothing,2026-09-11 14:51:34,Tennis Warehouse Europe,https://www.tenniswarehouse-europe.com/Lotto_Mens_Squadra_IV_Top/descpageMALOTTOA-LMSQIVT-EN.html?color=NV,Lotto
Men's Squadra IV Top,20.90 €,30.00 €,Tennis Clothing,2026-09-11 14:51:34,Tennis Warehouse Europe,https://www.tenniswarehouse-europe.com/Lotto_Mens_Squadra_IV_Top/descpageMALOTTOA-LMSQIVT-EN.html?color=RD,Lotto
Men's Squadra IV Top,20.90 €,30.00 €,Tennis Clothing,2026-09-11 14:51:34,Tennis Warehouse Europe,https://www.tenniswarehouse-europe.com/Lotto_Mens_Squadra_IV_Top/descpageMALOTTOA-LMSQIVT-EN.html?color=WH,Lotto
Men's Squadra IV Polo,30.90 €,34.00 €,Tennis Clothing,2026-09-11 14:51:34,Tennis Warehouse Europe,https://www.tenniswarehouse-europe.com/Lotto_Mens_Squadra_IV_Polo/descpageMALOTTOA-LMSQIVP-EN.html?color=NV,Lotto
Men's Squadra IV Polo,30.90 €,34.00 €,Tennis Clothing,2026-09-11 14:51:34,Tennis Warehouse Europe,https://www.tenniswarehouse-europe.com/Lotto_Mens_Squadra_IV_Polo/descpageMALOTTOA-LMSQIVP-EN.html?color=WH,Lotto
"Men's Squadra IV 7"" Short",26.89 €,30.00 €,Tennis Clothing,2026-09-11 14:51:34,Tennis Warehouse Europe,https://www.tenniswarehouse-europe.com/Lotto_Mens_Squadra_IV_7_Short/descpageMALOTTOA-LMSIVSH-EN.html?color=NV,Lotto
"Men's Squadra IV 7"" Short",26.89 €,30.00 €,Tennis Clothing,2026-09-11 14:51:34,Tennis Warehouse Europe,https://www.tenniswarehouse-europe.com/Lotto_Mens_Squadra_IV_7_Short/descpageMALOTTOA-LMSIVSH-EN.html?color=WH,Lotto
Men's Squadra Pant,40.50 €,45.00 €,Tennis Clothing,2026-09-11 14:51:34,Tennis Warehouse Europe,https://www.tenniswarehouse-europe.com/Lotto_Mens_Squadra_Pant/descpageMALOTTOA-LMSQPT-EN.html?color=NV,Lotto
Men's Squadra Jacket,49.50 €,55.00 €,Tennis Clothing,2026-09-11 14:51:34,Tennis Warehouse Europe,https://www.tenniswarehouse-europe.com/Lotto_Mens_Squadra_Jacket/descpageMALOTTOA-LMSQJ-EN.html?color=NV,Lotto
Men's Spring Tech VI D3 Top,34.90 €,50.00 €,Tennis Clothing,2026-09-11 14:51:34,Tennis Warehouse Europe,https://www.tenniswarehouse-europe.com/Lotto_Mens_Spring_Tech_VI_D3_Top/descpageMALOTTOA-LMTVID3-EN.html?color=BL,Lotto
Men's Spring Tech VI D3 Top,34.90 €,50.00 €,Tennis Clothing,2026-09-11 14:51:34,Tennis Warehouse Europe,https://www.tenniswarehouse-europe.com/Lotto_Mens_Spring_Tech_VI_D3_Top/descpageMALOTTOA-LMTVID3-EN.html?color=WBL,Lotto
Men's Spring Tech V D1 Short,34.90 €,50.00 €,Tennis Clothing,2026-09-11 14:51:34,Tennis Warehouse Europe,https://www.tenniswarehouse-europe.com/Lotto_Mens_Spring_Tech_V_D1_Short/descpageMALOTTOA-LMT5D1S-EN.html?color=BL,Lotto
Men's Spring Tech VI D2 Top,39.90 €,50.00 €,Tennis Clothing,2026-09-11 14:51:34,Tennis Warehouse Europe,https://www.tenniswarehouse-europe.com/Lotto_Mens_Spring_Tech_VI_D2_Top/descpageMALOTTOA-LMTVID2-EN.html?color=BG,Lotto
Men's Spring Tech V D2 Short,39.90 €,50.00 €,Tennis Clothing,2026-09-11 14:51:34,Tennis Warehouse Europe,https://www.tenniswarehouse-europe.com/Lotto_Mens_Spring_Tech_V_D2_Short/descpageMALOTTOA-LMT5D2S-EN.html?color=BE,Lotto
Men's Spring Tech VI D1 Top,34.90 €,50.00 €,Tennis Clothing,2026-09-11 14:51:34,Tennis Warehouse Europe,https://www.tenniswarehouse-europe.com/Lotto_Mens_Spring_Tech_VI_D1_Top/descpageMALOTTOA-LMTVID1-EN.html?color=WBR,Lotto
Men's Spring Tech VI D1 Polo,40.90 €,60.00 €,Tennis Clothing,2026-09-11 14:51:34,Tennis Warehouse Europe,https://www.tenniswarehouse-europe.com/Lotto_Mens_Spring_Tech_VI_D1_Polo/descpageMALOTTOA-LMTPP26-EN.html?color=WB,Lotto
Men's Spring Tech IV D1 Short,34.90 €,50.00 €,Tennis Clothing,2026-09-11 14:51:34,Tennis Warehouse Europe,https://www.tenniswarehouse-europe.com/Lotto_Mens_Spring_Tech_IV_D1_Short/descpageMALOTTOA-LMT4D1S-EN.html?color=BR,Lotto
Men's Superrapida VIII Top,27.89 €,40.00 €,Tennis Clothing,2026-09-11 14:51:34,Tennis Warehouse Europe,https://www.tenniswarehouse-europe.com/Lotto_Mens_Superrapida_VIII_Top/descpageMALOTTOA-LFSVIII-EN.html?color=BL,Lotto
Men's Superrapida VIII Top,27.89 €,40.00 €,Tennis Clothing,2026-09-11 14:51:34,Tennis Warehouse Europe,https://www.tenniswarehouse-europe.com/Lotto_Mens_Superrapida_VIII_Top/descpageMALOTTOA-LFSVIII-EN.html?color=GR,Lotto
Men's Superrapida VIII Short,27.89 €,40.00 €,Tennis Clothing,2026-09-11 14:51:34,Tennis Warehouse Europe,https://www.tenniswarehouse-europe.com/Lotto_Mens_Superrapida_VIII_Short/descpageMALOTTOA-LMSVIIS-EN.html?color=BL,Lotto
Men's Superrapida VIII Short,27.89 €,40.00 €,Tennis Clothing,2026-09-11 14:51:34,Tennis Warehouse Europe,https://www.tenniswarehouse-europe.com/Lotto_Mens_Superrapida_VIII_Short/descpageMALOTTOA-LMSVIIS-EN.html?color=GR,Lotto
"Men's Tech D1 7"" Short",34.90 €,50.00 €,Tennis Clothing,2026-09-11 14:51:34,Tennis Warehouse Europe,https://www.tenniswarehouse-europe.com/Lotto_Mens_Tech_D1_7_Short/descpageMALOTTOA-LMTD17S-EN.html?color=RD,Lotto
Men's MSP Sleeveless Top,11.89 €,13.00 €,Tennis Clothing,2026-09-11 14:51:34,Tennis Warehouse Europe,https://www.tenniswarehouse-europe.com/Lotto_Mens_MSP_Sleeveless_Top/descpageMALOTTOA-LMSPSLT-EN.html?color=BK,Lotto
Men's MSC Logo T-Shirt,11.90 €,15.00 €,Tennis Clothing,2026-09-11 14:51:34,Tennis Warehouse Europe,https://www.tenniswarehouse-europe.com/Lotto_Mens_MSC_Logo_T-Shirt/descpageMALOTTOA-LMSLTS-EN.html?color=BK,Lotto
Tennis Hat,21.90 €,25.00 €,Tennis Clothing,2026-09-11 14:51:34,Tennis Warehouse Europe,https://www.tenniswarehouse-europe.com/Lotto_Tennis_Hat/descpageLOTTOA-LTH6PH-EN.html?color=GN,Lotto
Tennis Hat,16.90 €,25.00 €,Tennis Clothing,2026-09-11 14:51:34,Tennis Warehouse Europe,https://www.tenniswarehouse-europe.com/Lotto_Tennis_Hat/descpageLOTTOA-LTH6PA-EN.html?color=NV,Lotto
Women's Spring Tennis Visor,5.90 €,22.00 €,Tennis Clothing,2026-09-11 14:51:34,Tennis Warehouse Europe,https://www.tenniswarehouse-europe.com/Lotto_Womens_Spring_Tennis_Visor/descpageLOTTOA-LWSTV-EN.html?color=BL,Lotto
Tennis Doublewide Wristbands,7.90 €,9.30 €,Tennis Clothing,2026-09-11 14:51:34,Tennis Warehouse Europe,https://www.tenniswarehouse-europe.com/Lotto_Tennis_Doublewide_Wristbands/descpageLOTTOA-LTDWBG-EN.html?color=GR,Lotto
Tennis Singlewide Wristbands,7.90 €,9.00 €,Tennis Clothing,2026-09-11 14:51:34,Tennis Warehouse Europe,https://www.tenniswarehouse-europe.com/Lotto_Tennis_Singlewide_Wristbands/descpageLOTTOA-LTSWR3P-EN.html?color=PK,Lotto
Tennis Doublewide Wristbands,8.90 €,9.30 €,Tennis Clothing,2026-09-11 14:51:34,Tennis Warehouse Europe,https://www.tenniswarehouse-europe.com/Lotto_Tennis_Doublewide_Wristbands/descpageLOTTOA-LTDWR3P-EN.html?color=BK,Lotto
Tennis Doublewide Wristbands,8.90 €,9.30 €,Tennis Clothing,2026-09-11 14:51:34,Tennis Warehouse Europe,https://www.tenniswarehouse-europe.com/Lotto_Tennis_Doublewide_Wristbands/descpageLOTTOA-LTDWR3P-EN.html?color=WHN,Lotto
Marc De Paw Men's Color-Blocked Petrol Top,62.00 €,,Tennis Clothing,2026-09-11 14:51:34,Tennis Warehouse Europe,https://www.tenniswarehouse-europe.com/Marc_De_Paw_Mens_Color-Blocked_Petrol_Top/descpageMA-MDPBC26-EN.html?color=BWB,
"Marc De Paw Men's Color-Blocked Petrol 7"" Short",62.00 €,,Tennis Clothing,2026-09-11 14:51:34,Tennis Warehouse Europe,https://www.tenniswarehouse-europe.com/Marc_De_Paw_Mens_Color-Blocked_Petrol_7_Short/descpageMA-MDPCBS2-EN.html?color=BWB,
Marc De Paw Men's Digital Camo Frost Top,64.00 €,,Tennis Clothing,2026-09-11 14:51:34,Tennis Warehouse Europe,https://www.tenniswarehouse-europe.com/Marc_De_Paw_Mens_Digital_Camo_Frost_Top/descpageMA-MDPDCFT-EN.html?color=PR,
"Marc De Paw Men's Digital Camo Frost 7"" Short",64.00 €,,Tennis Clothing,2026-09-11 14:51:34,Tennis Warehouse Europe,https://www.tenniswarehouse-europe.com/Marc_De_Paw_Mens_Digital_Camo_Frost_7_Short/descpageMA-MDPDCFS-EN.html?color=PR,
Marc De Paw Men's Smiley Top,62.00 €,,Tennis Clothing,2026-09-11 14:51:34,Tennis Warehouse Europe,https://www.tenniswarehouse-europe.com/Marc_De_Paw_Mens_Smiley_Top/descpageMA-MDPSMC-EN.html?color=PU,
"Marc De Paw Men's Smiley 7"" Short",62.00 €,,Tennis Clothing,2026-09-11 14:51:34,Tennis Warehouse Europe,https://www.tenniswarehouse-europe.com/Marc_De_Paw_Mens_Smiley_7_Short/descpageMA-MDPSMS-EN.html?color=PU,
Marc De Paw Men's Spray Balls Top,62.00 €,,Tennis Clothing,2026-09-11 14:51:34,Tennis Warehouse Europe,https://www.tenniswarehouse-europe.com/Marc_De_Paw_Mens_Spray_Balls_Top/descpageMA-MDPSBC-EN.html?color=PR,
"Marc De Paw Men's Spray Balls 7"" Short",62.00 €,,Tennis Clothing,2026-09-11 14:51:34,Tennis Warehouse Europe,https://www.tenniswarehouse-europe.com/Marc_De_Paw_Mens_Spray_Balls_7_Short/descpageMA-MDPSBS-EN.html?color=PR,
Marc De Paw Men's Color-Blocked Grey Top,62.00 €,,Tennis Clothing,2026-09-11 14:51:34,Tennis Warehouse Europe,https://www.tenniswarehouse-europe.com/Marc_De_Paw_Mens_Color-Blocked_Grey_Top/descpageMA-MDPGCC-EN.html?color=GY,
"Marc De Paw Men's Color-Blocked Grey 7"" Short",62.00 €,,Tennis Clothing,2026-09-11 14:51:34,Tennis Warehouse Europe,https://www.tenniswarehouse-europe.com/Marc_De_Paw_Mens_Color-Blocked_Grey_7_Short/descpageMA-MDPGS-EN.html?color=GY,
Marc De Paw Men's Fashion Rebel Top,62.00 €,,Tennis Clothing,2026-09-11 14:51:34,Tennis Warehouse Europe,https://www.tenniswarehouse-europe.com/Marc_De_Paw_Mens_Fashion_Rebel_Top/descpageMA-MDPFRC-EN.html?color=WRD,
"Marc De Paw Men's Fashion Rebel 7"" Short",62.00 €,,Tennis Clothing,2026-09-11 14:51:34,Tennis Warehouse Europe,https://www.tenniswarehouse-europe.com/Marc_De_Paw_Mens_Fashion_Rebel_7_Short/descpageMA-MDPFRS-EN.html?color=WRD,
Marc De Paw Men's Milano Brush Top,62.00 €,,Tennis Clothing,2026-09-11 14:51:34,Tennis Warehouse Europe,https://www.tenniswarehouse-europe.com/Marc_De_Paw_Mens_Milano_Brush_Top/descpageMA-MDPGC-EN.html?color=BK,
"Marc De Paw Men's Milano Brush 7"" Short",62.00 €,,Tennis Clothing,2026-09-11 14:51:34,Tennis Warehouse Europe,https://www.tenniswarehouse-europe.com/Marc_De_Paw_Mens_Milano_Brush_7_Short/descpageMA-MDPGBS-EN.html?color=BK,
Marc De Paw Men's Milano Orange Brush Top,62.00 €,,Tennis Clothing,2026-09-11 14:51:34,Tennis Warehouse Europe,https://www.tenniswarehouse-europe.com/Marc_De_Paw_Mens_Milano_Orange_Brush_Top/descpageMA-MDPOB-EN.html?color=OR,
"Marc De Paw Men's Milano Orange Brush 7"" Short",62.00 €,,Tennis Clothing,2026-09-11 14:51:34,Tennis Warehouse Europe,https://www.tenniswarehouse-europe.com/Marc_De_Paw_Mens_Milano_Orange_Brush_7_Short/descpageMA-MDPOBS-EN.html?color=OR,
Marc De Paw Men's Spray 0-40 Top,55.91 €,62.00 €,Tennis Clothing,2026-09-11 14:51:34,Tennis Warehouse Europe,https://www.tenniswarehouse-europe.com/Marc_De_Paw_Mens_Spray_0-40_Top/descpageMA-MDPSC-EN.html?color=BK,
"Marc De Paw Men's Spray 0-40 7"" Short",55.91 €,62.00 €,Tennis Clothing,2026-09-11 14:51:34,Tennis Warehouse Europe,https://www.tenniswarehouse-europe.com/Marc_De_Paw_Mens_Spray_0-40_7_Short/descpageMA-MDPSS-EN.html?color=BK,
Marc De Paw Men's Tie-Dye Lavender Top,55.91 €,62.00 €,Tennis Clothing,2026-09-11 14:51:34,Tennis Warehouse Europe,https://www.tenniswarehouse-europe.com/Marc_De_Paw_Mens_Tie-Dye_Lavender_Top/descpageMA-MDPTDLC-EN.html?color=PU,
"Marc De Paw Men's Tie-Dye Lavender 7"" Short",55.91 €,62.00 €,Tennis Clothing,2026-09-11 14:51:34,Tennis Warehouse Europe,https://www.tenniswarehouse-europe.com/Marc_De_Paw_Mens_Tie-Dye_Lavender_7_Short/descpageMA-MDPTDLS-EN.html?color=PU,
Marc De Paw Men's Tie-Dye Acid Green Top,55.91 €,62.00 €,Tennis Clothing,2026-09-11 14:51:34,Tennis Warehouse Europe,https://www.tenniswarehouse-europe.com/Marc_De_Paw_Mens_Tie-Dye_Acid_Green_Top/descpageMA-MDTDGC-EN.html?color=GR,
"Marc De Paw Men's Tie-Dye Acid Green 7"" Short",55.91 €,62.00 €,Tennis Clothing,2026-09-11 14:51:34,Tennis Warehouse Europe,https://www.tenniswarehouse-europe.com/Marc_De_Paw_Mens_Tie-Dye_Acid_Green_7_Short/descpageMA-MDPTDGS-EN.html?color=GR,
Marc De Paw Men's Color-Blocked NY Top,34.90 €,62.00 €,Tennis Clothing,2026-09-11 14:51:34,Tennis Warehouse Europe,https://www.tenniswarehouse-europe.com/Marc_De_Paw_Mens_Color-Blocked_NY_Top/descpageMA-MDPCNYC-EN.html?color=BWH,
"Marc De Paw Men's Color-Blocked NY 7"" Short",34.90 €,62.00 €,Tennis Clothing,2026-09-11 14:51:34,Tennis Warehouse Europe,https://www.tenniswarehouse-europe.com/Marc_De_Paw_Mens_Color-Blocked_NY_7_Short/descpageMA-MDPCNYS-EN.html?color=BWH,
Marc De Paw Men's Color-Blocked Orange Top,55.91 €,62.00 €,Tennis Clothing,2026-09-11 14:51:34,Tennis Warehouse Europe,https://www.tenniswarehouse-europe.com/Marc_De_Paw_Mens_Color-Blocked_Orange_Top/descpageMA-MDPCOC-EN.html?color=WOR,
"Marc De Paw Men's Color-Blocked Orange 7"" Short",55.91 €,62.00 €,Tennis Clothing,2026-09-11 14:51:34,Tennis Warehouse Europe,https://www.tenniswarehouse-europe.com/Marc_De_Paw_Mens_Color-Blocked_Orange_7_Short/descpageMA-MDPCOS-EN.html?color=OR,
Men's Graphic Top,53.90 €,60.00 €,Tennis Clothing,2026-09-11 14:51:34,Tennis Warehouse Europe,https://www.tenniswarehouse-europe.com/Mizuno_Mens_Graphic_Top/descpageMAMIZUNO-MIGRTOP-EN.html?color=BLR,Mizuno
Men's Graphic Top,53.90 €,60.00 €,Tennis Clothing,2026-09-11 14:51:34,Tennis Warehouse Europe,https://www.tenniswarehouse-europe.com/Mizuno_Mens_Graphic_Top/descpageMAMIZUNO-MIGRTOP-EN.html?color=GYP,Mizuno
Men's Tennis Top,49.90 €,55.00 €,Tennis Clothing,2026-09-11 14:51:34,Tennis Warehouse Europe,https://www.tenniswarehouse-europe.com/Mizuno_Mens_Tennis_Top/descpageMAMIZUNO-MITETOP-EN.html?color=RD,Mizuno
"Men's Tennis Graphic 7,5"" Short",53.90 €,60.00 €,Tennis Clothing,2026-09-11 14:51:34,Tennis Warehouse Europe,https://www.tenniswarehouse-europe.com/Mizuno_Mens_Tennis_Graphic_75_Short/descpageMAMIZUNO-MMTG75S-EN.html?color=NVR,Mizuno
"Men's Tennis Graphic 7,5"" Short",53.90 €,60.00 €,Tennis Clothing,2026-09-11 14:51:34,Tennis Warehouse Europe,https://www.tenniswarehouse-europe.com/Mizuno_Mens_Tennis_Graphic_75_Short/descpageMAMIZUNO-MMTG75S-EN.html?color=WRD,Mizuno
"Men's Basic Flex 8"" Short",44.90 €,50.00 €,Tennis Clothing,2026-09-11 14:51:34,Tennis Warehouse Europe,https://www.tenniswarehouse-europe.com/Mizuno_Mens_Basic_Flex_8_Short/descpageMAMIZUNO-MFS8MSH-EN.html?color=BK,Mizuno
"Men's Basic Flex 8"" Short",44.90 €,50.00 €,Tennis Clothing,2026-09-11 14:51:34,Tennis Warehouse Europe,https://www.tenniswarehouse-europe.com/Mizuno_Mens_Basic_Flex_8_Short/descpageMAMIZUNO-MFS8MSH-EN.html?color=WH,Mizuno
Men's Training Top,15.90 €,20.00 €,Tennis Clothing,2026-09-11 14:51:34,Tennis Warehouse Europe,https://www.tenniswarehouse-europe.com/Mizuno_Mens_Training_Top/descpageMAMIZUNO-MFTRTP-EN.html?color=BK,Mizuno
Men's Training Top,15.90 €,20.00 €,Tennis Clothing,2026-09-11 14:51:34,Tennis Warehouse Europe,https://www.tenniswarehouse-europe.com/Mizuno_Mens_Training_Top/descpageMAMIZUNO-MFTRTP-EN.html?color=LB,Mizuno
Men's Training Top,15.90 €,20.00 €,Tennis Clothing,2026-09-11 14:51:34,Tennis Warehouse Europe,https://www.tenniswarehouse-europe.com/Mizuno_Mens_Training_Top/descpageMAMIZUNO-MFTRTP-EN.html?color=NV,Mizuno
Men's Training Top,15.90 €,20.00 €,Tennis Clothing,2026-09-11 14:51:34,Tennis Warehouse Europe,https://www.tenniswarehouse-europe.com/Mizuno_Mens_Training_Top/descpageMAMIZUNO-MFTRTP-EN.html?color=OR,Mizuno
Men's Training Top,15.90 €,20.00 €,Tennis Clothing,2026-09-11 14:51:34,Tennis Warehouse Europe,https://www.tenniswarehouse-europe.com/Mizuno_Mens_Training_Top/descpageMAMIZUNO-MFTRTP-EN.html?color=PK,Mizuno
Men's Training Top,15.90 €,20.00 €,Tennis Clothing,2026-09-11 14:51:34,Tennis Warehouse Europe,https://www.tenniswarehouse-europe.com/Mizuno_Mens_Training_Top/descpageMAMIZUNO-MFTRTP-EN.html?color=RD,Mizuno
Men's Training Top,15.90 €,20.00 €,Tennis Clothing,2026-09-11 14:51:34,Tennis Warehouse Europe,https://www.tenniswarehouse-europe.com/Mizuno_Mens_Training_Top/descpageMAMIZUNO-MFTRTP-EN.html?color=RY,Mizuno
Men's Training Top,15.90 €,20.00 €,Tennis Clothing,2026-09-11 14:51:34,Tennis Warehouse Europe,https://www.tenniswarehouse-europe.com/Mizuno_Mens_Training_Top/descpageMAMIZUNO-MFTRTP-EN.html?color=WH,Mizuno
Men's Training Top,15.90 €,20.00 €,Tennis Clothing,2026-09-11 14:51:34,Tennis Warehouse Europe,https://www.tenniswarehouse-europe.com/Mizuno_Mens_Training_Top/descpageMAMIZUNO-MFTRTP-EN.html?color=YE,Mizuno
Men's TRAD Short,25.90 € - 29.90 €,32.90€,Tennis Clothing,2026-09-11 14:51:34,Tennis Warehouse Europe,https://www.tenniswarehouse-europe.com/Mizuno_Mens_TRAD_Short/descpageMAMIZUNO-MIMTRSH-EN.html?color=BK,Mizuno
Men's TRAD Short,25.90 € - 29.90 €,32.90€,Tennis Clothing,2026-09-11 14:51:34,Tennis Warehouse Europe,https://www.tenniswarehouse-europe.com/Mizuno_Mens_TRAD_Short/descpageMAMIZUNO-MIMTRSH-EN.html?color=NV,Mizuno
Men's TRAD Short,25.90 € - 29.90 €,32.90€,Tennis Clothing,2026-09-11 14:51:34,Tennis Warehouse Europe,https://www.tenniswarehouse-europe.com/Mizuno_Mens_TRAD_Short/descpageMAMIZUNO-MIMTRSH-EN.html?color=WH,Mizuno
Men's Core Chiba Micro Jacket,58.90 €,65.00 €,Tennis Clothing,2026-09-11 14:51:34,Tennis Warehouse Europe,https://www.tenniswarehouse-europe.com/Mizuno_Mens_Core_Chiba_Micro_Jacket/descpageMAMIZUNO-MICHMJ-EN.html?color=WH,Mizuno
Men's Spring Stargazer Shadow Graphic Top,47.90 €,60.00 €,Tennis Clothing,2026-09-11 14:51:34,Tennis Warehouse Europe,https://www.tenniswarehouse-europe.com/Mizuno_Mens_Spring_Stargazer_Shadow_Graphic_Top/descpageMAMIZUNO-MFSTGT-EN.html?color=RD,Mizuno
Men's Spring Stargazer Shadow Graphic Top,47.90 €,60.00 €,Tennis Clothing,2026-09-11 14:51:34,Tennis Warehouse Europe,https://www.tenniswarehouse-europe.com/Mizuno_Mens_Spring_Stargazer_Shadow_Graphic_Top/descpageMAMIZUNO-MFSTGT-EN.html?color=WYE,Mizuno
Men's Spring Stargazer Shadow Top,38.90 €,55.00 €,Tennis Clothing,2026-09-11 14:51:34,Tennis Warehouse Europe,https://www.tenniswarehouse-europe.com/Mizuno_Mens_Spring_Stargazer_Shadow_Top/descpageMAMIZUNO-MFSHT-EN.html?color=BL,Mizuno
Men's Spring Stargazer Shadow Top,38.90 €,55.00 €,Tennis Clothing,2026-09-11 14:51:34,Tennis Warehouse Europe,https://www.tenniswarehouse-europe.com/Mizuno_Mens_Spring_Stargazer_Shadow_Top/descpageMAMIZUNO-MFSHT-EN.html?color=WYE,Mizuno
"Men's Spring Stargazer Amplify 7"" Short",43.90 €,55.00 €,Tennis Clothing,2026-09-11 14:51:34,Tennis Warehouse Europe,https://www.tenniswarehouse-europe.com/Mizuno_Mens_Spring_Stargazer_Amplify_7_Short/descpageMAMIZUNO-MS7AS-EN.html?color=GY,Mizuno
"Men's Spring Stargazer Amplify 7"" Short",43.90 €,55.00 €,Tennis Clothing,2026-09-11 14:51:34,Tennis Warehouse Europe,https://www.tenniswarehouse-europe.com/Mizuno_Mens_Spring_Stargazer_Amplify_7_Short/descpageMAMIZUNO-MS7AS-EN.html?color=NV,Mizuno
Men's Frontier Shadow Jacket,59.90 €,85.00 €,Tennis Clothing,2026-09-11 14:51:34,Tennis Warehouse Europe,https://www.tenniswarehouse-europe.com/Mizuno_Mens_Frontier_Shadow_Jacket/descpageMAMIZUNO-MIFSJ-EN.html?color=WBL,Mizuno
Men's Frontier Shadow Pant,52.90 €,75.00 €,Tennis Clothing,2026-09-11 14:51:34,Tennis Warehouse Europe,https://www.tenniswarehouse-europe.com/Mizuno_Mens_Frontier_Shadow_Pant/descpageMAMIZUNO-MIFSHP-EN.html?color=NV,Mizuno
Men's Core Top,9.90 €,23.00 €,Tennis Clothing,2026-09-11 14:51:34,Tennis Warehouse Europe,https://www.tenniswarehouse-europe.com/Mizuno_Mens_Core_Top/descpageMAMIZUNO-MICOCR-EN.html?color=BK,Mizuno
Mouratoglou Apparel Men's Paris Match Top,35.90 €,45.00 €,Tennis Clothing,2026-09-11 14:51:34,Tennis Warehouse Europe,https://www.tenniswarehouse-europe.com/Mouratoglou_Apparel_Mens_Paris_Match_Top/descpageMAMOURA-MAMPMT-EN.html?color=GY,Mouratoglou -
Mouratoglou Apparel Men's Paris Match Top,35.90 €,45.00 €,Tennis Clothing,2026-09-11 14:51:34,Tennis Warehouse Europe,https://www.tenniswarehouse-europe.com/Mouratoglou_Apparel_Mens_Paris_Match_Top/descpageMAMOURA-MAMPMT-EN.html?color=PK,Mouratoglou -
Mouratoglou Apparel Men's Paris Match Short,38.90 €,49.00 €,Tennis Clothing,2026-09-11 14:51:34,Tennis Warehouse Europe,https://www.tenniswarehouse-europe.com/Mouratoglou_Apparel_Mens_Paris_Match_Short/descpageMAMOURA-MAMPTS-EN.html?color=DG,Mouratoglou -
Mouratoglou Apparel Men's Paris Match Short,38.90 €,49.00 €,Tennis Clothing,2026-09-11 14:51:34,Tennis Warehouse Europe,https://www.tenniswarehouse-europe.com/Mouratoglou_Apparel_Mens_Paris_Match_Short/descpageMAMOURA-MAMPTS-EN.html?color=PK,Mouratoglou -
Mouratoglou Apparel Men's Match Classic Top,32.89 €,37.00 €,Tennis Clothing,2026-09-11 14:51:34,Tennis Warehouse Europe,https://www.tenniswarehouse-europe.com/Mouratoglou_Apparel_Mens_Match_Classic_Top/descpageMAMOURA-MAMMCT-EN.html?color=BK,Mouratoglou -
Mouratoglou Apparel Men's Match Classic Top,32.89 €,37.00 €,Tennis Clothing,2026-09-11 14:51:34,Tennis Warehouse Europe,https://www.tenniswarehouse-europe.com/Mouratoglou_Apparel_Mens_Match_Classic_Top/descpageMAMOURA-MAMMCT-EN.html?color=NV,Mouratoglou -
Mouratoglou Apparel Men's Match Classic Top,32.89 €,37.00 €,Tennis Clothing,2026-09-11 14:51:34,Tennis Warehouse Europe,https://www.tenniswarehouse-europe.com/Mouratoglou_Apparel_Mens_Match_Classic_Top/descpageMAMOURA-MAMMCT-EN.html?color=WH,Mouratoglou -
Mouratoglou Apparel Men's Match Classic Short,43.90 €,49.00 €,Tennis Clothing,2026-09-11 14:51:34,Tennis Warehouse Europe,https://www.tenniswarehouse-europe.com/Mouratoglou_Apparel_Mens_Match_Classic_Short/descpageMAMOURA-MAMMCS-EN.html?color=NV,Mouratoglou -
Mouratoglou Apparel Men's Match Classic Short,43.90 €,49.00 €,Tennis Clothing,2026-09-11 14:51:34,Tennis Warehouse Europe,https://www.tenniswarehouse-europe.com/Mouratoglou_Apparel_Mens_Match_Classic_Short/descpageMAMOURA-MAMMCS-EN.html?color=WH,Mouratoglou -
Mouratoglou Apparel Men's Cotton Classic T-Shirt,28.90 €,32.00 €,Tennis Clothing,2026-09-11 14:51:34,Tennis Warehouse Europe,https://www.tenniswarehouse-europe.com/Mouratoglou_Apparel_Mens_Cotton_Classic_T-Shirt/descpageMAMOURA-MAMCCT-EN.html?color=BK,Mouratoglou -
Mouratoglou Apparel Men's Cotton Classic T-Shirt,28.90 €,32.00 €,Tennis Clothing,2026-09-11 14:51:34,Tennis Warehouse Europe,https://www.tenniswarehouse-europe.com/Mouratoglou_Apparel_Mens_Cotton_Classic_T-Shirt/descpageMAMOURA-MAMCCT-EN.html?color=NV,Mouratoglou -
Mouratoglou Apparel Men's Cotton Classic T-Shirt,28.90 €,32.00 €,Tennis Clothing,2026-09-11 14:51:34,Tennis Warehouse Europe,https://www.tenniswarehouse-europe.com/Mouratoglou_Apparel_Mens_Cotton_Classic_T-Shirt/descpageMAMOURA-MAMCCT-EN.html?color=WH,Mouratoglou -
Mouratoglou Apparel Men's Graphic Sweat Hoodie,58.90 €,65.00 €,Tennis Clothing,2026-09-11 14:51:34,Tennis Warehouse Europe,https://www.tenniswarehouse-europe.com/Mouratoglou_Apparel_Mens_Graphic_Sweat_Hoodie/descpageMAMOURA-MAMGSH-EN.html?color=BK,Mouratoglou -
Mouratoglou Apparel Men's Graphic Sweat Hoodie,58.90 €,65.00 €,Tennis Clothing,2026-09-11 14:51:34,Tennis Warehouse Europe,https://www.tenniswarehouse-europe.com/Mouratoglou_Apparel_Mens_Graphic_Sweat_Hoodie/descpageMAMOURA-MAMGSH-EN.html?color=NV,Mouratoglou -
Mouratoglou Apparel Men's Jogger Pants,61.90 €,69.00 €,Tennis Clothing,2026-09-11 14:51:34,Tennis Warehouse Europe,https://www.tenniswarehouse-europe.com/Mouratoglou_Apparel_Mens_Jogger_Pants/descpageMAMOURA-MAMJPA-EN.html?color=BK,Mouratoglou -
Mouratoglou Apparel Men's Jogger Pants,61.90 €,69.00 €,Tennis Clothing,2026-09-11 14:51:34,Tennis Warehouse Europe,https://www.tenniswarehouse-europe.com/Mouratoglou_Apparel_Mens_Jogger_Pants/descpageMAMOURA-MAMJPA-EN.html?color=NV,Mouratoglou -
Mouratoglou Apparel Doublewide Wristband,7.90 €,10.00 €,Tennis Clothing,2026-09-11 14:51:34,Tennis Warehouse Europe,https://www.tenniswarehouse-europe.com/Mouratoglou_Apparel_Doublewide_Wristband/descpageMOURA-MSWWB-EN.html?color=WH,Mouratoglou -
Mouratoglou Apparel Match Socks,8.89 €,10.00 €,Tennis Clothing,2026-09-11 14:51:34,Tennis Warehouse Europe,https://www.tenniswarehouse-europe.com/Mouratoglou_Apparel_Match_Socks/descpageMOURA-MAMSO-EN.html,Mouratoglou -
Mouratoglou Apparel Match Socks,8.89 €,10.00 €,Tennis Clothing,2026-09-11 14:51:34,Tennis Warehouse Europe,https://www.tenniswarehouse-europe.com/Mouratoglou_Apparel_Match_Socks/descpageMOURA-MAMSO-EN.html,Mouratoglou -
Tweener Graphic T-Shirt,14.90 €,,Tennis Clothing,2026-09-11 14:51:34,Tennis Warehouse Europe,https://www.tenniswarehouse-europe.com/Nick_Kyrgios_Foundation_Tweener_Graphic_T-Shirt/descpageMANKF-NKFTWEE-EN.html?color=GY,Nick Kyrgios Foundation
Tweener Graphic T-Shirt,14.90 €,,Tennis Clothing,2026-09-11 14:51:34,Tennis Warehouse Europe,https://www.tenniswarehouse-europe.com/Nick_Kyrgios_Foundation_Tweener_Graphic_T-Shirt/descpageMANKF-NKFTWEE-EN.html?color=WH,Nick Kyrgios Foundation
Rubber Wristband - White,3.00 €,,Tennis Clothing,2026-09-11 14:51:34,Tennis Warehouse Europe,https://www.tenniswarehouse-europe.com/Nick_Kyrgios_Foundation_Rubber_Wristband_-_White/descpageNKF-NKFRWB-EN.html?color=WH,Nick Kyrgios Foundation
3D Mini Figurine,4.90 €,,Tennis Clothing,2026-09-11 14:51:34,Tennis Warehouse Europe,https://www.tenniswarehouse-europe.com/Nick_Kyrgios_Foundation_3D_Mini_Figurine/descpageNKF-NKMCF-EN.html?color=WH,Nick Kyrgios Foundation
Men's Summer Pro Top,41.90 €,48.99 €,Tennis Clothing,2026-09-11 14:51:34,Tennis Warehouse Europe,https://www.tenniswarehouse-europe.com/Nox_Mens_Summer_Pro_Top_/descpageMANOXAPP-NOMBCSS-EN.html?color=TE,Nox
Men's Summer Pro Top,41.90 €,48.99 €,Tennis Clothing,2026-09-11 14:51:34,Tennis Warehouse Europe,https://www.tenniswarehouse-europe.com/Nox_Mens_Summer_Pro_Top_/descpageMANOXAPP-NOMBCSS-EN.html?color=WH,Nox
Men's Summer Pro Polo,43.90 €,51.99 €,Tennis Clothing,2026-09-11 14:51:34,Tennis Warehouse Europe,https://www.tenniswarehouse-europe.com/Nox_Mens_Summer_Pro_Polo/descpageMANOXAPP-NOMPPTW-EN.html?color=WH,Nox
Men's Summer Pro Short,43.90 €,51.99 €,Tennis Clothing,2026-09-11 14:51:34,Tennis Warehouse Europe,https://www.tenniswarehouse-europe.com/Nox_Mens_Summer_Pro_Short/descpageMANOXAPP-NMFPBST-EN.html?color=TE,Nox
Men's Summer Pro 2-in-1 Short,46.90 €,54.99 €,Tennis Clothing,2026-09-11 14:51:34,Tennis Warehouse Europe,https://www.tenniswarehouse-europe.com/Nox_Mens_Summer_Pro_2-in-1_Short/descpageMANOXAPP-NMFPBSW-EN.html?color=WH,Nox
Doublewide 2-Pack Wristbands,5.90 €,6.99 €,Tennis Clothing,2026-09-11 14:51:34,Tennis Warehouse Europe,https://www.tenniswarehouse-europe.com/Nox_Doublewide_2-Pack_Wristbands/descpageNOXAPP-NOXWRI-EN.html?color=WH,Nox
Doublewide 2-Pack Wristbands,5.90 €,6.99 €,Tennis Clothing,2026-09-11 14:51:34,Tennis Warehouse Europe,https://www.tenniswarehouse-europe.com/Nox_Doublewide_2-Pack_Wristbands/descpageNOXAPP-NOXWRIS-EN.html?color=GY,Nox
Doublewide 2-Pack Wristbands,5.90 €,6.99 €,Tennis Clothing,2026-09-11 14:51:34,Tennis Warehouse Europe,https://www.tenniswarehouse-europe.com/Nox_Doublewide_2-Pack_Wristbands/descpageNOXAPP-NOXWRIS-EN.html?color=RD,Nox
Men's Fall Pro Short,34.90 €,49.99 €,Tennis Clothing,2026-09-11 14:51:34,Tennis Warehouse Europe,https://www.tenniswarehouse-europe.com/Nox_Mens_Fall_Pro_Short/descpageMANOXAPP-NMFPBS-EN.html?color=PU,Nox
Men's Fall Pro Short,30.90 €,44.99 €,Tennis Clothing,2026-09-11 14:51:34,Tennis Warehouse Europe,https://www.tenniswarehouse-europe.com/Nox_Mens_Fall_Pro_Short/descpageMANOXAPP-NMFDPS-EN.html?color=PU,Nox
Men's Fall Pro Top,21.90 €,43.95 €,Tennis Clothing,2026-09-11 14:51:34,Tennis Warehouse Europe,https://www.tenniswarehouse-europe.com/Nox_Mens_Fall_Pro_Top_/descpageMANOXAPP-NOMPRC-EN.html?color=GY,Nox
Men's Fall Pro Top,21.90 €,43.95 €,Tennis Clothing,2026-09-11 14:51:34,Tennis Warehouse Europe,https://www.tenniswarehouse-europe.com/Nox_Mens_Fall_Pro_Top_/descpageMANOXAPP-CPFMNOX-EN.html?color=LGY,Nox
Men's Fall Pro Top,21.90 €,43.95 €,Tennis Clothing,2026-09-11 14:51:34,Tennis Warehouse Europe,https://www.tenniswarehouse-europe.com/Nox_Mens_Fall_Pro_Top_/descpageMANOXAPP-NMPROCR-EN.html?color=GR,Nox
Men's Fall Pro Henley,24.89 €,49.95 €,Tennis Clothing,2026-09-11 14:51:34,Tennis Warehouse Europe,https://www.tenniswarehouse-europe.com/Nox_Mens_Fall_Pro_Henley/descpageMANOXAPP-NMFPRHE-EN.html?color=GY,Nox
Men's Fall Pro Short,24.89 €,49.95 €,Tennis Clothing,2026-09-11 14:51:34,Tennis Warehouse Europe,https://www.tenniswarehouse-europe.com/Nox_Mens_Fall_Pro_Short/descpageMANOXAPP-NMFPRSH-EN.html?color=GR,Nox
ON Men's Fall Court Top,71.90 €,80.00 €,Tennis Clothing,2026-09-11 14:51:34,Tennis Warehouse Europe,https://www.tenniswarehouse-europe.com/ON_Mens_Fall_Court_Top/descpageMAONAP-OMFCRT-EN.html?color=GR,ON Tennis
ON Men's Court Top,71.90 €,80.00 €,Tennis Clothing,2026-09-11 14:51:34,Tennis Warehouse Europe,https://www.tenniswarehouse-europe.com/ON_Mens_Court_Top/descpageMAONAP-OMCRT-EN.html?color=BK,ON Tennis
ON Men's Court Top,71.90 €,80.00 €,Tennis Clothing,2026-09-11 14:51:34,Tennis Warehouse Europe,https://www.tenniswarehouse-europe.com/ON_Mens_Court_Top/descpageMAONAP-OMCRT-EN.html?color=WH,ON Tennis
ON Men's Fall Court Edit Top,80.90 €,90.00 €,Tennis Clothing,2026-09-11 14:51:34,Tennis Warehouse Europe,https://www.tenniswarehouse-europe.com/ON_Mens_Fall_Court_Edit_Top/descpageMAONAP-OMFCET-EN.html?color=GRL,ON Tennis
ON Men's Fall Court Edit Top,80.90 €,90.00 €,Tennis Clothing,2026-09-11 14:51:34,Tennis Warehouse Europe,https://www.tenniswarehouse-europe.com/ON_Mens_Fall_Court_Edit_Top/descpageMAONAP-OMFCET-EN.html?color=MR,ON Tennis
ON Men's Fall Court Sleeveless Top,62.90 €,70.00 €,Tennis Clothing,2026-09-11 14:51:34,Tennis Warehouse Europe,https://www.tenniswarehouse-europe.com/ON_Mens_Fall_Court_Sleeveless_Top/descpageMAONAP-OMFSLT-EN.html?color=GR,ON Tennis
ON Men's Fall Court Sleeveless Top,62.90 €,70.00 €,Tennis Clothing,2026-09-11 14:51:34,Tennis Warehouse Europe,https://www.tenniswarehouse-europe.com/ON_Mens_Fall_Court_Sleeveless_Top/descpageMAONAP-OMSSLT-EN.html?color=GRL,ON Tennis
ON Men's Court Sleeveless Top,62.90 €,70.00 €,Tennis Clothing,2026-09-11 14:51:34,Tennis Warehouse Europe,https://www.tenniswarehouse-europe.com/ON_Mens_Court_Sleeveless_Top/descpageMAONAP-OMCSLT-EN.html?color=BK,ON Tennis
ON Men's Court Sleeveless Top,62.90 €,70.00 €,Tennis Clothing,2026-09-11 14:51:34,Tennis Warehouse Europe,https://www.tenniswarehouse-europe.com/ON_Mens_Court_Sleeveless_Top/descpageMAONAP-OMCSLT-EN.html?color=WH,ON Tennis
ON Men's Fall Court Polo,89.90 €,100.00 €,Tennis Clothing,2026-09-11 14:51:34,Tennis Warehouse Europe,https://www.tenniswarehouse-europe.com/ON_Mens_Fall_Court_Polo/descpageMAONAP-OMFCP-EN.html?color=GRL,ON Tennis
ON Men's Court Polo,89.90 €,100.00 €,Tennis Clothing,2026-09-11 14:51:34,Tennis Warehouse Europe,https://www.tenniswarehouse-europe.com/ON_Mens_Court_Polo/descpageMAONAP-OMBCP-EN.html?color=WH,ON Tennis
"ON Men's Fall Court 5"" Short",71.90 €,80.00 €,Tennis Clothing,2026-09-11 14:51:34,Tennis Warehouse Europe,https://www.tenniswarehouse-europe.com/ON_Mens_Fall_Court_5_Short/descpageMAONAP-OMFC5S-EN.html?color=GRL,ON Tennis
"ON Men's Court 5"" Short",71.90 €,80.00 €,Tennis Clothing,2026-09-11 14:51:34,Tennis Warehouse Europe,https://www.tenniswarehouse-europe.com/ON_Mens_Court_5_Short/descpageMAONAP-OMBC5S-EN.html?color=BK,ON Tennis
"ON Men's Court 5"" Short",71.90 €,80.00 €,Tennis Clothing,2026-09-11 14:51:34,Tennis Warehouse Europe,https://www.tenniswarehouse-europe.com/ON_Mens_Court_5_Short/descpageMAONAP-OMBC5S-EN.html?color=WH,ON Tennis
"ON Men's Fall Court 7"" Short",71.90 €,80.00 €,Tennis Clothing,2026-09-11 14:51:34,Tennis Warehouse Europe,https://www.tenniswarehouse-europe.com/ON_Mens_Fall_Court_7_Short/descpageMAONAP-OMFC7S-EN.html?color=GR,ON Tennis
"ON Men's Court 7"" Short",71.90 €,80.00 €,Tennis Clothing,2026-09-11 14:51:34,Tennis Warehouse Europe,https://www.tenniswarehouse-europe.com/ON_Mens_Court_7_Short/descpageMAONAP-OMBC7S-EN.html?color=BK,ON Tennis
ON Men's Fall Club Swing T-Shirt,49.90 €,55.00 €,Tennis Clothing,2026-09-11 14:51:34,Tennis Warehouse Europe,https://www.tenniswarehouse-europe.com/ON_Mens_Fall_Club_Swing_T-Shirt/descpageMAONAP-OMCST-EN.html?color=GY,ON Tennis
ON Men's Fall Club T-Shirt,44.90 €,50.00 €,Tennis Clothing,2026-09-11 14:51:34,Tennis Warehouse Europe,https://www.tenniswarehouse-europe.com/ON_Mens_Fall_Club_T-Shirt/descpageMAONAP-OMCLT-EN.html?color=BK,ON Tennis
ON Men's Fall Core Top,53.90 €,60.00 €,Tennis Clothing,2026-09-11 14:51:34,Tennis Warehouse Europe,https://www.tenniswarehouse-europe.com/ON_Mens_Fall_Core_Top/descpageMAONAP-OMFCT-EN.html?color=BL,ON Tennis
"ON Men's Fall Core 7"" Short",54.89 €,60.00 €,Tennis Clothing,2026-09-11 14:51:34,Tennis Warehouse Europe,https://www.tenniswarehouse-europe.com/ON_Mens_Fall_Core_7_Short/descpageMAONAP-OMFO7S-EN.html?color=BL,ON Tennis
"ON Men's Core 7"" Short",53.90 €,60.00 €,Tennis Clothing,2026-09-11 14:51:34,Tennis Warehouse Europe,https://www.tenniswarehouse-europe.com/ON_Mens_Core_7_Short/descpageMAONAP-OMCO7S-EN.html?color=NV,ON Tennis
ON Men's Fall Longsleeve Top,62.90 €,70.00 €,Tennis Clothing,2026-09-11 14:51:34,Tennis Warehouse Europe,https://www.tenniswarehouse-europe.com/ON_Mens_Fall_Longsleeve_Top/descpageMAONAP-OMFLS-EN.html?color=BL,ON Tennis
ON Men's Core 1/4 Zip Longsleeve Top,80.90 €,90.00 €,Tennis Clothing,2026-09-11 14:51:34,Tennis Warehouse Europe,https://www.tenniswarehouse-europe.com/ON_Mens_Core_1_4_Zip_Longsleeve_Top/descpageMAONAP-OMCZT-EN.html?color=BK,ON Tennis
ON Court Hat,53.90 €,60.00 €,Tennis Clothing,2026-09-11 14:51:34,Tennis Warehouse Europe,https://www.tenniswarehouse-europe.com/ON_Court_Hat/descpageONAP-ONCTH-EN.html?color=BK,ON Tennis
ON Court Hat,53.90 €,60.00 €,Tennis Clothing,2026-09-11 14:51:34,Tennis Warehouse Europe,https://www.tenniswarehouse-europe.com/ON_Court_Hat/descpageONAP-ONCTH-EN.html?color=WH,ON Tennis
ON Courtside Wristband Ivory,24.89 €,,Tennis Clothing,2026-09-11 14:51:34,Tennis Warehouse Europe,https://www.tenniswarehouse-europe.com/ON_Courtside_Wristband_Ivory/descpageONAP-ONWRBI-EN.html,ON Tennis
ON Performance 2-Pack Arm Sleeve,45.90 €,50.00 €,Tennis Clothing,2026-09-11 14:51:34,Tennis Warehouse Europe,https://www.tenniswarehouse-europe.com/ON_Performance_2-Pack_Arm_Sleeve/descpageMAONAP-ONPARSL-EN.html?color=BK,ON Tennis
ON Performance 2-Pack Arm Sleeve,45.90 €,50.00 €,Tennis Clothing,2026-09-11 14:51:34,Tennis Warehouse Europe,https://www.tenniswarehouse-europe.com/ON_Performance_2-Pack_Arm_Sleeve/descpageMAONAP-ONPARSL-EN.html?color=WH,ON Tennis
Men's Tennis Performance Ombre Top,45.90 €,65.00 €,Tennis Clothing,2026-09-11 14:51:34,Tennis Warehouse Europe,https://www.tenniswarehouse-europe.com/Original_Penguin_Mens_Tennis_Performance_Ombre_Top/descpageMAORPEN-OPTVT-EN.html?color=BL,Original Penguin
Men's Soft Touch Graphic T-Shirt,31.90 €,45.00 €,Tennis Clothing,2026-09-11 14:51:34,Tennis Warehouse Europe,https://www.tenniswarehouse-europe.com/Original_Penguin_Mens_Soft_Touch_Graphic_T-Shirt/descpageMAORPEN-OPSOTT-EN.html?color=WH,Original Penguin
"Men's Performance Solid 8"" Short",27.89 €,55.00 €,Tennis Clothing,2026-09-11 14:51:34,Tennis Warehouse Europe,https://www.tenniswarehouse-europe.com/Original_Penguin_Mens_Performance_Solid_8_Short/descpageMAORPEN-OPPSS-EN.html?color=BK,Original Penguin
Solid Tennis Hat,23.90 €,30.00 €,Tennis Clothing,2026-09-11 14:51:34,Tennis Warehouse Europe,https://www.tenniswarehouse-europe.com/Original_Penguin_Solid_Tennis_Hat/descpageMAORPEN-OPSTH-EN.html?color=NV,Original Penguin
x Smiley Tennis Hat Black,17.90 €,19.95 €,Tennis Clothing,2026-09-11 14:51:34,Tennis Warehouse Europe,https://www.tenniswarehouse-europe.com/Prince_x_Smiley_Tennis_Hat_Black/descpagePRINCEA-PSHATB-EN.html,Prince
x Smiley Tennis Hat White,17.90 €,19.95 €,Tennis Clothing,2026-09-11 14:51:34,Tennis Warehouse Europe,https://www.tenniswarehouse-europe.com/Prince_x_Smiley_Tennis_Hat_White/descpagePRINCEA-PSHATW-EN.html,Prince
x Smiley Singlewide Wristbands Black,6.90 €,8.95 €,Tennis Clothing,2026-09-11 14:51:34,Tennis Warehouse Europe,https://www.tenniswarehouse-europe.com/Prince_x_Smiley_Singlewide_Wristbands_Black/descpagePRINCEA-PSSWBB-EN.html,Prince
Roland Garros Men's T-Shirt,17.50 €,25.00 €,Tennis Clothing,2026-09-11 14:51:34,Tennis Warehouse Europe,https://www.tenniswarehouse-europe.com/Roland_Garros_Mens_T-Shirt/descpageMARGWP-RG26MTS-EN.html?color=NV,Weeplay
Roland Garros Men's Big Logo T-Shirt,17.50 €,25.00 €,Tennis Clothing,2026-09-11 14:51:34,Tennis Warehouse Europe,https://www.tenniswarehouse-europe.com/Roland_Garros_Mens_Big_Logo_T-Shirt/descpageMARGWP-RG26BTS-EN.html?color=NV,Weeplay
Roland Garros Men's Graphic T-Shirt,17.50 €,25.00 €,Tennis Clothing,2026-09-11 14:51:34,Tennis Warehouse Europe,https://www.tenniswarehouse-europe.com/Roland_Garros_Mens_Graphic_T-Shirt/descpageMARGWP-RG26GTS-EN.html?color=WH,Weeplay
Roland Garros Men's Performance Top,20.90 €,30.00 €,Tennis Clothing,2026-09-11 14:51:34,Tennis Warehouse Europe,https://www.tenniswarehouse-europe.com/Roland_Garros_Mens_Performance_Top/descpageMARGWP-RG26PT-EN.html?color=NVR,Weeplay
Roland Garros Men's Big Logo Hoodie,38.50 €,55.00 €,Tennis Clothing,2026-09-11 14:51:34,Tennis Warehouse Europe,https://www.tenniswarehouse-europe.com/Roland_Garros_Mens_Big_Logo_Hoodie/descpageMARGWP-RG26LH-EN.html?color=WH,Weeplay
Roland Garros Men's Sweat Short,26.89 €,39.00 €,Tennis Clothing,2026-09-11 14:51:34,Tennis Warehouse Europe,https://www.tenniswarehouse-europe.com/Roland_Garros_Mens_Sweat_Short/descpageMARGWP-RG26MS-EN.html?color=NV,Weeplay
Roland Garros Men's Performance Short,26.89 €,39.00 €,Tennis Clothing,2026-09-11 14:51:34,Tennis Warehouse Europe,https://www.tenniswarehouse-europe.com/Roland_Garros_Mens_Performance_Short/descpageMARGWP-RG26PS-EN.html?color=NV,Weeplay
Roland Garros Graphic Hat Navy,12.50 €,18.00 €,Tennis Clothing,2026-09-11 14:51:34,Tennis Warehouse Europe,https://www.tenniswarehouse-europe.com/Roland_Garros_Graphic_Hat_Navy/descpageMARGWP-RG26GHN-EN.html,Weeplay
Roland Garros Logo Kid's Hat Navy,12.50 €,18.00 €,Tennis Clothing,2026-09-11 14:51:34,Tennis Warehouse Europe,https://www.tenniswarehouse-europe.com/Roland_Garros_Logo_Kids_Hat_Navy/descpageMARGWP-RG26LHK-EN.html,Weeplay
Roland Garros 2-Pack Wristbands White,6.90 €,10.00 €,Tennis Clothing,2026-09-11 14:51:34,Tennis Warehouse Europe,https://www.tenniswarehouse-europe.com/Roland_Garros_2-Pack_Wristbands_White/descpageMARGWP-RG262PW-EN.html,Weeplay
Roland Garros Performance Headband White/Pink,8.90 €,13.00 €,Tennis Clothing,2026-09-11 14:51:34,Tennis Warehouse Europe,https://www.tenniswarehouse-europe.com/Roland_Garros_Performance_Headband_White_Pink/descpageMARGWP-RGW26PB-EN.html,Weeplay
Roland Garros 3-Pack Sport Socks,13.90 €,20.00 €,Tennis Clothing,2026-09-11 14:51:34,Tennis Warehouse Europe,https://www.tenniswarehouse-europe.com/Roland_Garros_3-Pack_Sport_Socks/descpageMARGWP-RG263PS-EN.html,Weeplay
Roland Garros Backpack,30.00 €,50.00 €,Tennis Clothing,2026-09-11 14:51:34,Tennis Warehouse Europe,https://www.tenniswarehouse-europe.com/Roland_Garros_Backpack/descpageBGLPDRG-ROG23BP-EN.html,La Plume Doree
Roland Garros Hat Magnet,5.90 €,7.90 €,Tennis Clothing,2026-09-11 14:51:34,Tennis Warehouse Europe,https://www.tenniswarehouse-europe.com/Roland_Garros_Hat_Magnet/descpageLPDRG-RG25HAM-EN.html,La Plume Doree
Roland Garros Street Sign Key Ring,5.90 €,7.90 €,Tennis Clothing,2026-09-11 14:51:34,Tennis Warehouse Europe,https://www.tenniswarehouse-europe.com/Roland_Garros_Street_Sign_Key_Ring/descpageLPDRG-RG25KRE-EN.html,La Plume Doree
Roland Garros Magnet,5.90 €,7.90 €,Tennis Clothing,2026-09-11 14:51:34,Tennis Warehouse Europe,https://www.tenniswarehouse-europe.com/Roland_Garros_Magnet/descpageLPDRG-RG25RMG-EN.html,La Plume Doree
Roland Garros Rubber Key Ring,5.95 €,,Tennis Clothing,2026-09-11 14:51:34,Tennis Warehouse Europe,https://www.tenniswarehouse-europe.com/Roland_Garros_Rubber_Key_Ring/descpageLPDRG-RG25RKR-EN.html,La Plume Doree
Roland Garros Yellow Ball Key Ring,7.90 €,8.70 €,Tennis Clothing,2026-09-11 14:51:34,Tennis Warehouse Europe,https://www.tenniswarehouse-europe.com/Roland_Garros_Yellow_Ball_Key_Ring/descpageLPDRG-RG23YBKR-EN.html,La Plume Doree
Men's X-Loop Top,44.89 €,50.00 €,Tennis Clothing,2026-09-11 14:51:34,Tennis Warehouse Europe,https://www.tenniswarehouse-europe.com/Tecnifibre_Mens_X-Loop_Top/descpageMATECNIA-TE26XLC-EN.html?color=BE,Tecnifibre
Men's Knit Pro Polo,53.90 €,60.00 €,Tennis Clothing,2026-09-11 14:51:34,Tennis Warehouse Europe,https://www.tenniswarehouse-europe.com/Tecnifibre_Mens_Knit_Pro_Polo/descpageMATECNIA-TE26KPP-EN.html?color=NV,Tecnifibre
Men's Pro Soft Graphic T-Shirt,31.90 €,35.00 €,Tennis Clothing,2026-09-11 14:51:34,Tennis Warehouse Europe,https://www.tenniswarehouse-europe.com/Tecnifibre_Mens_Pro_Soft_Graphic_T-Shirt/descpageMATECNIA-TM26PSG-EN.html?color=BE,Tecnifibre
Men's Pro Soft Graphic T-Shirt,31.90 €,35.00 €,Tennis Clothing,2026-09-11 14:51:34,Tennis Warehouse Europe,https://www.tenniswarehouse-europe.com/Tecnifibre_Mens_Pro_Soft_Graphic_T-Shirt/descpageMATECNIA-TM26PSG-EN.html?color=NV,Tecnifibre
Men's Pro Soft Graphic T-Shirt,31.90 €,35.00 €,Tennis Clothing,2026-09-11 14:51:34,Tennis Warehouse Europe,https://www.tenniswarehouse-europe.com/Tecnifibre_Mens_Pro_Soft_Graphic_T-Shirt/descpageMATECNIA-TM26PSG-EN.html?color=RD,Tecnifibre
Men's Pro Thermo Zip Longsleeve,67.90 €,75.00 €,Tennis Clothing,2026-09-11 14:51:34,Tennis Warehouse Europe,https://www.tenniswarehouse-europe.com/Tecnifibre_Mens_Pro_Thermo_Zip_Longsleeve/descpageMATECNIA-TMPTZL-EN.html?color=NV,Tecnifibre
Men's Pro Sherpa Zip Pro Jacket,107.89 €,120.00 €,Tennis Clothing,2026-09-11 14:51:34,Tennis Warehouse Europe,https://www.tenniswarehouse-europe.com/Tecnifibre_Mens_Pro_Sherpa_Zip_Pro_Jacket/descpageMATECNIA-TM26SJ-EN.html?color=BG,Tecnifibre
Men's Light Pro Pants,62.90 €,70.00 €,Tennis Clothing,2026-09-11 14:51:34,Tennis Warehouse Europe,https://www.tenniswarehouse-europe.com/Tecnifibre_Mens_Light_Pro_Pants/descpageMATECNIA-TMLIPJ-EN.html?color=NV,Tecnifibre
Men's Team Corpo Top,16.90 €,20.00 €,Tennis Clothing,2026-09-11 14:51:34,Tennis Warehouse Europe,https://www.tenniswarehouse-europe.com/Tecnifibre_Mens_Team_Corpo_Top/descpageMATECNIA-TCOTP-EN.html?color=NV,Tecnifibre
Men's Team Stretch T-Shirt,19.90 € - 22.90 €,30.00€,Tennis Clothing,2026-09-11 14:51:34,Tennis Warehouse Europe,https://www.tenniswarehouse-europe.com/Tecnifibre_Mens_Team_Stretch_T-Shirt/descpageMATECNIA-TCSTT-EN.html?color=GR,Tecnifibre
Men's Team Stretch T-Shirt,19.90 € - 22.90 €,30.00€,Tennis Clothing,2026-09-11 14:51:34,Tennis Warehouse Europe,https://www.tenniswarehouse-europe.com/Tecnifibre_Mens_Team_Stretch_T-Shirt/descpageMATECNIA-TCSTT-EN.html?color=LB,Tecnifibre
Men's Team Stretch T-Shirt,19.90 € - 22.90 €,30.00€,Tennis Clothing,2026-09-11 14:51:34,Tennis Warehouse Europe,https://www.tenniswarehouse-europe.com/Tecnifibre_Mens_Team_Stretch_T-Shirt/descpageMATECNIA-TCSTT-EN.html?color=NV,Tecnifibre
Men's Team Stretch T-Shirt,19.90 € - 22.90 €,30.00€,Tennis Clothing,2026-09-11 14:51:34,Tennis Warehouse Europe,https://www.tenniswarehouse-europe.com/Tecnifibre_Mens_Team_Stretch_T-Shirt/descpageMATECNIA-TCSTT-EN.html?color=RD,Tecnifibre
Men's Team Tech Top,28.91 € - 31.90 €,40.00€,Tennis Clothing,2026-09-11 14:51:34,Tennis Warehouse Europe,https://www.tenniswarehouse-europe.com/Tecnifibre_Mens_Team_Tech_Top/descpageMATECNIA-TCTCT-EN.html?color=LB,Tecnifibre
Men's Team Tech Top,28.91 € - 31.90 €,40.00€,Tennis Clothing,2026-09-11 14:51:34,Tennis Warehouse Europe,https://www.tenniswarehouse-europe.com/Tecnifibre_Mens_Team_Tech_Top/descpageMATECNIA-TCTCT-EN.html?color=NV,Tecnifibre
Men's Team Tech Top,28.91 € - 31.90 €,40.00€,Tennis Clothing,2026-09-11 14:51:34,Tennis Warehouse Europe,https://www.tenniswarehouse-europe.com/Tecnifibre_Mens_Team_Tech_Top/descpageMATECNIA-TCTCT-EN.html?color=RD,Tecnifibre
Men's Team Tech Top,28.91 € - 31.90 €,40.00€,Tennis Clothing,2026-09-11 14:51:34,Tennis Warehouse Europe,https://www.tenniswarehouse-europe.com/Tecnifibre_Mens_Team_Tech_Top/descpageMATECNIA-TCTCT-EN.html?color=WH,Tecnifibre
Men's Team Tech Polo,29.90 €,50.00 €,Tennis Clothing,2026-09-11 14:51:34,Tennis Warehouse Europe,https://www.tenniswarehouse-europe.com/Tecnifibre_Mens_Team_Tech_Polo/descpageMATECNIA-TCTTP-EN.html?color=LB,Tecnifibre
Men's Team Tech Polo,29.90 €,50.00 €,Tennis Clothing,2026-09-11 14:51:34,Tennis Warehouse Europe,https://www.tenniswarehouse-europe.com/Tecnifibre_Mens_Team_Tech_Polo/descpageMATECNIA-TCTTP-EN.html?color=NV,Tecnifibre
Men's Team Tech Polo,29.90 €,50.00 €,Tennis Clothing,2026-09-11 14:51:34,Tennis Warehouse Europe,https://www.tenniswarehouse-europe.com/Tecnifibre_Mens_Team_Tech_Polo/descpageMATECNIA-TCTTP-EN.html?color=WH,Tecnifibre
Men's Team X-Loop Top,34.90 €,50.00 €,Tennis Clothing,2026-09-11 14:51:34,Tennis Warehouse Europe,https://www.tenniswarehouse-europe.com/Tecnifibre_Mens_Team_X-Loop_Top/descpageMATECNIA-TCXLT-EN.html?color=GRL,Tecnifibre
Men's Team X-Loop Top,34.90 €,50.00 €,Tennis Clothing,2026-09-11 14:51:34,Tennis Warehouse Europe,https://www.tenniswarehouse-europe.com/Tecnifibre_Mens_Team_X-Loop_Top/descpageMATECNIA-TCXLT-EN.html?color=RD,Tecnifibre
Men's Team Stretch Short,32.90 € - 38.90 €,45.00€,Tennis Clothing,2026-09-11 14:51:34,Tennis Warehouse Europe,https://www.tenniswarehouse-europe.com/Tecnifibre_Mens_Team_Stretch_Short/descpageMATECNIA-TCSTS-EN.html?color=BLL,Tecnifibre
Men's Team Stretch Short,32.90 € - 38.90 €,45.00€,Tennis Clothing,2026-09-11 14:51:34,Tennis Warehouse Europe,https://www.tenniswarehouse-europe.com/Tecnifibre_Mens_Team_Stretch_Short/descpageMATECNIA-TCSTS-EN.html?color=GRL,Tecnifibre
Men's Team Stretch Short,32.90 € - 38.90 €,45.00€,Tennis Clothing,2026-09-11 14:51:34,Tennis Warehouse Europe,https://www.tenniswarehouse-europe.com/Tecnifibre_Mens_Team_Stretch_Short/descpageMATECNIA-TCSTS-EN.html?color=NV,Tecnifibre
Men's Team Stretch Short,32.90 € - 38.90 €,45.00€,Tennis Clothing,2026-09-11 14:51:34,Tennis Warehouse Europe,https://www.tenniswarehouse-europe.com/Tecnifibre_Mens_Team_Stretch_Short/descpageMATECNIA-TCSTS-EN.html?color=RD,Tecnifibre
Men's Team Stretch Short,32.90 € - 38.90 €,45.00€,Tennis Clothing,2026-09-11 14:51:34,Tennis Warehouse Europe,https://www.tenniswarehouse-europe.com/Tecnifibre_Mens_Team_Stretch_Short/descpageMATECNIA-TCSTS-EN.html?color=WH,Tecnifibre
Unisex Team Terry Sweater,41.90 €,60.00 €,Tennis Clothing,2026-09-11 14:51:34,Tennis Warehouse Europe,https://www.tenniswarehouse-europe.com/Tecnifibre_Unisex_Team_Terry_Sweater/descpageMATECNIA-TCUTTS-EN.html?color=NV,Tecnifibre
Unisex Team Terry Sweater,41.90 €,60.00 €,Tennis Clothing,2026-09-11 14:51:34,Tennis Warehouse Europe,https://www.tenniswarehouse-europe.com/Tecnifibre_Unisex_Team_Terry_Sweater/descpageMATECNIA-TCUTTS-EN.html?color=RD,Tecnifibre
Unisex Team Terry Hoodie,49.90 €,70.00 €,Tennis Clothing,2026-09-11 14:51:34,Tennis Warehouse Europe,https://www.tenniswarehouse-europe.com/Tecnifibre_Unisex_Team_Terry_Hoodie/descpageMATECNIA-TCUTTH-EN.html?color=BL,Tecnifibre
Unisex Team Terry Hoodie,49.90 €,70.00 €,Tennis Clothing,2026-09-11 14:51:34,Tennis Warehouse Europe,https://www.tenniswarehouse-europe.com/Tecnifibre_Unisex_Team_Terry_Hoodie/descpageMATECNIA-TCUTTH-EN.html?color=GRL,Tecnifibre
Men's Team Light Jacket,55.91 €,75.00 €,Tennis Clothing,2026-09-11 14:51:34,Tennis Warehouse Europe,https://www.tenniswarehouse-europe.com/Tecnifibre_Mens_Team_Light_Jacket/descpageMATECNIA-TCTLJ-EN.html?color=BL,Tecnifibre
Men's Team Light Jacket,55.91 €,75.00 €,Tennis Clothing,2026-09-11 14:51:34,Tennis Warehouse Europe,https://www.tenniswarehouse-europe.com/Tecnifibre_Mens_Team_Light_Jacket/descpageMATECNIA-TCTLJ-EN.html?color=GRL,Tecnifibre
Men's Team Light Jacket,55.91 €,75.00 €,Tennis Clothing,2026-09-11 14:51:34,Tennis Warehouse Europe,https://www.tenniswarehouse-europe.com/Tecnifibre_Mens_Team_Light_Jacket/descpageMATECNIA-TCTLJ-EN.html?color=NV,Tecnifibre
Men's Team Light Jacket,55.91 €,75.00 €,Tennis Clothing,2026-09-11 14:51:34,Tennis Warehouse Europe,https://www.tenniswarehouse-europe.com/Tecnifibre_Mens_Team_Light_Jacket/descpageMATECNIA-TCTLJ-EN.html?color=WH,Tecnifibre
Men's Team Terry Pant,44.90 €,60.00 €,Tennis Clothing,2026-09-11 14:51:34,Tennis Warehouse Europe,https://www.tenniswarehouse-europe.com/Tecnifibre_Mens_Team_Terry_Pant/descpageMATECNIA-TCTTEP-EN.html?color=GR,Tecnifibre
Men's Team Terry Pant,44.90 €,60.00 €,Tennis Clothing,2026-09-11 14:51:34,Tennis Warehouse Europe,https://www.tenniswarehouse-europe.com/Tecnifibre_Mens_Team_Terry_Pant/descpageMATECNIA-TCTTEP-EN.html?color=NV,Tecnifibre
Men's Team Terry Pant,44.90 €,60.00 €,Tennis Clothing,2026-09-11 14:51:34,Tennis Warehouse Europe,https://www.tenniswarehouse-europe.com/Tecnifibre_Mens_Team_Terry_Pant/descpageMATECNIA-TCTTEP-EN.html?color=WH,Tecnifibre
3-Pack Low Cut Socks White/Navy/Blue,20.00 €,20.00 €,Tennis Clothing,2026-09-11 14:51:34,Tennis Warehouse Europe,https://www.tenniswarehouse-europe.com/Tecnifibre_3-Pack_Low_Cut_Socks_White_Navy_Blue/descpageMATECNIA-T3PLSM-EN.html?color=MX,Tecnifibre
3-Pack Low Cut Socks Navy,20.00 €,20.00 €,Tennis Clothing,2026-09-11 14:51:34,Tennis Warehouse Europe,https://www.tenniswarehouse-europe.com/Tecnifibre_3-Pack_Low_Cut_Socks_Navy/descpageMATECNIA-T3PLSN-EN.html?color=NV,Tecnifibre
3-Pack Low Cut Socks White,20.00 €,20.00 €,Tennis Clothing,2026-09-11 14:51:34,Tennis Warehouse Europe,https://www.tenniswarehouse-europe.com/Tecnifibre_3-Pack_Low_Cut_Socks_White/descpageMATECNIA-T3PLSW-EN.html?color=WH,Tecnifibre
3-Pack High Cut Socks White/Navy/Blue,20.00 €,20.00 €,Tennis Clothing,2026-09-11 14:51:34,Tennis Warehouse Europe,https://www.tenniswarehouse-europe.com/Tecnifibre_3-Pack_High_Cut_Socks_White_Navy_Blue/descpageMATECNIA-T3PHSM-EN.html?color=MX,Tecnifibre
3-Pack High Cut Socks Navy,20.00 €,20.00 €,Tennis Clothing,2026-09-11 14:51:34,Tennis Warehouse Europe,https://www.tenniswarehouse-europe.com/Tecnifibre_3-Pack_High_Cut_Socks_Navy/descpageMATECNIA-T3PHSN-EN.html?color=NV,Tecnifibre
3-Pack High Cut Socks White,20.00 €,20.00 €,Tennis Clothing,2026-09-11 14:51:34,Tennis Warehouse Europe,https://www.tenniswarehouse-europe.com/Tecnifibre_3-Pack_High_Cut_Socks_White/descpageMATECNIA-T3PHSW-EN.html?color=WH,Tecnifibre
3-Pack Low Cut Socks Navy,20.00 €,20.00 €,Tennis Clothing,2026-09-11 14:51:34,Tennis Warehouse Europe,https://www.tenniswarehouse-europe.com/Tecnifibre_3-Pack_Low_Cut_Socks_Navy/descpageMATECNIA-T3PLCSN-EN.html?color=NV,Tecnifibre
3-Pack Low Cut Socks White,20.00 €,20.00 €,Tennis Clothing,2026-09-11 14:51:34,Tennis Warehouse Europe,https://www.tenniswarehouse-europe.com/Tecnifibre_3-Pack_Low_Cut_Socks_White/descpageMATECNIA-T3PLCSW-EN.html?color=WH,Tecnifibre
3-Pack High Cut Socks Navy,20.00 €,20.00 €,Tennis Clothing,2026-09-11 14:51:34,Tennis Warehouse Europe,https://www.tenniswarehouse-europe.com/Tecnifibre_3-Pack_High_Cut_Socks_Navy/descpageMATECNIA-T3PHCSN-EN.html?color=NV,Tecnifibre
Men's X-Loop Top,39.90 €,50.00 €,Tennis Clothing,2026-09-11 14:51:34,Tennis Warehouse Europe,https://www.tenniswarehouse-europe.com/Tecnifibre_Mens_X-Loop_Top/descpageMATECNIA-TE25XLC-EN.html?color=NV,Tecnifibre
Men's X-Loop Short,39.90 €,50.00 €,Tennis Clothing,2026-09-11 14:51:34,Tennis Warehouse Europe,https://www.tenniswarehouse-europe.com/Tecnifibre_Mens_X-Loop_Short/descpageMATECNIA-TM25XLS-EN.html?color=BE,Tecnifibre
Men's Pro Waffle Polo,40.90 €,60.00 €,Tennis Clothing,2026-09-11 14:51:34,Tennis Warehouse Europe,https://www.tenniswarehouse-europe.com/Tecnifibre_Mens_Pro_Waffle_Polo/descpageMATECNIA-TM25PWP-EN.html?color=NV,Tecnifibre
Men's Pro Tech Bomber Jacket,95.90 €,120.00 €,Tennis Clothing,2026-09-11 14:51:34,Tennis Warehouse Europe,https://www.tenniswarehouse-europe.com/Tecnifibre_Mens_Pro_Tech_Bomber_Jacket/descpageMATECNIA-TM25TBJ-EN.html?color=NV,Tecnifibre
Men's Light Pants,55.91 €,70.00 €,Tennis Clothing,2026-09-11 14:51:34,Tennis Warehouse Europe,https://www.tenniswarehouse-europe.com/Tecnifibre_Mens_Light_Pants/descpageMATECNIA-TMLP-EN.html?color=NV,Tecnifibre
Men's Spring X-Loop Top,29.90 €,50.00 €,Tennis Clothing,2026-09-11 14:51:34,Tennis Warehouse Europe,https://www.tenniswarehouse-europe.com/Tecnifibre_Mens_Spring_X-Loop_Top/descpageMATECNIA-TESXLC-EN.html?color=CO,Tecnifibre
Men's Team Tech Top,19.90 €,40.00 €,Tennis Clothing,2026-09-11 14:51:34,Tennis Warehouse Europe,https://www.tenniswarehouse-europe.com/Tecnifibre_Mens_Team_Tech_Top/descpageMATECNIA-TMTTT-EN.html?color=BL,Tecnifibre
Laser Hat,19.90 €,25.00 €,Tennis Clothing,2026-09-11 14:51:34,Tennis Warehouse Europe,https://www.tenniswarehouse-europe.com/Tecnifibre_Laser_Hat/descpageTECNIA-TCLAH-EN.html?color=GRL,Tecnifibre
Laser Hat,19.90 €,25.00 €,Tennis Clothing,2026-09-11 14:51:34,Tennis Warehouse Europe,https://www.tenniswarehouse-europe.com/Tecnifibre_Laser_Hat/descpageTECNIA-TCLAH-EN.html?color=LB,Tecnifibre
Laser Hat,19.90 €,25.00 €,Tennis Clothing,2026-09-11 14:51:34,Tennis Warehouse Europe,https://www.tenniswarehouse-europe.com/Tecnifibre_Laser_Hat/descpageTECNIA-TCLAH-EN.html?color=NV,Tecnifibre
Laser Hat,19.90 €,25.00 €,Tennis Clothing,2026-09-11 14:51:34,Tennis Warehouse Europe,https://www.tenniswarehouse-europe.com/Tecnifibre_Laser_Hat/descpageTECNIA-TCLAH-EN.html?color=RD,Tecnifibre
Tech Visor,17.90 €,20.00 €,Tennis Clothing,2026-09-11 14:51:34,Tennis Warehouse Europe,https://www.tenniswarehouse-europe.com/Tecnifibre_Tech_Visor/descpageTECNIA-TTVI-EN.html?color=NV,Tecnifibre
Tech Visor,17.90 €,20.00 €,Tennis Clothing,2026-09-11 14:51:34,Tennis Warehouse Europe,https://www.tenniswarehouse-europe.com/Tecnifibre_Tech_Visor/descpageTECNIA-TTVI-EN.html?color=WH,Tecnifibre
2-Pack Singlewide Wristbands White,5.90 €,6.99 €,Tennis Clothing,2026-09-11 14:51:34,Tennis Warehouse Europe,https://www.tenniswarehouse-europe.com/Tecnifibre_2-Pack_Singlewide_Wristbands_White/descpageTECNIA-T2PSW-EN.html,Tecnifibre
Total Padel Cotton Logo T-Shirt Men's,9.90 €,15.00 €,Tennis Clothing,2026-09-11 14:51:34,Tennis Warehouse Europe,https://www.tenniswarehouse-europe.com/Total_Padel_Cotton_Logo_T-Shirt_Mens/descpageMAJCAR-TPCLTSM-EN.html?color=BK,JCarroll
Tennis Warehouse Vibration Worm Dampener,1.40 €,,Tennis Clothing,2026-09-11 14:51:34,Tennis Warehouse Europe,https://www.tenniswarehouse-europe.com/Tennis_Warehouse_Vibration_Worm_Dampener/descpageTWUS-TWWORM-EN.html,Tennis Warehouse US
Tennis Warehouse Vibration Dampener,1.00 €,,Tennis Clothing,2026-09-11 14:51:34,Tennis Warehouse Europe,https://www.tenniswarehouse-europe.com/Tennis_Warehouse_Vibration_Dampener/descpageTWUS-TWDAMP-EN.html,Tennis Warehouse US
Men's Fall Tech Textured Top,29.89 €,33.00 €,Tennis Clothing,2026-09-11 14:51:34,Tennis Warehouse Europe,https://www.tenniswarehouse-europe.com/Under_Armour_Mens_Fall_Tech_Textured_Top/descpageMAUAA-UAMSTT2-EN.html?color=BL,Under Armour
Men's Fall Tech Textured Top,29.89 €,33.00 €,Tennis Clothing,2026-09-11 14:51:34,Tennis Warehouse Europe,https://www.tenniswarehouse-europe.com/Under_Armour_Mens_Fall_Tech_Textured_Top/descpageMAUAA-UAMSTT2-EN.html?color=GR,Under Armour
Men's Fall Tech Textured Top,29.89 €,33.00 €,Tennis Clothing,2026-09-11 14:51:34,Tennis Warehouse Europe,https://www.tenniswarehouse-europe.com/Under_Armour_Mens_Fall_Tech_Textured_Top/descpageMAUAA-UAMSTT2-EN.html?color=LB,Under Armour
Men's Fall Tech Textured Top,29.89 €,33.00 €,Tennis Clothing,2026-09-11 14:51:34,Tennis Warehouse Europe,https://www.tenniswarehouse-europe.com/Under_Armour_Mens_Fall_Tech_Textured_Top/descpageMAUAA-UAMSTT2-EN.html?color=PK,Under Armour
Men's Basic Tech Top,26.89 €,30.00 €,Tennis Clothing,2026-09-11 14:51:34,Tennis Warehouse Europe,https://www.tenniswarehouse-europe.com/Under_Armour_Mens_Basic_Tech_Top/descpageMAUAA-UAMSBTE-EN.html?color=BK,Under Armour
Men's Basic Tech Top,26.89 €,30.00 €,Tennis Clothing,2026-09-11 14:51:34,Tennis Warehouse Europe,https://www.tenniswarehouse-europe.com/Under_Armour_Mens_Basic_Tech_Top/descpageMAUAA-UAMSBTE-EN.html?color=GY,Under Armour
Men's Basic Tech Top,26.89 €,30.00 €,Tennis Clothing,2026-09-11 14:51:34,Tennis Warehouse Europe,https://www.tenniswarehouse-europe.com/Under_Armour_Mens_Basic_Tech_Top/descpageMAUAA-UAMSBTE-EN.html?color=NV,Under Armour
Men's Basic Tech Top,26.89 €,30.00 €,Tennis Clothing,2026-09-11 14:51:34,Tennis Warehouse Europe,https://www.tenniswarehouse-europe.com/Under_Armour_Mens_Basic_Tech_Top/descpageMAUAA-UAMSBTE-EN.html?color=RD,Under Armour
Men's Basic Tech Top,26.89 €,30.00 €,Tennis Clothing,2026-09-11 14:51:34,Tennis Warehouse Europe,https://www.tenniswarehouse-europe.com/Under_Armour_Mens_Basic_Tech_Top/descpageMAUAA-UAMSBTE-EN.html?color=RY,Under Armour
Men's Basic Tech Top,26.89 €,30.00 €,Tennis Clothing,2026-09-11 14:51:34,Tennis Warehouse Europe,https://www.tenniswarehouse-europe.com/Under_Armour_Mens_Basic_Tech_Top/descpageMAUAA-UAMSBTE-EN.html?color=WH,Under Armour
Men's Basic Tech Top,26.89 €,30.00 €,Tennis Clothing,2026-09-11 14:51:34,Tennis Warehouse Europe,https://www.tenniswarehouse-europe.com/Under_Armour_Mens_Basic_Tech_Top/descpageMAUAA-UAMBTCR-EN.html?color=GY,Under Armour
Men's Basic Camo ABC T-Shirt,31.90 €,35.00 €,Tennis Clothing,2026-09-11 14:51:34,Tennis Warehouse Europe,https://www.tenniswarehouse-europe.com/Under_Armour_Mens_Basic_Camo_ABC_T-Shirt/descpageMAUAA-UAMCT26-EN.html?color=BE,Under Armour
Men's Tech Sleeveless Top,23.90 €,30.00 €,Tennis Clothing,2026-09-11 14:51:34,Tennis Warehouse Europe,https://www.tenniswarehouse-europe.com/Under_Armour_Mens_Tech_Sleeveless_Top/descpageMAUAA-UATECST-EN.html?color=BK,Under Armour
Men's Woven Wdmk Short,26.89 €,30.00 €,Tennis Clothing,2026-09-11 14:51:34,Tennis Warehouse Europe,https://www.tenniswarehouse-europe.com/Under_Armour_Mens_Woven_Wdmk_Short/descpageMAUAA-UAWWDMS-EN.html?color=BK,Under Armour
Men's Woven Wdmk Short,26.89 €,30.00 €,Tennis Clothing,2026-09-11 14:51:34,Tennis Warehouse Europe,https://www.tenniswarehouse-europe.com/Under_Armour_Mens_Woven_Wdmk_Short/descpageMAUAA-UAWWDMS-EN.html?color=GY,Under Armour
Men's Woven Wdmk Short,26.89 €,30.00 €,Tennis Clothing,2026-09-11 14:51:34,Tennis Warehouse Europe,https://www.tenniswarehouse-europe.com/Under_Armour_Mens_Woven_Wdmk_Short/descpageMAUAA-UAWWDMS-EN.html?color=NV,Under Armour
Men's Basic Woven Wdmk Short,26.89 €,30.00 €,Tennis Clothing,2026-09-11 14:51:34,Tennis Warehouse Europe,https://www.tenniswarehouse-europe.com/Under_Armour_Mens_Basic_Woven_Wdmk_Short/descpageMAUAA-UAWMSRB-EN.html?color=LGY,Under Armour
Men's Fall Woven Wdmk Short,26.89 €,30.00 €,Tennis Clothing,2026-09-11 14:51:34,Tennis Warehouse Europe,https://www.tenniswarehouse-europe.com/Under_Armour_Mens_Fall_Woven_Wdmk_Short/descpageMAUAA-UAWMSR5-EN.html?color=BE,Under Armour
Men's Fall Woven Wdmk Short,26.89 €,30.00 €,Tennis Clothing,2026-09-11 14:51:34,Tennis Warehouse Europe,https://www.tenniswarehouse-europe.com/Under_Armour_Mens_Fall_Woven_Wdmk_Short/descpageMAUAA-UAWMSR5-EN.html?color=BL,Under Armour
Men's Vanish Woven 2.0 Short,40.90 €,45.00 €,Tennis Clothing,2026-09-11 14:51:34,Tennis Warehouse Europe,https://www.tenniswarehouse-europe.com/Under_Armour_Mens_Vanish_Woven_20_Short/descpageMAUAA-UAWMSR2-EN.html?color=BK,Under Armour
Men's Vanish Woven 2.0 Short,40.90 €,45.00 €,Tennis Clothing,2026-09-11 14:51:34,Tennis Warehouse Europe,https://www.tenniswarehouse-europe.com/Under_Armour_Mens_Vanish_Woven_20_Short/descpageMAUAA-UAWMSR2-EN.html?color=BE,Under Armour
Men's Vanish Woven 2in1 2.0 Short,49.90 €,55.00 €,Tennis Clothing,2026-09-11 14:51:34,Tennis Warehouse Europe,https://www.tenniswarehouse-europe.com/Under_Armour_Mens_Vanish_Woven_2in1_20_Short/descpageMAUAA-UAWMS21-EN.html?color=BK,Under Armour
Men's Vanish Woven 2in1 2.0 Short,49.90 €,55.00 €,Tennis Clothing,2026-09-11 14:51:34,Tennis Warehouse Europe,https://www.tenniswarehouse-europe.com/Under_Armour_Mens_Vanish_Woven_2in1_20_Short/descpageMAUAA-UAWMS21-EN.html?color=GY,Under Armour
Men's Basic Tech Zip Longsleeve,40.90 €,45.00 €,Tennis Clothing,2026-09-11 14:51:34,Tennis Warehouse Europe,https://www.tenniswarehouse-europe.com/Under_Armour_Mens_Basic_Tech_Zip_Longsleeve/descpageMAUAA-UAZIPLS-EN.html?color=GY,Under Armour
Men's Tech 1/2 Zip Longsleeve,39.90 €,45.00 €,Tennis Clothing,2026-09-11 14:51:34,Tennis Warehouse Europe,https://www.tenniswarehouse-europe.com/Under_Armour_Mens_Tech_1_2_Zip_Longsleeve/descpageMAUAA-UAZPLS-EN.html?color=BK,Under Armour
Men's Cold Gear Mock LS,49.90 €,55.00 €,Tennis Clothing,2026-09-11 14:51:34,Tennis Warehouse Europe,https://www.tenniswarehouse-europe.com/Under_Armour_Mens_Cold_Gear_Mock_LS/descpageMAUAA-UACGLSM-EN.html?color=BK,Under Armour
Men's Cold Gear Mock LS,49.90 €,55.00 €,Tennis Clothing,2026-09-11 14:51:34,Tennis Warehouse Europe,https://www.tenniswarehouse-europe.com/Under_Armour_Mens_Cold_Gear_Mock_LS/descpageMAUAA-UACGLSM-EN.html?color=WH,Under Armour
Men's Heatgear Compression Longsleeve,35.90 €,40.00 €,Tennis Clothing,2026-09-11 14:51:34,Tennis Warehouse Europe,https://www.tenniswarehouse-europe.com/Under_Armour_Mens_Heatgear_Compression_Longsleeve/descpageMAUAA-UAMHGCL-EN.html?color=BK,Under Armour
Men's Heatgear Compression Longsleeve,35.90 €,40.00 €,Tennis Clothing,2026-09-11 14:51:34,Tennis Warehouse Europe,https://www.tenniswarehouse-europe.com/Under_Armour_Mens_Heatgear_Compression_Longsleeve/descpageMAUAA-UAMHGCL-EN.html?color=NV,Under Armour
Men's Heatgear Compression Longsleeve,35.90 €,40.00 €,Tennis Clothing,2026-09-11 14:51:34,Tennis Warehouse Europe,https://www.tenniswarehouse-europe.com/Under_Armour_Mens_Heatgear_Compression_Longsleeve/descpageMAUAA-UAMHGCL-EN.html?color=WH,Under Armour
Men's Heatgear Compression Top,30.89 €,35.00 €,Tennis Clothing,2026-09-11 14:51:34,Tennis Warehouse Europe,https://www.tenniswarehouse-europe.com/Under_Armour_Mens_Heatgear_Compression_Top/descpageMAUAA-UAHGC-EN.html?color=BK,Under Armour
Men's Heatgear Compression Top,30.89 €,35.00 €,Tennis Clothing,2026-09-11 14:51:34,Tennis Warehouse Europe,https://www.tenniswarehouse-europe.com/Under_Armour_Mens_Heatgear_Compression_Top/descpageMAUAA-UAHGC-EN.html?color=GY,Under Armour
Men's Heatgear Compression Top,30.89 €,35.00 €,Tennis Clothing,2026-09-11 14:51:34,Tennis Warehouse Europe,https://www.tenniswarehouse-europe.com/Under_Armour_Mens_Heatgear_Compression_Top/descpageMAUAA-UAHGC-EN.html?color=WH,Under Armour
Men's Heatgear Compression Sleeveless Top,31.90 €,35.00 €,Tennis Clothing,2026-09-11 14:51:34,Tennis Warehouse Europe,https://www.tenniswarehouse-europe.com/Under_Armour_Mens_Heatgear_Compression_Sleeveless_Top/descpageMAUAA-UAHGCST-EN.html?color=BK,Under Armour
Men's Heatgear Compression Sleeveless Top,31.90 €,35.00 €,Tennis Clothing,2026-09-11 14:51:34,Tennis Warehouse Europe,https://www.tenniswarehouse-europe.com/Under_Armour_Mens_Heatgear_Compression_Sleeveless_Top/descpageMAUAA-UAHGCST-EN.html?color=GY,Under Armour
Men's Heatgear Compression Sleeveless Top,31.90 €,35.00 €,Tennis Clothing,2026-09-11 14:51:34,Tennis Warehouse Europe,https://www.tenniswarehouse-europe.com/Under_Armour_Mens_Heatgear_Compression_Sleeveless_Top/descpageMAUAA-UAHGCST-EN.html?color=WH,Under Armour
Men's Spring Heatgear Compression Short,29.90 €,35.00 €,Tennis Clothing,2026-09-11 14:51:34,Tennis Warehouse Europe,https://www.tenniswarehouse-europe.com/Under_Armour_Mens_Spring_Heatgear_Compression_Short/descpageMAUAA-UMSHCS-EN.html?color=LB,Under Armour
Men's Fall Heatgear Compression Short,28.90 €,35.00 €,Tennis Clothing,2026-09-11 14:51:34,Tennis Warehouse Europe,https://www.tenniswarehouse-europe.com/Under_Armour_Mens_Fall_Heatgear_Compression_Short/descpageMAUAA-UAMFHCS-EN.html?color=NV,Under Armour
Men's Heatgear Compression Short,31.90 €,35.00 €,Tennis Clothing,2026-09-11 14:51:34,Tennis Warehouse Europe,https://www.tenniswarehouse-europe.com/Under_Armour_Mens_Heatgear_Compression_Short/descpageMAUAA-UAMHGCS-EN.html?color=BK,Under Armour
Men's Heatgear Compression Short,31.90 €,35.00 €,Tennis Clothing,2026-09-11 14:51:34,Tennis Warehouse Europe,https://www.tenniswarehouse-europe.com/Under_Armour_Mens_Heatgear_Compression_Short/descpageMAUAA-UAMHGCS-EN.html?color=GY,Under Armour
Men's Heatgear Compression Short,31.90 €,35.00 €,Tennis Clothing,2026-09-11 14:51:34,Tennis Warehouse Europe,https://www.tenniswarehouse-europe.com/Under_Armour_Mens_Heatgear_Compression_Short/descpageMAUAA-UAMHGCS-EN.html?color=WH,Under Armour
Men's HeatGear Pocket Long Short,30.90 €,35.00 €,Tennis Clothing,2026-09-11 14:51:34,Tennis Warehouse Europe,https://www.tenniswarehouse-europe.com/Under_Armour_Mens_HeatGear_Pocket_Long_Short/descpageMAUAA-UAHGPLS-EN.html?color=BK,Under Armour
Men's HeatGear Pocket Long Short,30.90 €,35.00 €,Tennis Clothing,2026-09-11 14:51:34,Tennis Warehouse Europe,https://www.tenniswarehouse-europe.com/Under_Armour_Mens_HeatGear_Pocket_Long_Short/descpageMAUAA-UAHGPLS-EN.html?color=GY,Under Armour
Men's HeatGear Pocket Long Short,30.90 €,35.00 €,Tennis Clothing,2026-09-11 14:51:34,Tennis Warehouse Europe,https://www.tenniswarehouse-europe.com/Under_Armour_Mens_HeatGear_Pocket_Long_Short/descpageMAUAA-UAHGPLS-EN.html?color=WH,Under Armour
Men's CG Leggings,55.00 €,,Tennis Clothing,2026-09-11 14:51:34,Tennis Warehouse Europe,https://www.tenniswarehouse-europe.com/Under_Armour_Mens_CG_Leggings/descpageMAUAA-UAMHCGL-EN.html?color=BK,Under Armour
Men's Heatgear Compression Leggings,26.89 €,40.00 €,Tennis Clothing,2026-09-11 14:51:34,Tennis Warehouse Europe,https://www.tenniswarehouse-europe.com/Under_Armour_Mens_Heatgear_Compression_Leggings/descpageMAUAA-UAMHGL-EN.html?color=GY,Under Armour
Men's Spring Tech Textured Top,25.90 €,33.00 €,Tennis Clothing,2026-09-11 14:51:34,Tennis Warehouse Europe,https://www.tenniswarehouse-europe.com/Under_Armour_Mens_Spring_Tech_Textured_Top/descpageMAUAA-UAMSTTC-EN.html?color=LI,Under Armour
Men's Spring Tech Textured Top,25.90 €,33.00 €,Tennis Clothing,2026-09-11 14:51:34,Tennis Warehouse Europe,https://www.tenniswarehouse-europe.com/Under_Armour_Mens_Spring_Tech_Textured_Top/descpageMAUAA-UAMSTTC-EN.html?color=RD,Under Armour
Men's Spring Tech Textured Top,25.90 €,33.00 €,Tennis Clothing,2026-09-11 14:51:34,Tennis Warehouse Europe,https://www.tenniswarehouse-europe.com/Under_Armour_Mens_Spring_Tech_Textured_Top/descpageMAUAA-UAMSTTC-EN.html?color=TU,Under Armour
Men's Spring Tech Vent Jacquard Top,31.90 €,40.00 €,Tennis Clothing,2026-09-11 14:51:34,Tennis Warehouse Europe,https://www.tenniswarehouse-europe.com/Under_Armour_Mens_Spring_Tech_Vent_Jacquard_Top/descpageMAUAA-UAMTVC-EN.html?color=BL,Under Armour
Men's Basic Camo ABC T-Shirt,27.89 €,35.00 €,Tennis Clothing,2026-09-11 14:51:34,Tennis Warehouse Europe,https://www.tenniswarehouse-europe.com/Under_Armour_Mens_Basic_Camo_ABC_T-Shirt/descpageMAUAA-UABTSH-EN.html?color=WH,Under Armour
Men's Basic Camo ABC T-Shirt,27.89 €,35.00 €,Tennis Clothing,2026-09-11 14:51:34,Tennis Warehouse Europe,https://www.tenniswarehouse-europe.com/Under_Armour_Mens_Basic_Camo_ABC_T-Shirt/descpageMAUAA-UAMCT-EN.html?color=BK,Under Armour
Men's Longsleeve Top,23.90 €,30.00 €,Tennis Clothing,2026-09-11 14:51:34,Tennis Warehouse Europe,https://www.tenniswarehouse-europe.com/Under_Armour_Mens_Longsleeve_Top/descpageMAUAA-UAMTELO-EN.html?color=BK,Under Armour
Men's Spring Tech 1/4 Zip Longsleeve,37.90 €,48.00 €,Tennis Clothing,2026-09-11 14:51:34,Tennis Warehouse Europe,https://www.tenniswarehouse-europe.com/Under_Armour_Mens_Spring_Tech_1_4_Zip_Longsleeve/descpageMAUAA-UA2SLS-EN.html?color=DGR,Under Armour
Men's Vanish Woven Short,35.90 €,45.00 €,Tennis Clothing,2026-09-11 14:51:34,Tennis Warehouse Europe,https://www.tenniswarehouse-europe.com/Under_Armour_Mens_Vanish_Woven_Short/descpageMAUAA-UAMMVWS-EN.html?color=BE,Under Armour
Men's Vanish Woven Short,35.90 €,45.00 €,Tennis Clothing,2026-09-11 14:51:34,Tennis Warehouse Europe,https://www.tenniswarehouse-europe.com/Under_Armour_Mens_Vanish_Woven_Short/descpageMAUAA-UAMMVWS-EN.html?color=BK,Under Armour
Men's Vanish Woven 2-in-1 Short,43.90 €,55.00 €,Tennis Clothing,2026-09-11 14:51:34,Tennis Warehouse Europe,https://www.tenniswarehouse-europe.com/Under_Armour_Mens_Vanish_Woven_2-in-1_Short/descpageMAUAA-UAVWSH-EN.html?color=BK,Under Armour
Men's Vanish Woven 2-in-1 Short,43.90 €,55.00 €,Tennis Clothing,2026-09-11 14:51:34,Tennis Warehouse Europe,https://www.tenniswarehouse-europe.com/Under_Armour_Mens_Vanish_Woven_2-in-1_Short/descpageMAUAA-UAVWSH-EN.html?color=GY,Under Armour
Men's Woven Wdmk Short,23.90 €,30.00 €,Tennis Clothing,2026-09-11 14:51:34,Tennis Warehouse Europe,https://www.tenniswarehouse-europe.com/Under_Armour_Mens_Woven_Wdmk_Short/descpageMAUAA-UAMWOS-EN.html?color=BL,Under Armour
Men's Woven Wdmk Short,23.90 €,30.00 €,Tennis Clothing,2026-09-11 14:51:34,Tennis Warehouse Europe,https://www.tenniswarehouse-europe.com/Under_Armour_Mens_Woven_Wdmk_Short/descpageMAUAA-UAMWWDS-EN.html?color=BL,Under Armour
Men's Woven Wdmk Short,23.90 €,30.00 €,Tennis Clothing,2026-09-11 14:51:34,Tennis Warehouse Europe,https://www.tenniswarehouse-europe.com/Under_Armour_Mens_Woven_Wdmk_Short/descpageMAUAA-UAMWWDS-EN.html?color=LGY,Under Armour
"Men's Fall Vanish Woven 6"" Short",40.90 €,45.00 €,Tennis Clothing,2026-09-11 14:51:34,Tennis Warehouse Europe,https://www.tenniswarehouse-europe.com/Under_Armour_Mens_Fall_Vanish_Woven_6_Short/descpageMAUAA-UAVW6S-EN.html?color=WH,Under Armour
Men's Foundation Logo T-Shirt,19.90 €,28.00 €,Tennis Clothing,2026-09-11 14:51:34,Tennis Warehouse Europe,https://www.tenniswarehouse-europe.com/Under_Armour_Mens_Foundation_Logo_T-Shirt/descpageMAUAA-UAMFLTS-EN.html?color=GR1,Under Armour
Men's Fall Tech 1/2 Zip Long Sleeve,25.00 €,50.00 €,Tennis Clothing,2026-09-11 14:51:34,Tennis Warehouse Europe,https://www.tenniswarehouse-europe.com/Under_Armour_Mens_Fall_Tech_1_2_Zip_Long_Sleeve/descpageMAUAA-UAM2ZLS-EN.html?color=NV,Under Armour
Men's Blitzing Adjustable Hat,20.90 €,23.00 €,Tennis Clothing,2026-09-11 14:51:34,Tennis Warehouse Europe,https://www.tenniswarehouse-europe.com/Under_Armour_Mens_Blitzing_Adjustable_Hat/descpageUAA-UAMBAH-EN.html?color=BK,Under Armour
Men's Blitzing Adjustable Hat,20.90 €,23.00 €,Tennis Clothing,2026-09-11 14:51:34,Tennis Warehouse Europe,https://www.tenniswarehouse-europe.com/Under_Armour_Mens_Blitzing_Adjustable_Hat/descpageUAA-UAMBAH-EN.html?color=GY,Under Armour
Men's Blitzing Adjustable Hat,20.90 €,23.00 €,Tennis Clothing,2026-09-11 14:51:34,Tennis Warehouse Europe,https://www.tenniswarehouse-europe.com/Under_Armour_Mens_Blitzing_Adjustable_Hat/descpageUAA-UAMBAH-EN.html?color=WH,Under Armour
Doublewide Performance Wristband White,13.90 €,15.00 €,Tennis Clothing,2026-09-11 14:51:34,Tennis Warehouse Europe,https://www.tenniswarehouse-europe.com/Under_Armour_Doublewide_Performance_Wristband_White/descpageUAA-UA6PWWH-EN.html,Under Armour
Doublewide Performance Wristband Black,13.90 €,15.00 €,Tennis Clothing,2026-09-11 14:51:34,Tennis Warehouse Europe,https://www.tenniswarehouse-europe.com/Under_Armour_Doublewide_Performance_Wristband_Black/descpageUAA-UA6PWB-EN.html,Under Armour
Singlewide Performance Wristband Black,8.90 €,10.00 €,Tennis Clothing,2026-09-11 14:51:34,Tennis Warehouse Europe,https://www.tenniswarehouse-europe.com/Under_Armour_Singlewide_Performance_Wristband_Black/descpageUAA-UA3PWB-EN.html,Under Armour
Singlewide Performance Wristband White,8.90 €,10.00 €,Tennis Clothing,2026-09-11 14:51:34,Tennis Warehouse Europe,https://www.tenniswarehouse-europe.com/Under_Armour_Singlewide_Performance_Wristband_White/descpageUAA-UA3PWWH-EN.html,Under Armour
Performance Tech 6-Pack Crew Socks,21.90 €,24.00 €,Tennis Clothing,2026-09-11 14:51:34,Tennis Warehouse Europe,https://www.tenniswarehouse-europe.com/Under_Armour_Performance_Tech_6-Pack_Crew_Socks/descpageMAUAA-UPTCS6P-EN.html?color=WH,Under Armour
Performance Cotton 3-Pack Crew Socks,14.90 €,16.00 €,Tennis Clothing,2026-09-11 14:51:34,Tennis Warehouse Europe,https://www.tenniswarehouse-europe.com/Under_Armour_Performance_Cotton_3-Pack_Crew_Socks/descpageMAUAA-UAPEC3P-EN.html?color=WH,Under Armour
Training Cotton 3-Pack Crew Socks,14.50 €,16.00 €,Tennis Clothing,2026-09-11 14:51:34,Tennis Warehouse Europe,https://www.tenniswarehouse-europe.com/Under_Armour_Training_Cotton_3-Pack_Crew_Socks/descpageMAUAA-UASTRCO-EN.html?color=WH,Under Armour
Performance Tech 6-Pack Crew Socks,21.90 €,24.00 €,Tennis Clothing,2026-09-11 14:51:34,Tennis Warehouse Europe,https://www.tenniswarehouse-europe.com/Under_Armour_Performance_Tech_6-Pack_Crew_Socks/descpageMAUAA-UPTCS-EN.html?color=WH,Under Armour
Unisex UA Dry Run Cushion No Show Socks,11.90 €,18.00 €,Tennis Clothing,2026-09-11 14:51:34,Tennis Warehouse Europe,https://www.tenniswarehouse-europe.com/Unisex_UA_Dry_Run_Cushion_No_Show_Socks/descpageMAUNDERRG-9UAMTSU-EN.html?color=BK,Under Armour RUNNING Accessorie
Men's Fall Challengers Technical Polo,76.90 €,85.00 €,Tennis Clothing,2026-09-11 14:51:34,Tennis Warehouse Europe,https://www.tenniswarehouse-europe.com/Wilson_Mens_Fall_Challengers_Technical_Polo/descpageMAWILSON-WILCHPM-EN.html?color=BL,Wilson
Men's Fall Challengers Technical Polo,76.90 €,85.00 €,Tennis Clothing,2026-09-11 14:51:34,Tennis Warehouse Europe,https://www.tenniswarehouse-europe.com/Wilson_Mens_Fall_Challengers_Technical_Polo/descpageMAWILSON-WILCHPM-EN.html?color=BR,Wilson
Men's Fall Challengers Technical Polo,76.90 €,85.00 €,Tennis Clothing,2026-09-11 14:51:34,Tennis Warehouse Europe,https://www.tenniswarehouse-europe.com/Wilson_Mens_Fall_Challengers_Technical_Polo/descpageMAWILSON-WILCHPM-EN.html?color=RD,Wilson
Men's Fall Everyday Performance Top,49.90 €,55.00 €,Tennis Clothing,2026-09-11 14:51:34,Tennis Warehouse Europe,https://www.tenniswarehouse-europe.com/Wilson_Mens_Fall_Everyday_Performance_Top/descpageMAWILSON-WMSEPRE-EN.html?color=RD,Wilson
"Men's Set Point Short 5"" Short",71.90 €,80.00 €,Tennis Clothing,2026-09-11 14:51:34,Tennis Warehouse Europe,https://www.tenniswarehouse-europe.com/Wilson_Mens_Set_Point_Short_5_Short/descpageMAWILSON-WM7SPSH-EN.html?color=BE,Wilson
"Men's Core Volley 6"" Short",58.91 €,65.00 €,Tennis Clothing,2026-09-11 14:51:34,Tennis Warehouse Europe,https://www.tenniswarehouse-europe.com/Wilson_Mens_Core_Volley_6_Short/descpageMAWILSON-WM6VSH-EN.html?color=RD,Wilson
"Men's Core Tournament V2 7"" Short",58.91 €,65.00 €,Tennis Clothing,2026-09-11 14:51:34,Tennis Warehouse Europe,https://www.tenniswarehouse-europe.com/Wilson_Mens_Core_Tournament_V2_7_Short/descpageMAWILSON-WMCTVSH-EN.html?color=BL,Wilson
Men's Fall Classic Graphic T-Shirt,44.90 €,50.00 €,Tennis Clothing,2026-09-11 14:51:34,Tennis Warehouse Europe,https://www.tenniswarehouse-europe.com/Wilson_Mens_Fall_Classic_Graphic_T-Shirt/descpageMAWILSON-WMFCBLQ-EN.html?color=BL,Wilson
Men's Elevate Performance Half-Zip,80.90 €,90.00 €,Tennis Clothing,2026-09-11 14:51:34,Tennis Warehouse Europe,https://www.tenniswarehouse-europe.com/Wilson_Mens_Elevate_Performance_Half-Zip/descpageMAWILSON-WMPERCZ-EN.html?color=SNW,Wilson
Men's Spring Everyday Performance Top,43.90 €,55.00 €,Tennis Clothing,2026-09-11 14:51:34,Tennis Warehouse Europe,https://www.tenniswarehouse-europe.com/Wilson_Mens_Spring_Everyday_Performance_Top/descpageMAWILSON-WMSPEVC-EN.html?color=BD,Wilson
Men's Spring Elite Performance Sleeveless Top,44.90 €,50.00 €,Tennis Clothing,2026-09-11 14:51:34,Tennis Warehouse Europe,https://www.tenniswarehouse-europe.com/Wilson_Mens_Spring_Elite_Performance_Sleeveless_Top/descpageMAWILSON-WMSEPSL-EN.html?color=WH,Wilson
Men's Spring All Seasons Stripe Polo,75.90 €,90.00 €,Tennis Clothing,2026-09-11 14:51:34,Tennis Warehouse Europe,https://www.tenniswarehouse-europe.com/Wilson_Mens_Spring_All_Seasons_Stripe_Polo/descpageMAWILSON-WMSASPO-EN.html?color=BE,Wilson
Men's Spring Classic Cotton Graphic T-Shirt,44.90 €,50.00 €,Tennis Clothing,2026-09-11 14:51:34,Tennis Warehouse Europe,https://www.tenniswarehouse-europe.com/Wilson_Mens_Spring_Classic_Cotton_Graphic_T-Shirt/descpageMAWILSON-WMSCOGT-EN.html?color=BE,Wilson
"Men's Spring Volley 6"" Short",51.90 €,65.00 €,Tennis Clothing,2026-09-11 14:51:34,Tennis Warehouse Europe,https://www.tenniswarehouse-europe.com/Wilson_Mens_Spring_Volley_6_Short/descpageMAWILSON-WMSVLS-EN.html?color=BO,Wilson
Men's Spring Everyday Performance Top,43.90 €,55.00 €,Tennis Clothing,2026-09-11 14:51:34,Tennis Warehouse Europe,https://www.tenniswarehouse-europe.com/Wilson_Mens_Spring_Everyday_Performance_Top/descpageMAWILSON-WMSPEPC-EN.html?color=BE,Wilson
Men's Spring Everyday Performance Top,43.90 €,55.00 €,Tennis Clothing,2026-09-11 14:51:34,Tennis Warehouse Europe,https://www.tenniswarehouse-europe.com/Wilson_Mens_Spring_Everyday_Performance_Top/descpageMAWILSON-WMSPEPC-EN.html?color=KH,Wilson
Men's Spring Everyday Performance Top,43.90 €,55.00 €,Tennis Clothing,2026-09-11 14:51:34,Tennis Warehouse Europe,https://www.tenniswarehouse-europe.com/Wilson_Mens_Spring_Everyday_Performance_Top/descpageMAWILSON-WMSPEPC-EN.html?color=TE,Wilson
Men's Spring Everyday Performance Top,40.90 €,55.00 €,Tennis Clothing,2026-09-11 14:51:34,Tennis Warehouse Europe,https://www.tenniswarehouse-europe.com/Wilson_Mens_Spring_Everyday_Performance_Top/descpageMAWILSON-WMSEPCR-EN.html?color=NV,Wilson
Men's Spring Everyday Performance Top,40.90 €,55.00 €,Tennis Clothing,2026-09-11 14:51:34,Tennis Warehouse Europe,https://www.tenniswarehouse-europe.com/Wilson_Mens_Spring_Everyday_Performance_Top/descpageMAWILSON-WMSEPCR-EN.html?color=WH,Wilson
Men's Core Everyday Performance Top,47.90 €,55.00 €,Tennis Clothing,2026-09-11 14:51:34,Tennis Warehouse Europe,https://www.tenniswarehouse-europe.com/Wilson_Mens_Core_Everyday_Performance_Top/descpageMAWILSON-WMNVPEC-EN.html?color=GR,Wilson
Men's Core League Polo,59.90 €,75.00 €,Tennis Clothing,2026-09-11 14:51:34,Tennis Warehouse Europe,https://www.tenniswarehouse-europe.com/Wilson_Mens_Core_League_Polo/descpageMAWILSON-WMCLEPO-EN.html?color=GR,Wilson
Men's Spring Everyday Performance Longsleeve Top,55.91 €,70.00 €,Tennis Clothing,2026-09-11 14:51:34,Tennis Warehouse Europe,https://www.tenniswarehouse-europe.com/Wilson_Mens_Spring_Everyday_Performance_Longsleeve_Top/descpageMAWILSON-WMSEPLS-EN.html?color=GR,Wilson
Men's Fall Everyday Performance Longsleeve Top,38.90 €,65.00 €,Tennis Clothing,2026-09-11 14:51:34,Tennis Warehouse Europe,https://www.tenniswarehouse-europe.com/Wilson_Mens_Fall_Everyday_Performance_Longsleeve_Top/descpageMAWILSON-WMFEPLS-EN.html?color=BL,Wilson
Men's Core Elevate Performance Half-Zip,71.90 €,90.00 €,Tennis Clothing,2026-09-11 14:51:34,Tennis Warehouse Europe,https://www.tenniswarehouse-europe.com/Wilson_Mens_Core_Elevate_Performance_Half-Zip/descpageMAWILSON-WMCEPHZ-EN.html?color=NV,Wilson
Men's Core Elevate Performance Half-Zip,71.90 €,90.00 €,Tennis Clothing,2026-09-11 14:51:34,Tennis Warehouse Europe,https://www.tenniswarehouse-europe.com/Wilson_Mens_Core_Elevate_Performance_Half-Zip/descpageMAWILSON-WMCEPHZ-EN.html?color=WH,Wilson
Men's Spring Parkside Sweater,63.90 €,80.00 €,Tennis Clothing,2026-09-11 14:51:34,Tennis Warehouse Europe,https://www.tenniswarehouse-europe.com/Wilson_Mens_Spring_Parkside_Sweater/descpageMAWILSON-WMCPARS-EN.html?color=NV,Wilson
Men's Spring Playstate French Terry Sweater,71.90 €,90.00 €,Tennis Clothing,2026-09-11 14:51:34,Tennis Warehouse Europe,https://www.tenniswarehouse-europe.com/Wilson_Mens_Spring_Playstate_French_Terry_Sweater/descpageMAWILSON-WMSPSW-EN.html?color=BG,Wilson
Men's Spring Playstate French Terry Half-Zip,79.90 €,100.00 €,Tennis Clothing,2026-09-11 14:51:34,Tennis Warehouse Europe,https://www.tenniswarehouse-europe.com/Wilson_Mens_Spring_Playstate_French_Terry_Half-Zip/descpageMAWILSON-WMSPLZ-EN.html?color=GR,Wilson
Men's Spring Compression Short,44.90 €,50.00 €,Tennis Clothing,2026-09-11 14:51:34,Tennis Warehouse Europe,https://www.tenniswarehouse-europe.com/Wilson_Mens_Spring_Compression_Short/descpageMAWILSON-WMSCOSH-EN.html?color=BK,Wilson
Men's Spring Compression Short,44.90 €,50.00 €,Tennis Clothing,2026-09-11 14:51:34,Tennis Warehouse Europe,https://www.tenniswarehouse-europe.com/Wilson_Mens_Spring_Compression_Short/descpageMAWILSON-WMSCOSH-EN.html?color=WH,Wilson
"Men's Core Tournament V2 7"" Short",62.90 €,65.00 €,Tennis Clothing,2026-09-11 14:51:34,Tennis Warehouse Europe,https://www.tenniswarehouse-europe.com/Wilson_Mens_Core_Tournament_V2_7_Short/descpageMAWILSON-WMSTV72-EN.html?color=BK,Wilson
"Men's Core Tournament V2 7"" Short",62.90 €,65.00 €,Tennis Clothing,2026-09-11 14:51:34,Tennis Warehouse Europe,https://www.tenniswarehouse-europe.com/Wilson_Mens_Core_Tournament_V2_7_Short/descpageMAWILSON-WMSTV72-EN.html?color=GR,Wilson
"Men's Core Tournament V2 7"" Short",62.90 €,65.00 €,Tennis Clothing,2026-09-11 14:51:34,Tennis Warehouse Europe,https://www.tenniswarehouse-europe.com/Wilson_Mens_Core_Tournament_V2_7_Short/descpageMAWILSON-WMSTV72-EN.html?color=NV,Wilson
"Men's Core Tournament V2 7"" Short",62.90 €,65.00 €,Tennis Clothing,2026-09-11 14:51:34,Tennis Warehouse Europe,https://www.tenniswarehouse-europe.com/Wilson_Mens_Core_Tournament_V2_7_Short/descpageMAWILSON-WMSTV72-EN.html?color=WH,Wilson
Men's Spring Court Performance Top,47.90 €,60.00 €,Tennis Clothing,2026-09-11 14:51:34,Tennis Warehouse Europe,https://www.tenniswarehouse-europe.com/Wilson_Mens_Spring_Court_Performance_Top/descpageMAWILSON-WMSCPCE-EN.html?color=NV,Wilson
Men's Spring Court Performance Top,47.90 €,60.00 €,Tennis Clothing,2026-09-11 14:51:34,Tennis Warehouse Europe,https://www.tenniswarehouse-europe.com/Wilson_Mens_Spring_Court_Performance_Top/descpageMAWILSON-WMSCPCE-EN.html?color=WH,Wilson
"Men's Spring Tournament V2 7"" Short",58.91 €,65.00 €,Tennis Clothing,2026-09-11 14:51:34,Tennis Warehouse Europe,https://www.tenniswarehouse-europe.com/Wilson_Mens_Spring_Tournament_V2_7_Short/descpageMAWILSON-WMSPV7S-EN.html?color=GR,Wilson
"Men's Spring Tournament V2 7"" Short",58.91 €,65.00 €,Tennis Clothing,2026-09-11 14:51:34,Tennis Warehouse Europe,https://www.tenniswarehouse-europe.com/Wilson_Mens_Spring_Tournament_V2_7_Short/descpageMAWILSON-WMSPV7S-EN.html?color=TE,Wilson
"Men's Spring Tournament V2 7"" Short",51.90 €,65.00 €,Tennis Clothing,2026-09-11 14:51:34,Tennis Warehouse Europe,https://www.tenniswarehouse-europe.com/Wilson_Mens_Spring_Tournament_V2_7_Short/descpageMAWILSON-WMSTV27-EN.html?color=RD,Wilson
"Men's Core Volley 6"" Short",51.90 € - 58.90 €,65.00€,Tennis Clothing,2026-09-11 14:51:34,Tennis Warehouse Europe,https://www.tenniswarehouse-europe.com/Wilson_Mens_Core_Volley_6_Short/descpageMAWILSON-WMCVOS-EN.html?color=NV,Wilson
"Men's Core Volley 6"" Short",51.90 € - 58.90 €,65.00€,Tennis Clothing,2026-09-11 14:51:34,Tennis Warehouse Europe,https://www.tenniswarehouse-europe.com/Wilson_Mens_Core_Volley_6_Short/descpageMAWILSON-WMCVOS-EN.html?color=WH,Wilson
"Men's Spring Volley 6"" Short",51.90 €,65.00 €,Tennis Clothing,2026-09-11 14:51:34,Tennis Warehouse Europe,https://www.tenniswarehouse-europe.com/Wilson_Mens_Spring_Volley_6_Short/descpageMAWILSON-WMSVOS-EN.html?color=GR,Wilson
Men's Core Grand Slam Jacket,95.90 €,120.00 €,Tennis Clothing,2026-09-11 14:51:34,Tennis Warehouse Europe,https://www.tenniswarehouse-europe.com/Wilson_Mens_Core_Grand_Slam_Jacket/descpageMAWILSON-WMCGSJA-EN.html?color=BK,Wilson
Men's Spring Grand Slam Jacket,95.90 €,120.00 €,Tennis Clothing,2026-09-11 14:51:34,Tennis Warehouse Europe,https://www.tenniswarehouse-europe.com/Wilson_Mens_Spring_Grand_Slam_Jacket/descpageMAWILSON-WMSGSJ-EN.html?color=GR,Wilson
Men's Core Grand Slam Pant,79.90 €,100.00 €,Tennis Clothing,2026-09-11 14:51:34,Tennis Warehouse Europe,https://www.tenniswarehouse-europe.com/Wilson_Mens_Core_Grand_Slam_Pant/descpageMAWILSON-WMCGSPA-EN.html?color=BK,Wilson
Men's Spring Grand Slam Pant,89.90 €,100.00 €,Tennis Clothing,2026-09-11 14:51:34,Tennis Warehouse Europe,https://www.tenniswarehouse-europe.com/Wilson_Mens_Spring_Grand_Slam_Pant/descpageMAWILSON-WMSGSP-EN.html?color=GR,Wilson
Men's Team Players Seamless Top,29.90 € - 40.90 €,45.00€,Tennis Clothing,2026-09-11 14:51:34,Tennis Warehouse Europe,https://www.tenniswarehouse-europe.com/Wilson_Mens_Team_Players_Seamless_Top/descpageMAWILSON-WMPLSCR-EN.html?color=BK,Wilson
Men's Team Players Seamless Top,29.90 € - 40.90 €,45.00€,Tennis Clothing,2026-09-11 14:51:34,Tennis Warehouse Europe,https://www.tenniswarehouse-europe.com/Wilson_Mens_Team_Players_Seamless_Top/descpageMAWILSON-WMPLSCR-EN.html?color=BL,Wilson
Men's Team Players Seamless Top,29.90 € - 40.90 €,45.00€,Tennis Clothing,2026-09-11 14:51:34,Tennis Warehouse Europe,https://www.tenniswarehouse-europe.com/Wilson_Mens_Team_Players_Seamless_Top/descpageMAWILSON-WMPLSCR-EN.html?color=GR,Wilson
Men's Team Players Seamless Top,29.90 € - 40.90 €,45.00€,Tennis Clothing,2026-09-11 14:51:34,Tennis Warehouse Europe,https://www.tenniswarehouse-europe.com/Wilson_Mens_Team_Players_Seamless_Top/descpageMAWILSON-WMPLSCR-EN.html?color=NV,Wilson
Men's Team Players Seamless Top,29.90 € - 40.90 €,45.00€,Tennis Clothing,2026-09-11 14:51:34,Tennis Warehouse Europe,https://www.tenniswarehouse-europe.com/Wilson_Mens_Team_Players_Seamless_Top/descpageMAWILSON-WMPLSCR-EN.html?color=RD,Wilson
Men's Team Players Seamless Top,29.90 € - 40.90 €,45.00€,Tennis Clothing,2026-09-11 14:51:34,Tennis Warehouse Europe,https://www.tenniswarehouse-europe.com/Wilson_Mens_Team_Players_Seamless_Top/descpageMAWILSON-WMPLSCR-EN.html?color=WH,Wilson
Men's Team Players Seamless Polo 2.0,49.00 € - 53.90 €,60.00€,Tennis Clothing,2026-09-11 14:51:34,Tennis Warehouse Europe,https://www.tenniswarehouse-europe.com/Wilson_Mens_Team_Players_Seamless_Polo_20/descpageMAWILSON-WMPLSPO-EN.html?color=NV,Wilson
Men's Team Players Seamless Polo 2.0,49.00 € - 53.90 €,60.00€,Tennis Clothing,2026-09-11 14:51:34,Tennis Warehouse Europe,https://www.tenniswarehouse-europe.com/Wilson_Mens_Team_Players_Seamless_Polo_20/descpageMAWILSON-WMPLSPO-EN.html?color=WH,Wilson
"Men's Team Tournament 7"" Short",35.90 € - 40.90 €,45.00€,Tennis Clothing,2026-09-11 14:51:34,Tennis Warehouse Europe,https://www.tenniswarehouse-europe.com/Wilson_Mens_Team_Tournament_7_Short/descpageMAWILSON-WMTETSH-EN.html?color=BK,Wilson
"Men's Team Tournament 7"" Short",35.90 € - 40.90 €,45.00€,Tennis Clothing,2026-09-11 14:51:34,Tennis Warehouse Europe,https://www.tenniswarehouse-europe.com/Wilson_Mens_Team_Tournament_7_Short/descpageMAWILSON-WMTETSH-EN.html?color=GR,Wilson
"Men's Team Tournament 7"" Short",35.90 € - 40.90 €,45.00€,Tennis Clothing,2026-09-11 14:51:34,Tennis Warehouse Europe,https://www.tenniswarehouse-europe.com/Wilson_Mens_Team_Tournament_7_Short/descpageMAWILSON-WMTETSH-EN.html?color=NV,Wilson
"Men's Team Tournament 7"" Short",35.90 € - 40.90 €,45.00€,Tennis Clothing,2026-09-11 14:51:34,Tennis Warehouse Europe,https://www.tenniswarehouse-europe.com/Wilson_Mens_Team_Tournament_7_Short/descpageMAWILSON-WMTETSH-EN.html?color=RD,Wilson
"Men's Team Tournament 7"" Short",35.90 € - 40.90 €,45.00€,Tennis Clothing,2026-09-11 14:51:34,Tennis Warehouse Europe,https://www.tenniswarehouse-europe.com/Wilson_Mens_Team_Tournament_7_Short/descpageMAWILSON-WMTETSH-EN.html?color=WH,Wilson
Men's Team Grand Slam Pant,62.90 €,70.00 €,Tennis Clothing,2026-09-11 14:51:34,Tennis Warehouse Europe,https://www.tenniswarehouse-europe.com/Wilson_Mens_Team_Grand_Slam_Pant/descpageMAWILSON-WMGRSPA-EN.html?color=BK,Wilson
Men's Team Grand Slam Pant,62.90 €,70.00 €,Tennis Clothing,2026-09-11 14:51:34,Tennis Warehouse Europe,https://www.tenniswarehouse-europe.com/Wilson_Mens_Team_Grand_Slam_Pant/descpageMAWILSON-WMGRSPA-EN.html?color=NV,Wilson
Men's Team Grand Slam Woven Jacket,52.90 € - 69.90 €,80.00€,Tennis Clothing,2026-09-11 14:51:34,Tennis Warehouse Europe,https://www.tenniswarehouse-europe.com/Wilson_Mens_Team_Grand_Slam_Woven_Jacket/descpageMAWILSON-WMGSWJ-EN.html?color=BK,Wilson
Men's Team Grand Slam Woven Jacket,52.90 € - 69.90 €,80.00€,Tennis Clothing,2026-09-11 14:51:34,Tennis Warehouse Europe,https://www.tenniswarehouse-europe.com/Wilson_Mens_Team_Grand_Slam_Woven_Jacket/descpageMAWILSON-WMGSWJ-EN.html?color=NV,Wilson
Men's Team Grand Slam Woven Jacket,52.90 € - 69.90 €,80.00€,Tennis Clothing,2026-09-11 14:51:34,Tennis Warehouse Europe,https://www.tenniswarehouse-europe.com/Wilson_Mens_Team_Grand_Slam_Woven_Jacket/descpageMAWILSON-WMGSWJ-EN.html?color=WH,Wilson
Men's Team Street T-Shirt,14.90 € - 23.90 €,30.00€,Tennis Clothing,2026-09-11 14:51:34,Tennis Warehouse Europe,https://www.tenniswarehouse-europe.com/Wilson_Mens_Team_Street_T-Shirt/descpageMAWILSON-WMSTSG-EN.html?color=BK,Wilson
Men's Team Street T-Shirt,14.90 € - 23.90 €,30.00€,Tennis Clothing,2026-09-11 14:51:34,Tennis Warehouse Europe,https://www.tenniswarehouse-europe.com/Wilson_Mens_Team_Street_T-Shirt/descpageMAWILSON-WMSTSG-EN.html?color=NV,Wilson
Men's Team Street T-Shirt,14.90 € - 23.90 €,30.00€,Tennis Clothing,2026-09-11 14:51:34,Tennis Warehouse Europe,https://www.tenniswarehouse-europe.com/Wilson_Mens_Team_Street_T-Shirt/descpageMAWILSON-WMSTSG-EN.html?color=RD,Wilson
Men's Team Street T-Shirt,14.90 € - 23.90 €,30.00€,Tennis Clothing,2026-09-11 14:51:34,Tennis Warehouse Europe,https://www.tenniswarehouse-europe.com/Wilson_Mens_Team_Street_T-Shirt/descpageMAWILSON-WMSTSG-EN.html?color=WH,Wilson
Men's Team Parkside Zip Hoodie,39.90 € - 62.90 €,70.00€,Tennis Clothing,2026-09-11 14:51:34,Tennis Warehouse Europe,https://www.tenniswarehouse-europe.com/Wilson_Mens_Team_Parkside_Zip_Hoodie/descpageMAWILSON-WMPSZHO-EN.html?color=BK,Wilson
Men's Team Parkside Zip Hoodie,39.90 € - 62.90 €,70.00€,Tennis Clothing,2026-09-11 14:51:34,Tennis Warehouse Europe,https://www.tenniswarehouse-europe.com/Wilson_Mens_Team_Parkside_Zip_Hoodie/descpageMAWILSON-WMPSZHO-EN.html?color=GY,Wilson
Men's Team Parkside Zip Hoodie,39.90 € - 62.90 €,70.00€,Tennis Clothing,2026-09-11 14:51:34,Tennis Warehouse Europe,https://www.tenniswarehouse-europe.com/Wilson_Mens_Team_Parkside_Zip_Hoodie/descpageMAWILSON-WMPSZHO-EN.html?color=NV,Wilson
Men's Team Parkside Jogger,53.90 €,60.00 €,Tennis Clothing,2026-09-11 14:51:34,Tennis Warehouse Europe,https://www.tenniswarehouse-europe.com/Wilson_Mens_Team_Parkside_Jogger/descpageMAWILSON-WMPAJOG-EN.html?color=BK,Wilson
Men's Team Graphic T-Shirt,25.90 € - 29.90 €,35.00€,Tennis Clothing,2026-09-11 14:51:34,Tennis Warehouse Europe,https://www.tenniswarehouse-europe.com/Wilson_Mens_Team_Graphic_T-Shirt/descpageMAWILSON-WMSTGS-EN.html?color=GY,Wilson
Men's Team Graphic T-Shirt,25.90 € - 29.90 €,35.00€,Tennis Clothing,2026-09-11 14:51:34,Tennis Warehouse Europe,https://www.tenniswarehouse-europe.com/Wilson_Mens_Team_Graphic_T-Shirt/descpageMAWILSON-WMSTGS-EN.html?color=NV,Wilson
"Men's Fall Doubleday 7"" Short",47.90 €,80.00 €,Tennis Clothing,2026-09-11 14:51:34,Tennis Warehouse Europe,https://www.tenniswarehouse-europe.com/Wilson_Mens_Fall_Doubleday_7_Short/descpageMAWILSON-WMFDS-EN.html?color=BO,Wilson
Men's Fall Everyday Performance Longsleeve Top,38.90 €,65.00 €,Tennis Clothing,2026-09-11 14:51:34,Tennis Warehouse Europe,https://www.tenniswarehouse-europe.com/Wilson_Mens_Fall_Everyday_Performance_Longsleeve_Top/descpageMAWILSON-WMFEPLS-EN.html?color=BL,Wilson
U Active Perforated Hat,31.50 €,35.00 €,Tennis Clothing,2026-09-11 14:51:34,Tennis Warehouse Europe,https://www.tenniswarehouse-europe.com/Wilson_U_Active_Perforated_Hat/descpageWILSON-WUACPH-EN.html?color=TE,Wilson
Women's U Classic Visor,26.89 €,30.00 €,Tennis Clothing,2026-09-11 14:51:34,Tennis Warehouse Europe,https://www.tenniswarehouse-europe.com/Wilson_Womens_U_Classic_Visor/descpageWILSON-WUCLV-EN.html?color=BK,Wilson
Women's U Classic Visor,26.89 €,30.00 €,Tennis Clothing,2026-09-11 14:51:34,Tennis Warehouse Europe,https://www.tenniswarehouse-europe.com/Wilson_Womens_U_Classic_Visor/descpageWILSON-WUCLV-EN.html?color=NV,Wilson
Women's U Classic Visor,26.89 €,30.00 €,Tennis Clothing,2026-09-11 14:51:34,Tennis Warehouse Europe,https://www.tenniswarehouse-europe.com/Wilson_Womens_U_Classic_Visor/descpageWILSON-WUCLV-EN.html?color=WH,Wilson
U Structured Classic Hat,31.50 €,35.00 €,Tennis Clothing,2026-09-11 14:51:34,Tennis Warehouse Europe,https://www.tenniswarehouse-europe.com/Wilson_U_Structured_Classic_Hat/descpageWILSON-WUSCH-EN.html?color=NV,Wilson
U Active Perforated Hat,31.50 €,35.00 €,Tennis Clothing,2026-09-11 14:51:34,Tennis Warehouse Europe,https://www.tenniswarehouse-europe.com/Wilson_U_Active_Perforated_Hat/descpageWILSON-WUAPH-EN.html?color=BK,Wilson
U Active Perforated Hat,31.50 €,35.00 €,Tennis Clothing,2026-09-11 14:51:34,Tennis Warehouse Europe,https://www.tenniswarehouse-europe.com/Wilson_U_Active_Perforated_Hat/descpageWILSON-WUAPH-EN.html?color=NV,Wilson
U Active Perforated Hat,31.50 €,35.00 €,Tennis Clothing,2026-09-11 14:51:34,Tennis Warehouse Europe,https://www.tenniswarehouse-europe.com/Wilson_U_Active_Perforated_Hat/descpageWILSON-WUAPH-EN.html?color=RDW,Wilson
U Terry Logo Doublewide Wristbands,11.90 €,13.00 €,Tennis Clothing,2026-09-11 14:51:34,Tennis Warehouse Europe,https://www.tenniswarehouse-europe.com/Wilson_U_Terry_Logo_Doublewide_Wristbands/descpageWILSON-WUTWW-EN.html?color=BK,Wilson
U Terry Logo Doublewide Wristbands,11.90 €,13.00 €,Tennis Clothing,2026-09-11 14:51:34,Tennis Warehouse Europe,https://www.tenniswarehouse-europe.com/Wilson_U_Terry_Logo_Doublewide_Wristbands/descpageWILSON-WUTWW-EN.html?color=NV,Wilson
U Terry Logo Doublewide Wristbands,11.90 €,13.00 €,Tennis Clothing,2026-09-11 14:51:34,Tennis Warehouse Europe,https://www.tenniswarehouse-europe.com/Wilson_U_Terry_Logo_Doublewide_Wristbands/descpageWILSON-WUTWW-EN.html?color=WH,Wilson
U Terry Logo Singlewide Wristbands,8.90 €,10.00 €,Tennis Clothing,2026-09-11 14:51:34,Tennis Warehouse Europe,https://www.tenniswarehouse-europe.com/Wilson_U_Terry_Logo_Singlewide_Wristbands/descpageWILSON-WUTLW-EN.html?color=BK,Wilson
U Terry Logo Singlewide Wristbands,8.90 €,10.00 €,Tennis Clothing,2026-09-11 14:51:34,Tennis Warehouse Europe,https://www.tenniswarehouse-europe.com/Wilson_U_Terry_Logo_Singlewide_Wristbands/descpageWILSON-WUTLW-EN.html?color=NV,Wilson
U Terry Logo Singlewide Wristbands,8.90 €,10.00 €,Tennis Clothing,2026-09-11 14:51:34,Tennis Warehouse Europe,https://www.tenniswarehouse-europe.com/Wilson_U_Terry_Logo_Singlewide_Wristbands/descpageWILSON-WUTLW-EN.html?color=RD,Wilson
Ankle Tab Socks Black,7.90 €,9.00 €,Tennis Clothing,2026-09-11 14:51:34,Tennis Warehouse Europe,https://www.tenniswarehouse-europe.com/Wilson_Ankle_Tab_Socks_Black/descpageMAWILSON-WATSBK-EN.html,Wilson
Ankle Tab Socks Bright White,7.90 €,9.00 €,Tennis Clothing,2026-09-11 14:51:34,Tennis Warehouse Europe,https://www.tenniswarehouse-europe.com/Wilson_Ankle_Tab_Socks_Bright_White/descpageMAWILSON-WATSBWI-EN.html,Wilson
Men's Logo Crew Socks 3-Pack White,19.90 €,26.00 €,Tennis Clothing,2026-09-11 14:51:34,Tennis Warehouse Europe,https://www.tenniswarehouse-europe.com/Wilson_Mens_Logo_Crew_Socks_3-Pack_White/descpageMAWILSON-WMLCSW-EN.html,Wilson
Men's Logo Crew Socks 3-Pack Multi,19.90 €,26.00 €,Tennis Clothing,2026-09-11 14:51:34,Tennis Warehouse Europe,https://www.tenniswarehouse-europe.com/Wilson_Mens_Logo_Crew_Socks_3-Pack_Multi/descpageMAWILSON-WMLCSM-EN.html,Wilson
Men's Quarter Top Socks 3-Pack Multi,19.90 €,26.00 €,Tennis Clothing,2026-09-11 14:51:34,Tennis Warehouse Europe,https://www.tenniswarehouse-europe.com/Wilson_Mens_Quarter_Top_Socks_3-Pack_Multi/descpageMAWILSON-WMQTSM-EN.html,Wilson
Ankle Tab Socks 3-Pack White,15.90 €,22.00 €,Tennis Clothing,2026-09-11 14:51:34,Tennis Warehouse Europe,https://www.tenniswarehouse-europe.com/Wilson_Ankle_Tab_Socks_3-Pack_White/descpageMAWILSON-WATSW-EN.html,Wilson
Men's Quarter Socks 3-Pack Black,12.90 €,15.00 €,Tennis Clothing,2026-09-11 14:51:34,Tennis Warehouse Europe,https://www.tenniswarehouse-europe.com/Wilson_Mens_Quarter_Socks_3-Pack_Black/descpageMAWILSON-WMQS3PB-EN.html?color=BK,Wilson
Men's Pro Official Paris Top,103.90 €,129.90 €,Tennis Clothing,2026-09-11 14:51:34,Tennis Warehouse Europe,https://www.tenniswarehouse-europe.com/Yonex_Mens_Pro_Official_Paris_Top/descpageMAYONEX-Y26RGTO-EN.html?color=GO,Yonex
Men's Uni Fan Paris Top,34.90 €,69.90 €,Tennis Clothing,2026-09-11 14:51:34,Tennis Warehouse Europe,https://www.tenniswarehouse-europe.com/Yonex_Mens_Uni_Fan_Paris_Top/descpageMAYONEX-YMUFRGT-EN.html?color=CM,Yonex
Men's Uni Fan Paris Top,34.90 €,69.90 €,Tennis Clothing,2026-09-11 14:51:34,Tennis Warehouse Europe,https://www.tenniswarehouse-europe.com/Yonex_Mens_Uni_Fan_Paris_Top/descpageMAYONEX-YMUFRGT-EN.html?color=NV,Yonex
Men's Pro Official Paris Tennis Short,99.90 €,124.90 €,Tennis Clothing,2026-09-11 14:51:34,Tennis Warehouse Europe,https://www.tenniswarehouse-europe.com/Yonex_Mens_Pro_Official_Paris_Tennis_Short/descpageMAYONEX-Y26PRGS-EN.html?color=CO,Yonex
Men's Pro Official Melbourne Top,83.90 €,139.90 €,Tennis Clothing,2026-09-11 14:51:34,Tennis Warehouse Europe,https://www.tenniswarehouse-europe.com/Yonex_Mens_Pro_Official_Melbourne_Top/descpageMAYONEX-Y26AOT-EN.html?color=NV,Yonex
Men's Uni ATP Top,69.90 €,99.90 €,Tennis Clothing,2026-09-11 14:51:34,Tennis Warehouse Europe,https://www.tenniswarehouse-europe.com/Yonex_Mens_Uni_ATP_Top/descpageMAYONEX-YMUATPT-EN.html?color=IB,Yonex
Men's Uni Line Top,35.90 €,44.90 €,Tennis Clothing,2026-09-11 14:51:34,Tennis Warehouse Europe,https://www.tenniswarehouse-europe.com/Yonex_Mens_Uni_Line_Top/descpageMAYONEX-YUNLTOP-EN.html?color=BL,Yonex
Men's Uni Line Top,35.90 €,44.90 €,Tennis Clothing,2026-09-11 14:51:34,Tennis Warehouse Europe,https://www.tenniswarehouse-europe.com/Yonex_Mens_Uni_Line_Top/descpageMAYONEX-YUNLTOP-EN.html?color=NV,Yonex
Men's Uni Line Top,35.90 €,44.90 €,Tennis Clothing,2026-09-11 14:51:34,Tennis Warehouse Europe,https://www.tenniswarehouse-europe.com/Yonex_Mens_Uni_Line_Top/descpageMAYONEX-YUNLTOP-EN.html?color=OR,Yonex
Men's Uni Basic Top,31.90 €,39.95 €,Tennis Clothing,2026-09-11 14:51:34,Tennis Warehouse Europe,https://www.tenniswarehouse-europe.com/Yonex_Mens_Uni_Basic_Top/descpageMAYONEX-YUNMBTP-EN.html?color=BK,Yonex
Men's Uni Basic Top,31.90 €,39.95 €,Tennis Clothing,2026-09-11 14:51:34,Tennis Warehouse Europe,https://www.tenniswarehouse-europe.com/Yonex_Mens_Uni_Basic_Top/descpageMAYONEX-YUNMBTP-EN.html?color=NV,Yonex
Men's Uni Basic Top,31.90 €,39.95 €,Tennis Clothing,2026-09-11 14:51:34,Tennis Warehouse Europe,https://www.tenniswarehouse-europe.com/Yonex_Mens_Uni_Basic_Top/descpageMAYONEX-YUNMBTP-EN.html?color=RD,Yonex
Men's Uni Basic Top,31.90 €,39.95 €,Tennis Clothing,2026-09-11 14:51:34,Tennis Warehouse Europe,https://www.tenniswarehouse-europe.com/Yonex_Mens_Uni_Basic_Top/descpageMAYONEX-YUNMBTP-EN.html?color=WH,Yonex
Men's Uni Print Top,31.90 €,39.90 €,Tennis Clothing,2026-09-11 14:51:34,Tennis Warehouse Europe,https://www.tenniswarehouse-europe.com/Yonex_Mens_Uni_Print_Top/descpageMAYONEX-YMUPTOP-EN.html?color=NV,Yonex
Men's Uni Print Top,31.90 €,39.90 €,Tennis Clothing,2026-09-11 14:51:34,Tennis Warehouse Europe,https://www.tenniswarehouse-europe.com/Yonex_Mens_Uni_Print_Top/descpageMAYONEX-YMUPTOP-EN.html?color=WH,Yonex
Men's Uni Print Top,31.90 €,39.90 €,Tennis Clothing,2026-09-11 14:51:34,Tennis Warehouse Europe,https://www.tenniswarehouse-europe.com/Yonex_Mens_Uni_Print_Top/descpageMAYONEX-YMUPTOP-EN.html?color=YE,Yonex
Men's Uni Arm Print Top,31.90 €,39.90 €,Tennis Clothing,2026-09-11 14:51:34,Tennis Warehouse Europe,https://www.tenniswarehouse-europe.com/Yonex_Mens_Uni_Arm_Print_Top/descpageMAYONEX-YMUARPT-EN.html?color=NV,Yonex
Men's Uni Arm Print Top,31.90 €,39.90 €,Tennis Clothing,2026-09-11 14:51:34,Tennis Warehouse Europe,https://www.tenniswarehouse-europe.com/Yonex_Mens_Uni_Arm_Print_Top/descpageMAYONEX-YMUARPT-EN.html?color=GRL,Yonex
Men's Uni Logo Top,28.90 €,31.90 €,Tennis Clothing,2026-09-11 14:51:34,Tennis Warehouse Europe,https://www.tenniswarehouse-europe.com/Yonex_Mens_Uni_Logo_Top/descpageMAYONEX-YMUNLTO-EN.html?color=BK,Yonex
Men's Uni Logo Top,28.90 €,31.90 €,Tennis Clothing,2026-09-11 14:51:34,Tennis Warehouse Europe,https://www.tenniswarehouse-europe.com/Yonex_Mens_Uni_Logo_Top/descpageMAYONEX-YMUNLTO-EN.html?color=NV,Yonex
Men's Uni Tonal Print Top,51.90 €,69.90 €,Tennis Clothing,2026-09-11 14:51:34,Tennis Warehouse Europe,https://www.tenniswarehouse-europe.com/Yonex_Mens_Uni_Tonal_Print_Top/descpageMAYONEX-YMTUPTO-EN.html?color=BL,Yonex
Men's Uni Tonal Print Top,51.90 €,69.90 €,Tennis Clothing,2026-09-11 14:51:34,Tennis Warehouse Europe,https://www.tenniswarehouse-europe.com/Yonex_Mens_Uni_Tonal_Print_Top/descpageMAYONEX-YMTUPTO-EN.html?color=NV,Yonex
Men's Practice Short,37.90 €,44.90 €,Tennis Clothing,2026-09-11 14:51:34,Tennis Warehouse Europe,https://www.tenniswarehouse-europe.com/Yonex_Mens_Practice_Short/descpageMAYONEX-Y26MWHS-EN.html?color=BK,Yonex
Men's Practice Short,37.90 €,44.90 €,Tennis Clothing,2026-09-11 14:51:34,Tennis Warehouse Europe,https://www.tenniswarehouse-europe.com/Yonex_Mens_Practice_Short/descpageMAYONEX-Y26MWHS-EN.html?color=NV,Yonex
Men's Practice Short,37.90 €,44.90 €,Tennis Clothing,2026-09-11 14:51:34,Tennis Warehouse Europe,https://www.tenniswarehouse-europe.com/Yonex_Mens_Practice_Short/descpageMAYONEX-Y26MWHS-EN.html?color=WH,Yonex
Men's Practice Short,41.90 €,59.90 €,Tennis Clothing,2026-09-11 14:51:34,Tennis Warehouse Europe,https://www.tenniswarehouse-europe.com/Yonex_Mens_Practice_Short/descpageMAYONEX-Y26MBES-EN.html?color=BE,Yonex
Men's Practice Short,41.90 €,59.90 €,Tennis Clothing,2026-09-11 14:51:34,Tennis Warehouse Europe,https://www.tenniswarehouse-europe.com/Yonex_Mens_Practice_Short/descpageMAYONEX-Y26MPS-EN.html?color=YE,Yonex
Men's Warm-Up Jacket,94.90 €,99.90 €,Tennis Clothing,2026-09-11 14:51:34,Tennis Warehouse Europe,https://www.tenniswarehouse-europe.com/Yonex_Mens_Warm-Up_Jacket/descpageMAYONEX-YMWJAK-EN.html?color=BK,Yonex
Men's Practice Short,29.90 €,39.95 €,Tennis Clothing,2026-09-11 14:51:34,Tennis Warehouse Europe,https://www.tenniswarehouse-europe.com/Yonex_Mens_Practice_Short/descpageMAYONEX-Y24MCLS-EN.html?color=BK,Yonex
Men's Practice Short,29.90 €,39.95 €,Tennis Clothing,2026-09-11 14:51:34,Tennis Warehouse Europe,https://www.tenniswarehouse-europe.com/Yonex_Mens_Practice_Short/descpageMAYONEX-Y24MCLS-EN.html?color=WH,Yonex
Wristband Black,11.90 €,12.90 €,Tennis Clothing,2026-09-11 14:51:34,Tennis Warehouse Europe,https://www.tenniswarehouse-europe.com/Yonex_Wristband_Black/descpageYONEX-Y25WBK-EN.html,Yonex
Nike Women's New York Slam Dress,134.90 €,,Tennis Clothing,2026-09-11 14:51:34,Tennis Warehouse Europe,https://www.tenniswarehouse-europe.com/Nike_Womens_New_York_Slam_Dress/descpageWANIKEA-NWNYDS-EN.html?color=BK,Nike -
Nike Women's New York Slam Dress,134.90 €,,Tennis Clothing,2026-09-11 14:51:34,Tennis Warehouse Europe,https://www.tenniswarehouse-europe.com/Nike_Womens_New_York_Slam_Dress/descpageWANIKEA-NWNYDS-EN.html?color=BL,Nike -
Nike Women's New York Slam Mesh Dress,99.90 €,,Tennis Clothing,2026-09-11 14:51:34,Tennis Warehouse Europe,https://www.tenniswarehouse-europe.com/Nike_Womens_New_York_Slam_Mesh_Dress/descpageWANIKEA-NNYMDS-EN.html?color=BK,Nike -
Nike Women's New York Slam Tank,79.90 €,,Tennis Clothing,2026-09-11 14:51:34,Tennis Warehouse Europe,https://www.tenniswarehouse-europe.com/Nike_Womens_New_York_Slam_Tank/descpageWANIKEA-NNYST-EN.html?color=BL,Nike -
Nike Women's New York Slam Tank,79.90 €,,Tennis Clothing,2026-09-11 14:51:34,Tennis Warehouse Europe,https://www.tenniswarehouse-europe.com/Nike_Womens_New_York_Slam_Tank/descpageWANIKEA-NNYST-EN.html?color=WH,Nike -
Nike Women's New York Slam Skirt,84.89 €,,Tennis Clothing,2026-09-11 14:51:34,Tennis Warehouse Europe,https://www.tenniswarehouse-europe.com/Nike_Womens_New_York_Slam_Skirt/descpageWANIKEA-NNYSK-EN.html?color=BK,Nike -
Nike Women's New York Slam Skirt,84.89 €,,Tennis Clothing,2026-09-11 14:51:34,Tennis Warehouse Europe,https://www.tenniswarehouse-europe.com/Nike_Womens_New_York_Slam_Skirt/descpageWANIKEA-NNYSK-EN.html?color=BL,Nike -
Nike Women's New York Court Studio Sweatshirt,79.90 €,90.00 €,Tennis Clothing,2026-09-11 14:51:34,Tennis Warehouse Europe,https://www.tenniswarehouse-europe.com/Nike_Womens_New_York_Court_Studio_Sweatshirt/descpageWANIKEA-NWNCSH-EN.html?color=RY,Nike -
Nike Women's New York Slam Jacket,127.90 €,150.00 €,Tennis Clothing,2026-09-11 14:51:34,Tennis Warehouse Europe,https://www.tenniswarehouse-europe.com/Nike_Womens_New_York_Slam_Jacket/descpageWANIKEA-NNYSJ-EN.html?color=BK,Nike -
Nike Women's New York Slam Jacket,127.90 €,150.00 €,Tennis Clothing,2026-09-11 14:51:34,Tennis Warehouse Europe,https://www.tenniswarehouse-europe.com/Nike_Womens_New_York_Slam_Jacket/descpageWANIKEA-NNYSJ-EN.html?color=BL,Nike -
Nike Women's Fall Victory Dress,59.90 €,75.00 €,Tennis Clothing,2026-09-11 14:51:34,Tennis Warehouse Europe,https://www.tenniswarehouse-europe.com/Nike_Womens_Fall_Victory_Dress/descpageWANIKEA-NFAVYD-EN.html?color=BL,Nike -
Nike Women's Fall Victory Dress,59.90 €,75.00 €,Tennis Clothing,2026-09-11 14:51:34,Tennis Warehouse Europe,https://www.tenniswarehouse-europe.com/Nike_Womens_Fall_Victory_Dress/descpageWANIKEA-NFAVYD-EN.html?color=PK,Nike -
Nike Women's Basic Victory Dress,49.90 € - 66.90 €,75.00€,Tennis Clothing,2026-09-11 14:51:34,Tennis Warehouse Europe,https://www.tenniswarehouse-europe.com/Nike_Womens_Basic_Victory_Dress/descpageWANIKEA-NWBVID-EN.html?color=BK,Nike -
Nike Women's Basic Victory Dress,49.90 € - 66.90 €,75.00€,Tennis Clothing,2026-09-11 14:51:34,Tennis Warehouse Europe,https://www.tenniswarehouse-europe.com/Nike_Womens_Basic_Victory_Dress/descpageWANIKEA-NWBVID-EN.html?color=WH,Nike -
Nike Women's Fall Victory Tank,33.90 €,43.00 €,Tennis Clothing,2026-09-11 14:51:34,Tennis Warehouse Europe,https://www.tenniswarehouse-europe.com/Nike_Womens_Fall_Victory_Tank/descpageWANIKEA-NFVITA-EN.html?color=PK,Nike -
Nike Women's Fall Victory Tank,33.90 €,43.00 €,Tennis Clothing,2026-09-11 14:51:34,Tennis Warehouse Europe,https://www.tenniswarehouse-europe.com/Nike_Womens_Fall_Victory_Tank/descpageWANIKEA-NFVITA-EN.html?color=RY,Nike -
Nike Women's Basic Victory Tank Black,29.90 € - 36.90 €,43.00€,Tennis Clothing,2026-09-11 14:51:34,Tennis Warehouse Europe,https://www.tenniswarehouse-europe.com/Nike_Womens_Basic_Victory_Tank_Black/descpageWANIKEA-NWBVTBL-EN.html?color=BK,Nike -
Nike Women's Basic Victory Tank White,29.90 € - 36.90 €,43.00€,Tennis Clothing,2026-09-11 14:51:34,Tennis Warehouse Europe,https://www.tenniswarehouse-europe.com/Nike_Womens_Basic_Victory_Tank_White/descpageWANIKEA-NWBVT-EN.html?color=WH,Nike -
Nike Women's Fall Advantage Tank,43.90 €,55.00 €,Tennis Clothing,2026-09-11 14:51:34,Tennis Warehouse Europe,https://www.tenniswarehouse-europe.com/Nike_Womens_Fall_Advantage_Tank/descpageWANIKEA-NFADTA-EN.html?color=PK,Nike -
Nike Women's Fall Advantage Tank,43.90 €,55.00 €,Tennis Clothing,2026-09-11 14:51:34,Tennis Warehouse Europe,https://www.tenniswarehouse-europe.com/Nike_Womens_Fall_Advantage_Tank/descpageWANIKEA-NFADTA-EN.html?color=RY,Nike -
Nike Women's Basic Advantage Tank,34.90 € - 46.90 €,55.00€,Tennis Clothing,2026-09-11 14:51:34,Tennis Warehouse Europe,https://www.tenniswarehouse-europe.com/Nike_Womens_Basic_Advantage_Tank/descpageWANIKEA-NWBAT-EN.html?color=BK,Nike -
Nike Women's Basic Advantage Tank,34.90 € - 46.90 €,55.00€,Tennis Clothing,2026-09-11 14:51:34,Tennis Warehouse Europe,https://www.tenniswarehouse-europe.com/Nike_Womens_Basic_Advantage_Tank/descpageWANIKEA-NWBAT-EN.html?color=WH,Nike -
Nike Women's Fall Court Advantage Sabalenka Crop Tank,47.90 €,60.00 €,Tennis Clothing,2026-09-11 14:51:34,Tennis Warehouse Europe,https://www.tenniswarehouse-europe.com/Nike_Womens_Fall_Court_Advantage_Sabalenka_Crop_Tank/descpageWANIKEA-NFADCT-EN.html?color=RY,Nike -
Nike Women's Fall Victory Top,39.90 €,50.00 €,Tennis Clothing,2026-09-11 14:51:34,Tennis Warehouse Europe,https://www.tenniswarehouse-europe.com/Nike_Womens_Fall_Victory_Top/descpageWANIKEA-NFLVIT-EN.html?color=PK,Nike -
Nike Women's Basic Victory Top,37.90 € - 43.90 €,50.00€,Tennis Clothing,2026-09-11 14:51:34,Tennis Warehouse Europe,https://www.tenniswarehouse-europe.com/Nike_Womens_Basic_Victory_Top/descpageWANIKEA-NWBVTO-EN.html?color=BK,Nike -
Nike Women's Basic Victory Top,37.90 € - 43.90 €,50.00€,Tennis Clothing,2026-09-11 14:51:34,Tennis Warehouse Europe,https://www.tenniswarehouse-europe.com/Nike_Womens_Basic_Victory_Top/descpageWANIKEA-NWBVTO-EN.html?color=WH,Nike -
Nike Women's Fall Advantage Top,47.90 €,60.00 €,Tennis Clothing,2026-09-11 14:51:34,Tennis Warehouse Europe,https://www.tenniswarehouse-europe.com/Nike_Womens_Fall_Advantage_Top/descpageWANIKEA-NFLAVT-EN.html?color=PK,Nike -
Nike Women's Fall Advantage Top,47.90 €,60.00 €,Tennis Clothing,2026-09-11 14:51:34,Tennis Warehouse Europe,https://www.tenniswarehouse-europe.com/Nike_Womens_Fall_Advantage_Top/descpageWANIKEA-NFLAVT-EN.html?color=RY,Nike -
Nike Women's Basic Advantage Top,49.90 € - 53.90 €,60.00€,Tennis Clothing,2026-09-11 14:51:34,Tennis Warehouse Europe,https://www.tenniswarehouse-europe.com/Nike_Womens_Basic_Advantage_Top/descpageWANIKEA-NWBADT-EN.html?color=BK,Nike -
Nike Women's Basic Advantage Top,49.90 € - 53.90 €,60.00€,Tennis Clothing,2026-09-11 14:51:34,Tennis Warehouse Europe,https://www.tenniswarehouse-europe.com/Nike_Womens_Basic_Advantage_Top/descpageWANIKEA-NWBADT-EN.html?color=WH,Nike -
Nike Women's Basic Victory Midrise Flouncy Skirt,32.90 € - 44.90 €,50.00€,Tennis Clothing,2026-09-11 14:51:34,Tennis Warehouse Europe,https://www.tenniswarehouse-europe.com/Nike_Womens_Basic_Victory_Midrise_Flouncy_Skirt/descpageWANIKEA-NWVMFS-EN.html?color=BK,Nike -
Nike Women's Basic Victory Midrise Flouncy Skirt,32.90 € - 44.90 €,50.00€,Tennis Clothing,2026-09-11 14:51:34,Tennis Warehouse Europe,https://www.tenniswarehouse-europe.com/Nike_Womens_Basic_Victory_Midrise_Flouncy_Skirt/descpageWANIKEA-NWVMFS-EN.html?color=WH,Nike -
Nike Women's Basic Victory Straight Skirt,40.90 € - 49.90 €,55.00€,Tennis Clothing,2026-09-11 14:51:34,Tennis Warehouse Europe,https://www.tenniswarehouse-europe.com/Nike_Womens_Basic_Victory_Straight_Skirt/descpageWANIKEA-NWVISS-EN.html?color=BK,Nike -
Nike Women's Basic Victory Straight Skirt,40.90 € - 49.90 €,55.00€,Tennis Clothing,2026-09-11 14:51:34,Tennis Warehouse Europe,https://www.tenniswarehouse-europe.com/Nike_Womens_Basic_Victory_Straight_Skirt/descpageWANIKEA-NWVISS-EN.html?color=WH,Nike -
Nike Women's Fall Victory High Rise Pleated Skirt,47.90 €,60.00 €,Tennis Clothing,2026-09-11 14:51:34,Tennis Warehouse Europe,https://www.tenniswarehouse-europe.com/Nike_Womens_Fall_Victory_High_Rise_Pleated_Skirt/descpageWANIKEA-NVFHPS-EN.html?color=PK,Nike -
Nike Women's Fall Victory High Rise Pleated Skirt,47.90 €,60.00 €,Tennis Clothing,2026-09-11 14:51:34,Tennis Warehouse Europe,https://www.tenniswarehouse-europe.com/Nike_Womens_Fall_Victory_High_Rise_Pleated_Skirt/descpageWANIKEA-NVFHPS-EN.html?color=RY,Nike -
Nike Women's Basic Victory High Rise Pleated Skirt,53.90 €,60.00 €,Tennis Clothing,2026-09-11 14:51:34,Tennis Warehouse Europe,https://www.tenniswarehouse-europe.com/Nike_Womens_Basic_Victory_High_Rise_Pleated_Skirt/descpageWANIKEA-NBVPS-EN.html?color=BK,Nike -
Nike Women's Basic Victory High Rise Pleated Skirt,53.90 €,60.00 €,Tennis Clothing,2026-09-11 14:51:34,Tennis Warehouse Europe,https://www.tenniswarehouse-europe.com/Nike_Womens_Basic_Victory_High_Rise_Pleated_Skirt/descpageWANIKEA-NBVPS-EN.html?color=WH,Nike -
Nike Women's Fall Advantage Pleated Skirt,59.90 €,75.00 €,Tennis Clothing,2026-09-11 14:51:34,Tennis Warehouse Europe,https://www.tenniswarehouse-europe.com/Nike_Womens_Fall_Advantage_Pleated_Skirt/descpageWANIKEA-NAFPLS-EN.html?color=PK,Nike -
Nike Women's Fall Advantage Pleated Skirt,59.90 €,75.00 €,Tennis Clothing,2026-09-11 14:51:34,Tennis Warehouse Europe,https://www.tenniswarehouse-europe.com/Nike_Womens_Fall_Advantage_Pleated_Skirt/descpageWANIKEA-NAFPLS-EN.html?color=RY,Nike -
Nike Women's Basic Advantage Pleated Skirt,64.90 €,75.00 €,Tennis Clothing,2026-09-11 14:51:34,Tennis Warehouse Europe,https://www.tenniswarehouse-europe.com/Nike_Womens_Basic_Advantage_Pleated_Skirt/descpageWANIKEA-NWBAPLS-EN.html?color=BK,Nike -
Nike Women's Basic Advantage Pleated Skirt,64.90 €,75.00 €,Tennis Clothing,2026-09-11 14:51:34,Tennis Warehouse Europe,https://www.tenniswarehouse-europe.com/Nike_Womens_Basic_Advantage_Pleated_Skirt/descpageWANIKEA-NWBAPLS-EN.html?color=WH,Nike -
Nike Women's Fall Advantage High Rise Ace Skirt,55.91 €,70.00 €,Tennis Clothing,2026-09-11 14:51:34,Tennis Warehouse Europe,https://www.tenniswarehouse-europe.com/Nike_Womens_Fall_Advantage_High_Rise_Ace_Skirt/descpageWANIKEA-NFAHAS-EN.html?color=PK,Nike -
Nike Women's Fall Advantage High Rise Ace Skirt,55.91 €,70.00 €,Tennis Clothing,2026-09-11 14:51:34,Tennis Warehouse Europe,https://www.tenniswarehouse-europe.com/Nike_Womens_Fall_Advantage_High_Rise_Ace_Skirt/descpageWANIKEA-NFAHAS-EN.html?color=RY,Nike -
Nike Women's Fall Advantage Ace High Rise Short,55.91 €,70.00 €,Tennis Clothing,2026-09-11 14:51:34,Tennis Warehouse Europe,https://www.tenniswarehouse-europe.com/Nike_Womens_Fall_Advantage_Ace_High_Rise_Short/descpageWANIKEA-NWF6S-EN.html?color=BL,Nike -
Nike Women's Fall Court Tank,55.91 €,70.00 €,Tennis Clothing,2026-09-11 14:51:34,Tennis Warehouse Europe,https://www.tenniswarehouse-europe.com/Nike_Womens_Fall_Court_Tank/descpageWANIKEA-NFVITCA-EN.html?color=BE,Nike -
Nike Women's Fall Court Tank,55.91 €,70.00 €,Tennis Clothing,2026-09-11 14:51:34,Tennis Warehouse Europe,https://www.tenniswarehouse-europe.com/Nike_Womens_Fall_Court_Tank/descpageWANIKEA-NFVITCA-EN.html?color=BL,Nike -
Nike Women's Fall Ball Short,35.90 €,45.00 €,Tennis Clothing,2026-09-11 14:51:34,Tennis Warehouse Europe,https://www.tenniswarehouse-europe.com/Nike_Womens_Fall_Ball_Short/descpageWANIKEA-NWBLMBS-EN.html?color=BL,Nike -
Nike Women's Fall Fleece Longsleeve Crop Top,79.90 €,100.00 €,Tennis Clothing,2026-09-11 14:51:34,Tennis Warehouse Europe,https://www.tenniswarehouse-europe.com/Nike_Womens_Fall_Fleece_Longsleeve_Crop_Top/descpageWANIKEA-NWFALT-EN.html?color=BK,Nike -
Nike Women's Fall Fleece Longsleeve Crop Top,79.90 €,100.00 €,Tennis Clothing,2026-09-11 14:51:34,Tennis Warehouse Europe,https://www.tenniswarehouse-europe.com/Nike_Womens_Fall_Fleece_Longsleeve_Crop_Top/descpageWANIKEA-NWFALT-EN.html?color=BL,Nike -
Nike Women's Fall Court Fleece Vest,71.90 €,90.00 €,Tennis Clothing,2026-09-11 14:51:34,Tennis Warehouse Europe,https://www.tenniswarehouse-europe.com/Nike_Womens_Fall_Court_Fleece_Vest/descpageWANIKEA-NWVECO-EN.html?color=BL,Nike -
Nike Women's Fall Court Fleece Vest,71.90 €,90.00 €,Tennis Clothing,2026-09-11 14:51:34,Tennis Warehouse Europe,https://www.tenniswarehouse-europe.com/Nike_Womens_Fall_Court_Fleece_Vest/descpageWANIKEA-NWVECO-EN.html?color=BR,Nike -
Nike Women's Fall Advantage FZ Jacket,67.90 €,85.00 €,Tennis Clothing,2026-09-11 14:51:34,Tennis Warehouse Europe,https://www.tenniswarehouse-europe.com/Nike_Womens_Fall_Advantage_FZ_Jacket/descpageWANIKEA-NWBAJBL-EN.html?color=BL,Nike -
Nike Women's Fall Advantage Pant,59.90 €,75.00 €,Tennis Clothing,2026-09-11 14:51:34,Tennis Warehouse Europe,https://www.tenniswarehouse-europe.com/Nike_Womens_Fall_Advantage_Pant/descpageWANIKEA-NIFKBL-EN.html?color=BL,Nike -
Nike Women's Fall One Classic DF Tank,23.90 €,30.00 €,Tennis Clothing,2026-09-11 14:51:34,Tennis Warehouse Europe,https://www.tenniswarehouse-europe.com/Nike_Womens_Fall_One_Classic_DF_Tank/descpageWANIKEA-NFACST-EN.html?color=BO,Nike -
Nike Women's Fall One Classic DF Top,27.89 €,35.00 €,Tennis Clothing,2026-09-11 14:51:34,Tennis Warehouse Europe,https://www.tenniswarehouse-europe.com/Nike_Womens_Fall_One_Classic_DF_Top/descpageWANIKEA-NWFACT-EN.html?color=PK,Nike -
Nike Women's Basic One Classic DF Top,23.90 € - 27.89 €,35.00€,Tennis Clothing,2026-09-11 14:51:34,Tennis Warehouse Europe,https://www.tenniswarehouse-europe.com/Nike_Womens_Basic_One_Classic_DF_Top/descpageWANIKEA-NBOBCLT-EN.html?color=BK,Nike -
Nike Women's Basic One Classic DF Top,23.90 € - 27.89 €,35.00€,Tennis Clothing,2026-09-11 14:51:34,Tennis Warehouse Europe,https://www.tenniswarehouse-europe.com/Nike_Womens_Basic_One_Classic_DF_Top/descpageWANIKEA-NBOCLT-EN.html?color=WH,Nike -
Nike Women's Summer One Classic DF Top,31.90 €,35.00 €,Tennis Clothing,2026-09-11 14:51:34,Tennis Warehouse Europe,https://www.tenniswarehouse-europe.com/Nike_Womens_Summer_One_Classic_DF_Top/descpageWANIKEA-NBUCLT-EN.html?color=GR,Nike -
Nike Women's Summer One Classic DF Top,31.90 €,35.00 €,Tennis Clothing,2026-09-11 14:51:34,Tennis Warehouse Europe,https://www.tenniswarehouse-europe.com/Nike_Womens_Summer_One_Classic_DF_Top/descpageWANIKEA-NBUCLT-EN.html?color=NV,Nike -
Nike Women's Fall One Fitted DF Top,27.89 €,35.00 €,Tennis Clothing,2026-09-11 14:51:34,Tennis Warehouse Europe,https://www.tenniswarehouse-europe.com/Nike_Womens_Fall_One_Fitted_DF_Top/descpageWANIKEA-NWFLFT-EN.html?color=PU,Nike -
Nike Women's Basic One Fitted DF Top,29.90 €,35.00 €,Tennis Clothing,2026-09-11 14:51:34,Tennis Warehouse Europe,https://www.tenniswarehouse-europe.com/Nike_Womens_Basic_One_Fitted_DF_Top/descpageWANIKEA-NWFBFT-EN.html?color=BK,Nike -
Nike Women's Basic One Classic DF Tank,26.89 €,30.00 €,Tennis Clothing,2026-09-11 14:51:34,Tennis Warehouse Europe,https://www.tenniswarehouse-europe.com/Nike_Womens_Basic_One_Classic_DF_Tank/descpageWANIKEA-NBACST-EN.html?color=BK,Nike -
Nike Women's Basic One Classic DF Tank,26.89 €,30.00 €,Tennis Clothing,2026-09-11 14:51:34,Tennis Warehouse Europe,https://www.tenniswarehouse-europe.com/Nike_Womens_Basic_One_Classic_DF_Tank/descpageWANIKEA-NBOCST-EN.html?color=WH,Nike -
Nike Women's Fall One Bra DF Tank,31.90 €,40.00 €,Tennis Clothing,2026-09-11 14:51:34,Tennis Warehouse Europe,https://www.tenniswarehouse-europe.com/Nike_Womens_Fall_One_Bra_DF_Tank/descpageWANIKEA-NFAOBT-EN.html?color=PK,Nike -
Nike Women's Fall Crop Pro Tank,29.90 €,38.00 €,Tennis Clothing,2026-09-11 14:51:34,Tennis Warehouse Europe,https://www.tenniswarehouse-europe.com/Nike_Womens_Fall_Crop_Pro_Tank/descpageWANIKEA-NFACTP-EN.html?color=LB,Nike -
Nike Women's Fall Crop Pro Tank,29.90 €,38.00 €,Tennis Clothing,2026-09-11 14:51:34,Tennis Warehouse Europe,https://www.tenniswarehouse-europe.com/Nike_Womens_Fall_Crop_Pro_Tank/descpageWANIKEA-NFACTP-EN.html?color=PK,Nike -
Nike Women's Fall DF Mid-Rise 2-in-1 Short,35.90 €,45.00 €,Tennis Clothing,2026-09-11 14:51:34,Tennis Warehouse Europe,https://www.tenniswarehouse-europe.com/Nike_Womens_Fall_DF_Mid-Rise_2-in-1_Short/descpageWANIKEA-NFM2SH-EN.html?color=MR,Nike -
Nike Women's Fall DF High-Rise 2-in-1 Short,35.90 €,45.00 €,Tennis Clothing,2026-09-11 14:51:34,Tennis Warehouse Europe,https://www.tenniswarehouse-europe.com/Nike_Womens_Fall_DF_High-Rise_2-in-1_Short/descpageWANIKEA-NFH21S-EN.html?color=LB,Nike -
Nike Women's Fall DF High-Rise 2-in-1 Short,35.90 €,45.00 €,Tennis Clothing,2026-09-11 14:51:34,Tennis Warehouse Europe,https://www.tenniswarehouse-europe.com/Nike_Womens_Fall_DF_High-Rise_2-in-1_Short/descpageWANIKEA-NFH21S-EN.html?color=PK,Nike -
Nike Women's Basic DF High-Rise 2-in-1 Short,33.90 € - 40.90 €,45.00€,Tennis Clothing,2026-09-11 14:51:34,Tennis Warehouse Europe,https://www.tenniswarehouse-europe.com/Nike_Womens_Basic_DF_High-Rise_2-in-1_Short/descpageWANIKEA-NSPH21S-EN.html?color=BK,Nike -
Nike Women's Basic DF High-Rise 2-in-1 Short,33.90 € - 40.90 €,45.00€,Tennis Clothing,2026-09-11 14:51:34,Tennis Warehouse Europe,https://www.tenniswarehouse-europe.com/Nike_Womens_Basic_DF_High-Rise_2-in-1_Short/descpageWANIKEA-NSPH21S-EN.html?color=NV,Nike -
Nike Women's Fall One High Rise 7/8 Tight,39.90 €,50.00 €,Tennis Clothing,2026-09-11 14:51:34,Tennis Warehouse Europe,https://www.tenniswarehouse-europe.com/Nike_Womens_Fall_One_High_Rise_7_8_Tight/descpageWANIKEA-NWFB7T-EN.html?color=LB,Nike -
Nike Women's Basic One High Rise Pocket 7/8 Tight,49.90 €,55.00 €,Tennis Clothing,2026-09-11 14:51:34,Tennis Warehouse Europe,https://www.tenniswarehouse-europe.com/Nike_Womens_Basic_One_High_Rise_Pocket_7_8_Tight/descpageWANIKEA-NWWB7T-EN.html?color=BK,Nike -
Nike Women's Basic High Rise Full Length Tight,42.90 €,50.00 €,Tennis Clothing,2026-09-11 14:51:34,Tennis Warehouse Europe,https://www.tenniswarehouse-europe.com/Nike_Womens_Basic_High_Rise_Full_Length_Tight/descpageWANIKEA-NWBFLTI-EN.html?color=BK,Nike -
Nike Women's Basic High Rise Full Length Tight,42.90 €,50.00 €,Tennis Clothing,2026-09-11 14:51:34,Tennis Warehouse Europe,https://www.tenniswarehouse-europe.com/Nike_Womens_Basic_High_Rise_Full_Length_Tight/descpageWANIKEA-NWBLTI-EN.html?color=NV,Nike -
Nike Women's Fall One Classic DF Longsleeve Top,31.90 €,40.00 €,Tennis Clothing,2026-09-11 14:51:34,Tennis Warehouse Europe,https://www.tenniswarehouse-europe.com/Nike_Womens_Fall_One_Classic_DF_Longsleeve_Top/descpageWANIKEA-NFCLST-EN.html?color=MR,Nike -
Nike Women's One Fitted 1/4 Zip Longsleeve,35.90 €,45.00 €,Tennis Clothing,2026-09-11 14:51:34,Tennis Warehouse Europe,https://www.tenniswarehouse-europe.com/Nike_Womens_One_Fitted_1_4_Zip_Longsleeve/descpageWANIKEA-NWC12LZ-EN.html?color=BK,Nike -
"Nike Women's Fall 365 Pro 3"" Shorty",25.90 €,33.00 €,Tennis Clothing,2026-09-11 14:51:34,Tennis Warehouse Europe,https://www.tenniswarehouse-europe.com/Nike_Womens_Fall_365_Pro_3_Shorty/descpageWANIKEA-NFLSPS-EN.html?color=LB,Nike -
"Nike Women's Basic 365 Pro 3"" Shorty",25.90 € - 29.90 €,33.00€,Tennis Clothing,2026-09-11 14:51:34,Tennis Warehouse Europe,https://www.tenniswarehouse-europe.com/Nike_Womens_Basic_365_Pro_3_Shorty/descpageWANIKEA-NWBAPS-EN.html?color=BK,Nike -
"Nike Women's Basic 365 Pro 3"" Shorty",29.90 €,33.00 €,Tennis Clothing,2026-09-11 14:51:34,Tennis Warehouse Europe,https://www.tenniswarehouse-europe.com/Nike_Womens_Basic_365_Pro_3_Shorty/descpageWANIKEA-NWBSPS-EN.html?color=NV,Nike -
"Nike Women's Fall 365 5"" Shorty",25.90 €,33.00 €,Tennis Clothing,2026-09-11 14:51:34,Tennis Warehouse Europe,https://www.tenniswarehouse-europe.com/Nike_Womens_Fall_365_5_Shorty/descpageWANIKEA-NFASHR-EN.html?color=PK,Nike -
"Nike Women's Basic 365 5"" Shorty",29.90 €,33.00 €,Tennis Clothing,2026-09-11 14:51:34,Tennis Warehouse Europe,https://www.tenniswarehouse-europe.com/Nike_Womens_Basic_365_5_Shorty/descpageWANIKEA-NBASHR-EN.html?color=NV,Nike -
"Nike Women's Basic 365 5"" Shorty",29.90 €,33.00 €,Tennis Clothing,2026-09-11 14:51:34,Tennis Warehouse Europe,https://www.tenniswarehouse-europe.com/Nike_Womens_Basic_365_5_Shorty/descpageWANIKEA-NBASH-EN.html?color=BK,Nike -
Nike Women's Fall Medium Support Bra,35.90 €,45.00 €,Tennis Clothing,2026-09-11 14:51:34,Tennis Warehouse Europe,https://www.tenniswarehouse-europe.com/Nike_Womens_Fall_Medium_Support_Bra/descpageWANIKEA-NFAMSB-EN.html?color=BR,Nike -
Nike Women's Basic Medium Support Bra,22.90 € - 38.90 €,45.00€,Tennis Clothing,2026-09-11 14:51:34,Tennis Warehouse Europe,https://www.tenniswarehouse-europe.com/Nike_Womens_Basic_Medium_Support_Bra/descpageWANIKEA-NWCMSB-EN.html?color=BK,Nike -
Nike Women's Basic Medium Support Bra,22.90 € - 38.90 €,45.00€,Tennis Clothing,2026-09-11 14:51:34,Tennis Warehouse Europe,https://www.tenniswarehouse-europe.com/Nike_Womens_Basic_Medium_Support_Bra/descpageWANIKEA-NWCMSB-EN.html?color=WH,Nike -
Nike Women's Fall Indy Light Support Bra,29.90 €,38.00 €,Tennis Clothing,2026-09-11 14:51:34,Tennis Warehouse Europe,https://www.tenniswarehouse-europe.com/Nike_Womens_Fall_Indy_Light_Support_Bra/descpageWANIKEA-NFAILSB-EN.html?color=PK,Nike -
Nike Women's Basic Indy Light Support Bra,33.90 €,38.00 €,Tennis Clothing,2026-09-11 14:51:34,Tennis Warehouse Europe,https://www.tenniswarehouse-europe.com/Nike_Womens_Basic_Indy_Light_Support_Bra/descpageWANIKEA-NWBISB-EN.html?color=BK,Nike -
Nike Women's Basic Indy Light Support Bra,33.90 €,38.00 €,Tennis Clothing,2026-09-11 14:51:34,Tennis Warehouse Europe,https://www.tenniswarehouse-europe.com/Nike_Womens_Basic_Indy_Light_Support_Bra/descpageWANIKEA-NWBISB-EN.html?color=WH,Nike -
Nike Women's Basic Indy Light Support Bra,19.88 € - 33.90 €,38.00€,Tennis Clothing,2026-09-11 14:51:34,Tennis Warehouse Europe,https://www.tenniswarehouse-europe.com/Nike_Womens_Basic_Indy_Light_Support_Bra/descpageWANIKEA-NBSISB-EN.html?color=BK,Nike -
Nike Women's Basic Indy High Support Bra,29.90 € - 49.90 €,55.00€,Tennis Clothing,2026-09-11 14:51:34,Tennis Warehouse Europe,https://www.tenniswarehouse-europe.com/Nike_Womens_Basic_Indy_High_Support_Bra/descpageWANIKEA-NBINHSN-EN.html?color=BK,Nike -
Nike Women's Basic Indy High Support Bra,29.90 € - 49.90 €,55.00€,Tennis Clothing,2026-09-11 14:51:34,Tennis Warehouse Europe,https://www.tenniswarehouse-europe.com/Nike_Womens_Basic_Indy_High_Support_Bra/descpageWANIKEA-NBINHSN-EN.html?color=WH,Nike -
Nike Women's Sabalenka London Slam Dress,103.90 €,130.00 €,Tennis Clothing,2026-09-11 14:51:34,Tennis Warehouse Europe,https://www.tenniswarehouse-europe.com/Nike_Womens_Sabalenka_London_Slam_Dress/descpageWANIKEA-NWLOD-EN.html?color=WH,Nike -
Nike Women's London Slam Tank,55.91 €,70.00 €,Tennis Clothing,2026-09-11 14:51:34,Tennis Warehouse Europe,https://www.tenniswarehouse-europe.com/Nike_Womens_London_Slam_Tank/descpageWANIKEA-NLOSLT-EN.html?color=WH,Nike -
Nike Women's London Slam Skirt,67.90 €,85.00 €,Tennis Clothing,2026-09-11 14:51:34,Tennis Warehouse Europe,https://www.tenniswarehouse-europe.com/Nike_Womens_London_Slam_Skirt/descpageWANIKEA-NLOSMS-EN.html?color=WH,Nike -
Nike Women's London Crop T-Shirt,31.90 €,40.00 €,Tennis Clothing,2026-09-11 14:51:34,Tennis Warehouse Europe,https://www.tenniswarehouse-europe.com/Nike_Womens_London_Crop_T-Shirt/descpageWANIKEA-NWLNCT-EN.html?color=GR,Nike -
Nike Women's London Crop T-Shirt,31.90 €,40.00 €,Tennis Clothing,2026-09-11 14:51:34,Tennis Warehouse Europe,https://www.tenniswarehouse-europe.com/Nike_Womens_London_Crop_T-Shirt/descpageWANIKEA-NWLNCT-EN.html?color=WH,Nike -
Nike Women's Paris Slam Tank,52.90 €,70.00 €,Tennis Clothing,2026-09-11 14:51:34,Tennis Warehouse Europe,https://www.tenniswarehouse-europe.com/Nike_Womens_Paris_Slam_Tank/descpageWANIKEA-NRGSLT-EN.html?color=GR,Nike -
Nike Women's Paris Slam Tank,52.90 €,70.00 €,Tennis Clothing,2026-09-11 14:51:34,Tennis Warehouse Europe,https://www.tenniswarehouse-europe.com/Nike_Womens_Paris_Slam_Tank/descpageWANIKEA-NRGSLT-EN.html?color=PK,Nike -
Nike Women's Paris Slam Skirt,63.90 €,85.00 €,Tennis Clothing,2026-09-11 14:51:34,Tennis Warehouse Europe,https://www.tenniswarehouse-europe.com/Nike_Womens_Paris_Slam_Skirt/descpageWANIKEA-NRGSMS-EN.html?color=LG,Nike -
Nike Women's Summer Court Crop T-Shirt,27.89 €,35.00 €,Tennis Clothing,2026-09-11 14:51:34,Tennis Warehouse Europe,https://www.tenniswarehouse-europe.com/Nike_Womens_Summer_Court_Crop_T-Shirt/descpageWANIKEA-NWSUCCT-EN.html?color=GR,Nike -
Nike Women's Spring Court Crop T-Shirt,27.89 €,35.00 €,Tennis Clothing,2026-09-11 14:51:34,Tennis Warehouse Europe,https://www.tenniswarehouse-europe.com/Nike_Womens_Spring_Court_Crop_T-Shirt/descpageWANIKEA-NWSCCT-EN.html?color=OW,Nike -
Nike Women's Summer Court High Rise Short,75.90 €,95.00 €,Tennis Clothing,2026-09-11 14:51:34,Tennis Warehouse Europe,https://www.tenniswarehouse-europe.com/Nike_Womens_Summer_Court_High_Rise_Short/descpageWANIKEA-NWCDRS-EN.html?color=BE,Nike -
Nike Women's Summer Court High Rise Short,75.90 €,95.00 €,Tennis Clothing,2026-09-11 14:51:34,Tennis Warehouse Europe,https://www.tenniswarehouse-europe.com/Nike_Womens_Summer_Court_High_Rise_Short/descpageWANIKEA-NWCDRS-EN.html?color=GR,Nike -
Nike Women's Summer Court Fleece Sweater,63.90 €,80.00 €,Tennis Clothing,2026-09-11 14:51:34,Tennis Warehouse Europe,https://www.tenniswarehouse-europe.com/Nike_Womens_Summer_Court_Fleece_Sweater_/descpageWANIKEA-NSUSFSW-EN.html?color=BE,Nike -
Nike Women's Summer Court Fleece Sweater,63.90 €,80.00 €,Tennis Clothing,2026-09-11 14:51:34,Tennis Warehouse Europe,https://www.tenniswarehouse-europe.com/Nike_Womens_Summer_Court_Fleece_Sweater_/descpageWANIKEA-NSUSFSW-EN.html?color=GR,Nike -
Nike Women's Summer Victory Tank,33.90 €,43.00 €,Tennis Clothing,2026-09-11 14:51:34,Tennis Warehouse Europe,https://www.tenniswarehouse-europe.com/Nike_Womens_Summer_Victory_Tank/descpageWANIKEA-NSUVIT-EN.html?color=GR,Nike -
Nike Women's Summer Victory Tank,33.90 €,43.00 €,Tennis Clothing,2026-09-11 14:51:34,Tennis Warehouse Europe,https://www.tenniswarehouse-europe.com/Nike_Womens_Summer_Victory_Tank/descpageWANIKEA-NSUVIT-EN.html?color=LB,Nike -
Nike Women's Summer Advantage Tank,43.90 €,55.00 €,Tennis Clothing,2026-09-11 14:51:34,Tennis Warehouse Europe,https://www.tenniswarehouse-europe.com/Nike_Womens_Summer_Advantage_Tank/descpageWANIKEA-NSUADT-EN.html?color=GR,Nike -
Nike Women's Summer Advantage Tank,43.90 €,55.00 €,Tennis Clothing,2026-09-11 14:51:34,Tennis Warehouse Europe,https://www.tenniswarehouse-europe.com/Nike_Womens_Summer_Advantage_Tank/descpageWANIKEA-NSUADT-EN.html?color=LB,Nike -
Nike Women's Summer Advantage Tank,43.90 €,55.00 €,Tennis Clothing,2026-09-11 14:51:34,Tennis Warehouse Europe,https://www.tenniswarehouse-europe.com/Nike_Womens_Summer_Advantage_Tank/descpageWANIKEA-NSUADT-EN.html?color=PK,Nike -
Nike Women's Summer Advantage Novelty Tank,47.90 €,60.00 €,Tennis Clothing,2026-09-11 14:51:34,Tennis Warehouse Europe,https://www.tenniswarehouse-europe.com/Nike_Womens_Summer_Advantage_Novelty_Tank/descpageWANIKEA-NSUANT-EN.html?color=PK,Nike -
Nike Women's Summer Victory Top,39.90 €,50.00 €,Tennis Clothing,2026-09-11 14:51:34,Tennis Warehouse Europe,https://www.tenniswarehouse-europe.com/Nike_Womens_Summer_Victory_Top/descpageWANIKEA-NWSUVTO-EN.html?color=GR,Nike -
Nike Women's Summer Victory Top,39.90 €,50.00 €,Tennis Clothing,2026-09-11 14:51:34,Tennis Warehouse Europe,https://www.tenniswarehouse-europe.com/Nike_Womens_Summer_Victory_Top/descpageWANIKEA-NWSUVTO-EN.html?color=LB,Nike -
Nike Women's Summer Heritage Court T-Shirt,27.89 €,35.00 €,Tennis Clothing,2026-09-11 14:51:34,Tennis Warehouse Europe,https://www.tenniswarehouse-europe.com/Nike_Womens_Summer_Heritage_Court_T-Shirt/descpageWANIKEA-NWHTSCT-EN.html?color=BR,Nike -
Nike Women's Summer Heritage Court T-Shirt,27.89 €,35.00 €,Tennis Clothing,2026-09-11 14:51:34,Tennis Warehouse Europe,https://www.tenniswarehouse-europe.com/Nike_Womens_Summer_Heritage_Court_T-Shirt/descpageWANIKEA-NWHTSCT-EN.html?color=GR,Nike -
Nike Women's Summer Heritage Court T-Shirt,27.89 €,35.00 €,Tennis Clothing,2026-09-11 14:51:34,Tennis Warehouse Europe,https://www.tenniswarehouse-europe.com/Nike_Womens_Summer_Heritage_Court_T-Shirt/descpageWANIKEA-NWHTSCT-EN.html?color=PK,Nike -
Nike Women's Summer Victory High Rise Pleated Skirt,47.90 €,60.00 €,Tennis Clothing,2026-09-11 14:51:34,Tennis Warehouse Europe,https://www.tenniswarehouse-europe.com/Nike_Womens_Summer_Victory_High_Rise_Pleated_Skirt/descpageWANIKEA-NBVSUPS-EN.html?color=BL,Nike -
Nike Women's Summer Advantage Pleated Skirt,59.90 €,75.00 €,Tennis Clothing,2026-09-11 14:51:34,Tennis Warehouse Europe,https://www.tenniswarehouse-europe.com/Nike_Womens_Summer_Advantage_Pleated_Skirt/descpageWANIKEA-NWBASUS-EN.html?color=BL,Nike -
Nike Women's Summer Advantage Pleated Skirt,59.90 €,75.00 €,Tennis Clothing,2026-09-11 14:51:34,Tennis Warehouse Europe,https://www.tenniswarehouse-europe.com/Nike_Womens_Summer_Advantage_Pleated_Skirt/descpageWANIKEA-NWBASUS-EN.html?color=PK,Nike -
Nike Women's Basic Advantage Novelty Skirt,59.90 €,75.00 €,Tennis Clothing,2026-09-11 14:51:34,Tennis Warehouse Europe,https://www.tenniswarehouse-europe.com/Nike_Womens_Basic_Advantage_Novelty_Skirt/descpageWANIKEA-NBANVS-EN.html?color=BK,Nike -
Nike Women's Basic Advantage Novelty Skirt,59.90 €,75.00 €,Tennis Clothing,2026-09-11 14:51:34,Tennis Warehouse Europe,https://www.tenniswarehouse-europe.com/Nike_Womens_Basic_Advantage_Novelty_Skirt/descpageWANIKEA-NBANVS-EN.html?color=WH,Nike -
Nike Women's Basic Advantage High Rise Ace Skirt,55.91 €,70.00 €,Tennis Clothing,2026-09-11 14:51:34,Tennis Warehouse Europe,https://www.tenniswarehouse-europe.com/Nike_Womens_Basic_Advantage_High_Rise_Ace_Skirt/descpageWANIKEA-NWBAAC-EN.html?color=BK,Nike -
Nike Women's Basic Advantage High Rise Ace Skirt,55.91 €,70.00 €,Tennis Clothing,2026-09-11 14:51:34,Tennis Warehouse Europe,https://www.tenniswarehouse-europe.com/Nike_Womens_Basic_Advantage_High_Rise_Ace_Skirt/descpageWANIKEA-NWBAAC-EN.html?color=WH,Nike -
Nike Women's Summer Advantage High Rise Ace Skirt,55.91 €,70.00 €,Tennis Clothing,2026-09-11 14:51:34,Tennis Warehouse Europe,https://www.tenniswarehouse-europe.com/Nike_Womens_Summer_Advantage_High_Rise_Ace_Skirt/descpageWANIKEA-NWSUAS-EN.html?color=GR,Nike -
Nike Women's Basic Club Flared Skirt (Short),55.91 €,70.00 €,Tennis Clothing,2026-09-11 14:51:34,Tennis Warehouse Europe,https://www.tenniswarehouse-europe.com/Nike_Womens_Basic_Club_Flared_Skirt_Short/descpageWANIKEA-NIWCCSS-EN.html?color=BK,Nike -
Nike Women's Basic Club Flared Skirt (Short),55.91 €,70.00 €,Tennis Clothing,2026-09-11 14:51:34,Tennis Warehouse Europe,https://www.tenniswarehouse-europe.com/Nike_Womens_Basic_Club_Flared_Skirt_Short/descpageWANIKEA-NIWCCSS-EN.html?color=WH,Nike -
Nike Women's Summer Victory Dress,59.90 €,75.00 €,Tennis Clothing,2026-09-11 14:51:34,Tennis Warehouse Europe,https://www.tenniswarehouse-europe.com/Nike_Womens_Summer_Victory_Dress/descpageWANIKEA-NSPSUD-EN.html?color=GR,Nike -
Nike Women's Basic Advantage Novelty Dress,59.90 €,85.00 €,Tennis Clothing,2026-09-11 14:51:34,Tennis Warehouse Europe,https://www.tenniswarehouse-europe.com/Nike_Womens_Basic_Advantage_Novelty_Dress/descpageWANIKEA-NBADND-EN.html?color=WH,Nike -
Nike Women's One Fitted 1/4 Zip Longsleeve,35.90 €,45.00 €,Tennis Clothing,2026-09-11 14:51:34,Tennis Warehouse Europe,https://www.tenniswarehouse-europe.com/Nike_Womens_One_Fitted_1_4_Zip_Longsleeve/descpageWANIKEA-NWC12LZ-EN.html?color=BK,Nike -
Nike Women's Basic Advantage FZ Midlayer,63.90 €,80.00 €,Tennis Clothing,2026-09-11 14:51:34,Tennis Warehouse Europe,https://www.tenniswarehouse-europe.com/Nike_Womens_Basic_Advantage_FZ_Midlayer/descpageWANIKEA-NWFSM-EN.html?color=BK,Nike -
Nike Women's Basic Advantage FZ Midlayer,63.90 €,80.00 €,Tennis Clothing,2026-09-11 14:51:34,Tennis Warehouse Europe,https://www.tenniswarehouse-europe.com/Nike_Womens_Basic_Advantage_FZ_Midlayer/descpageWANIKEA-NWFSM-EN.html?color=WH,Nike -
Nike Women's Summer Advantage FZ Jacket,67.90 €,85.00 €,Tennis Clothing,2026-09-11 14:51:34,Tennis Warehouse Europe,https://www.tenniswarehouse-europe.com/Nike_Womens_Summer_Advantage_FZ_Jacket/descpageWANIKEA-NWBSUJ-EN.html?color=GR,Nike -
Nike Women's Basic Advantage FZ Jacket,67.90 €,85.00 €,Tennis Clothing,2026-09-11 14:51:34,Tennis Warehouse Europe,https://www.tenniswarehouse-europe.com/Nike_Womens_Basic_Advantage_FZ_Jacket/descpageWANIKEA-NWBAJ-EN.html?color=BK,Nike -
Nike Women's Basic Ball Short,35.90 €,45.00 €,Tennis Clothing,2026-09-11 14:51:34,Tennis Warehouse Europe,https://www.tenniswarehouse-europe.com/Nike_Womens_Basic_Ball_Short/descpageWANIKEA-NWBBS-EN.html?color=BK,Nike -
Nike Women's Summer Ball Short,35.90 €,45.00 €,Tennis Clothing,2026-09-11 14:51:34,Tennis Warehouse Europe,https://www.tenniswarehouse-europe.com/Nike_Womens_Summer_Ball_Short/descpageWANIKEA-NWSUMBS-EN.html?color=GR,Nike -
Nike Women's Summer One Classic DF Tank,23.90 €,30.00 €,Tennis Clothing,2026-09-11 14:51:34,Tennis Warehouse Europe,https://www.tenniswarehouse-europe.com/Nike_Womens_Summer_One_Classic_DF_Tank/descpageWANIKEA-NSOCST-EN.html?color=PK,Nike -
Nike Women's Basic Racerback Tank,19.90 €,25.00 €,Tennis Clothing,2026-09-11 14:51:34,Tennis Warehouse Europe,https://www.tenniswarehouse-europe.com/Nike_Womens_Basic_Racerback_Tank/descpageWANIKEA-NWCRT-EN.html?color=BK,Nike -
Nike Women's Basic Racerback Tank,19.90 €,25.00 €,Tennis Clothing,2026-09-11 14:51:34,Tennis Warehouse Europe,https://www.tenniswarehouse-europe.com/Nike_Womens_Basic_Racerback_Tank/descpageWANIKEA-NWCRT-EN.html?color=GY,Nike -
Nike Women's Summer Racerback Tank,19.90 €,25.00 €,Tennis Clothing,2026-09-11 14:51:34,Tennis Warehouse Europe,https://www.tenniswarehouse-europe.com/Nike_Womens_Summer_Racerback_Tank/descpageWANIKEA-NSURAT-EN.html?color=GR,Nike -
Nike Women's Basic Fitted Crop Tank,23.90 €,30.00 €,Tennis Clothing,2026-09-11 14:51:34,Tennis Warehouse Europe,https://www.tenniswarehouse-europe.com/Nike_Womens_Basic_Fitted_Crop_Tank/descpageWANIKEA-NVBAFCT-EN.html?color=BK,Nike -
Nike Pro Women's Summer 365 Crop Tank,27.89 € - 33.90 €,35.00€ - 43.00€,Tennis Clothing,2026-09-11 14:51:34,Tennis Warehouse Europe,https://www.tenniswarehouse-europe.com/Nike_Pro_Womens_Summer_365_Crop_Tank/descpageWANIKEA-NSBCROL-EN.html?color=BL,Nike -
Nike Pro Women's Summer 365 Crop Tank,27.89 € - 33.90 €,35.00€ - 43.00€,Tennis Clothing,2026-09-11 14:51:34,Tennis Warehouse Europe,https://www.tenniswarehouse-europe.com/Nike_Pro_Womens_Summer_365_Crop_Tank/descpageWANIKEA-NSBCROL-EN.html?color=PK,Nike -
Nike Women's Summer High Rise Full Length Tight,39.90 €,50.00 €,Tennis Clothing,2026-09-11 14:51:34,Tennis Warehouse Europe,https://www.tenniswarehouse-europe.com/Nike_Womens_Summer_High_Rise_Full_Length_Tight/descpageWANIKEA-NWGFLTI-EN.html?color=GR,Nike -
Nike Women's Summer DF High-Rise 2-in-1 Short,35.90 €,45.00 €,Tennis Clothing,2026-09-11 14:51:34,Tennis Warehouse Europe,https://www.tenniswarehouse-europe.com/Nike_Womens_Summer_DF_High-Rise_2-in-1_Short/descpageWANIKEA-NSUH21S-EN.html?color=GR,Nike -
Nike Women's Spring DF High-Rise 2-in-1 Short,26.89 € - 35.90 €,45.00€,Tennis Clothing,2026-09-11 14:51:34,Tennis Warehouse Europe,https://www.tenniswarehouse-europe.com/Nike_Womens_Spring_DF_High-Rise_2-in-1_Short/descpageWANIKEA-NSPH2S-EN.html?color=PK,Nike -
Nike Women's Basic Pro Graphic Light Support Bra,31.90 €,40.00 €,Tennis Clothing,2026-09-11 14:51:34,Tennis Warehouse Europe,https://www.tenniswarehouse-europe.com/Nike_Womens_Basic_Pro_Graphic_Light_Support_Bra/descpageWANIKEA-NBPGB-EN.html?color=BK,Nike -
Nike Women's Melbourne Slam Crop Tank,55.91 €,80.00 €,Tennis Clothing,2026-09-11 14:51:34,Tennis Warehouse Europe,https://www.tenniswarehouse-europe.com/Nike_Womens_Melbourne_Slam_Crop_Tank/descpageWANIKEA-NWAOCT-EN.html?color=PU,Nike -
Nike Women's Melbourne Slam Skirt,59.90 €,85.00 €,Tennis Clothing,2026-09-11 14:51:34,Tennis Warehouse Europe,https://www.tenniswarehouse-europe.com/Nike_Womens_Melbourne_Slam_Skirt/descpageWANIKEA-NWAOSS-EN.html?color=YE,Nike -
Nike Women's Spring Court Crop Polo,55.91 €,70.00 €,Tennis Clothing,2026-09-11 14:51:34,Tennis Warehouse Europe,https://www.tenniswarehouse-europe.com/Nike_Womens_Spring_Court_Crop_Polo/descpageWANIKEA-NWSCCP-EN.html?color=NV,Nike -
Nike Women's Spring Indy Light Support Bra,27.89 €,35.00 €,Tennis Clothing,2026-09-11 14:51:34,Tennis Warehouse Europe,https://www.tenniswarehouse-europe.com/Nike_Womens_Spring_Indy_Light_Support_Bra/descpageWANIKEA-NSGISB-EN.html?color=PK,Nike -
Nike Women's Spring Ball Short,35.90 €,45.00 €,Tennis Clothing,2026-09-11 14:51:34,Tennis Warehouse Europe,https://www.tenniswarehouse-europe.com/Nike_Womens_Spring_Ball_Short/descpageWANIKEA-NWSGBS-EN.html?color=PU,Nike -
Nike Women's Basic Ball Short,35.90 €,45.00 €,Tennis Clothing,2026-09-11 14:51:34,Tennis Warehouse Europe,https://www.tenniswarehouse-europe.com/Nike_Womens_Basic_Ball_Short/descpageWANIKEA-NWBABS-EN.html?color=WH,Nike -
"Nike Women's Spring 365 5"" Shorty",23.90 €,30.00 €,Tennis Clothing,2026-09-11 14:51:34,Tennis Warehouse Europe,https://www.tenniswarehouse-europe.com/Nike_Womens_Spring_365_5_Shorty/descpageWANIKEA-NSGSH-EN.html?color=PK,Nike -
"Nike Women's Spring Mid-Rise 2-in-1 3"" Short",35.90 €,45.00 €,Tennis Clothing,2026-09-11 14:51:34,Tennis Warehouse Europe,https://www.tenniswarehouse-europe.com/Nike_Womens_Spring_Mid-Rise_2-in-1_3_Short/descpageWANIKEA-NSMRS-EN.html?color=NV,Nike -
"Nike Women's Basic Mid-Rise 2-in-1 3"" Short",35.90 €,45.00 €,Tennis Clothing,2026-09-11 14:51:34,Tennis Warehouse Europe,https://www.tenniswarehouse-europe.com/Nike_Womens_Basic_Mid-Rise_2-in-1_3_Short/descpageWANIKEA-NBMRS-EN.html?color=BK,Nike -
Nike Women's Basic One Classic DF Tank,26.89 €,30.00 €,Tennis Clothing,2026-09-11 14:51:34,Tennis Warehouse Europe,https://www.tenniswarehouse-europe.com/Nike_Womens_Basic_One_Classic_DF_Tank/descpageWANIKEA-NBOCST-EN.html?color=WH,Nike -
Nike Women's Spring One Classic DF Top,27.89 €,35.00 €,Tennis Clothing,2026-09-11 14:51:34,Tennis Warehouse Europe,https://www.tenniswarehouse-europe.com/Nike_Womens_Spring_One_Classic_DF_Top/descpageWANIKEA-NSOCLT-EN.html?color=PK,Nike -
Nike Women's Spring Advantage Pant,52.90 €,75.00 €,Tennis Clothing,2026-09-11 14:51:34,Tennis Warehouse Europe,https://www.tenniswarehouse-europe.com/Nike_Womens_Spring_Advantage_Pant/descpageWANIKEA-NSADP-EN.html?color=PK,Nike -
Nike Women's Spring Victory Dress,52.90 €,75.00 €,Tennis Clothing,2026-09-11 14:51:34,Tennis Warehouse Europe,https://www.tenniswarehouse-europe.com/Nike_Womens_Spring_Victory_Dress/descpageWANIKEA-NSPVID-EN.html?color=PK,Nike -
Nike Women's Basic Advantage Ace High Rise Short,48.90 €,70.00 €,Tennis Clothing,2026-09-11 14:51:34,Tennis Warehouse Europe,https://www.tenniswarehouse-europe.com/Nike_Womens_Basic_Advantage_Ace_High_Rise_Short/descpageWANIKEA-NWAHRS-EN.html?color=BK,Nike -
Nike Women's Basic Advantage Ace High Rise Short,48.90 €,70.00 €,Tennis Clothing,2026-09-11 14:51:34,Tennis Warehouse Europe,https://www.tenniswarehouse-europe.com/Nike_Womens_Basic_Advantage_Ace_High_Rise_Short/descpageWANIKEA-NWAHRS-EN.html?color=WH,Nike -
Nike Women's Spring Victory High Rise Pleated Skirt,41.90 €,60.00 €,Tennis Clothing,2026-09-11 14:51:34,Tennis Warehouse Europe,https://www.tenniswarehouse-europe.com/Nike_Womens_Spring_Victory_High_Rise_Pleated_Skirt/descpageWANIKEA-NSVPS-EN.html?color=BL,Nike -
Nike Women's Spring Victory Midrise Flouncy Skirt,34.90 €,50.00 €,Tennis Clothing,2026-09-11 14:51:34,Tennis Warehouse Europe,https://www.tenniswarehouse-europe.com/Nike_Womens_Spring_Victory_Midrise_Flouncy_Skirt/descpageWANIKEA-NSMFS-EN.html?color=BL,Nike -
Nike Women's Spring Victory Midrise Flouncy Skirt,34.90 €,50.00 €,Tennis Clothing,2026-09-11 14:51:34,Tennis Warehouse Europe,https://www.tenniswarehouse-europe.com/Nike_Womens_Spring_Victory_Midrise_Flouncy_Skirt/descpageWANIKEA-NSMFS-EN.html?color=PK,Nike -
Nike Women's Spring Advantage Novelty Tank,41.90 €,60.00 €,Tennis Clothing,2026-09-11 14:51:34,Tennis Warehouse Europe,https://www.tenniswarehouse-europe.com/Nike_Womens_Spring_Advantage_Novelty_Tank/descpageWANIKEA-NSANT-EN.html?color=YE,Nike -
Nike Women's Spring Advantage Tank,38.90 €,55.00 €,Tennis Clothing,2026-09-11 14:51:34,Tennis Warehouse Europe,https://www.tenniswarehouse-europe.com/Nike_Womens_Spring_Advantage_Tank/descpageWANIKEA-NSPATA-EN.html?color=BL,Nike -
Nike Women's Winter DF High-Rise 2-in-1 Short,31.90 €,45.00 €,Tennis Clothing,2026-09-11 14:51:34,Tennis Warehouse Europe,https://www.tenniswarehouse-europe.com/Nike_Womens_Winter_DF_High-Rise_2-in-1_Short/descpageWANIKEA-NWNH21S-EN.html?color=PK,Nike -
"Nike Women's Winter Pro 3"" Shorty",19.90 €,30.00 €,Tennis Clothing,2026-09-11 14:51:34,Tennis Warehouse Europe,https://www.tenniswarehouse-europe.com/Nike_Womens_Winter_Pro_3_Shorty/descpageWANIKEA-NWIPSH-EN.html?color=BKP,Nike -
Nike Women's Basic DF High-Rise 2-in-1 Short,35.90 €,45.00 €,Tennis Clothing,2026-09-11 14:51:34,Tennis Warehouse Europe,https://www.tenniswarehouse-europe.com/Nike_Womens_Basic_DF_High-Rise_2-in-1_Short/descpageWANIKEA-NWBH2S-EN.html?color=BK,Nike -
"Nike Women's Basic DF One High Rise 5"" Shorty",20.00 €,30.00 €,Tennis Clothing,2026-09-11 14:51:34,Tennis Warehouse Europe,https://www.tenniswarehouse-europe.com/Nike_Womens_Basic_DF_One_High_Rise_5_Shorty/descpageWANIKEA-NWBOHS-EN.html?color=BK,Nike -
Nike Women's Basic One Fitted Crop Top,25.90 €,35.00 €,Tennis Clothing,2026-09-11 14:51:34,Tennis Warehouse Europe,https://www.tenniswarehouse-europe.com/Nike_Womens_Basic_One_Fitted_Crop_Top/descpageWANIKEA-NWBOFT-EN.html?color=BK,Nike -
Nike Women's Basic One Long Tight,43.90 €,55.00 €,Tennis Clothing,2026-09-11 14:51:34,Tennis Warehouse Europe,https://www.tenniswarehouse-europe.com/Nike_Womens_Basic_One_Long_Tight/descpageWANIKEA-NBOTI-EN.html?color=BK,Nike -
Nike Women's Basic One Long Tight,43.90 €,55.00 €,Tennis Clothing,2026-09-11 14:51:34,Tennis Warehouse Europe,https://www.tenniswarehouse-europe.com/Nike_Womens_Basic_One_Long_Tight/descpageWANIKEA-NBOTI-EN.html?color=NV,Nike -
"Nike Women's Basic Pro 3"" Shorty",23.90 €,30.00 €,Tennis Clothing,2026-09-11 14:51:34,Tennis Warehouse Europe,https://www.tenniswarehouse-europe.com/Nike_Womens_Basic_Pro_3_Shorty/descpageWANIKEA-NKWBPRS-EN.html?color=NV,Nike -
"Nike Women's Basic Pro 3"" Shorty",25.90 €,30.00 €,Tennis Clothing,2026-09-11 14:51:34,Tennis Warehouse Europe,https://www.tenniswarehouse-europe.com/Nike_Womens_Basic_Pro_3_Shorty/descpageWANIKEA-NWBPRSH-EN.html?color=BK,Nike -
"Nike Women's Basic Pro 3"" Shorty",25.90 €,30.00 €,Tennis Clothing,2026-09-11 14:51:34,Tennis Warehouse Europe,https://www.tenniswarehouse-europe.com/Nike_Womens_Basic_Pro_3_Shorty/descpageWANIKEA-NWBPRSH-EN.html?color=GY,Nike -
Nike Women's Winter Advantage Tank,38.90 €,55.00 €,Tennis Clothing,2026-09-11 14:51:34,Tennis Warehouse Europe,https://www.tenniswarehouse-europe.com/Nike_Womens_Winter_Advantage_Tank/descpageWANIKEA-NWATA-EN.html?color=YE,Nike -
Nike Women's Winter Crop Polo,34.90 €,50.00 €,Tennis Clothing,2026-09-11 14:51:34,Tennis Warehouse Europe,https://www.tenniswarehouse-europe.com/Nike_Womens_Winter_Crop_Polo/descpageWANIKEA-NWCRP-EN.html?color=LP,Nike -
Nike Women's Basic Heritage Fleece Short,41.90 €,60.00 €,Tennis Clothing,2026-09-11 14:51:34,Tennis Warehouse Europe,https://www.tenniswarehouse-europe.com/Nike_Womens_Basic_Heritage_Fleece_Short/descpageWANIKEA-NWBHFS-EN.html?color=BK,Nike -
Nike Women's Fall Victory Print Skirt,32.90 €,55.00 €,Tennis Clothing,2026-09-11 14:51:34,Tennis Warehouse Europe,https://www.tenniswarehouse-europe.com/Nike_Womens_Fall_Victory_Print_Skirt/descpageWANIKEA-NWFPVS-EN.html?color=TE,Nike -
Nike Women's Fall Heritage Fleece Short,35.90 €,60.00 €,Tennis Clothing,2026-09-11 14:51:34,Tennis Warehouse Europe,https://www.tenniswarehouse-europe.com/Nike_Womens_Fall_Heritage_Fleece_Short/descpageWANIKEA-NWFHFS-EN.html?color=BL,Nike -
Nike Women's Fall Advantage Pleated Skirt,37.90 €,75.00 €,Tennis Clothing,2026-09-11 14:51:34,Tennis Warehouse Europe,https://www.tenniswarehouse-europe.com/Nike_Womens_Fall_Advantage_Pleated_Skirt/descpageWANIKEA-NWFPLS-EN.html?color=BL,Nike -
Nike Women's Summer Victory Midrise Flouncy Skirt,14.90 €,50.00 €,Tennis Clothing,2026-09-11 14:51:34,Tennis Warehouse Europe,https://www.tenniswarehouse-europe.com/Nike_Womens_Summer_Victory_Midrise_Flouncy_Skirt/descpageWANIKEA-NSSVMFS-EN.html?color=PU,Nike -
Nike Women's Spring Court Fleece Sweater,63.90 €,80.00 €,Tennis Clothing,2026-09-11 14:51:34,Tennis Warehouse Europe,https://www.tenniswarehouse-europe.com/Nike_Womens_Spring_Court_Fleece_Sweater/descpageWANIKEA-NSCFSW-EN.html?color=NV,Nike -
"Nike Women's Fall 365 5"" Shorty",25.90 €,33.00 €,Tennis Clothing,2026-09-11 14:51:34,Tennis Warehouse Europe,https://www.tenniswarehouse-europe.com/Nike_Womens_Fall_365_5_Shorty/descpageWANIKEA-NFASHR-EN.html?color=PK,Nike -
"Nike Women's Fall 365 Pro 3"" Shorty",25.90 €,33.00 €,Tennis Clothing,2026-09-11 14:51:34,Tennis Warehouse Europe,https://www.tenniswarehouse-europe.com/Nike_Womens_Fall_365_Pro_3_Shorty/descpageWANIKEA-NFLSPS-EN.html?color=LB,Nike -
"Nike Women's Spring 365 5"" Shorty",23.90 €,30.00 €,Tennis Clothing,2026-09-11 14:51:34,Tennis Warehouse Europe,https://www.tenniswarehouse-europe.com/Nike_Womens_Spring_365_5_Shorty/descpageWANIKEA-NSGSH-EN.html?color=PK,Nike -
"Nike Women's Basic 365 5"" Shorty",29.90 €,33.00 €,Tennis Clothing,2026-09-11 14:51:34,Tennis Warehouse Europe,https://www.tenniswarehouse-europe.com/Nike_Womens_Basic_365_5_Shorty/descpageWANIKEA-NBASHR-EN.html?color=NV,Nike -
"Nike Women's Basic 365 5"" Shorty",29.90 €,33.00 €,Tennis Clothing,2026-09-11 14:51:34,Tennis Warehouse Europe,https://www.tenniswarehouse-europe.com/Nike_Womens_Basic_365_5_Shorty/descpageWANIKEA-NBASH-EN.html?color=BK,Nike -
"Nike Women's Basic 365 Pro 3"" Shorty",29.90 €,33.00 €,Tennis Clothing,2026-09-11 14:51:34,Tennis Warehouse Europe,https://www.tenniswarehouse-europe.com/Nike_Womens_Basic_365_Pro_3_Shorty/descpageWANIKEA-NWBSPS-EN.html?color=NV,Nike -
"Nike Women's Basic 365 Pro 3"" Shorty",25.90 € - 29.90 €,33.00€,Tennis Clothing,2026-09-11 14:51:34,Tennis Warehouse Europe,https://www.tenniswarehouse-europe.com/Nike_Womens_Basic_365_Pro_3_Shorty/descpageWANIKEA-NWBAPS-EN.html?color=BK,Nike -
"Nike Women's Basic DF One High Rise 5"" Shorty",20.00 €,30.00 €,Tennis Clothing,2026-09-11 14:51:34,Tennis Warehouse Europe,https://www.tenniswarehouse-europe.com/Nike_Womens_Basic_DF_One_High_Rise_5_Shorty/descpageWANIKEA-NWBOHS-EN.html?color=BK,Nike -
"Nike Women's Basic Pro 3"" Shorty",25.90 €,30.00 €,Tennis Clothing,2026-09-11 14:51:34,Tennis Warehouse Europe,https://www.tenniswarehouse-europe.com/Nike_Womens_Basic_Pro_3_Shorty/descpageWANIKEA-NWBPRSH-EN.html?color=BK,Nike -
"Nike Women's Basic Pro 3"" Shorty",25.90 €,30.00 €,Tennis Clothing,2026-09-11 14:51:34,Tennis Warehouse Europe,https://www.tenniswarehouse-europe.com/Nike_Womens_Basic_Pro_3_Shorty/descpageWANIKEA-NWBPRSH-EN.html?color=GY,Nike -
Nike Fall Advantage Hat,31.90 €,33.00 €,Tennis Clothing,2026-09-11 14:51:34,Tennis Warehouse Europe,https://www.tenniswarehouse-europe.com/Nike_Fall_Advantage_Hat/descpageMANIKEA-NAWNHA-EN.html?color=RD,Nike -
Nike Fall Advantage Hat,31.90 €,33.00 €,Tennis Clothing,2026-09-11 14:51:34,Tennis Warehouse Europe,https://www.tenniswarehouse-europe.com/Nike_Fall_Advantage_Hat/descpageMANIKEA-NAWNHA-EN.html?color=RY,Nike -
Nike Fall Club Hat,22.90 €,28.00 €,Tennis Clothing,2026-09-11 14:51:34,Tennis Warehouse Europe,https://www.tenniswarehouse-europe.com/Nike_Fall_Club_Hat/descpageMANIKEA-NIFAHT-EN.html?color=GN,Nike -
Nike Fall Club Hat,22.90 €,28.00 €,Tennis Clothing,2026-09-11 14:51:34,Tennis Warehouse Europe,https://www.tenniswarehouse-europe.com/Nike_Fall_Club_Hat/descpageMANIKEA-NIFAHT-EN.html?color=RY,Nike -
Nike Fall Ace Visor Pink,19.90 €,28.00 €,Tennis Clothing,2026-09-11 14:51:34,Tennis Warehouse Europe,https://www.tenniswarehouse-europe.com/Nike_Fall_Ace_Visor_Pink/descpageNIKEA-NFAVP-EN.html?color=PK,Nike -
Nike Core Ace Visor White,24.89 €,28.00 €,Tennis Clothing,2026-09-11 14:51:34,Tennis Warehouse Europe,https://www.tenniswarehouse-europe.com/Nike_Core_Ace_Visor_White/descpageNIKEA-NCAVW-EN.html?color=WH,Nike -
Nike Core Ace Visor Black,24.89 €,28.00 €,Tennis Clothing,2026-09-11 14:51:34,Tennis Warehouse Europe,https://www.tenniswarehouse-europe.com/Nike_Core_Ace_Visor_Black/descpageNIKEA-NCAVB-EN.html?color=BK,Nike -
Nike Swoosh Headband Orange,10.90 €,12.00 €,Tennis Clothing,2026-09-11 14:51:34,Tennis Warehouse Europe,https://www.tenniswarehouse-europe.com/Nike_Swoosh_Headband_Orange/descpageNIKEACC-NSOCHOR-EN.html,Nike - Accessories (All Sport)
Nike Dri-Fit Fury Elevate Headband Black,15.90 €,18.00 €,Tennis Clothing,2026-09-11 14:51:34,Tennis Warehouse Europe,https://www.tenniswarehouse-europe.com/Nike_Dri-Fit_Fury_Elevate_Headband_Black/descpageNIKEACC-NFEHB-EN.html?color=,Nike - Accessories (All Sport)
Nike Tennis Premier Headband Old Royal,20.90 €,23.00 €,Tennis Clothing,2026-09-11 14:51:34,Tennis Warehouse Europe,https://www.tenniswarehouse-europe.com/Nike_Tennis_Premier_Headband_Old_Royal/descpageMANIKEACC-NTHBWR-EN.html,Nike - Accessories (All Sport)
Nike Tennis Premier Headband Mint,20.90 €,23.00 €,Tennis Clothing,2026-09-11 14:51:34,Tennis Warehouse Europe,https://www.tenniswarehouse-europe.com/Nike_Tennis_Premier_Headband_Mint/descpageMANIKEACC-NTHBWMI-EN.html,Nike - Accessories (All Sport)
Nike Tennis Headband Black,19.90 €,23.00 €,Tennis Clothing,2026-09-11 14:51:34,Tennis Warehouse Europe,https://www.tenniswarehouse-europe.com/Nike_Tennis_Headband_Black/descpageWANIKEACC-NFTHDWBK-EN.html?color=BK,Nike - Accessories (All Sport)
Nike Swoosh Classic Headband Navy,10.90 €,12.00 €,Tennis Clothing,2026-09-11 14:51:34,Tennis Warehouse Europe,https://www.tenniswarehouse-europe.com/Nike_Swoosh_Classic_Headband_Navy/descpageNIKEACC-NSOCHN-EN.html,Nike - Accessories (All Sport)
Nike Swoosh Classic Headband Grey,10.90 €,12.00 €,Tennis Clothing,2026-09-11 14:51:34,Tennis Warehouse Europe,https://www.tenniswarehouse-europe.com/Nike_Swoosh_Classic_Headband_Grey/descpageNIKEACC-NSOCHGY-EN.html,Nike - Accessories (All Sport)
Nike Swoosh Classic Headband Black,10.90 €,12.00 €,Tennis Clothing,2026-09-11 14:51:34,Tennis Warehouse Europe,https://www.tenniswarehouse-europe.com/Nike_Swoosh_Classic_Headband_Black/descpageNIKEACC-NSOCHBK-EN.html,Nike - Accessories (All Sport)
Nike Swoosh Classic Headband White,10.90 €,12.00 €,Tennis Clothing,2026-09-11 14:51:34,Tennis Warehouse Europe,https://www.tenniswarehouse-europe.com/Nike_Swoosh_Classic_Headband_White/descpageNIKEACC-NSOCHW-EN.html,Nike - Accessories (All Sport)
Nike Dri-Fit Fury Elevate Headband White,15.90 €,18.00 €,Tennis Clothing,2026-09-11 14:51:34,Tennis Warehouse Europe,https://www.tenniswarehouse-europe.com/Nike_Dri-Fit_Fury_Elevate_Headband_White/descpageNIKEACC-NFEHW-EN.html?color=,Nike - Accessories (All Sport)
Nike Core Fury Headband 3.0 White,14.90 €,16.00 €,Tennis Clothing,2026-09-11 14:51:34,Tennis Warehouse Europe,https://www.tenniswarehouse-europe.com/Nike_Core_Fury_Headband_30_White/descpageNIKEACC-NFUHW3-EN.html?color=,Nike - Accessories (All Sport)
Nike Core Fury Headband 3.0 Black,14.90 €,16.00 €,Tennis Clothing,2026-09-11 14:51:34,Tennis Warehouse Europe,https://www.tenniswarehouse-europe.com/Nike_Core_Fury_Headband_30_Black/descpageNIKEACC-NFUHB3-EN.html?color=,Nike - Accessories (All Sport)
Nike Tennis Headband White,20.90 €,23.00 €,Tennis Clothing,2026-09-11 14:51:34,Tennis Warehouse Europe,https://www.tenniswarehouse-europe.com/Nike_Tennis_Headband_White/descpageMANIKEACC-NFTHDWHT-EN.html?color=WH,Nike - Accessories (All Sport)
Nike Core Dri-Fit Headband 4.0,17.90 €,20.00 €,Tennis Clothing,2026-09-11 14:51:34,Tennis Warehouse Europe,https://www.tenniswarehouse-europe.com/Nike_Core_Dri-Fit_Headband_40/descpageNIKEACC-NDFHT3-EN.html?color=BK,Nike - Accessories (All Sport)
Nike Core Dri-Fit Headband 4.0,17.90 €,20.00 €,Tennis Clothing,2026-09-11 14:51:34,Tennis Warehouse Europe,https://www.tenniswarehouse-europe.com/Nike_Core_Dri-Fit_Headband_40/descpageNIKEACC-NDFHT3-EN.html?color=WH,Nike - Accessories (All Sport)
Nike Tennis Headband Black/White,19.90 €,22.00 €,Tennis Clothing,2026-09-11 14:51:34,Tennis Warehouse Europe,https://www.tenniswarehouse-europe.com/Nike_Tennis_Headband_Black_White/descpageMANIKEACC-NTHBW2-EN.html,Nike - Accessories (All Sport)
Nike Tennis Headband Black,20.90 €,23.00 €,Tennis Clothing,2026-09-11 14:51:34,Tennis Warehouse Europe,https://www.tenniswarehouse-europe.com/Nike_Tennis_Headband_Black/descpageMANIKEACC-NW19HBDBK-EN.html?color=BK,Nike - Accessories (All Sport)
Nike Flex Elastic Hairbands 3PK Khaki/White,12.90 €,14.00 €,Tennis Clothing,2026-09-11 14:51:34,Tennis Warehouse Europe,https://www.tenniswarehouse-europe.com/Nike_Flex_Elastic_Hairbands_3PK_Khaki_White/descpageNIKEACC-NFMBK-EN.html?color=,Nike - Accessories (All Sport)
Nike Flex Elastic Hairbands 6PK Black/White,14.90 €,16.00 €,Tennis Clothing,2026-09-11 14:51:34,Tennis Warehouse Europe,https://www.tenniswarehouse-europe.com/Nike_Flex_Elastic_Hairbands_6PK_Black_White/descpageNIKEACC-NFEBW-EN.html?color=,Nike - Accessories (All Sport)
Nike Flex Hairbands 6PK Pink/Blue/Green,14.90 €,16.00 €,Tennis Clothing,2026-09-11 14:51:34,Tennis Warehouse Europe,https://www.tenniswarehouse-europe.com/Nike_Flex_Hairbands_6PK_Pink_Blue_Green/descpageNIKEACC-NFHPBG-EN.html?color=,Nike - Accessories (All Sport)
Nike Swoosh Hairbands 2PK Sapphire/Navy,17.90 €,20.00 €,Tennis Clothing,2026-09-11 14:51:34,Tennis Warehouse Europe,https://www.tenniswarehouse-europe.com/Nike_Swoosh_Hairbands_2PK_Sapphire_Navy/descpageNIKEACC-NSH2PP-EN.html?color=,Nike - Accessories (All Sport)
Nike Mixed Ponytail Holder 9PK,16.20 €,18.00 €,Tennis Clothing,2026-09-11 14:51:34,Tennis Warehouse Europe,https://www.tenniswarehouse-europe.com/Nike_Mixed_Ponytail_Holder_9PK/descpageNIKEACC-NMPH9-EN.html,Nike - Accessories (All Sport)
Nike Premier DW Wristbands Sinner Burgundy/Green,19.90 €,23.00 €,Tennis Clothing,2026-09-11 14:51:34,Tennis Warehouse Europe,https://www.tenniswarehouse-europe.com/Nike_Premier_DW_Wristbands_Sinner_Burgundy_Green/descpageNIKEACC-NSDWBBG-EN.html,Nike - Accessories (All Sport)
Nike Premier DW Wristbands Sinner Green/Lt. Green,19.90 €,23.00 €,Tennis Clothing,2026-09-11 14:51:34,Tennis Warehouse Europe,https://www.tenniswarehouse-europe.com/Nike_Premier_DW_Wristbands_Sinner_Green_Lt_Green/descpageNIKEACC-NSDWBGN-EN.html,Nike - Accessories (All Sport)
Nike Premier DW Wristbands Alcaraz Red/Black,19.90 €,23.00 €,Tennis Clothing,2026-09-11 14:51:34,Tennis Warehouse Europe,https://www.tenniswarehouse-europe.com/Nike_Premier_DW_Wristbands_Alcaraz_Red_Black/descpageNIKEACC-NSDWBPP-EN.html,Nike - Accessories (All Sport)
Nike Premier DW Wristbands Alcaraz Orange,19.90 €,23.00 €,Tennis Clothing,2026-09-11 14:51:34,Tennis Warehouse Europe,https://www.tenniswarehouse-europe.com/Nike_Premier_DW_Wristbands_Alcaraz_Orange/descpageNIKEACC-NSDWBPR-EN.html,Nike - Accessories (All Sport)
Nike Premier DW Wristbands Slate Blue/Orange,19.90 €,23.00 €,Tennis Clothing,2026-09-11 14:51:34,Tennis Warehouse Europe,https://www.tenniswarehouse-europe.com/Nike_Premier_DW_Wristbands_Slate_Blue_Orange/descpageNIKEACC-NSDWBY-EN.html,Nike - Accessories (All Sport)
Nike Swoosh Reversible DW Wristbands Black/White,16.49 €,18.00 €,Tennis Clothing,2026-09-11 14:51:34,Tennis Warehouse Europe,https://www.tenniswarehouse-europe.com/Nike_Swoosh_Reversible_DW_Wristbands_Black_White/descpageNIKEACC-NDWRBK-EN.html,Nike - Accessories (All Sport)
Nike Swoosh Doublewide Wristbands Navy,14.90 €,16.00 €,Tennis Clothing,2026-09-11 14:51:34,Tennis Warehouse Europe,https://www.tenniswarehouse-europe.com/Nike_Swoosh_Doublewide_Wristbands_Navy/descpageNIKEACC-NSDWCNV-EN.html,Nike - Accessories (All Sport)
Nike Swoosh Doublewide Wristbands White/Black,14.90 €,16.00 €,Tennis Clothing,2026-09-11 14:51:34,Tennis Warehouse Europe,https://www.tenniswarehouse-europe.com/Nike_Swoosh_Doublewide_Wristbands_White_Black/descpageNIKEACC-NSDWCWH-EN.html,Nike - Accessories (All Sport)
Nike Swoosh Doublewide Wristbands Black/White,14.90 €,16.00 €,Tennis Clothing,2026-09-11 14:51:34,Tennis Warehouse Europe,https://www.tenniswarehouse-europe.com/Nike_Swoosh_Doublewide_Wristbands_Black_White/descpageNIKEACC-NSDWCBK-EN.html,Nike - Accessories (All Sport)
Nike Premier DW Wristbands Black/White,20.90 €,23.00 €,Tennis Clothing,2026-09-11 14:51:34,Tennis Warehouse Europe,https://www.tenniswarehouse-europe.com/Nike_Premier_DW_Wristbands_Black_White/descpageNIKEACC-NPDWWBKBW-EN.html,Nike - Accessories (All Sport)
Nike Swoosh Singlewide Wristbands Pink/Lilac,10.90 €,12.00 €,Tennis Clothing,2026-09-11 14:51:34,Tennis Warehouse Europe,https://www.tenniswarehouse-europe.com/Nike_Swoosh_Singlewide_Wristbands_Pink_Lilac/descpageNIKEACC-NSWOPK-EN.html,Nike - Accessories (All Sport)
Nike Premier Singlewide Wristbands Old Royal,17.90 €,20.00 €,Tennis Clothing,2026-09-11 14:51:34,Tennis Warehouse Europe,https://www.tenniswarehouse-europe.com/Nike_Premier_Singlewide_Wristbands_Old_Royal/descpageNIKEACC-NSIWBR-EN.html,Nike - Accessories (All Sport)
Nike Premier Singlewide Wristbands Mint,17.90 €,20.00 €,Tennis Clothing,2026-09-11 14:51:34,Tennis Warehouse Europe,https://www.tenniswarehouse-europe.com/Nike_Premier_Singlewide_Wristbands_Mint/descpageNIKEACC-NSIWBMI-EN.html,Nike - Accessories (All Sport)
Nike Premier Singlewide Wristbands Rise Pink,17.90 €,20.00 €,Tennis Clothing,2026-09-11 14:51:34,Tennis Warehouse Europe,https://www.tenniswarehouse-europe.com/Nike_Premier_Singlewide_Wristbands_Rise_Pink/descpageNIKEACC-NSIWBP-EN.html,Nike - Accessories (All Sport)
Nike Premier Singlewide Wristbands White/Green,17.90 €,20.00 €,Tennis Clothing,2026-09-11 14:51:34,Tennis Warehouse Europe,https://www.tenniswarehouse-europe.com/Nike_Premier_Singlewide_Wristbands_White_Green/descpageNIKEACC-NPSWWBWG-EN.html,Nike - Accessories (All Sport)
Nike Premier Singlewide Wristbands Steam Green,17.90 €,20.00 €,Tennis Clothing,2026-09-11 14:51:34,Tennis Warehouse Europe,https://www.tenniswarehouse-europe.com/Nike_Premier_Singlewide_Wristbands_Steam_Green/descpageNIKEACC-NPSWWBSG-EN.html,Nike - Accessories (All Sport)
Nike Premier Singlewide Wristbands White/Black,17.90 €,20.00 €,Tennis Clothing,2026-09-11 14:51:34,Tennis Warehouse Europe,https://www.tenniswarehouse-europe.com/Nike_Premier_Singlewide_Wristbands_White_Black/descpageNIKEACC-NFPSWOWB-EN.html?color=WH,Nike - Accessories (All Sport)
Nike Swoosh Singlewide Wristbands Royal,10.90 €,12.00 €,Tennis Clothing,2026-09-11 14:51:34,Tennis Warehouse Europe,https://www.tenniswarehouse-europe.com/Nike_Swoosh_Singlewide_Wristbands_Royal/descpageNIKEACC-NSWOCR-EN.html,Nike - Accessories (All Sport)
Nike Swoosh Singlewide Wristbands Navy,10.90 €,12.00 €,Tennis Clothing,2026-09-11 14:51:34,Tennis Warehouse Europe,https://www.tenniswarehouse-europe.com/Nike_Swoosh_Singlewide_Wristbands_Navy/descpageNIKEACC-NSWOCNH-EN.html,Nike - Accessories (All Sport)
Nike Swoosh Singlewide Wristbands White,10.90 €,12.00 €,Tennis Clothing,2026-09-11 14:51:34,Tennis Warehouse Europe,https://www.tenniswarehouse-europe.com/Nike_Swoosh_Singlewide_Wristbands_White/descpageNIKEACC-NSWOCWH-EN.html,Nike - Accessories (All Sport)
Nike Swoosh Singlewide Wristbands Black,10.90 €,12.00 €,Tennis Clothing,2026-09-11 14:51:34,Tennis Warehouse Europe,https://www.tenniswarehouse-europe.com/Nike_Swoosh_Singlewide_Wristbands_Black/descpageNIKEACC-NSWOCB-EN.html,Nike - Accessories (All Sport)
Nike Premier Singlewide Wristbands Black/White,17.90 €,20.00 €,Tennis Clothing,2026-09-11 14:51:34,Tennis Warehouse Europe,https://www.tenniswarehouse-europe.com/Nike_Premier_Singlewide_Wristbands_Black_White/descpageNIKEACC-NPSWWBW-EN.html,Nike - Accessories (All Sport)
Nike Fundamental Towel Medium White/Black,24.89 €,28.00 €,Tennis Clothing,2026-09-11 14:51:34,Tennis Warehouse Europe,https://www.tenniswarehouse-europe.com/Nike_Fundamental_Towel_Medium_White_Black/descpageNIKEACC-NFTOMWB-EN.html,Nike - Accessories (All Sport)
Nike Fundamental Towel Medium Black/White,24.89 €,28.00 €,Tennis Clothing,2026-09-11 14:51:34,Tennis Warehouse Europe,https://www.tenniswarehouse-europe.com/Nike_Fundamental_Towel_Medium_Black_White/descpageNIKEACC-NFTOMBW-EN.html,Nike - Accessories (All Sport)
Nike Club Towel XL Black,40.90 €,45.00 €,Tennis Clothing,2026-09-11 14:51:34,Tennis Warehouse Europe,https://www.tenniswarehouse-europe.com/Nike_Club_Towel_XL_Black/descpageNIKEACC-NCPTBK-EN.html,Nike - Accessories (All Sport)
Nike Cooling Medium Towel Black,22.90 €,25.00 €,Tennis Clothing,2026-09-11 14:51:34,Tennis Warehouse Europe,https://www.tenniswarehouse-europe.com/Nike_Cooling_Medium_Towel_Black/descpageNIKEACC-NCSTBLA-EN.html,Nike - Accessories (All Sport)
Nike Fundamental Towel Large White,40.90 €,45.00 €,Tennis Clothing,2026-09-11 14:51:34,Tennis Warehouse Europe,https://www.tenniswarehouse-europe.com/Nike_Fundamental_Towel_Large_White/descpageNIKEACC-NFUTLWH-EN.html,Nike - Accessories (All Sport)
Nike Renew Recharge Straw Bottle/709ml Smile,24.89 €,28.00 €,Tennis Clothing,2026-09-11 14:51:34,Tennis Warehouse Europe,https://www.tenniswarehouse-europe.com/Nike_Renew_Recharge_Straw_Bottle_709ml_Smile/descpageNIKEACC-NRBONS-EN.html?color=CL,Nike - Accessories (All Sport)
Nike Renew Recharge Straw Bottle/709ml Burgundy,24.89 €,28.00 €,Tennis Clothing,2026-09-11 14:51:34,Tennis Warehouse Europe,https://www.tenniswarehouse-europe.com/Nike_Renew_Recharge_Straw_Bottle_709ml_Burgundy/descpageNIKEACC-NRBOB-EN.html?color=RD,Nike - Accessories (All Sport)
Nike Big Mouth Bottle 2.0 22oz/650ml Purple/Orange,10.90 €,12.00 €,Tennis Clothing,2026-09-11 14:51:34,Tennis Warehouse Europe,https://www.tenniswarehouse-europe.com/Nike_Big_Mouth_Bottle_20_22oz_650ml_Purple_Orange/descpageNIKEACC-NBM25P-EN.html?color=WH,Nike - Accessories (All Sport)
Nike Refuel Bottle Graphic 24oz/709ml Orange/Red,14.90 €,16.00 €,Tennis Clothing,2026-09-11 14:51:34,Tennis Warehouse Europe,https://www.tenniswarehouse-europe.com/Nike_Refuel_Bottle_Graphic_24oz_709ml_Orange_Red/descpageNIKEACC-NREBG-EN.html,Nike - Accessories (All Sport)
Nike Refuel Bottle Locking Lid 24oz/709ml Blue,17.90 €,20.00 €,Tennis Clothing,2026-09-11 14:51:34,Tennis Warehouse Europe,https://www.tenniswarehouse-europe.com/Nike_Refuel_Bottle_Locking_Lid_24oz_709ml_Blue/descpageNIKEACC-NREBBL-EN.html,Nike - Accessories (All Sport)
Nike Refuel Bottle Grip 24oz/709ml Royal,16.51 €,18.00 €,Tennis Clothing,2026-09-11 14:51:34,Tennis Warehouse Europe,https://www.tenniswarehouse-europe.com/Nike_Refuel_Bottle_Grip_24oz_709ml_Royal/descpageNIKEACC-ASBBTOY-EN.html,Nike - Accessories (All Sport)
Nike Refuel Bottle Grip 24oz/709ml Black,16.51 €,18.00 €,Tennis Clothing,2026-09-11 14:51:34,Tennis Warehouse Europe,https://www.tenniswarehouse-europe.com/Nike_Refuel_Bottle_Grip_24oz_709ml_Black/descpageNIKEACC-ASBBLUE-EN.html,Nike - Accessories (All Sport)
Nike Renew Recharge Straw Bottle 24oz/709ml Anthracite,26.89 €,30.00 €,Tennis Clothing,2026-09-11 14:51:34,Tennis Warehouse Europe,https://www.tenniswarehouse-europe.com/Nike_Renew_Recharge_Straw_Bottle_24oz_709ml_Anthracite/descpageNIKEACC-ARRSBGY-EN.html,Nike - Accessories (All Sport)
Nike Big Mouth Bottle 650ml/Yellow,10.90 €,12.00 €,Tennis Clothing,2026-09-11 14:51:34,Tennis Warehouse Europe,https://www.tenniswarehouse-europe.com/Nike_Big_Mouth_Bottle_650ml_Yellow/descpageNIKEACC-NBM32SB-EN.html?color=BK,Nike - Accessories (All Sport)
Nike Big Mouth Bottle 2.0 22oz/650ml Clear/Red,10.90 €,12.00 €,Tennis Clothing,2026-09-11 14:51:34,Tennis Warehouse Europe,https://www.tenniswarehouse-europe.com/Nike_Big_Mouth_Bottle_20_22oz_650ml_Clear_Red/descpageNIKEACC-NBM22CR-EN.html?color=CL,Nike - Accessories (All Sport)
Nike Big Mouth Bottle 2.0 22oz/650ml Atomic Green,14.50 €,16.00 €,Tennis Clothing,2026-09-11 14:51:34,Tennis Warehouse Europe,https://www.tenniswarehouse-europe.com/Nike_Big_Mouth_Bottle_20_22oz_650ml_Atomic_Green/descpageNIKEACC-NBM22AT-EN.html?color=GN,Nike - Accessories (All Sport)
Nike Big Mouth Bottle 2.0 32oz/946ml White,13.90 €,15.00 €,Tennis Clothing,2026-09-11 14:51:34,Tennis Warehouse Europe,https://www.tenniswarehouse-europe.com/Nike_Big_Mouth_Bottle_20_32oz_946ml_White/descpageNIKEACC-NBM32BK-EN.html?color=BK,Nike - Accessories (All Sport)
Nike Big Mouth Bottle 2.0 32oz/946ml Black,12.90 €,15.00 €,Tennis Clothing,2026-09-11 14:51:34,Tennis Warehouse Europe,https://www.tenniswarehouse-europe.com/Nike_Big_Mouth_Bottle_20_32oz_946ml_Black/descpageNIKEACC-NBM32B-EN.html?color=BK,Nike - Accessories (All Sport)
Nike Fundamental Weighted Rope Black/White,30.90 €,35.00 €,Tennis Clothing,2026-09-11 14:51:34,Tennis Warehouse Europe,https://www.tenniswarehouse-europe.com/Nike_Fundamental_Weighted_Rope_Black_White/descpageNIKEACC-NFWRBKW-EN.html,Nike - Accessories (All Sport)
adidas Women's New York Pro Dress,107.90 €,120.00 €,Tennis Clothing,2026-09-11 14:51:34,Tennis Warehouse Europe,https://www.tenniswarehouse-europe.com/adidas_Womens_New_York_Pro_Dress/descpageWAADIT-AWNYPSD-EN.html?color=BK,Adidas -
adidas Women's New York Pro Onesie,89.90 €,100.00 €,Tennis Clothing,2026-09-11 14:51:34,Tennis Warehouse Europe,https://www.tenniswarehouse-europe.com/adidas_Womens_New_York_Pro_Onesie/descpageWAADIT-AWNYPLO-EN.html?color=BK,Adidas -
adidas Women's New York Pro Match Tank,58.91 €,65.00 €,Tennis Clothing,2026-09-11 14:51:34,Tennis Warehouse Europe,https://www.tenniswarehouse-europe.com/adidas_Womens_New_York_Pro_Match_Tank/descpageWAADIT-AWNYPMT-EN.html?color=BK,Adidas -
adidas Women's New York Pro Match Tank,58.91 €,65.00 €,Tennis Clothing,2026-09-11 14:51:34,Tennis Warehouse Europe,https://www.tenniswarehouse-europe.com/adidas_Womens_New_York_Pro_Match_Tank/descpageWAADIT-AWNYPMT-EN.html?color=PK,Adidas -
adidas Women's New York Pro Lace Crop Top,58.91 €,65.00 €,Tennis Clothing,2026-09-11 14:51:34,Tennis Warehouse Europe,https://www.tenniswarehouse-europe.com/adidas_Womens_New_York_Pro_Lace_Crop_Top/descpageWAADIT-AWNYCT-EN.html?color=BK,Adidas -
adidas Women's New York Pro Lace Crop Top,58.91 €,65.00 €,Tennis Clothing,2026-09-11 14:51:34,Tennis Warehouse Europe,https://www.tenniswarehouse-europe.com/adidas_Womens_New_York_Pro_Lace_Crop_Top/descpageWAADIT-AWNYCT-EN.html?color=MR,Adidas -
adidas Women's New York Pro Short,58.91 €,65.00 €,Tennis Clothing,2026-09-11 14:51:34,Tennis Warehouse Europe,https://www.tenniswarehouse-europe.com/adidas_Womens_New_York_Pro_Short/descpageWAADIT-AWNYPSH-EN.html?color=BK,Adidas -
adidas Women's New York Pro Short,58.91 €,65.00 €,Tennis Clothing,2026-09-11 14:51:34,Tennis Warehouse Europe,https://www.tenniswarehouse-europe.com/adidas_Womens_New_York_Pro_Short/descpageWAADIT-AWNYPSH-EN.html?color=MR,Adidas -
adidas Women's New York 3D Pro Tank,64.90 €,80.00 €,Tennis Clothing,2026-09-11 14:51:34,Tennis Warehouse Europe,https://www.tenniswarehouse-europe.com/adidas_Womens_New_York_3D_Pro_Tank/descpageWAADIT-AWNY3T-EN.html?color=PK,Adidas -
adidas Women's New York Pro Y-Tank,49.90 €,55.00 €,Tennis Clothing,2026-09-11 14:51:34,Tennis Warehouse Europe,https://www.tenniswarehouse-europe.com/adidas_Womens_New_York_Pro_Y-Tank/descpageWAADIT-AWNYPYT-EN.html?color=MR,Adidas -
adidas Women's New York Pro Y-Tank,49.90 €,55.00 €,Tennis Clothing,2026-09-11 14:51:34,Tennis Warehouse Europe,https://www.tenniswarehouse-europe.com/adidas_Womens_New_York_Pro_Y-Tank/descpageWAADIT-AWNYPYT-EN.html?color=PK,Adidas -
adidas Women's New York Pro Bubble Skirt,58.91 €,65.00 €,Tennis Clothing,2026-09-11 14:51:34,Tennis Warehouse Europe,https://www.tenniswarehouse-europe.com/adidas_Womens_New_York_Pro_Bubble_Skirt/descpageWAADIT-AWNYPBS-EN.html?color=BK,Adidas -
adidas Women's New York Pro Bubble Skirt,58.91 €,65.00 €,Tennis Clothing,2026-09-11 14:51:34,Tennis Warehouse Europe,https://www.tenniswarehouse-europe.com/adidas_Womens_New_York_Pro_Bubble_Skirt/descpageWAADIT-AWNYPBS-EN.html?color=MR,Adidas -
adidas Women's New York Pro Bubble Skirt,58.91 €,65.00 €,Tennis Clothing,2026-09-11 14:51:34,Tennis Warehouse Europe,https://www.tenniswarehouse-europe.com/adidas_Womens_New_York_Pro_Bubble_Skirt/descpageWAADIT-AWNYPBS-EN.html?color=PK,Adidas -
adidas Women's New York Cover Up Jacket,107.90 €,120.00 €,Tennis Clothing,2026-09-11 14:51:34,Tennis Warehouse Europe,https://www.tenniswarehouse-europe.com/adidas_Womens_New_York_Cover_Up_Jacket/descpageWAADIT-AWNYCUJ-EN.html?color=MR,Adidas -
adidas Women's New York Cover Up Pant,98.90 €,110.00 €,Tennis Clothing,2026-09-11 14:51:34,Tennis Warehouse Europe,https://www.tenniswarehouse-europe.com/adidas_Womens_New_York_Cover_Up_Pant/descpageWAADIT-AWNYCUP-EN.html?color=MR,Adidas -
adidas Tennis Headband Black,10.90 €,12.00 €,Tennis Clothing,2026-09-11 14:51:34,Tennis Warehouse Europe,https://www.tenniswarehouse-europe.com/adidas_Tennis_Headband_Black/descpageADIT-ATHEBLA-EN.html?color=BK,Adidas -
adidas Canvas Tote Bag,44.90 €,50.00 €,Tennis Clothing,2026-09-11 14:51:34,Tennis Warehouse Europe,https://www.tenniswarehouse-europe.com/adidas_Canvas_Tote_Bag/descpageADIT-ADCTBAG-EN.html,Adidas -
adidas Women's New York Glow Shoulder Bag,22.90 €,25.00 €,Tennis Clothing,2026-09-11 14:51:34,Tennis Warehouse Europe,https://www.tenniswarehouse-europe.com/adidas_Womens_New_York_Glow_Shoulder_Bag/descpageADIT-ADGSBA-EN.html,Adidas -
adidas Women's Tennis Culture Crop Polo,44.90 €,50.00 €,Tennis Clothing,2026-09-11 14:51:34,Tennis Warehouse Europe,https://www.tenniswarehouse-europe.com/adidas_Womens_Tennis_Culture_Crop_Polo/descpageWAADIT-AWTCCP-EN.html?color=PK,Adidas -
adidas Women's Tennis Culture Crop Top,27.89 €,35.00 €,Tennis Clothing,2026-09-11 14:51:34,Tennis Warehouse Europe,https://www.tenniswarehouse-europe.com/adidas_Womens_Tennis_Culture_Crop_Top/descpageWAADIT-AWTCCT-EN.html?color=BK,Adidas -
adidas Women's Tennis Culture Crop Top,27.89 €,35.00 €,Tennis Clothing,2026-09-11 14:51:34,Tennis Warehouse Europe,https://www.tenniswarehouse-europe.com/adidas_Womens_Tennis_Culture_Crop_Top/descpageWAADIT-AWTCCT-EN.html?color=PK,Adidas -
adidas Women's Tennis Culture Crop Top,27.89 €,35.00 €,Tennis Clothing,2026-09-11 14:51:34,Tennis Warehouse Europe,https://www.tenniswarehouse-europe.com/adidas_Womens_Tennis_Culture_Crop_Top/descpageWAADIT-AWTCCT-EN.html?color=WH,Adidas -
adidas Women's New York Glow Shoulder Bag,22.90 €,25.00 €,Tennis Clothing,2026-09-11 14:51:34,Tennis Warehouse Europe,https://www.tenniswarehouse-europe.com/adidas_Womens_New_York_Glow_Shoulder_Bag/descpageADIT-ADGSBA-EN.html,Adidas -
adidas Tennis Glow Socks Beige/Maroon,16.90 €,18.00 €,Tennis Clothing,2026-09-11 14:51:34,Tennis Warehouse Europe,https://www.tenniswarehouse-europe.com/adidas_Tennis_Glow_Socks_Beige_Maroon/descpageWAADIT-ATGSBM-EN.html,Adidas -
adidas Women's Classics Originals Dress,79.90 €,90.00 €,Tennis Clothing,2026-09-11 14:51:34,Tennis Warehouse Europe,https://www.tenniswarehouse-europe.com/adidas_Womens_Classics_Originals_Dress/descpageWAADIT-AWORIDR-EN.html?color=BK,Adidas -
adidas Women's Classics Originals Dress,79.90 €,90.00 €,Tennis Clothing,2026-09-11 14:51:34,Tennis Warehouse Europe,https://www.tenniswarehouse-europe.com/adidas_Womens_Classics_Originals_Dress/descpageWAADIT-AWORIDR-EN.html?color=MR,Adidas -
adidas Women's Classics Originals Dress,79.90 €,90.00 €,Tennis Clothing,2026-09-11 14:51:34,Tennis Warehouse Europe,https://www.tenniswarehouse-europe.com/adidas_Womens_Classics_Originals_Dress/descpageWAADIT-AWORIDR-EN.html?color=PK,Adidas -
adidas Women's Classics Originals Skirt,56.90 €,65.00 €,Tennis Clothing,2026-09-11 14:51:34,Tennis Warehouse Europe,https://www.tenniswarehouse-europe.com/adidas_Womens_Classics_Originals_Skirt/descpageWAADIT-AWORSK-EN.html?color=MR,Adidas -
adidas Women's Classics Originals Skirt,56.90 €,65.00 €,Tennis Clothing,2026-09-11 14:51:34,Tennis Warehouse Europe,https://www.tenniswarehouse-europe.com/adidas_Womens_Classics_Originals_Skirt/descpageWAADIT-AWORSK-EN.html?color=PK,Adidas -
adidas Women's Classics Originals Skirt,56.90 €,65.00 €,Tennis Clothing,2026-09-11 14:51:34,Tennis Warehouse Europe,https://www.tenniswarehouse-europe.com/adidas_Womens_Classics_Originals_Skirt/descpageWAADIT-AWORSK-EN.html?color=WH,Adidas -
adidas Women's Classics Originals Polo,42.90 €,50.00 €,Tennis Clothing,2026-09-11 14:51:34,Tennis Warehouse Europe,https://www.tenniswarehouse-europe.com/adidas_Womens_Classics_Originals_Polo/descpageWAADIT-AWORPO-EN.html?color=BK,Adidas -
adidas Women's Classics Originals Polo,42.90 €,50.00 €,Tennis Clothing,2026-09-11 14:51:34,Tennis Warehouse Europe,https://www.tenniswarehouse-europe.com/adidas_Womens_Classics_Originals_Polo/descpageWAADIT-AWORPO-EN.html?color=MR,Adidas -
adidas Women's Classics Originals Polo,42.90 €,50.00 €,Tennis Clothing,2026-09-11 14:51:34,Tennis Warehouse Europe,https://www.tenniswarehouse-europe.com/adidas_Womens_Classics_Originals_Polo/descpageWAADIT-AWORPO-EN.html?color=PK,Adidas -
adidas Women's Heritage T-Shirt,31.90 €,35.00 €,Tennis Clothing,2026-09-11 14:51:34,Tennis Warehouse Europe,https://www.tenniswarehouse-europe.com/adidas_Womens_Heritage_T-Shirt/descpageWAADIT-AWSPTHR-EN.html?color=PK,Adidas -
adidas Women's Heritage T-Shirt,31.90 €,35.00 €,Tennis Clothing,2026-09-11 14:51:34,Tennis Warehouse Europe,https://www.tenniswarehouse-europe.com/adidas_Womens_Heritage_T-Shirt/descpageWAADIT-AWSPTHR-EN.html?color=WH,Adidas -
adidas Tennis Singlewide Wristbands Originals,11.90 €,15.00 €,Tennis Clothing,2026-09-11 14:51:34,Tennis Warehouse Europe,https://www.tenniswarehouse-europe.com/adidas_Tennis_Singlewide_Wristbands_Originals/descpageADIT-ALORIWR-EN.html,Adidas -
adidas Women's Fall Gameset Y-Dress,76.90 €,85.00 €,Tennis Clothing,2026-09-11 14:51:34,Tennis Warehouse Europe,https://www.tenniswarehouse-europe.com/adidas_Womens_Fall_Gameset_Y-Dress/descpageWAADIT-AWGAPR-EN.html?color=PU,Adidas -
adidas Women's Fall Gameset Y-Dress,76.90 €,85.00 €,Tennis Clothing,2026-09-11 14:51:34,Tennis Warehouse Europe,https://www.tenniswarehouse-europe.com/adidas_Womens_Fall_Gameset_Y-Dress/descpageWAADIT-AWGAPR-EN.html?color=RD,Adidas -
adidas Women's Core Gameset Y-Dress White,75.90 €,85.00 €,Tennis Clothing,2026-09-11 14:51:34,Tennis Warehouse Europe,https://www.tenniswarehouse-europe.com/adidas_Womens_Core_Gameset_Y-Dress_White/descpageWAADIT-AWGAD-EN.html?color=WH,Adidas -
adidas Women's Core Gameset Y-Dress Black,76.90 €,85.00 €,Tennis Clothing,2026-09-11 14:51:34,Tennis Warehouse Europe,https://www.tenniswarehouse-europe.com/adidas_Womens_Core_Gameset_Y-Dress_Black/descpageWAADIT-AWGADB-EN.html?color=BK,Adidas -
adidas Women's Fall Y-Tank Yellow,49.90 €,55.00 €,Tennis Clothing,2026-09-11 14:51:34,Tennis Warehouse Europe,https://www.tenniswarehouse-europe.com/adidas_Womens_Fall_Y-Tank_Yellow/descpageWAADIT-AFYTAY-EN.html?color=YE,Adidas -
adidas Women's Core Y-Tank White,48.90 €,55.00 €,Tennis Clothing,2026-09-11 14:51:34,Tennis Warehouse Europe,https://www.tenniswarehouse-europe.com/adidas_Womens_Core_Y-Tank_White/descpageWAADIT-AWBYTK-EN.html?color=WH,Adidas -
adidas Women's Core Y-Tank Black,48.90 €,55.00 €,Tennis Clothing,2026-09-11 14:51:34,Tennis Warehouse Europe,https://www.tenniswarehouse-europe.com/adidas_Womens_Core_Y-Tank_Black/descpageWAADIT-AWBYTA-EN.html?color=BK,Adidas -
adidas Women's Fall Y-Tank Midi Purple,49.90 €,55.00 €,Tennis Clothing,2026-09-11 14:51:34,Tennis Warehouse Europe,https://www.tenniswarehouse-europe.com/adidas_Womens_Fall_Y-Tank_Midi_Purple/descpageWAADIT-AFYTAYM-EN.html?color=PU,Adidas -
adidas Women's Core Match Tank White,44.90 €,50.00 €,Tennis Clothing,2026-09-11 14:51:34,Tennis Warehouse Europe,https://www.tenniswarehouse-europe.com/adidas_Womens_Core_Match_Tank_White/descpageWAADIT-AWMTA-EN.html?color=WH,Adidas -
adidas Women's Core Match Tank Black,44.90 €,50.00 €,Tennis Clothing,2026-09-11 14:51:34,Tennis Warehouse Europe,https://www.tenniswarehouse-europe.com/adidas_Womens_Core_Match_Tank_Black/descpageWAADIT-AWMATA-EN.html?color=BK,Adidas -
adidas Women's Fall Freelift Top Maroon,53.90 €,60.00 €,Tennis Clothing,2026-09-11 14:51:34,Tennis Warehouse Europe,https://www.tenniswarehouse-europe.com/adidas_Womens_Fall_Freelift_Top_Maroon/descpageWAADIT-AWBFBT-EN.html?color=MR,Adidas -
adidas Women's Core Freelift Top White,49.90 €,60.00 €,Tennis Clothing,2026-09-11 14:51:34,Tennis Warehouse Europe,https://www.tenniswarehouse-europe.com/adidas_Womens_Core_Freelift_Top_White/descpageWAADIT-AWBFTT-EN.html?color=WH,Adidas -
adidas Women's Core Freelift Top Navy,49.90 €,60.00 €,Tennis Clothing,2026-09-11 14:51:34,Tennis Warehouse Europe,https://www.tenniswarehouse-europe.com/adidas_Womens_Core_Freelift_Top_Navy/descpageWAADIT-AWBFRT-EN.html?color=NV,Adidas -
adidas Women's Fall Match Skirt Pink,53.90 €,60.00 €,Tennis Clothing,2026-09-11 14:51:34,Tennis Warehouse Europe,https://www.tenniswarehouse-europe.com/adidas_Womens_Fall_Match_Skirt_Pink/descpageWAADIT-AWFMS26-EN.html?color=PK,Adidas -
adidas Women's Core Match Skirt Black,52.90 €,60.00 €,Tennis Clothing,2026-09-11 14:51:34,Tennis Warehouse Europe,https://www.tenniswarehouse-europe.com/adidas_Womens_Core_Match_Skirt_Black/descpageWAADIT-AWBMS-EN.html?color=BK,Adidas -
adidas Women's Core Match Skirt White,52.90 €,60.00 €,Tennis Clothing,2026-09-11 14:51:34,Tennis Warehouse Europe,https://www.tenniswarehouse-europe.com/adidas_Womens_Core_Match_Skirt_White/descpageWAADIT-AWBAMS-EN.html?color=WH,Adidas -
adidas Women's Fall Match Short Purple,49.90 €,55.00 €,Tennis Clothing,2026-09-11 14:51:34,Tennis Warehouse Europe,https://www.tenniswarehouse-europe.com/adidas_Womens_Fall_Match_Short_Purple/descpageWAADIT-AFFMSH-EN.html?color=PU,Adidas -
adidas Women's Core Match Short White,49.90 €,55.00 €,Tennis Clothing,2026-09-11 14:51:34,Tennis Warehouse Europe,https://www.tenniswarehouse-europe.com/adidas_Womens_Core_Match_Short_White/descpageWAADIT-AWBMTS-EN.html?color=WH,Adidas -
adidas Women's Core Match Short Black,49.90 €,55.00 €,Tennis Clothing,2026-09-11 14:51:34,Tennis Warehouse Europe,https://www.tenniswarehouse-europe.com/adidas_Womens_Core_Match_Short_Black/descpageWAADIT-AWBMAS-EN.html?color=BK,Adidas -
adidas Women's Core Match Tight,62.90 €,70.00 €,Tennis Clothing,2026-09-11 14:51:34,Tennis Warehouse Europe,https://www.tenniswarehouse-europe.com/adidas_Womens_Core_Match_Tight/descpageWAADIT-AWCMTG-EN.html?color=BK,Adidas -
adidas Women's Fall Club Tank Maroon,31.90 €,35.00 €,Tennis Clothing,2026-09-11 14:51:34,Tennis Warehouse Europe,https://www.tenniswarehouse-europe.com/adidas_Womens_Fall_Club_Tank_Maroon/descpageWAADIT-AWFCTA-EN.html?color=MR,Adidas -
adidas Women's Core Club Midi Tank Black,31.90 €,35.00 €,Tennis Clothing,2026-09-11 14:51:34,Tennis Warehouse Europe,https://www.tenniswarehouse-europe.com/adidas_Womens_Core_Club_Midi_Tank_Black/descpageWAADIT-AWBMCTA-EN.html?color=BK,Adidas -
adidas Women's Fall Club Midi Tank Red,31.90 €,35.00 €,Tennis Clothing,2026-09-11 14:51:34,Tennis Warehouse Europe,https://www.tenniswarehouse-europe.com/adidas_Womens_Fall_Club_Midi_Tank_Red/descpageWAADIT-AWFMCTK-EN.html?color=RD,Adidas -
adidas Women's Club Tank - White,30.90 €,35.00 €,Tennis Clothing,2026-09-11 14:51:34,Tennis Warehouse Europe,https://www.tenniswarehouse-europe.com/adidas_Womens_Club_Tank_-_White/descpageWAADIT-AWCLTW-EN.html?color=WH,Adidas -
adidas Women's Core Club Tank - Navy,30.90 €,35.00 €,Tennis Clothing,2026-09-11 14:51:34,Tennis Warehouse Europe,https://www.tenniswarehouse-europe.com/adidas_Womens_Core_Club_Tank_-_Navy/descpageWAADIT-AWSBACT-EN.html?color=NV,Adidas -
adidas Women's Core Club Top - White,31.90 €,40.00 €,Tennis Clothing,2026-09-11 14:51:34,Tennis Warehouse Europe,https://www.tenniswarehouse-europe.com/adidas_Womens_Core_Club_Top_-_White/descpageWAADIT-AWNBAT-EN.html?color=WH,Adidas -
adidas Women's Fall Club Skirt,35.90 €,40.00 €,Tennis Clothing,2026-09-11 14:51:34,Tennis Warehouse Europe,https://www.tenniswarehouse-europe.com/adidas_Womens_Fall_Club_Skirt/descpageWAADIT-AWFPK-EN.html?color=PU,Adidas -
adidas Women's Fall Club Skirt,35.90 €,40.00 €,Tennis Clothing,2026-09-11 14:51:34,Tennis Warehouse Europe,https://www.tenniswarehouse-europe.com/adidas_Womens_Fall_Club_Skirt/descpageWAADIT-AWFPK-EN.html?color=RD,Adidas -
adidas Women's Core Club Skirt - White,33.90 €,40.00 €,Tennis Clothing,2026-09-11 14:51:34,Tennis Warehouse Europe,https://www.tenniswarehouse-europe.com/adidas_Womens_Core_Club_Skirt_-_White/descpageWAADIT-ADCMW-EN.html?color=WH,Adidas -
adidas Women's Core Club Skirt - Black,35.90 €,40.00 €,Tennis Clothing,2026-09-11 14:51:34,Tennis Warehouse Europe,https://www.tenniswarehouse-europe.com/adidas_Womens_Core_Club_Skirt_-_Black/descpageWAADIT-ADCMB-EN.html?color=BK,Adidas -
adidas Women's Club Skirt - Navy,33.90 €,40.00 €,Tennis Clothing,2026-09-11 14:51:34,Tennis Warehouse Europe,https://www.tenniswarehouse-europe.com/adidas_Womens_Club_Skirt_-_Navy/descpageWAADIT-ADCMN-EN.html?color=NV,Adidas -
adidas Women's Fall Club Pleat Skirt,44.90 €,50.00 €,Tennis Clothing,2026-09-11 14:51:34,Tennis Warehouse Europe,https://www.tenniswarehouse-europe.com/adidas_Womens_Fall_Club_Pleat_Skirt/descpageWAADIT-AWFPSK-EN.html?color=MR,Adidas -
adidas Women's Fall Club Pleat Skirt,44.90 €,50.00 €,Tennis Clothing,2026-09-11 14:51:34,Tennis Warehouse Europe,https://www.tenniswarehouse-europe.com/adidas_Womens_Fall_Club_Pleat_Skirt/descpageWAADIT-AWFPSK-EN.html?color=PU,Adidas -
adidas Women's Core Club Pleat Skirt - Black,42.90 €,50.00 €,Tennis Clothing,2026-09-11 14:51:34,Tennis Warehouse Europe,https://www.tenniswarehouse-europe.com/adidas_Womens_Core_Club_Pleat_Skirt_-_Black/descpageWAADIT-ADCPSB-EN.html?color=BK,Adidas -
adidas Women's Core Club Pleat Skirt - White,42.90 €,50.00 €,Tennis Clothing,2026-09-11 14:51:34,Tennis Warehouse Europe,https://www.tenniswarehouse-europe.com/adidas_Womens_Core_Club_Pleat_Skirt_-_White/descpageWAADIT-ADCPSW-EN.html?color=WH,Adidas -
adidas Women's Fall Club Short,31.90 €,35.00 €,Tennis Clothing,2026-09-11 14:51:34,Tennis Warehouse Europe,https://www.tenniswarehouse-europe.com/adidas_Womens_Fall_Club_Short_/descpageWAADIT-AWFCSH2-EN.html?color=GR,Adidas -
adidas Women's Fall Club Short,31.90 €,35.00 €,Tennis Clothing,2026-09-11 14:51:34,Tennis Warehouse Europe,https://www.tenniswarehouse-europe.com/adidas_Womens_Fall_Club_Short_/descpageWAADIT-AWFCSH2-EN.html?color=MR,Adidas -
adidas Women's Core Club Short - White,30.90 €,35.00 €,Tennis Clothing,2026-09-11 14:51:34,Tennis Warehouse Europe,https://www.tenniswarehouse-europe.com/adidas_Womens_Core_Club_Short_-_White/descpageWAADIT-AWCOSW-EN.html?color=WH,Adidas -
adidas Women's Core Club Short - Black,30.90 €,35.00 €,Tennis Clothing,2026-09-11 14:51:34,Tennis Warehouse Europe,https://www.tenniswarehouse-europe.com/adidas_Womens_Core_Club_Short_-_Black/descpageWAADIT-AWCOSH-EN.html?color=BK,Adidas -
adidas Women's Core Walk On Pant,66.90 €,75.00 €,Tennis Clothing,2026-09-11 14:51:34,Tennis Warehouse Europe,https://www.tenniswarehouse-europe.com/adidas_Womens_Core_Walk_On_Pant/descpageWAADIT-AWWOP-EN.html?color=WH,Adidas -
adidas Women's Fall High-Zip Longsleeve,71.90 €,80.00 €,Tennis Clothing,2026-09-11 14:51:34,Tennis Warehouse Europe,https://www.tenniswarehouse-europe.com/adidas_Womens_Fall_High-Zip_Longsleeve/descpageWAADIT-AWF26LS-EN.html?color=BK,Adidas -
adidas Women's Cover-Up Pant,67.90 €,75.00 €,Tennis Clothing,2026-09-11 14:51:34,Tennis Warehouse Europe,https://www.tenniswarehouse-europe.com/adidas_Womens_Cover-Up_Pant/descpageWAADIT-AFWCUP-EN.html?color=BK,Adidas -
adidas Women's Training Crop Tank Black,26.89 €,30.00 €,Tennis Clothing,2026-09-11 14:51:34,Tennis Warehouse Europe,https://www.tenniswarehouse-europe.com/adidas_Womens_Training_Crop_Tank_Black/descpageWAADIT-AWCTA-EN.html?color=BK,Adidas -
adidas Women's Training Crop Tank White,26.89 €,30.00 €,Tennis Clothing,2026-09-11 14:51:34,Tennis Warehouse Europe,https://www.tenniswarehouse-europe.com/adidas_Womens_Training_Crop_Tank_White/descpageWAADIT-AWCTAWH-EN.html?color=WH,Adidas -
adidas Women's Fall Training Graphic T-Shirt,31.90 €,35.00 €,Tennis Clothing,2026-09-11 14:51:34,Tennis Warehouse Europe,https://www.tenniswarehouse-europe.com/adidas_Womens_Fall_Training_Graphic_T-Shirt/descpageWAADIT-AWFTTSG-EN.html?color=PK,Adidas -
adidas Women's Fall Training Graphic T-Shirt,31.90 €,35.00 €,Tennis Clothing,2026-09-11 14:51:34,Tennis Warehouse Europe,https://www.tenniswarehouse-europe.com/adidas_Womens_Fall_Training_Graphic_T-Shirt/descpageWAADIT-AWFTTSG-EN.html?color=WH,Adidas -
adidas Women's Fall Essential Polo,31.90 €,35.00 €,Tennis Clothing,2026-09-11 14:51:34,Tennis Warehouse Europe,https://www.tenniswarehouse-europe.com/adidas_Womens_Fall_Essential_Polo/descpageWAADIT-AWFEPOL-EN.html?color=MR,Adidas -
adidas Women's Fall Training Essential Top,26.89 €,30.00 €,Tennis Clothing,2026-09-11 14:51:34,Tennis Warehouse Europe,https://www.tenniswarehouse-europe.com/adidas_Womens_Fall_Training_Essential_Top/descpageWAADIT-AWTRETO-EN.html?color=BK,Adidas -
adidas Women's Fall Training Essential Top,26.89 €,30.00 €,Tennis Clothing,2026-09-11 14:51:34,Tennis Warehouse Europe,https://www.tenniswarehouse-europe.com/adidas_Womens_Fall_Training_Essential_Top/descpageWAADIT-AWTRETO-EN.html?color=WH,Adidas -
adidas Women's Fall Training Essential Scoop Neck Top,22.90 €,25.00 €,Tennis Clothing,2026-09-11 14:51:34,Tennis Warehouse Europe,https://www.tenniswarehouse-europe.com/adidas_Womens_Fall_Training_Essential_Scoop_Neck_Top/descpageWAADIT-AWTNST-EN.html?color=LB,Adidas -
adidas Women's Fall Training Essential Longsleeve Top,31.90 €,35.00 €,Tennis Clothing,2026-09-11 14:51:34,Tennis Warehouse Europe,https://www.tenniswarehouse-europe.com/adidas_Womens_Fall_Training_Essential_Longsleeve_Top/descpageWAADIT-AWTELST-EN.html?color=BK,Adidas -
adidas Women's Fall Training Essential Longsleeve Top,31.90 €,35.00 €,Tennis Clothing,2026-09-11 14:51:34,Tennis Warehouse Europe,https://www.tenniswarehouse-europe.com/adidas_Womens_Fall_Training_Essential_Longsleeve_Top/descpageWAADIT-AWTELST-EN.html?color=WH,Adidas -
adidas Women's Core Minimal V-Neck Top,19.90 €,25.00 €,Tennis Clothing,2026-09-11 14:51:34,Tennis Warehouse Europe,https://www.tenniswarehouse-europe.com/adidas_Womens_Core_Minimal_V-Neck_Top/descpageWAADIT-AWMMIRT-EN.html?color=WH,Adidas -
adidas Women's Fall Stadium 2in1 Skirt,44.90 €,50.00 €,Tennis Clothing,2026-09-11 14:51:34,Tennis Warehouse Europe,https://www.tenniswarehouse-europe.com/adidas_Womens_Fall_Stadium_2in1_Skirt/descpageWAADIT-AWT21SK-EN.html?color=BL,Adidas -
adidas Women's Fall Training 2in1 Short,35.90 €,40.00 €,Tennis Clothing,2026-09-11 14:51:34,Tennis Warehouse Europe,https://www.tenniswarehouse-europe.com/adidas_Womens_Fall_Training_2in1_Short/descpageWAADIT-AWT21SH-EN.html?color=LB,Adidas -
adidas Women's Core Minimal 2-in-1 Short,31.90 €,40.00 €,Tennis Clothing,2026-09-11 14:51:34,Tennis Warehouse Europe,https://www.tenniswarehouse-europe.com/adidas_Womens_Core_Minimal_2-in-1_Short/descpageWAADIT-AWMI2S-EN.html?color=BK,Adidas -
adidas Women's Chenile Logo Graphic Sweatshirt,53.90 €,60.00 €,Tennis Clothing,2026-09-11 14:51:34,Tennis Warehouse Europe,https://www.tenniswarehouse-europe.com/adidas_Womens_Chenile_Logo_Graphic_Sweatshirt/descpageWAADIT-AWCLGSW-EN.html?color=GY,Adidas -
adidas Women's Chenile Logo Graphic Sweatshirt,53.90 €,60.00 €,Tennis Clothing,2026-09-11 14:51:34,Tennis Warehouse Europe,https://www.tenniswarehouse-europe.com/adidas_Womens_Chenile_Logo_Graphic_Sweatshirt/descpageWAADIT-AWCLGSW-EN.html?color=MR,Adidas -
adidas Women's Techfit Tight,40.90 €,45.00 €,Tennis Clothing,2026-09-11 14:51:34,Tennis Warehouse Europe,https://www.tenniswarehouse-europe.com/adidas_Womens_Techfit_Tight/descpageWAADIT-AWTET-EN.html?color=BK,Adidas -
adidas Women's Team Court Tank Green,26.89 €,30.00 €,Tennis Clothing,2026-09-11 14:51:34,Tennis Warehouse Europe,https://www.tenniswarehouse-europe.com/adidas_Womens_Team_Court_Tank_Green/descpageWAADIT-AWSTG-EN.html?color=GR,Adidas -
adidas Women's Team Court Tank Navy,26.89 €,30.00 €,Tennis Clothing,2026-09-11 14:51:34,Tennis Warehouse Europe,https://www.tenniswarehouse-europe.com/adidas_Womens_Team_Court_Tank_Navy/descpageWAADIT-AWSTN-EN.html?color=NV,Adidas -
adidas Women's Team Court Tank Lt. Blue,26.89 €,30.00 €,Tennis Clothing,2026-09-11 14:51:34,Tennis Warehouse Europe,https://www.tenniswarehouse-europe.com/adidas_Womens_Team_Court_Tank_Lt_Blue/descpageWAADIT-AWSTB-EN.html?color=LB,Adidas -
adidas Women's Team Court Top White,26.89 €,30.00 €,Tennis Clothing,2026-09-11 14:51:34,Tennis Warehouse Europe,https://www.tenniswarehouse-europe.com/adidas_Womens_Team_Court_Top_White/descpageWAADIT-AWSTW-EN.html?color=WH,Adidas -
adidas Women's Team Court Skirt Navy,31.90 €,35.00 €,Tennis Clothing,2026-09-11 14:51:34,Tennis Warehouse Europe,https://www.tenniswarehouse-europe.com/adidas_Womens_Team_Court_Skirt_Navy/descpageWAADIT-ALSAN-EN.html?color=NV,Adidas -
adidas Women's Team Court Short Navy,31.90 €,35.00 €,Tennis Clothing,2026-09-11 14:51:34,Tennis Warehouse Europe,https://www.tenniswarehouse-europe.com/adidas_Womens_Team_Court_Short_Navy/descpageWAADIT-AWSAS-EN.html?color=NV,Adidas -
adidas Women's Paris Pro Crop Polo Tank,51.90 €,65.00 €,Tennis Clothing,2026-09-11 14:51:34,Tennis Warehouse Europe,https://www.tenniswarehouse-europe.com/adidas_Womens_Paris_Pro_Crop_Polo_Tank/descpageWAADIT-AWPAP-EN.html?color=WNV,Adidas -
adidas Women's Paris Pro Skirt,51.90 €,65.00 €,Tennis Clothing,2026-09-11 14:51:34,Tennis Warehouse Europe,https://www.tenniswarehouse-europe.com/adidas_Womens_Paris_Pro_Skirt/descpageWAADIT-AWPSI-EN.html?color=NV,Adidas -
adidas Women's Paris Pro Short,51.90 €,65.00 €,Tennis Clothing,2026-09-11 14:51:34,Tennis Warehouse Europe,https://www.tenniswarehouse-europe.com/adidas_Womens_Paris_Pro_Short/descpageWAADIT-AWPAS-EN.html?color=NV,Adidas -
adidas Women's Heritage Tank,39.90 €,50.00 €,Tennis Clothing,2026-09-11 14:51:34,Tennis Warehouse Europe,https://www.tenniswarehouse-europe.com/adidas_Womens_Heritage_Tank/descpageWAADIT-AWCST-EN.html?color=NV,Adidas -
adidas Women's Heritage Tank,39.90 €,50.00 €,Tennis Clothing,2026-09-11 14:51:34,Tennis Warehouse Europe,https://www.tenniswarehouse-europe.com/adidas_Womens_Heritage_Tank/descpageWAADIT-AWCST-EN.html?color=RD,Adidas -
adidas Women's Heritage Skirt,51.90 €,65.00 €,Tennis Clothing,2026-09-11 14:51:34,Tennis Warehouse Europe,https://www.tenniswarehouse-europe.com/adidas_Womens_Heritage_Skirt/descpageWAADIT-AWCLS-EN.html?color=NV,Adidas -
adidas Women's Heritage Skirt,51.90 €,65.00 €,Tennis Clothing,2026-09-11 14:51:34,Tennis Warehouse Europe,https://www.tenniswarehouse-europe.com/adidas_Womens_Heritage_Skirt/descpageWAADIT-AWCLS-EN.html?color=WH,Adidas -
adidas Women's Summer Gameset Y-Dress Navy,67.90 €,85.00 €,Tennis Clothing,2026-09-11 14:51:34,Tennis Warehouse Europe,https://www.tenniswarehouse-europe.com/adidas_Womens_Summer_Gameset_Y-Dress_Navy/descpageWAADIT-AWBGD-EN.html?color=NV,Adidas -
adidas Women's Summer Y-Tank Blue,43.90 €,55.00 €,Tennis Clothing,2026-09-11 14:51:34,Tennis Warehouse Europe,https://www.tenniswarehouse-europe.com/adidas_Womens_Summer_Y-Tank_Blue/descpageWAADIT-AWSYTA-EN.html?color=BL,Adidas -
adidas Women's Summer Y-Tank Midi,43.90 €,55.00 €,Tennis Clothing,2026-09-11 14:51:34,Tennis Warehouse Europe,https://www.tenniswarehouse-europe.com/adidas_Womens_Summer_Y-Tank_Midi/descpageWAADIT-AWSYTM-EN.html?color=NV,Adidas -
adidas Women's Summer Match Skirt Blue,47.90 €,60.00 €,Tennis Clothing,2026-09-11 14:51:34,Tennis Warehouse Europe,https://www.tenniswarehouse-europe.com/adidas_Womens_Summer_Match_Skirt_Blue/descpageWAADIT-AWSPMA-EN.html?color=BL,Adidas -
adidas Women's Spring Match Skirt Yellow,38.50 €,60.00 €,Tennis Clothing,2026-09-11 14:51:34,Tennis Warehouse Europe,https://www.tenniswarehouse-europe.com/adidas_Womens_Spring_Match_Skirt_Yellow/descpageWAADIT-AWSPMS-EN.html?color=YE,Adidas -
adidas Women's Spring Club Dress,47.90 €,60.00 €,Tennis Clothing,2026-09-11 14:51:34,Tennis Warehouse Europe,https://www.tenniswarehouse-europe.com/adidas_Womens_Spring_Club_Dress/descpageWAADIT-AWSPCD-EN.html?color=YE,Adidas -
adidas Women's Summer Club Tank,27.89 €,35.00 €,Tennis Clothing,2026-09-11 14:51:34,Tennis Warehouse Europe,https://www.tenniswarehouse-europe.com/adidas_Womens_Summer_Club_Tank/descpageWAADIT-AWSGCT-EN.html?color=BL,Adidas -
adidas Women's Spring Club Pleat Skirt - Yellow,39.90 €,50.00 €,Tennis Clothing,2026-09-11 14:51:34,Tennis Warehouse Europe,https://www.tenniswarehouse-europe.com/adidas_Womens_Spring_Club_Pleat_Skirt_-_Yellow/descpageWAADIT-ASCPSY-EN.html?color=YE,Adidas -
adidas Women's Spring Club Pleat Skirt - Blue,39.90 €,50.00 €,Tennis Clothing,2026-09-11 14:51:34,Tennis Warehouse Europe,https://www.tenniswarehouse-europe.com/adidas_Womens_Spring_Club_Pleat_Skirt_-_Blue/descpageWAADIT-ASCPSB-EN.html?color=BL,Adidas -
adidas Women's Spring Club Short - Yellow,27.89 €,35.00 €,Tennis Clothing,2026-09-11 14:51:34,Tennis Warehouse Europe,https://www.tenniswarehouse-europe.com/adidas_Womens_Spring_Club_Short_-_Yellow/descpageWAADIT-AWSCSY-EN.html?color=YE,Adidas -
adidas Women's Summer Club Short - Blue,27.89 €,35.00 €,Tennis Clothing,2026-09-11 14:51:34,Tennis Warehouse Europe,https://www.tenniswarehouse-europe.com/adidas_Womens_Summer_Club_Short_-_Blue/descpageWAADIT-AWSCSB-EN.html?color=BL,Adidas -
adidas Women's Spring Training Skirt,35.90 €,45.00 €,Tennis Clothing,2026-09-11 14:51:34,Tennis Warehouse Europe,https://www.tenniswarehouse-europe.com/adidas_Womens_Spring_Training_Skirt/descpageWAADIT-AWTRS-EN.html?color=BR,Adidas -
adidas Women's Spring Minimal 2-in-1 Short Navy,31.90 €,40.00 €,Tennis Clothing,2026-09-11 14:51:34,Tennis Warehouse Europe,https://www.tenniswarehouse-europe.com/adidas_Womens_Spring_Minimal_2-in-1_Short_Navy/descpageWAADIT-AWMN2S-EN.html?color=NV,Adidas -
adidas Women's Essential Long Tight,35.90 €,45.00 €,Tennis Clothing,2026-09-11 14:51:34,Tennis Warehouse Europe,https://www.tenniswarehouse-europe.com/adidas_Womens_Essential_Long_Tight/descpageWAADIT-AWLOT-EN.html?color=BK,Adidas -
adidas Women's Melbourne Pro Tank,44.90 €,60.00 €,Tennis Clothing,2026-09-11 14:51:34,Tennis Warehouse Europe,https://www.tenniswarehouse-europe.com/adidas_Womens_Melbourne_Pro_Tank/descpageWAADIT-AWMET-EN.html?color=OR,Adidas -
adidas Women's Melbourne Pro Tank,44.90 €,60.00 €,Tennis Clothing,2026-09-11 14:51:34,Tennis Warehouse Europe,https://www.tenniswarehouse-europe.com/adidas_Womens_Melbourne_Pro_Tank/descpageWAADIT-AWMET-EN.html?color=WH,Adidas -
adidas Women's Melbourne Pro Skirt,48.90 €,65.00 €,Tennis Clothing,2026-09-11 14:51:34,Tennis Warehouse Europe,https://www.tenniswarehouse-europe.com/adidas_Womens_Melbourne_Pro_Skirt/descpageWAADIT-AWMELS-EN.html?color=BK,Adidas -
adidas Women's Melbourne Pro Skirt,48.90 €,65.00 €,Tennis Clothing,2026-09-11 14:51:34,Tennis Warehouse Europe,https://www.tenniswarehouse-europe.com/adidas_Womens_Melbourne_Pro_Skirt/descpageWAADIT-AWMELS-EN.html?color=WH,Adidas -
adidas Women's Spring Y-Dress,50.90 €,85.00 €,Tennis Clothing,2026-09-11 14:51:34,Tennis Warehouse Europe,https://www.tenniswarehouse-europe.com/adidas_Womens_Spring_Y-Dress/descpageWAADIT-AWOYDW-EN.html?color=WH,Adidas -
adidas Women's Fall Club Tank,20.90 €,35.00 €,Tennis Clothing,2026-09-11 14:51:34,Tennis Warehouse Europe,https://www.tenniswarehouse-europe.com/adidas_Womens_Fall_Club_Tank/descpageWAADIT-AFCLT-EN.html?color=TR,Adidas -
adidas Women's Fall Y-Tank,32.90 €,55.00 €,Tennis Clothing,2026-09-11 14:51:34,Tennis Warehouse Europe,https://www.tenniswarehouse-europe.com/adidas_Womens_Fall_Y-Tank/descpageWAADIT-AFYTA-EN.html?color=PU,Adidas -
adidas Women's Fall Club Skirt,27.89 €,40.00 €,Tennis Clothing,2026-09-11 14:51:34,Tennis Warehouse Europe,https://www.tenniswarehouse-europe.com/adidas_Womens_Fall_Club_Skirt/descpageWAADIT-AFCSK-EN.html?color=PU,Adidas -
adidas Women's Techfit Shorty,19.90 €,28.00 €,Tennis Clothing,2026-09-11 14:51:34,Tennis Warehouse Europe,https://www.tenniswarehouse-europe.com/adidas_Womens_Techfit_Shorty/descpageWAADIT-AWTST-EN.html?color=BK,Adidas -
adidas Women's Fall Full Length Tight,41.90 €,60.00 €,Tennis Clothing,2026-09-11 14:51:34,Tennis Warehouse Europe,https://www.tenniswarehouse-europe.com/adidas_Womens_Fall_Full_Length_Tight/descpageWAADIT-AWFLT-EN.html?color=DG,Adidas -
adidas Women's New York Y-3 Pro Bib Skirt,59.90 €,100.00 €,Tennis Clothing,2026-09-11 14:51:34,Tennis Warehouse Europe,https://www.tenniswarehouse-europe.com/adidas_Womens_New_York_Y-3_Pro_Bib_Skirt/descpageWAADIT-AWY3B-EN.html?color=PU,Adidas -
adidas Women's New York Y-3 Pro Crop Tank,41.90 €,70.00 €,Tennis Clothing,2026-09-11 14:51:34,Tennis Warehouse Europe,https://www.tenniswarehouse-europe.com/adidas_Womens_New_York_Y-3_Pro_Crop_Tank/descpageWAADIT-AWY3CT-EN.html?color=OW,Adidas -
adidas Women's London x Originals Pro Pleated Skirt,27.89 €,70.00 €,Tennis Clothing,2026-09-11 14:51:34,Tennis Warehouse Europe,https://www.tenniswarehouse-europe.com/adidas_Womens_London_x_Originals_Pro_Pleated_Skirt/descpageWAADIT-AWLPS-EN.html?color=GR,Adidas -
adidas Women's All Me Essentials Long Tight,31.90 €,45.00 €,Tennis Clothing,2026-09-11 14:51:34,Tennis Warehouse Europe,https://www.tenniswarehouse-europe.com/adidas_Womens_All_Me_Essentials_Long_Tight/descpageWAADIT-AWAMERT-EN.html?color=BK,Adidas -
adidas Originals Tennis Crew Socks White/Black,13.90 €,18.00 €,Tennis Clothing,2026-09-11 14:51:34,Tennis Warehouse Europe,https://www.tenniswarehouse-europe.com/adidas_Originals_Tennis_Crew_Socks_White_Black/descpageMAADIT-AOTCSWB-EN.html,Adidas -
adidas Tennis Glow Socks White/Black,16.90 €,18.00 €,Tennis Clothing,2026-09-11 14:51:34,Tennis Warehouse Europe,https://www.tenniswarehouse-europe.com/adidas_Tennis_Glow_Socks_White_Black/descpageWAADIT-ATGSWB-EN.html,Adidas -
adidas Tennis Glow Socks Beige/Maroon,16.90 €,18.00 €,Tennis Clothing,2026-09-11 14:51:34,Tennis Warehouse Europe,https://www.tenniswarehouse-europe.com/adidas_Tennis_Glow_Socks_Beige_Maroon/descpageWAADIT-ATGSBM-EN.html,Adidas -
adidas Tennis Low Socks White/Grey,10.90 €,12.00 €,Tennis Clothing,2026-09-11 14:51:34,Tennis Warehouse Europe,https://www.tenniswarehouse-europe.com/adidas_Tennis_Low_Socks_White_Grey/descpageMAADIT-ATLSWG-EN.html,Adidas -
adidas Tennis Low Socks Black/Grey,10.90 €,12.00 €,Tennis Clothing,2026-09-11 14:51:34,Tennis Warehouse Europe,https://www.tenniswarehouse-europe.com/adidas_Tennis_Low_Socks_Black_Grey/descpageMAADIT-ATLSBG-EN.html,Adidas -
adidas Tennis Low Socks White/Black,10.90 €,12.00 €,Tennis Clothing,2026-09-11 14:51:34,Tennis Warehouse Europe,https://www.tenniswarehouse-europe.com/adidas_Tennis_Low_Socks_White_Black/descpageMAADIT-ATLSWB-EN.html,Adidas -
adidas Tennis Low Socks Black/White,10.90 €,12.00 €,Tennis Clothing,2026-09-11 14:51:34,Tennis Warehouse Europe,https://www.tenniswarehouse-europe.com/adidas_Tennis_Low_Socks_Black_White/descpageMAADIT-ATLSBW-EN.html,Adidas -
adidas Y-3 Tennis Low Socks,24.89 €,,Tennis Clothing,2026-09-11 14:51:34,Tennis Warehouse Europe,https://www.tenniswarehouse-europe.com/adidas_Y-3_Tennis_Low_Socks/descpageMAADIT-AY3TLSG-EN.html?color=GY,Adidas -
adidas Tennis Low Socks Black/White,9.90 €,12.00 €,Tennis Clothing,2026-09-11 14:51:34,Tennis Warehouse Europe,https://www.tenniswarehouse-europe.com/adidas_Tennis_Low_Socks_Black_White/descpageMAADIT-ALSWBW-EN.html,Adidas -
adidas Stadium Trucker Hat,25.90 €,28.00 €,Tennis Clothing,2026-09-11 14:51:34,Tennis Warehouse Europe,https://www.tenniswarehouse-europe.com/adidas_Stadium_Trucker_Hat/descpageADIT-ASTHA-EN.html?color=MR,Adidas -
adidas Originals Visor,24.98 €,,Tennis Clothing,2026-09-11 14:51:34,Tennis Warehouse Europe,https://www.tenniswarehouse-europe.com/adidas_Originals_Visor/descpageADIT-AKORIV-EN.html?color=WH,Adidas -
adidas Originals BB Clima Hat,19.90 €,25.00 €,Tennis Clothing,2026-09-11 14:51:34,Tennis Warehouse Europe,https://www.tenniswarehouse-europe.com/adidas_Originals_BB_Clima_Hat/descpageADIT-AKOIRH-EN.html?color=WH,Adidas -
adidas Aeroready Hat Navy,17.90 €,20.00 €,Tennis Clothing,2026-09-11 14:51:34,Tennis Warehouse Europe,https://www.tenniswarehouse-europe.com/adidas_Aeroready_Hat_Navy/descpageADIT-ADARN-EN.html?color=NV,Adidas -
adidas Aeroready Hat Black,17.90 €,20.00 €,Tennis Clothing,2026-09-11 14:51:34,Tennis Warehouse Europe,https://www.tenniswarehouse-europe.com/adidas_Aeroready_Hat_Black/descpageADIT-ADARB-EN.html?color=BK,Adidas -
adidas Aeroready Hat White,17.90 €,20.00 €,Tennis Clothing,2026-09-11 14:51:34,Tennis Warehouse Europe,https://www.tenniswarehouse-europe.com/adidas_Aeroready_Hat_White/descpageADIT-ADARW-EN.html?color=WH,Adidas -
adidas Lightweight Metal Hat Navy,15.90 €,18.00 €,Tennis Clothing,2026-09-11 14:51:34,Tennis Warehouse Europe,https://www.tenniswarehouse-europe.com/adidas_Lightweight_Metal_Hat_Navy/descpageADIT-ALWHN-EN.html?color=NV,Adidas -
adidas Lightweight Metal Hat White,15.90 €,18.00 €,Tennis Clothing,2026-09-11 14:51:34,Tennis Warehouse Europe,https://www.tenniswarehouse-europe.com/adidas_Lightweight_Metal_Hat_White/descpageADIT-ALWHW-EN.html?color=WH,Adidas -
adidas Lightweight Metal Hat Black,15.90 €,18.00 €,Tennis Clothing,2026-09-11 14:51:34,Tennis Warehouse Europe,https://www.tenniswarehouse-europe.com/adidas_Lightweight_Metal_Hat_Black/descpageADIT-ALWHB-EN.html?color=BK,Adidas -
adidas New York Y-3 Visor,30.90 €,40.00 €,Tennis Clothing,2026-09-11 14:51:34,Tennis Warehouse Europe,https://www.tenniswarehouse-europe.com/adidas_New_York_Y-3_Visor/descpageADIT-ANY3VV-EN.html?color=BK,Adidas -
adidas New York Y-3 Visor,30.90 €,40.00 €,Tennis Clothing,2026-09-11 14:51:34,Tennis Warehouse Europe,https://www.tenniswarehouse-europe.com/adidas_New_York_Y-3_Visor/descpageADIT-ANY3VV-EN.html?color=BE,Adidas -
adidas RunXadizero Lightweight Climacool Hat,26.89 €,30.00 €,Tennis Clothing,2026-09-11 14:51:34,Tennis Warehouse Europe,https://www.tenniswarehouse-europe.com/adidas_RunXadizero_Lightweight_Climacool_Hat/descpageADIDARG-ARXALCH-EN.html?color=OR,adidas RUNNING Accessories
adidas Run GRF Hat,23.90 €,25.00 €,Tennis Clothing,2026-09-11 14:51:34,Tennis Warehouse Europe,https://www.tenniswarehouse-europe.com/adidas_Run_GRF_Hat/descpageADIDARG-ARGRFHA-EN.html?color=BL,adidas RUNNING Accessories
adidas Run Mes Hat,23.90 €,25.00 €,Tennis Clothing,2026-09-11 14:51:34,Tennis Warehouse Europe,https://www.tenniswarehouse-europe.com/adidas_Run_Mes_Hat/descpageADIDARG-ARUNMHA-EN.html?color=BK,adidas RUNNING Accessories
adidas Run Mes Hat,23.90 €,25.00 €,Tennis Clothing,2026-09-11 14:51:34,Tennis Warehouse Europe,https://www.tenniswarehouse-europe.com/adidas_Run_Mes_Hat/descpageADIDARG-ARUNMHA-EN.html?color=WH,adidas RUNNING Accessories
adidas BER26 Running Hat,30.00 €,,Tennis Clothing,2026-09-11 14:51:34,Tennis Warehouse Europe,https://www.tenniswarehouse-europe.com/adidas_BER26_Running_Hat/descpageADIDARG-BERCAP-EN.html?color=RD,adidas RUNNING Accessories
adidas Tennis Headband Black,10.90 €,12.00 €,Tennis Clothing,2026-09-11 14:51:34,Tennis Warehouse Europe,https://www.tenniswarehouse-europe.com/adidas_Tennis_Headband_Black/descpageADIT-ATHEBLA-EN.html?color=BK,Adidas -
adidas Tennis Headband London White,10.90 €,12.00 €,Tennis Clothing,2026-09-11 14:51:34,Tennis Warehouse Europe,https://www.tenniswarehouse-europe.com/adidas_Tennis_Headband_London_White/descpageADIT-ATHEBW-EN.html?color=WH,Adidas -
adidas Originals Tennis Headband,14.90 €,20.00 €,Tennis Clothing,2026-09-11 14:51:34,Tennis Warehouse Europe,https://www.tenniswarehouse-europe.com/adidas_Originals_Tennis_Headband/descpageADIT-ALOFBA-EN.html?color=WH,Adidas -
adidas Tennis Headband Black,10.90 €,12.00 €,Tennis Clothing,2026-09-11 14:51:34,Tennis Warehouse Europe,https://www.tenniswarehouse-europe.com/adidas_Tennis_Headband_Black/descpageADIT-ADHBB-EN.html?color=BK,Adidas -
adidas Tennis Headband White,10.90 €,12.00 €,Tennis Clothing,2026-09-11 14:51:34,Tennis Warehouse Europe,https://www.tenniswarehouse-europe.com/adidas_Tennis_Headband_White/descpageADIT-ADHBW-EN.html?color=WH,Adidas -
adidas Tennis Doublewide Wristband White,11.90 €,13.00 €,Tennis Clothing,2026-09-11 14:51:34,Tennis Warehouse Europe,https://www.tenniswarehouse-europe.com/adidas_Tennis_Doublewide_Wristband_White/descpageADIT-ATDWRB-EN.html,Adidas -
adidas Tennis Doublewide Wristbands Originals,15.90 €,20.00 €,Tennis Clothing,2026-09-11 14:51:34,Tennis Warehouse Europe,https://www.tenniswarehouse-europe.com/adidas_Tennis_Doublewide_Wristbands_Originals/descpageADIT-ALORIW-EN.html,Adidas -
adidas Tennis Singlewide Wristbands Originals,11.90 €,15.00 €,Tennis Clothing,2026-09-11 14:51:34,Tennis Warehouse Europe,https://www.tenniswarehouse-europe.com/adidas_Tennis_Singlewide_Wristbands_Originals/descpageADIT-ALORIWR-EN.html,Adidas -
adidas Tennis Singlewide Wristbands New York Y-3 Grey,10.90 €,15.00 €,Tennis Clothing,2026-09-11 14:51:34,Tennis Warehouse Europe,https://www.tenniswarehouse-europe.com/adidas_Tennis_Singlewide_Wristbands_New_York_Y-3_Grey/descpageADIT-AY3SWP-EN.html,Adidas -
adidas Tennis Singlewide Wristband White,8.90 €,10.00 €,Tennis Clothing,2026-09-11 14:51:34,Tennis Warehouse Europe,https://www.tenniswarehouse-europe.com/adidas_Tennis_Singlewide_Wristband_White/descpageADIT-ADISWWH-EN.html,Adidas -
adidas Tennis Singlewide Wristband Black,8.90 €,10.00 €,Tennis Clothing,2026-09-11 14:51:34,Tennis Warehouse Europe,https://www.tenniswarehouse-europe.com/adidas_Tennis_Singlewide_Wristband_Black/descpageADIT-ADISWBK-EN.html,Adidas -
adidas Tennis Doublewide Wristbands Navy,11.90 €,13.00 €,Tennis Clothing,2026-09-11 14:51:34,Tennis Warehouse Europe,https://www.tenniswarehouse-europe.com/adidas_Tennis_Doublewide_Wristbands_Navy/descpageADIT-ADDWRB-EN.html,Adidas -
Asics Women's New York Jacquard Dress Dark Aubergine,90.00 €,,Tennis Clothing,2026-09-11 14:51:34,Tennis Warehouse Europe,https://www.tenniswarehouse-europe.com/Asics_Womens_New_York_Jacquard_Dress_Dark_Aubergine/descpageWAASICSP-AWNYJDD-EN.html?color=PU,Asics POPP
Asics Women's New York Jacquard Crop Top Soft Oat,55.00 €,,Tennis Clothing,2026-09-11 14:51:34,Tennis Warehouse Europe,https://www.tenniswarehouse-europe.com/Asics_Womens_New_York_Jacquard_Crop_Top_Soft_Oat/descpageWAASICSP-AWNYCS-EN.html?color=BE,Asics POPP
Asics Women's New York Match Mesh Skirt Dark Aubergine,74.99 €,,Tennis Clothing,2026-09-11 14:51:34,Tennis Warehouse Europe,https://www.tenniswarehouse-europe.com/Asics_Womens_New_York_Match_Mesh_Skirt_Dark_Aubergine/descpageWAASICSP-AWMMSD-EN.html?color=PU,Asics POPP
Asics Women's New York Match Laser Cut Short Aubergine,70.00 €,,Tennis Clothing,2026-09-11 14:51:34,Tennis Warehouse Europe,https://www.tenniswarehouse-europe.com/Asics_Womens_New_York_Match_Laser_Cut_Short_Aubergine/descpageWAASICSP-AWMSDA-EN.html?color=PU,Asics POPP
Asics Women's New York Match Crop Top Faded Plum,65.00 €,,Tennis Clothing,2026-09-11 14:51:34,Tennis Warehouse Europe,https://www.tenniswarehouse-europe.com/Asics_Womens_New_York_Match_Crop_Top_Faded_Plum/descpageWAASICSP-AWMCTF-EN.html?color=PU,Asics POPP
Asics Women's New York Match Skirt Faded Plum,85.00 €,,Tennis Clothing,2026-09-11 14:51:34,Tennis Warehouse Europe,https://www.tenniswarehouse-europe.com/Asics_Womens_New_York_Match_Skirt_Faded_Plum/descpageWAASICSP-AWNYMSF-EN.html?color=PU,Asics POPP
Asics Women's PDL Court Sleeveless Top Bubblegum,40.00 €,,Tennis Clothing,2026-09-11 14:51:34,Tennis Warehouse Europe,https://www.tenniswarehouse-europe.com/Asics_Womens_PDL_Court_Sleeveless_Top_Bubblegum/descpageWAASICSP-ASWPCTB-EN.html?color=PK,Asics POPP
Asics Women's Game Skirt Bubblegum,60.00 €,,Tennis Clothing,2026-09-11 14:51:34,Tennis Warehouse Europe,https://www.tenniswarehouse-europe.com/Asics_Womens_Game_Skirt_Bubblegum/descpageWAASICSP-AWGASB-EN.html?color=PK,Asics POPP
Asics Women's PDL Court Sleeveless Top Jewel Green,40.00 €,,Tennis Clothing,2026-09-11 14:51:34,Tennis Warehouse Europe,https://www.tenniswarehouse-europe.com/Asics_Womens_PDL_Court_Sleeveless_Top_Jewel_Green/descpageWAASICSP-ASWPCTJ-EN.html?color=GR,Asics POPP
Asics Women's Game Sleeveless Top Soft Oat,45.01 €,,Tennis Clothing,2026-09-11 14:51:34,Tennis Warehouse Europe,https://www.tenniswarehouse-europe.com/Asics_Womens_Game_Sleeveless_Top_Soft_Oat/descpageWAASICSP-AWGSTS-EN.html?color=BE,Asics POPP
Asics Women's PDL Court Skirt Soft Oat,36.00 €,40.00 €,Tennis Clothing,2026-09-11 14:51:34,Tennis Warehouse Europe,https://www.tenniswarehouse-europe.com/Asics_Womens_PDL_Court_Skirt_Soft_Oat/descpageWAASICSP-AWPLCSO-EN.html?color=BE,Asics POPP
Asics Women's Match 1/2 Zip LS Top,85.00 €,,Tennis Clothing,2026-09-11 14:51:34,Tennis Warehouse Europe,https://www.tenniswarehouse-europe.com/Asics_Womens_Match_1_2_Zip_LS_Top/descpageWAASICSP-AWMLTS-EN.html?color=BE,Asics POPP
Asics Women's Court Top Dark Aubergine,35.00 €,,Tennis Clothing,2026-09-11 14:51:34,Tennis Warehouse Europe,https://www.tenniswarehouse-europe.com/Asics_Womens_Court_Top_Dark_Aubergine/descpageWAASICSP-AWCTD-EN.html?color=PU,Asics POPP
Asics Women's Game Sleeveless Top Dark Aubergine,45.01 €,,Tennis Clothing,2026-09-11 14:51:34,Tennis Warehouse Europe,https://www.tenniswarehouse-europe.com/Asics_Womens_Game_Sleeveless_Top_Dark_Aubergine/descpageWAASICSP-AWGSTD-EN.html?color=PU,Asics POPP
Asics Women's Paris Match Tank,35.00 €,65.00 €,Tennis Clothing,2026-09-11 14:51:34,Tennis Warehouse Europe,https://www.tenniswarehouse-europe.com/Asics_Womens_Paris_Match_Tank/descpageWAASICSP-AWPMAT-EN.html?color=LB,Asics POPP
Asics Women's Paris Match Short,44.02 €,70.00 €,Tennis Clothing,2026-09-11 14:51:34,Tennis Warehouse Europe,https://www.tenniswarehouse-europe.com/Asics_Womens_Paris_Match_Short/descpageWAASICSP-AWPMAS-EN.html?color=NV,Asics POPP
Asics Women's Melbourne Match Jacquard Dress,55.00 €,90.00 €,Tennis Clothing,2026-09-11 14:51:34,Tennis Warehouse Europe,https://www.tenniswarehouse-europe.com/Asics_Womens_Melbourne_Match_Jacquard_Dress/descpageWAASICSP-AWAOJD-EN.html?color=PKL,Asics POPP
Asics Women's Melbourne Match Laser Cut Short,41.00 €,70.00 €,Tennis Clothing,2026-09-11 14:51:34,Tennis Warehouse Europe,https://www.tenniswarehouse-europe.com/Asics_Womens_Melbourne_Match_Laser_Cut_Short/descpageWAASICSP-AWMLMS-EN.html?color=YE,Asics POPP
Asics Women's Melbourne Match Mesh Skirt,38.00 €,75.00 €,Tennis Clothing,2026-09-11 14:51:34,Tennis Warehouse Europe,https://www.tenniswarehouse-europe.com/Asics_Womens_Melbourne_Match_Mesh_Skirt/descpageWAASICSP-AWMMES-EN.html?color=LGY,Asics POPP
Asics Women's IW Game Tank Coral,27.00 €,45.00 €,Tennis Clothing,2026-09-11 14:51:34,Tennis Warehouse Europe,https://www.tenniswarehouse-europe.com/Asics_Womens_IW_Game_Tank_Coral/descpageWAASICSP-AWIWGT-EN.html?color=OR,Asics POPP
Asics Women's IW Game Skirt Purple,36.00 €,60.00 €,Tennis Clothing,2026-09-11 14:51:34,Tennis Warehouse Europe,https://www.tenniswarehouse-europe.com/Asics_Womens_IW_Game_Skirt_Purple/descpageWAASICSP-AWGASK-EN.html?color=PU,Asics POPP
Asics Women's PDL Court Print Tank Beige/Purple,24.00 €,40.00 €,Tennis Clothing,2026-09-11 14:51:34,Tennis Warehouse Europe,https://www.tenniswarehouse-europe.com/Asics_Womens_PDL_Court_Print_Tank_Beige_Purple/descpageWAASICSP-ASWPLCT-EN.html?color=BE,Asics POPP
Asics Women's PDL Court 2in1 Short Purple,22.00 €,40.00 €,Tennis Clothing,2026-09-11 14:51:34,Tennis Warehouse Europe,https://www.tenniswarehouse-europe.com/Asics_Womens_PDL_Court_2in1_Short_Purple/descpageWAASICSP-AWPD2S-EN.html?color=PU,Asics POPP
Asics Women's PDL Court Top Yellow,24.00 €,40.00 €,Tennis Clothing,2026-09-11 14:51:34,Tennis Warehouse Europe,https://www.tenniswarehouse-europe.com/Asics_Womens_PDL_Court_Top_Yellow/descpageWAASICSP-ASWPDCT-EN.html?color=YE,Asics POPP
Asics Women's PDL Court Skirt Yellow,20.00 €,40.00 €,Tennis Clothing,2026-09-11 14:51:34,Tennis Warehouse Europe,https://www.tenniswarehouse-europe.com/Asics_Womens_PDL_Court_Skirt_Yellow/descpageWAASICSP-AWPLCSK-EN.html?color=YE,Asics POPP
Asics Women's Court Dress White,35.00 €,70.00 €,Tennis Clothing,2026-09-11 14:51:34,Tennis Warehouse Europe,https://www.tenniswarehouse-europe.com/Asics_Womens_Court_Dress_White/descpageWAASICSP-ACRDW-EN.html?color=WH,Asics POPP
Asics Women's Court Tank White,35.00 €,,Tennis Clothing,2026-09-11 14:51:34,Tennis Warehouse Europe,https://www.tenniswarehouse-europe.com/Asics_Womens_Court_Tank_White/descpageWAASICSP-AWCRW-EN.html?color=WH,Asics POPP
Asics Women's Court Tank Navy,35.00 €,,Tennis Clothing,2026-09-11 14:51:34,Tennis Warehouse Europe,https://www.tenniswarehouse-europe.com/Asics_Womens_Court_Tank_Navy/descpageWAASICSP-AWCTAN-EN.html?color=NV,Asics POPP
Asics Women's Court Tank Pink,35.00 €,,Tennis Clothing,2026-09-11 14:51:34,Tennis Warehouse Europe,https://www.tenniswarehouse-europe.com/Asics_Womens_Court_Tank_Pink/descpageWAASICSP-AWCTPK-EN.html?color=PK,Asics POPP
Asics Women's Court Top White,28.00 €,35.00 €,Tennis Clothing,2026-09-11 14:51:34,Tennis Warehouse Europe,https://www.tenniswarehouse-europe.com/Asics_Womens_Court_Top_White/descpageWAASICSP-AWCRT-EN.html?color=WH,Asics POPP
Asics Women's Court Top Navy,28.00 €,35.00 €,Tennis Clothing,2026-09-11 14:51:34,Tennis Warehouse Europe,https://www.tenniswarehouse-europe.com/Asics_Womens_Court_Top_Navy/descpageWAASICSP-AWCRTN-EN.html?color=NV,Asics POPP
Asics Women's Court Top Pink,25.00 €,35.00 €,Tennis Clothing,2026-09-11 14:51:34,Tennis Warehouse Europe,https://www.tenniswarehouse-europe.com/Asics_Womens_Court_Top_Pink/descpageWAASICSP-AWCRTP-EN.html?color=PK,Asics POPP
Asics Women's Court Skirt White,40.00 €,,Tennis Clothing,2026-09-11 14:51:34,Tennis Warehouse Europe,https://www.tenniswarehouse-europe.com/Asics_Womens_Court_Skirt_White/descpageWAASICSP-AWCSW-EN.html?color=WH,Asics POPP
Asics Women's Court Skirt Navy,40.00 €,,Tennis Clothing,2026-09-11 14:51:34,Tennis Warehouse Europe,https://www.tenniswarehouse-europe.com/Asics_Womens_Court_Skirt_Navy/descpageWAASICSP-AWCSN-EN.html?color=NV,Asics POPP
Asics Women's Court Skirt Black,40.00 €,40.00 €,Tennis Clothing,2026-09-11 14:51:34,Tennis Warehouse Europe,https://www.tenniswarehouse-europe.com/Asics_Womens_Court_Skirt_Black/descpageWAASICSP-AWCSB-EN.html?color=BK,Asics POPP
Asics Women's Court 2-in-1 Short Navy,30.00 €,40.00 €,Tennis Clothing,2026-09-11 14:51:34,Tennis Warehouse Europe,https://www.tenniswarehouse-europe.com/Asics_Womens_Court_2-in-1_Short_Navy/descpageWAASICSP-AC21SN-EN.html?color=NV,Asics POPP
Asics Women's Court 2-in-1 Short White,30.00 €,40.00 €,Tennis Clothing,2026-09-11 14:51:34,Tennis Warehouse Europe,https://www.tenniswarehouse-europe.com/Asics_Womens_Court_2-in-1_Short_White/descpageWAASICSP-AC21SW-EN.html?color=WH,Asics POPP
Asics Women's Court 2-in-1 Short Black,35.00 €,,Tennis Clothing,2026-09-11 14:51:34,Tennis Warehouse Europe,https://www.tenniswarehouse-europe.com/Asics_Womens_Court_2-in-1_Short_Black/descpageWAASICSP-AC21SB-EN.html?color=BK,Asics POPP
Asics Women's Court Core Graphic 1/2 Zip LS Top,39.00 €,65.00 €,Tennis Clothing,2026-09-11 14:51:34,Tennis Warehouse Europe,https://www.tenniswarehouse-europe.com/Asics_Womens_Court_Core_Graphic_1_2_Zip_LS_Top/descpageWAASICSP-AWCGHZ-EN.html?color=NV,Asics POPP
Asics Women's Core Warm-Up Pant Navy,35.00 €,50.00 €,Tennis Clothing,2026-09-11 14:51:34,Tennis Warehouse Europe,https://www.tenniswarehouse-europe.com/Asics_Womens_Core_Warm-Up_Pant_Navy/descpageWAASICSP-AWCWUP-EN.html?color=NV,Asics POPP
Asics Women's PDL Court 2in1 Short Blue,15.98 €,40.00 €,Tennis Clothing,2026-09-11 14:51:34,Tennis Warehouse Europe,https://www.tenniswarehouse-europe.com/Asics_Womens_PDL_Court_2in1_Short_Blue/descpageWAASICSP-AP21SB-EN.html?color=BL,Asics POPP
Asics Women's Game Seasonal Graphic Top,13.99 €,35.00 €,Tennis Clothing,2026-09-11 14:51:34,Tennis Warehouse Europe,https://www.tenniswarehouse-europe.com/Asics_Womens_Game_Seasonal_Graphic_Top/descpageWAASICSP-AWGSGT-EN.html?color=BE,Asics POPP
Asics Women's Court Tank White,35.00 €,,Tennis Clothing,2026-09-11 14:51:34,Tennis Warehouse Europe,https://www.tenniswarehouse-europe.com/Asics_Womens_Court_Tank_White/descpageWAASICSP-AWCRW-EN.html?color=WH,Asics POPP
Asics Women's Court Top Royal,13.99 €,35.00 €,Tennis Clothing,2026-09-11 14:51:34,Tennis Warehouse Europe,https://www.tenniswarehouse-europe.com/Asics_Womens_Court_Top_Royal/descpageWAASICSP-AWCRTR-EN.html?color=RY,Asics POPP
Asics Women's Court Top Pink,25.00 €,35.00 €,Tennis Clothing,2026-09-11 14:51:34,Tennis Warehouse Europe,https://www.tenniswarehouse-europe.com/Asics_Womens_Court_Top_Pink/descpageWAASICSP-AWCRTP-EN.html?color=PK,Asics POPP
Asics Women's Court Top Navy,28.00 €,35.00 €,Tennis Clothing,2026-09-11 14:51:34,Tennis Warehouse Europe,https://www.tenniswarehouse-europe.com/Asics_Womens_Court_Top_Navy/descpageWAASICSP-AWCRTN-EN.html?color=NV,Asics POPP
Asics Women's Match Jacket Pink,35.00 €,80.00 €,Tennis Clothing,2026-09-11 14:51:34,Tennis Warehouse Europe,https://www.tenniswarehouse-europe.com/Asics_Womens_Match_Jacket_Pink/descpageWAASICSP-AWMTJP-EN.html?color=PK,Asics POPP
Asics Women's New York Match Top,27.00 €,55.00 €,Tennis Clothing,2026-09-11 14:51:34,Tennis Warehouse Europe,https://www.tenniswarehouse-europe.com/Asics_Womens_New_York_Match_Top/descpageWAASICSP-AMTP-EN.html?color=OW,Asics POPP
Asics Women's Bra,27.00 €,55.00 €,Tennis Clothing,2026-09-11 14:51:34,Tennis Warehouse Europe,https://www.tenniswarehouse-europe.com/Asics_Womens_Bra/descpageWAASICSP-AWBRP-EN.html?color=PK,Asics POPP
Asics Women's New York Match Dress,36.00 €,90.00 €,Tennis Clothing,2026-09-11 14:51:34,Tennis Warehouse Europe,https://www.tenniswarehouse-europe.com/Asics_Womens_New_York_Match_Dress/descpageWAASICSP-AWMDS-EN.html?color=PK,Asics POPP
Asics Women's New York Match Skirt Pink,32.00 €,75.00 €,Tennis Clothing,2026-09-11 14:51:34,Tennis Warehouse Europe,https://www.tenniswarehouse-europe.com/Asics_Womens_New_York_Match_Skirt_Pink/descpageWAASICSP-AMTSK-EN.html?color=PK,Asics POPP
Asics Women's New York Match Short,28.00 €,70.00 €,Tennis Clothing,2026-09-11 14:51:34,Tennis Warehouse Europe,https://www.tenniswarehouse-europe.com/Asics_Womens_New_York_Match_Short/descpageWAASICSP-AWMTSH-EN.html?color=BLR,Asics POPP
Asics Women's New York Actibreeze Tank,27.00 €,65.00 €,Tennis Clothing,2026-09-11 14:51:34,Tennis Warehouse Europe,https://www.tenniswarehouse-europe.com/Asics_Womens_New_York_Actibreeze_Tank/descpageWAASICSP-AWABT-EN.html?color=OW,Asics POPP
Asics Women's Court 2-in-1 Short Black,35.00 €,,Tennis Clothing,2026-09-11 14:51:34,Tennis Warehouse Europe,https://www.tenniswarehouse-europe.com/Asics_Womens_Court_2-in-1_Short_Black/descpageWAASICSP-AC21SB-EN.html?color=BK,Asics POPP
Asics Women's Core Match Pant,24.00 €,70.00 €,Tennis Clothing,2026-09-11 14:51:34,Tennis Warehouse Europe,https://www.tenniswarehouse-europe.com/Asics_Womens_Core_Match_Pant/descpageWAASICSP-AWMPA-EN.html?color=NV,Asics POPP
Asics Women's Match Tight Navy,24.00 €,80.00 €,Tennis Clothing,2026-09-11 14:51:34,Tennis Warehouse Europe,https://www.tenniswarehouse-europe.com/Asics_Womens_Match_Tight_Navy/descpageWAASICSP-AMTN-EN.html?color=NV,Asics POPP
Asics Women's Match Jacket Navy,28.00 €,80.00 €,Tennis Clothing,2026-09-11 14:51:34,Tennis Warehouse Europe,https://www.tenniswarehouse-europe.com/Asics_Womens_Match_Jacket_Navy/descpageWAASICSP-AWMTIN-EN.html?color=NV,Asics POPP
Asics Women's Court Tank Pink,35.00 €,,Tennis Clothing,2026-09-11 14:51:34,Tennis Warehouse Europe,https://www.tenniswarehouse-europe.com/Asics_Womens_Court_Tank_Pink/descpageWAASICSP-AWCTPK-EN.html?color=PK,Asics POPP
Asics Women's Court Tank Navy,35.00 €,,Tennis Clothing,2026-09-11 14:51:34,Tennis Warehouse Europe,https://www.tenniswarehouse-europe.com/Asics_Womens_Court_Tank_Navy/descpageWAASICSP-AWCTAN-EN.html?color=NV,Asics POPP
Asics Women's Court Top White,28.00 €,35.00 €,Tennis Clothing,2026-09-11 14:51:34,Tennis Warehouse Europe,https://www.tenniswarehouse-europe.com/Asics_Womens_Court_Top_White/descpageWAASICSP-AWCRT-EN.html?color=WH,Asics POPP
Asics Women's Court Skirt Black,40.00 €,40.00 €,Tennis Clothing,2026-09-11 14:51:34,Tennis Warehouse Europe,https://www.tenniswarehouse-europe.com/Asics_Womens_Court_Skirt_Black/descpageWAASICSP-AWCSB-EN.html?color=BK,Asics POPP
Asics Women's Court Skirt Navy,40.00 €,,Tennis Clothing,2026-09-11 14:51:34,Tennis Warehouse Europe,https://www.tenniswarehouse-europe.com/Asics_Womens_Court_Skirt_Navy/descpageWAASICSP-AWCSN-EN.html?color=NV,Asics POPP
Asics Women's Court Skirt White,40.00 €,,Tennis Clothing,2026-09-11 14:51:34,Tennis Warehouse Europe,https://www.tenniswarehouse-europe.com/Asics_Womens_Court_Skirt_White/descpageWAASICSP-AWCSW-EN.html?color=WH,Asics POPP
Asics Women's Court 2-in-1 Short Navy,30.00 €,40.00 €,Tennis Clothing,2026-09-11 14:51:34,Tennis Warehouse Europe,https://www.tenniswarehouse-europe.com/Asics_Womens_Court_2-in-1_Short_Navy/descpageWAASICSP-AC21SN-EN.html?color=NV,Asics POPP
Asics Women's Court 2-in-1 Short White,30.00 €,40.00 €,Tennis Clothing,2026-09-11 14:51:34,Tennis Warehouse Europe,https://www.tenniswarehouse-europe.com/Asics_Womens_Court_2-in-1_Short_White/descpageWAASICSP-AC21SW-EN.html?color=WH,Asics POPP
Asics Women's Court Dress White,35.00 €,70.00 €,Tennis Clothing,2026-09-11 14:51:34,Tennis Warehouse Europe,https://www.tenniswarehouse-europe.com/Asics_Womens_Court_Dress_White/descpageWAASICSP-ACRDW-EN.html?color=WH,Asics POPP
Asics Women's PDL Court 2in1 Short Purple,15.98 €,40.00 €,Tennis Clothing,2026-09-11 14:51:34,Tennis Warehouse Europe,https://www.tenniswarehouse-europe.com/Asics_Womens_PDL_Court_2in1_Short_Purple/descpageWAASICSP-AP21SP-EN.html?color=PU,Asics POPP
Asics Women's Core Warm-Up Jacket Navy,48.00 €,60.00 €,Tennis Clothing,2026-09-11 14:51:34,Tennis Warehouse Europe,https://www.tenniswarehouse-europe.com/Asics_Womens_Core_Warm-Up_Jacket_Navy/descpageWAASICSP-AWCWUJ-EN.html?color=NV,Asics POPP
Asics Women's Core Warm-Up Pant Navy,35.00 €,50.00 €,Tennis Clothing,2026-09-11 14:51:34,Tennis Warehouse Europe,https://www.tenniswarehouse-europe.com/Asics_Womens_Core_Warm-Up_Pant_Navy/descpageWAASICSP-AWCWUP-EN.html?color=NV,Asics POPP
Asics Tennis Court+ Tennis Crew Sock Bubblegum,18.00 €,18.00 €,Tennis Clothing,2026-09-11 14:51:34,Tennis Warehouse Europe,https://www.tenniswarehouse-europe.com/Asics_Tennis_Court_Tennis_Crew_Sock_Bubblegum/descpageMAASICSP-ATCCSBU-EN.html?color=PK,Asics POPP
Asics Lightweight Tennis Court+ Tennis Crew Sock Green,19.00 €,,Tennis Clothing,2026-09-11 14:51:34,Tennis Warehouse Europe,https://www.tenniswarehouse-europe.com/Asics_Lightweight_Tennis_Court_Tennis_Crew_Sock_Green/descpageMAASICSP-ALCRSG-EN.html?color=GR,Asics POPP
Asics Tennis Court+ Tennis Crew Sock Dark Aubergine,18.00 €,18.00 €,Tennis Clothing,2026-09-11 14:51:34,Tennis Warehouse Europe,https://www.tenniswarehouse-europe.com/Asics_Tennis_Court_Tennis_Crew_Sock_Dark_Aubergine/descpageMAASICSP-ATCCSDA-EN.html?color=PU,Asics POPP
Asics Lightweight Tennis Court+ Sock Misty Pine,12.98 €,18.00 €,Tennis Clothing,2026-09-11 14:51:34,Tennis Warehouse Europe,https://www.tenniswarehouse-europe.com/Asics_Lightweight_Tennis_Court_Sock_Misty_Pine/descpageMAASICSP-ALCRSM-EN.html?color=GR,Asics POPP
Asics Lightweight Tennis Court+ Sock Low Cut White,17.02 €,17.00 €,Tennis Clothing,2026-09-11 14:51:34,Tennis Warehouse Europe,https://www.tenniswarehouse-europe.com/Asics_Lightweight_Tennis_Court_Sock_Low_Cut_White/descpageMAASICSP-ALCLSW-EN.html?color=WH,Asics POPP
Asics Lightweight Tennis Court+ Sock White,19.00 €,19.00 €,Tennis Clothing,2026-09-11 14:51:34,Tennis Warehouse Europe,https://www.tenniswarehouse-europe.com/Asics_Lightweight_Tennis_Court_Sock_White/descpageMAASICSP-ALCRSW-EN.html?color=WH,Asics POPP
Asics Tennis Court+ Tennis Ankle Sock Black,15.98 €,16.00 €,Tennis Clothing,2026-09-11 14:51:34,Tennis Warehouse Europe,https://www.tenniswarehouse-europe.com/Asics_Tennis_Court_Tennis_Ankle_Sock_Black/descpageMAASICSP-ATCRSB-EN.html?color=BK,Asics POPP
Asics Tennis Court+ Tennis Crew Sock Performance Black,18.00 €,18.00 €,Tennis Clothing,2026-09-11 14:51:34,Tennis Warehouse Europe,https://www.tenniswarehouse-europe.com/Asics_Tennis_Court_Tennis_Crew_Sock_Performance_Black/descpageMAASICSP-ATCCSPB-EN.html?color=BK,Asics POPP
Asics Tennis Court+ Tennis Crew Sock Brilliant White,18.00 €,18.00 €,Tennis Clothing,2026-09-11 14:51:34,Tennis Warehouse Europe,https://www.tenniswarehouse-europe.com/Asics_Tennis_Court_Tennis_Crew_Sock_Brilliant_White/descpageMAASICSP-ATCCSBW-EN.html?color=WH,Asics POPP
Asics Tennis 6 Pack Crew Sock Brilliant White,22.00 €,,Tennis Clothing,2026-09-11 14:51:34,Tennis Warehouse Europe,https://www.tenniswarehouse-europe.com/Asics_Tennis_6_Pack_Crew_Sock_Brilliant_White/descpageMAASICSP-ATCSBR-EN.html?color=WH,Asics POPP
Asics Tennis 6 Pack Crew Sock Performance Black,22.00 €,,Tennis Clothing,2026-09-11 14:51:34,Tennis Warehouse Europe,https://www.tenniswarehouse-europe.com/Asics_Tennis_6_Pack_Crew_Sock_Performance_Black/descpageMAASICSP-ATCSPB-EN.html?color=BK,Asics POPP
Asics Tennis 3 Pack Crew Sock Brilliant White,12.98 €,,Tennis Clothing,2026-09-11 14:51:34,Tennis Warehouse Europe,https://www.tenniswarehouse-europe.com/Asics_Tennis_3_Pack_Crew_Sock_Brilliant_White/descpageMAASICSP-ATCSBW-EN.html?color=WH,Asics POPP
Asics Tennis Court+ Tennis Ankle Sock White,15.98 €,16.00 €,Tennis Clothing,2026-09-11 14:51:34,Tennis Warehouse Europe,https://www.tenniswarehouse-europe.com/Asics_Tennis_Court_Tennis_Ankle_Sock_White/descpageMAASICSP-ATCRSW-EN.html?color=WH,Asics POPP
Asics Tennis Court+ Tennis Ankle Sock White,10.00 €,15.00 €,Tennis Clothing,2026-09-11 14:51:34,Tennis Warehouse Europe,https://www.tenniswarehouse-europe.com/Asics_Tennis_Court_Tennis_Ankle_Sock_White/descpageMAASICSP-ATCTAW-EN.html?color=WH,Asics POPP
Asics Tennis Court+ Tennis Ankle Sock Black,11.00 €,15.00 €,Tennis Clothing,2026-09-11 14:51:34,Tennis Warehouse Europe,https://www.tenniswarehouse-europe.com/Asics_Tennis_Court_Tennis_Ankle_Sock_Black/descpageMAASICSP-ATCTAB-EN.html?color=BK,Asics POPP
Asics Tennis Court+ Tennis Ankle Sock,4.00 €,14.00 €,Tennis Clothing,2026-09-11 14:51:34,Tennis Warehouse Europe,https://www.tenniswarehouse-europe.com/Asics_Tennis_Court_Tennis_Ankle_Sock/descpageMAASICSP-ATCTAS-EN.html?color=BK,Asics POPP
Asics Tennis 3 Pack Invisible Sock Black,4.00 €,10.00 €,Tennis Clothing,2026-09-11 14:51:34,Tennis Warehouse Europe,https://www.tenniswarehouse-europe.com/Asics_Tennis_3_Pack_Invisible_Sock_Black/descpageWAASICSP-AST3PIB-EN.html?color=BK,Asics POPP
Asics Tennis 3 Pack Invisible Sock White,4.00 €,10.00 €,Tennis Clothing,2026-09-11 14:51:34,Tennis Warehouse Europe,https://www.tenniswarehouse-europe.com/Asics_Tennis_3_Pack_Invisible_Sock_White/descpageWAASICSP-AST3PIW-EN.html?color=WH,Asics POPP
Asics 6-Pack Ankle Sock Black,8.00 €,18.00 €,Tennis Clothing,2026-09-11 14:51:34,Tennis Warehouse Europe,https://www.tenniswarehouse-europe.com/Asics_6-Pack_Ankle_Sock_Black/descpageWAASICSP-AM6PASB-EN.html?color=BK,Asics POPP
Asics Tennis 3 Pack Quarter Sock Black,5.00 €,13.00 €,Tennis Clothing,2026-09-11 14:51:34,Tennis Warehouse Europe,https://www.tenniswarehouse-europe.com/Asics_Tennis_3_Pack_Quarter_Sock_Black/descpageWAASICSP-AST3PQB-EN.html?color=BK,Asics POPP
Asics PF Hat Dark Aubergine,30.00 €,,Tennis Clothing,2026-09-11 14:51:34,Tennis Warehouse Europe,https://www.tenniswarehouse-europe.com/Asics_PF_Hat_Dark_Aubergine/descpageASICSP-APFHD-EN.html?color=PU,Asics POPP
Asics PF Hat Pink,22.00 €,30.00 €,Tennis Clothing,2026-09-11 14:51:34,Tennis Warehouse Europe,https://www.tenniswarehouse-europe.com/Asics_PF_Hat_Pink/descpageASICSP-APFHP-EN.html?color=PK,Asics POPP
Asics PF Hat White,30.00 €,,Tennis Clothing,2026-09-11 14:51:34,Tennis Warehouse Europe,https://www.tenniswarehouse-europe.com/Asics_PF_Hat_White/descpageASICSP-APFHW-EN.html?color=WH,Asics POPP
Asics PF Hat Green,18.00 €,28.00 €,Tennis Clothing,2026-09-11 14:51:34,Tennis Warehouse Europe,https://www.tenniswarehouse-europe.com/Asics_PF_Hat_Green/descpageASICSP-APFHAG-EN.html?color=GN,Asics POPP
Asics Graphic Hat Soft Oat,30.00 €,30.00 €,Tennis Clothing,2026-09-11 14:51:34,Tennis Warehouse Europe,https://www.tenniswarehouse-europe.com/Asics_Graphic_Hat_Soft_Oat/descpageASICSP-AGRHSO-EN.html?color=BE,Asics POPP
Asics PDL Panel Hat,24.00 €,35.00 €,Tennis Clothing,2026-09-11 14:51:34,Tennis Warehouse Europe,https://www.tenniswarehouse-europe.com/Asics_PDL_Panel_Hat/descpageASICSP-ASPAH-EN.html?color=PR,Asics POPP
Asics PF Visor White,25.00 €,,Tennis Clothing,2026-09-11 14:51:34,Tennis Warehouse Europe,https://www.tenniswarehouse-europe.com/Asics_PF_Visor_White/descpageWAASICSP-APFVIW-EN.html?color=WH,Asics POPP
Asics PF Hat White,18.00 €,28.00 €,Tennis Clothing,2026-09-11 14:51:34,Tennis Warehouse Europe,https://www.tenniswarehouse-europe.com/Asics_PF_Hat_White/descpageASICSP-APEHW-EN.html?color=WH,Asics POPP
Asics Singlewide Wristband Brilliant White,12.00 €,12.00 €,Tennis Clothing,2026-09-11 14:51:34,Tennis Warehouse Europe,https://www.tenniswarehouse-europe.com/Asics_Singlewide_Wristband_Brilliant_White/descpageASICSP-ASWBR-EN.html?color=YE,Asics POPP
Asics Doublewide Wristband White,14.99 €,,Tennis Clothing,2026-09-11 14:51:34,Tennis Warehouse Europe,https://www.tenniswarehouse-europe.com/Asics_Doublewide_Wristband_White/descpageASICSP-ADWBW-EN.html?color=WH,Asics POPP
Women's Play Capsleeve Top,26.89 €,30.00 €,Tennis Clothing,2026-09-11 14:51:34,Tennis Warehouse Europe,https://www.tenniswarehouse-europe.com/Babolat_Womens_Play_Capsleeve_Top/descpageWAQBA-BAWPT24-EN.html?color=BK,Babolat
Women's Play Capsleeve Top,26.89 €,30.00 €,Tennis Clothing,2026-09-11 14:51:34,Tennis Warehouse Europe,https://www.tenniswarehouse-europe.com/Babolat_Womens_Play_Capsleeve_Top/descpageWAQBA-BAWPT24-EN.html?color=BL,Babolat
Women's Play Capsleeve Top,26.89 €,30.00 €,Tennis Clothing,2026-09-11 14:51:34,Tennis Warehouse Europe,https://www.tenniswarehouse-europe.com/Babolat_Womens_Play_Capsleeve_Top/descpageWAQBA-BAWPT24-EN.html?color=NV,Babolat
Women's Play Capsleeve Top,26.89 €,30.00 €,Tennis Clothing,2026-09-11 14:51:34,Tennis Warehouse Europe,https://www.tenniswarehouse-europe.com/Babolat_Womens_Play_Capsleeve_Top/descpageWAQBA-BAWPT24-EN.html?color=WH,Babolat
Women's Thrill Capsleeve Top,31.90 €,40.00 €,Tennis Clothing,2026-09-11 14:51:34,Tennis Warehouse Europe,https://www.tenniswarehouse-europe.com/Babolat_Womens_Thrill_Capsleeve_Top/descpageWAQBA-BAWPT26-EN.html?color=BL,Babolat
Women's Play Capsleeve Top,22.90 €,30.00 €,Tennis Clothing,2026-09-11 14:51:34,Tennis Warehouse Europe,https://www.tenniswarehouse-europe.com/Babolat_Womens_Play_Capsleeve_Top/descpageWAQBA-BAWPT25-EN.html?color=WBL,Babolat
Women's Play Tank,14.90 € - 25.90 €,29.00€,Tennis Clothing,2026-09-11 14:51:34,Tennis Warehouse Europe,https://www.tenniswarehouse-europe.com/Babolat_Womens_Play_Tank/descpageWAQBA-BAWTA24-EN.html?color=BK,Babolat
Women's Play Tank,14.90 € - 25.90 €,29.00€,Tennis Clothing,2026-09-11 14:51:34,Tennis Warehouse Europe,https://www.tenniswarehouse-europe.com/Babolat_Womens_Play_Tank/descpageWAQBA-BAWTA24-EN.html?color=RD,Babolat
Women's Play Thrill Tank,31.90 €,40.00 €,Tennis Clothing,2026-09-11 14:51:34,Tennis Warehouse Europe,https://www.tenniswarehouse-europe.com/Babolat_Womens_Play_Thrill_Tank/descpageWAQBA-BWTH26T-EN.html?color=BL,Babolat
Women's Play Tank,21.90 €,29.00 €,Tennis Clothing,2026-09-11 14:51:34,Tennis Warehouse Europe,https://www.tenniswarehouse-europe.com/Babolat_Womens_Play_Tank/descpageWAQBA-BAWTA25-EN.html?color=WBL,Babolat
Women's Play Skirt,35.90 €,40.00 €,Tennis Clothing,2026-09-11 14:51:34,Tennis Warehouse Europe,https://www.tenniswarehouse-europe.com/Babolat_Womens_Play_Skirt/descpageWAQBA-BAWPS24-EN.html?color=WH,Babolat
Women's Thrill Skirt,35.90 €,45.00 €,Tennis Clothing,2026-09-11 14:51:34,Tennis Warehouse Europe,https://www.tenniswarehouse-europe.com/Babolat_Womens_Thrill_Skirt/descpageWAQBA-BATHK26-EN.html?color=RD,Babolat
Women's Play Jacket,72.90 €,85.00 €,Tennis Clothing,2026-09-11 14:51:34,Tennis Warehouse Europe,https://www.tenniswarehouse-europe.com/Babolat_Womens_Play_Jacket/descpageWAQBA-BAWPJ24-EN.html?color=BK,Babolat
Women's Play Jacket,72.90 €,85.00 €,Tennis Clothing,2026-09-11 14:51:34,Tennis Warehouse Europe,https://www.tenniswarehouse-europe.com/Babolat_Womens_Play_Jacket/descpageWAQBA-BAWPJ24-EN.html?color=NV,Babolat
Women's Play Jacket,72.90 €,85.00 €,Tennis Clothing,2026-09-11 14:51:34,Tennis Warehouse Europe,https://www.tenniswarehouse-europe.com/Babolat_Womens_Play_Jacket/descpageWAQBA-BAWPJ24-EN.html?color=WH,Babolat
Women's Play Pant,59.90 € - 67.90 €,75.00€,Tennis Clothing,2026-09-11 14:51:34,Tennis Warehouse Europe,https://www.tenniswarehouse-europe.com/Babolat_Womens_Play_Pant/descpageWAQBA-BAWP24P-EN.html?color=BK,Babolat
Women's Play Pant,59.90 € - 67.90 €,75.00€,Tennis Clothing,2026-09-11 14:51:34,Tennis Warehouse Europe,https://www.tenniswarehouse-europe.com/Babolat_Womens_Play_Pant/descpageWAQBA-BAWP24P-EN.html?color=NV,Babolat
Invisible 2 Pairs Pack Women's Sock White,9.90 €,12.00 €,Tennis Clothing,2026-09-11 14:51:34,Tennis Warehouse Europe,https://www.tenniswarehouse-europe.com/Babolat_Invisible_2_Pairs_Pack_Womens_Sock_White/descpageWAQBA-BI2PW-EN.html?color=WH,Babolat
Invisible 3 Pairs Pack Socks,9.90 €,14.00 €,Tennis Clothing,2026-09-11 14:51:34,Tennis Warehouse Europe,https://www.tenniswarehouse-europe.com/Babolat_Invisible_3_Pairs_Pack_Socks/descpageWAQBA-BI3PW-EN.html?color=BK,Babolat
Invisible 3 Pairs Pack Socks,9.90 €,14.00 €,Tennis Clothing,2026-09-11 14:51:34,Tennis Warehouse Europe,https://www.tenniswarehouse-europe.com/Babolat_Invisible_3_Pairs_Pack_Socks/descpageWAQBA-BI3PW-EN.html?color=WH,Babolat
Padel Quarter Socks White/Black,15.90 €,17.00 €,Tennis Clothing,2026-09-11 14:51:34,Tennis Warehouse Europe,https://www.tenniswarehouse-europe.com/Babolat_Padel_Quarter_Socks_White_Black/descpageMABABPD-BPAQS-EN.html?color=WBK,Babolat
Padel Quarter Socks,15.90 €,17.00 €,Tennis Clothing,2026-09-11 14:51:34,Tennis Warehouse Europe,https://www.tenniswarehouse-europe.com/Babolat_Padel_Quarter_Socks/descpageMABABPD-BPAQSM-EN.html?color=WH,Babolat
Pro 360 Women's Sock Black/Aero,9.90 €,16.00 €,Tennis Clothing,2026-09-11 14:51:34,Tennis Warehouse Europe,https://www.tenniswarehouse-europe.com/Babolat_Pro_360_Womens_Sock_Black_Aero/descpageWAQBA-BWP360B-EN.html,Babolat
3 Pairs Pack Men's Crew Sock Mixed,9.90 €,14.00 €,Tennis Clothing,2026-09-11 14:51:34,Tennis Warehouse Europe,https://www.tenniswarehouse-europe.com/Babolat_3_Pairs_Pack_Mens_Crew_Sock_Mixed/descpageQBA-B3PCSM-EN.html?color=MX,Babolat
3 Pairs Pack Crew Sock White,9.90 €,14.00 €,Tennis Clothing,2026-09-11 14:51:34,Tennis Warehouse Europe,https://www.tenniswarehouse-europe.com/Babolat_3_Pairs_Pack_Crew_Sock_White/descpageMAQBA-B3PCSW-EN.html?color=WH,Babolat
3 Pairs Pack Crew Sock Black,9.90 €,14.00 €,Tennis Clothing,2026-09-11 14:51:34,Tennis Warehouse Europe,https://www.tenniswarehouse-europe.com/Babolat_3_Pairs_Pack_Crew_Sock_Black/descpageMAQBA-B3PCSB-EN.html?color=BK,Babolat
3 Pairs Pack Quarter Sock White/Blue/Grey,9.90 €,14.00 €,Tennis Clothing,2026-09-11 14:51:34,Tennis Warehouse Europe,https://www.tenniswarehouse-europe.com/Babolat_3_Pairs_Pack_Quarter_Sock_White_Blue_Grey/descpageMAQBA-B3OQM-EN.html?color=MX,Babolat
3 Pairs Pack Quarter Sock Black,9.90 €,14.00 €,Tennis Clothing,2026-09-11 14:51:34,Tennis Warehouse Europe,https://www.tenniswarehouse-europe.com/Babolat_3_Pairs_Pack_Quarter_Sock_Black/descpageMAQBA-B3OQB-EN.html?color=BK,Babolat
3 Pairs Pack Quarter Sock White,9.90 €,14.00 €,Tennis Clothing,2026-09-11 14:51:34,Tennis Warehouse Europe,https://www.tenniswarehouse-europe.com/Babolat_3_Pairs_Pack_Quarter_Sock_White/descpageMAQBA-B3OQW-EN.html?color=WH,Babolat
Padel Crew Socks,17.90 €,20.00 €,Tennis Clothing,2026-09-11 14:51:34,Tennis Warehouse Europe,https://www.tenniswarehouse-europe.com/Babolat_Padel_Crew_Socks/descpageMABABPD-BPSCW-EN.html?color=WBK,Babolat
Padel Crew Socks,17.90 €,20.00 €,Tennis Clothing,2026-09-11 14:51:34,Tennis Warehouse Europe,https://www.tenniswarehouse-europe.com/Babolat_Padel_Crew_Socks/descpageMABABPD-BPSCW-EN.html?color=WH,Babolat
Cotton Hat,16.90 €,22.00 €,Tennis Clothing,2026-09-11 14:51:34,Tennis Warehouse Europe,https://www.tenniswarehouse-europe.com/Babolat_Cotton_Hat/descpageQBA-BMCTH-EN.html?color=LB,Babolat
Aero Performance Hat,17.90 €,20.00 €,Tennis Clothing,2026-09-11 14:51:34,Tennis Warehouse Europe,https://www.tenniswarehouse-europe.com/Babolat_Aero_Performance_Hat/descpageQBA-BMAEPH-EN.html?color=GY,Babolat
Juan Lebron Trucker Hat,23.90 €,26.00 €,Tennis Clothing,2026-09-11 14:51:34,Tennis Warehouse Europe,https://www.tenniswarehouse-europe.com/Babolat_Juan_Lebron_Trucker_Hat/descpageBABPD-BMJLTH-EN.html?color=WBL,Babolat
Juan Lebron Performance Hat,21.90 €,24.00 €,Tennis Clothing,2026-09-11 14:51:34,Tennis Warehouse Europe,https://www.tenniswarehouse-europe.com/Babolat_Juan_Lebron_Performance_Hat/descpageBABPD-BMJLPH-EN.html?color=WH,Babolat
Pure Logo Hat,12.90 €,18.00 €,Tennis Clothing,2026-09-11 14:51:34,Tennis Warehouse Europe,https://www.tenniswarehouse-europe.com/Babolat_Pure_Logo_Hat/descpageQBA-BMPULOH-EN.html?color=BK,Babolat
Pure Logo Hat,12.90 €,18.00 €,Tennis Clothing,2026-09-11 14:51:34,Tennis Warehouse Europe,https://www.tenniswarehouse-europe.com/Babolat_Pure_Logo_Hat/descpageQBA-BMPULOH-EN.html?color=BL,Babolat
Pure Logo Hat,12.90 €,18.00 €,Tennis Clothing,2026-09-11 14:51:34,Tennis Warehouse Europe,https://www.tenniswarehouse-europe.com/Babolat_Pure_Logo_Hat/descpageQBA-BMPULOH-EN.html?color=NV,Babolat
Pure Logo Hat,12.90 €,18.00 €,Tennis Clothing,2026-09-11 14:51:34,Tennis Warehouse Europe,https://www.tenniswarehouse-europe.com/Babolat_Pure_Logo_Hat/descpageQBA-BMPULOH-EN.html?color=RD,Babolat
Pure Logo Hat,12.90 €,18.00 €,Tennis Clothing,2026-09-11 14:51:34,Tennis Warehouse Europe,https://www.tenniswarehouse-europe.com/Babolat_Pure_Logo_Hat/descpageQBA-BMPULOH-EN.html?color=WH,Babolat
Junior Pure Logo Hat,12.90 €,16.00 €,Tennis Clothing,2026-09-11 14:51:34,Tennis Warehouse Europe,https://www.tenniswarehouse-europe.com/Babolat_Junior_Pure_Logo_Hat/descpageQBA-BAKJH-EN.html?color=BK,Babolat
Junior Pure Logo Hat,12.90 €,16.00 €,Tennis Clothing,2026-09-11 14:51:34,Tennis Warehouse Europe,https://www.tenniswarehouse-europe.com/Babolat_Junior_Pure_Logo_Hat/descpageQBA-BAKJH-EN.html?color=BL,Babolat
Junior Pure Logo Hat,12.90 €,16.00 €,Tennis Clothing,2026-09-11 14:51:34,Tennis Warehouse Europe,https://www.tenniswarehouse-europe.com/Babolat_Junior_Pure_Logo_Hat/descpageQBA-BAKJH-EN.html?color=NV,Babolat
Women's Elastic Visor,17.90 €,20.00 €,Tennis Clothing,2026-09-11 14:51:34,Tennis Warehouse Europe,https://www.tenniswarehouse-europe.com/Babolat_Womens_Elastic_Visor/descpageQBA-BWE26V-EN.html?color=RD,Babolat
Women's Elastic Visor,13.90 €,20.00 €,Tennis Clothing,2026-09-11 14:51:34,Tennis Warehouse Europe,https://www.tenniswarehouse-europe.com/Babolat_Womens_Elastic_Visor/descpageQBA-BWE24V-EN.html?color=BK,Babolat
Headband,10.90 €,12.00 €,Tennis Clothing,2026-09-11 14:51:34,Tennis Warehouse Europe,https://www.tenniswarehouse-europe.com/Babolat_Headband/descpageQBA-BABA26-EN.html?color=RD,Babolat
Aero Logo Jumbo Wristbands,8.90 €,10.00 €,Tennis Clothing,2026-09-11 14:51:34,Tennis Warehouse Europe,https://www.tenniswarehouse-europe.com/Babolat_Aero_Logo_Jumbo_Wristbands/descpageQBA-BAEWB-EN.html?color=BKY,Babolat
Logo Jumbo Wristbands,8.90 €,10.00 €,Tennis Clothing,2026-09-11 14:51:34,Tennis Warehouse Europe,https://www.tenniswarehouse-europe.com/Babolat_Logo_Jumbo_Wristbands/descpageQBA-BLJUWB-EN.html?color=BKR,Babolat
Logo Jumbo Wristbands,8.90 €,10.00 €,Tennis Clothing,2026-09-11 14:51:34,Tennis Warehouse Europe,https://www.tenniswarehouse-europe.com/Babolat_Logo_Jumbo_Wristbands/descpageQBA-BLJUWB-EN.html?color=BL,Babolat
Terry Jumbo Wristbands,8.90 €,10.00 €,Tennis Clothing,2026-09-11 14:51:34,Tennis Warehouse Europe,https://www.tenniswarehouse-europe.com/Babolat_Terry_Jumbo_Wristbands/descpageQBA-BTEJDB-EN.html?color=BL,Babolat
Terry Jumbo Wristbands,8.90 €,10.00 €,Tennis Clothing,2026-09-11 14:51:34,Tennis Warehouse Europe,https://www.tenniswarehouse-europe.com/Babolat_Terry_Jumbo_Wristbands/descpageQBA-BTEJDB-EN.html?color=RD,Babolat
Norrie Logo Jumbo Wristbands,8.90 €,10.00 €,Tennis Clothing,2026-09-11 14:51:34,Tennis Warehouse Europe,https://www.tenniswarehouse-europe.com/Babolat_Norrie_Logo_Jumbo_Wristbands/descpageQBA-BAENOSB-EN.html?color=BL,Babolat
Logo Wristbands,7.90 €,9.00 €,Tennis Clothing,2026-09-11 14:51:34,Tennis Warehouse Europe,https://www.tenniswarehouse-europe.com/Babolat_Logo_Wristbands/descpageQBA-SLGWB-EN.html?color=BL,Babolat
Terry Jumbo Wristbands,8.90 €,10.00 €,Tennis Clothing,2026-09-11 14:51:34,Tennis Warehouse Europe,https://www.tenniswarehouse-europe.com/Babolat_Terry_Jumbo_Wristbands/descpageQBA-BATJDB-EN.html?color=BK,Babolat
Headband,7.90 €,12.00 €,Tennis Clothing,2026-09-11 14:51:34,Tennis Warehouse Europe,https://www.tenniswarehouse-europe.com/Babolat_Headband/descpageQBA-BABA24-EN.html?color=BK,Babolat
Medium Aero Towel,22.90 €,25.00 €,Tennis Clothing,2026-09-11 14:51:34,Tennis Warehouse Europe,https://www.tenniswarehouse-europe.com/Babolat_Medium_Aero_Towel/descpageQBA-BMAET-EN.html?color=,Babolat
Medium Towel,22.90 €,25.00 €,Tennis Clothing,2026-09-11 14:51:34,Tennis Warehouse Europe,https://www.tenniswarehouse-europe.com/Babolat_Medium_Towel/descpageQBA-BMTOWT-EN.html?color=,Babolat
Medium Towel,19.90 €,25.00 €,Tennis Clothing,2026-09-11 14:51:34,Tennis Warehouse Europe,https://www.tenniswarehouse-europe.com/Babolat_Medium_Towel/descpageQBA-BMKTOW-EN.html?color=,Babolat
Women's Spring Monaco Tank,40.90 €,44.95 €,Tennis Clothing,2026-09-11 14:51:34,Tennis Warehouse Europe,https://www.tenniswarehouse-europe.com/BB_Womens_Spring_Monaco_Tank/descpageWABBSP-BBMOPT-EN.html?color=PK,BB
Women's Spring Monaco Skirt,44.90 €,50.00 €,Tennis Clothing,2026-09-11 14:51:34,Tennis Warehouse Europe,https://www.tenniswarehouse-europe.com/BB_Womens_Spring_Monaco_Skirt/descpageWABBSP-BBMOPSK-EN.html?color=PK,BB
Women's Spring Rome Skirt,40.90 €,45.00 €,Tennis Clothing,2026-09-11 14:51:34,Tennis Warehouse Europe,https://www.tenniswarehouse-europe.com/BB_Womens_Spring_Rome_Skirt/descpageWABBSP-BBROSK-EN.html?color=TE,BB
Women's Spring Monaco Tank,40.90 €,44.95 €,Tennis Clothing,2026-09-11 14:51:34,Tennis Warehouse Europe,https://www.tenniswarehouse-europe.com/BB_Womens_Spring_Monaco_Tank/descpageWABBSP-BBMOBT-EN.html?color=BK,BB
Women's Spring Monaco Skirt,44.90 €,50.00 €,Tennis Clothing,2026-09-11 14:51:34,Tennis Warehouse Europe,https://www.tenniswarehouse-europe.com/BB_Womens_Spring_Monaco_Skirt/descpageWABBSP-BBMOWSK-EN.html?color=WH,BB
Women's Spring London Tank,39.90 €,44.95 €,Tennis Clothing,2026-09-11 14:51:34,Tennis Warehouse Europe,https://www.tenniswarehouse-europe.com/BB_Womens_Spring_London_Tank/descpageWABBSP-BBLOTA-EN.html?color=BO,BB
Women's Spring London Skirt,47.90 €,55.00 €,Tennis Clothing,2026-09-11 14:51:34,Tennis Warehouse Europe,https://www.tenniswarehouse-europe.com/BB_Womens_Spring_London_Skirt/descpageWABBSP-BBLOSK-EN.html?color=RD,BB
Women's Spring Bordeaux Skirt,47.90 €,55.00 €,Tennis Clothing,2026-09-11 14:51:34,Tennis Warehouse Europe,https://www.tenniswarehouse-europe.com/BB_Womens_Spring_Bordeaux_Skirt/descpageWABBSP-BBBOSK-EN.html?color=WRD,BB
Women's Spring Portofino Tank,36.90 €,40.90 €,Tennis Clothing,2026-09-11 14:51:34,Tennis Warehouse Europe,https://www.tenniswarehouse-europe.com/BB_Womens_Spring_Portofino_Tank/descpageWABBSP-BBPORTA-EN.html?color=GR,BB
Women's Basic Tank Black,25.90 €,29.95 €,Tennis Clothing,2026-09-11 14:51:34,Tennis Warehouse Europe,https://www.tenniswarehouse-europe.com/BB_Womens_Basic_Tank_Black/descpageWABBSP-BBBATB-EN.html?color=BK,BB
Women's Basic Tank White,26.89 €,29.95 €,Tennis Clothing,2026-09-11 14:51:34,Tennis Warehouse Europe,https://www.tenniswarehouse-europe.com/BB_Womens_Basic_Tank_White/descpageWABBSP-BBBATW-EN.html?color=WH,BB
Women's Basic Skirt Black,35.90 €,39.95 €,Tennis Clothing,2026-09-11 14:51:34,Tennis Warehouse Europe,https://www.tenniswarehouse-europe.com/BB_Womens_Basic_Skirt_Black/descpageWABBSP-BBBSSK-EN.html?color=BK,BB
Women's Basic Skirt White,35.90 €,39.95 €,Tennis Clothing,2026-09-11 14:51:34,Tennis Warehouse Europe,https://www.tenniswarehouse-europe.com/BB_Womens_Basic_Skirt_White/descpageWABBSP-BBBSSKW-EN.html?color=WH,BB
Women's Fall Gaia Skirt,34.90 €,49.95 €,Tennis Clothing,2026-09-11 14:51:34,Tennis Warehouse Europe,https://www.tenniswarehouse-europe.com/BB_Womens_Fall_Gaia_Skirt/descpageWABBSP-BBGASK-EN.html?color=RD,BB
Women's Fall Rhea Skirt,33.90 €,47.95 €,Tennis Clothing,2026-09-11 14:51:34,Tennis Warehouse Europe,https://www.tenniswarehouse-europe.com/BB_Womens_Fall_Rhea_Skirt/descpageWABBSP-BBRHSN-EN.html?color=NV,BB
Women's Fall Rhea Tank,28.91 €,41.95 €,Tennis Clothing,2026-09-11 14:51:34,Tennis Warehouse Europe,https://www.tenniswarehouse-europe.com/BB_Womens_Fall_Rhea_Tank/descpageWABBSP-BBSRHTW-EN.html?color=WH,BB
Women's Fall Freya Tank,27.89 €,39.95 €,Tennis Clothing,2026-09-11 14:51:34,Tennis Warehouse Europe,https://www.tenniswarehouse-europe.com/BB_Womens_Fall_Freya_Tank/descpageWABBSP-BBFRETA-EN.html?color=LB,BB
Bjorn Borg Women's Fall Ace Scooped Raceback Dress,63.90 €,69.95 €,Tennis Clothing,2026-09-11 14:51:34,Tennis Warehouse Europe,https://www.tenniswarehouse-europe.com/Bjorn_Borg_Womens_Fall_Ace_Scooped_Raceback_Dress/descpageWABBAPP-BBWFRDR-EN.html?color=BK,Bjšrn Borg
Bjorn Borg Women's Fall Ace Scooped Raceback Dress,63.90 €,69.95 €,Tennis Clothing,2026-09-11 14:51:34,Tennis Warehouse Europe,https://www.tenniswarehouse-europe.com/Bjorn_Borg_Womens_Fall_Ace_Scooped_Raceback_Dress/descpageWABBAPP-BBWFRDR-EN.html?color=BL,Bjšrn Borg
Bjorn Borg Women's Fall Ace Slim Top,26.89 €,29.95 €,Tennis Clothing,2026-09-11 14:51:34,Tennis Warehouse Europe,https://www.tenniswarehouse-europe.com/Bjorn_Borg_Womens_Fall_Ace_Slim_Top/descpageWABBAPP-BJFAST2-EN.html?color=BL,Bjšrn Borg
Bjorn Borg Women's Fall Ace Slim Top,26.89 €,29.95 €,Tennis Clothing,2026-09-11 14:51:34,Tennis Warehouse Europe,https://www.tenniswarehouse-europe.com/Bjorn_Borg_Womens_Fall_Ace_Slim_Top/descpageWABBAPP-BJFAST2-EN.html?color=GR,Bjšrn Borg
Bjorn Borg Women's Fall Ace Rib Pocket Tank,39.90 €,44.95 €,Tennis Clothing,2026-09-11 14:51:34,Tennis Warehouse Europe,https://www.tenniswarehouse-europe.com/Bjorn_Borg_Womens_Fall_Ace_Rib_Pocket_Tank/descpageWABBAPP-BFARIT2-EN.html?color=BL,Bjšrn Borg
Bjorn Borg Women's Fall Ace Rib Pocket Tank,39.90 €,44.95 €,Tennis Clothing,2026-09-11 14:51:34,Tennis Warehouse Europe,https://www.tenniswarehouse-europe.com/Bjorn_Borg_Womens_Fall_Ace_Rib_Pocket_Tank/descpageWABBAPP-BFARIT2-EN.html?color=RD,Bjšrn Borg
Bjorn Borg Women's Fall Soft Racerback Tank,35.90 €,39.95 €,Tennis Clothing,2026-09-11 14:51:34,Tennis Warehouse Europe,https://www.tenniswarehouse-europe.com/Bjorn_Borg_Womens_Fall_Soft_Racerback_Tank/descpageWABBAPP-BBWFSRT-EN.html?color=BR,Bjšrn Borg
Bjorn Borg Women's Fall Sports Tank,22.90 €,24.95 €,Tennis Clothing,2026-09-11 14:51:34,Tennis Warehouse Europe,https://www.tenniswarehouse-europe.com/Bjorn_Borg_Womens_Fall_Sports_Tank/descpageWABBAPP-BBWFSTA-EN.html?color=GR,Bjšrn Borg
Bjorn Borg Women's Fall Studio Ribbed Crop Tank,44.90 €,49.95 €,Tennis Clothing,2026-09-11 14:51:34,Tennis Warehouse Europe,https://www.tenniswarehouse-europe.com/Bjorn_Borg_Womens_Fall_Studio_Ribbed_Crop_Tank/descpageWABBAPP-BBWFSRC-EN.html?color=BR,Bjšrn Borg
Bjorn Borg Women's Fall Ace Tennis Skirt,44.90 €,49.95 €,Tennis Clothing,2026-09-11 14:51:34,Tennis Warehouse Europe,https://www.tenniswarehouse-europe.com/Bjorn_Borg_Womens_Fall_Ace_Tennis_Skirt/descpageWABBAPP-BBWFATS-EN.html?color=RD,Bjšrn Borg
Bjorn Borg Women's Fall Ace Jersey Skirt,35.90 €,39.95 €,Tennis Clothing,2026-09-11 14:51:34,Tennis Warehouse Europe,https://www.tenniswarehouse-europe.com/Bjorn_Borg_Womens_Fall_Ace_Jersey_Skirt/descpageWABBAPP-BBWFAJS-EN.html?color=BL,Bjšrn Borg
Bjorn Borg Women's Fall Ace Jersey Skirt,35.90 €,39.95 €,Tennis Clothing,2026-09-11 14:51:34,Tennis Warehouse Europe,https://www.tenniswarehouse-europe.com/Bjorn_Borg_Womens_Fall_Ace_Jersey_Skirt/descpageWABBAPP-BBWFAJS-EN.html?color=RD,Bjšrn Borg
Bjorn Borg Women's Fall Ace Pocket Skirt,53.90 €,59.95 €,Tennis Clothing,2026-09-11 14:51:34,Tennis Warehouse Europe,https://www.tenniswarehouse-europe.com/Bjorn_Borg_Womens_Fall_Ace_Pocket_Skirt/descpageWABBAPP-BBWFAPS-EN.html?color=BL,Bjšrn Borg
Bjorn Borg Women's Fall Ace Pocket Skirt,53.90 €,59.95 €,Tennis Clothing,2026-09-11 14:51:34,Tennis Warehouse Europe,https://www.tenniswarehouse-europe.com/Bjorn_Borg_Womens_Fall_Ace_Pocket_Skirt/descpageWABBAPP-BBWFAPS-EN.html?color=GR,Bjšrn Borg
Bjorn Borg Women's Fall Ace 2-in-1 Short,44.90 €,49.95 €,Tennis Clothing,2026-09-11 14:51:34,Tennis Warehouse Europe,https://www.tenniswarehouse-europe.com/Bjorn_Borg_Womens_Fall_Ace_2-in-1_Short/descpageWABBAPP-BFA21S2-EN.html?color=BL,Bjšrn Borg
Bjorn Borg Women's Fall Ace 2-in-1 Short,44.90 €,49.95 €,Tennis Clothing,2026-09-11 14:51:34,Tennis Warehouse Europe,https://www.tenniswarehouse-europe.com/Bjorn_Borg_Womens_Fall_Ace_2-in-1_Short/descpageWABBAPP-BFA21S2-EN.html?color=WH,Bjšrn Borg
Bjorn Borg Women's Fall Stretch Short,31.90 €,34.95 €,Tennis Clothing,2026-09-11 14:51:34,Tennis Warehouse Europe,https://www.tenniswarehouse-europe.com/Bjorn_Borg_Womens_Fall_Stretch_Short/descpageWABBAPP-BBWSSH-EN.html?color=BL,Bjšrn Borg
Bjorn Borg Women's Basic Stretch Short,31.90 €,34.95 €,Tennis Clothing,2026-09-11 14:51:34,Tennis Warehouse Europe,https://www.tenniswarehouse-europe.com/Bjorn_Borg_Womens_Basic_Stretch_Short/descpageWABBAPP-BJSSH-EN.html?color=BK,Bjšrn Borg
Bjorn Borg Women's Fall Full-Zip Longsleeve Top,57.91 €,64.95 €,Tennis Clothing,2026-09-11 14:51:34,Tennis Warehouse Europe,https://www.tenniswarehouse-europe.com/Bjorn_Borg_Womens_Fall_Full-Zip_Longsleeve_Top/descpageWABBAPP-BBWFZLS-EN.html?color=BL,Bjšrn Borg
Bjorn Borg Women's Fall HZ Tennis Club Sweatshirt,67.90 €,74.95 €,Tennis Clothing,2026-09-11 14:51:34,Tennis Warehouse Europe,https://www.tenniswarehouse-europe.com/Bjorn_Borg_Womens_Fall_HZ_Tennis_Club_Sweatshirt/descpageWABBAPP-BBWFHZT-EN.html?color=NV,Bjšrn Borg
Bjorn Borg Women's Fall Ace Pocket Tight,53.90 €,59.95 €,Tennis Clothing,2026-09-11 14:51:34,Tennis Warehouse Europe,https://www.tenniswarehouse-europe.com/Bjorn_Borg_Womens_Fall_Ace_Pocket_Tight/descpageWABBAPP-BJFAPT-EN.html?color=BK,Bjšrn Borg
Bjorn Borg Women's Fall Flare Tight,44.90 €,49.95 €,Tennis Clothing,2026-09-11 14:51:34,Tennis Warehouse Europe,https://www.tenniswarehouse-europe.com/Bjorn_Borg_Womens_Fall_Flare_Tight/descpageWABBAPP-BBWFFTI-EN.html?color=BK,Bjšrn Borg
Bjorn Borg Women's NOOS Ace Rib Pocket Tank,30.90 € - 35.90 €,44.95€,Tennis Clothing,2026-09-11 14:51:34,Tennis Warehouse Europe,https://www.tenniswarehouse-europe.com/Bjorn_Borg_Womens_NOOS_Ace_Rib_Pocket_Tank/descpageWABBAPP-BSARPO-EN.html?color=NV,Bjšrn Borg
Bjorn Borg Women's NOOS Ace Rib Pocket Tank,30.90 € - 35.90 €,44.95€,Tennis Clothing,2026-09-11 14:51:34,Tennis Warehouse Europe,https://www.tenniswarehouse-europe.com/Bjorn_Borg_Womens_NOOS_Ace_Rib_Pocket_Tank/descpageWABBAPP-BSARPO-EN.html?color=WH,Bjšrn Borg
Bjorn Borg Women's NOOS Ace Slim Top,20.90 €,29.95 €,Tennis Clothing,2026-09-11 14:51:34,Tennis Warehouse Europe,https://www.tenniswarehouse-europe.com/Bjorn_Borg_Womens_NOOS_Ace_Slim_Top/descpageWABBAPP-BJFASNT-EN.html?color=NV,Bjšrn Borg
Bjorn Borg Women's NOOS Ace Slim Top,20.90 €,29.95 €,Tennis Clothing,2026-09-11 14:51:34,Tennis Warehouse Europe,https://www.tenniswarehouse-europe.com/Bjorn_Borg_Womens_NOOS_Ace_Slim_Top/descpageWABBAPP-BJFASNT-EN.html?color=WH,Bjšrn Borg
Bjorn Borg Women's NOOS Ace Jersey Skirt,29.90 €,39.95 €,Tennis Clothing,2026-09-11 14:51:34,Tennis Warehouse Europe,https://www.tenniswarehouse-europe.com/Bjorn_Borg_Womens_NOOS_Ace_Jersey_Skirt/descpageWABBAPP-BJNAJS-EN.html?color=WH,Bjšrn Borg
Bjorn Borg Women's NOOS Ace Pocket Skirt,44.90 € - 50.90 €,59.95€,Tennis Clothing,2026-09-11 14:51:34,Tennis Warehouse Europe,https://www.tenniswarehouse-europe.com/Bjorn_Borg_Womens_NOOS_Ace_Pocket_Skirt/descpageWABBAPP-BJFAPNS-EN.html?color=NV,Bjšrn Borg
Bjorn Borg Women's NOOS Ace Pocket Skirt,44.90 € - 50.90 €,59.95€,Tennis Clothing,2026-09-11 14:51:34,Tennis Warehouse Europe,https://www.tenniswarehouse-europe.com/Bjorn_Borg_Womens_NOOS_Ace_Pocket_Skirt/descpageWABBAPP-BJFAPNS-EN.html?color=WH,Bjšrn Borg
Bjorn Borg Women's Summer Ace Ribbed Dress,47.90 €,59.95 €,Tennis Clothing,2026-09-11 14:51:34,Tennis Warehouse Europe,https://www.tenniswarehouse-europe.com/Bjorn_Borg_Womens_Summer_Ace_Ribbed_Dress/descpageWABBAPP-BSUARD-EN.html?color=BL,Bjšrn Borg
Bjorn Borg Women's Summer Ace Ribbed Dress,47.90 €,59.95 €,Tennis Clothing,2026-09-11 14:51:34,Tennis Warehouse Europe,https://www.tenniswarehouse-europe.com/Bjorn_Borg_Womens_Summer_Ace_Ribbed_Dress/descpageWABBAPP-BSUARD-EN.html?color=PK,Bjšrn Borg
Bjorn Borg Women's Summer Ace 2-in-1 Crop Tank,39.90 €,49.95 €,Tennis Clothing,2026-09-11 14:51:34,Tennis Warehouse Europe,https://www.tenniswarehouse-europe.com/Bjorn_Borg_Womens_Summer_Ace_2-in-1_Crop_Tank/descpageWABBAPP-BSUACRT-EN.html?color=PK,Bjšrn Borg
Bjorn Borg Women's Summer Ace Slim Top,23.90 €,29.95 €,Tennis Clothing,2026-09-11 14:51:34,Tennis Warehouse Europe,https://www.tenniswarehouse-europe.com/Bjorn_Borg_Womens_Summer_Ace_Slim_Top/descpageWABBAPP-BJSUAT-EN.html?color=LG,Bjšrn Borg
Bjorn Borg Women's Summer Ace Slim Top,23.90 €,29.95 €,Tennis Clothing,2026-09-11 14:51:34,Tennis Warehouse Europe,https://www.tenniswarehouse-europe.com/Bjorn_Borg_Womens_Summer_Ace_Slim_Top/descpageWABBAPP-BJSUAT-EN.html?color=RY,Bjšrn Borg
Bjorn Borg Women's Summer Pocket Rib Tank,35.90 €,44.95 €,Tennis Clothing,2026-09-11 14:51:34,Tennis Warehouse Europe,https://www.tenniswarehouse-europe.com/Bjorn_Borg_Womens_Summer_Pocket_Rib_Tank/descpageWABBAPP-BSURTA-EN.html?color=PK,Bjšrn Borg
Bjorn Borg Women's Summer Pocket Rib Tank,35.90 €,44.95 €,Tennis Clothing,2026-09-11 14:51:34,Tennis Warehouse Europe,https://www.tenniswarehouse-europe.com/Bjorn_Borg_Womens_Summer_Pocket_Rib_Tank/descpageWABBAPP-BSURTA-EN.html?color=RY,Bjšrn Borg
Bjorn Borg Women's Summer Ace V-Neck Tank,23.90 €,29.95 €,Tennis Clothing,2026-09-11 14:51:34,Tennis Warehouse Europe,https://www.tenniswarehouse-europe.com/Bjorn_Borg_Womens_Summer_Ace_V-Neck_Tank/descpageWABBAPP-BSACVT-EN.html?color=PK,Bjšrn Borg
Bjorn Borg Women's Summer Studio Soft Crop Tank,31.90 €,39.95 €,Tennis Clothing,2026-09-11 14:51:34,Tennis Warehouse Europe,https://www.tenniswarehouse-europe.com/Bjorn_Borg_Womens_Summer_Studio_Soft_Crop_Tank/descpageWABBAPP-BSUSOCT-EN.html?color=BK,Bjšrn Borg
Bjorn Borg Women's Summer Studio Ribbed Crop Tank,35.90 €,44.95 €,Tennis Clothing,2026-09-11 14:51:34,Tennis Warehouse Europe,https://www.tenniswarehouse-europe.com/Bjorn_Borg_Womens_Summer_Studio_Ribbed_Crop_Tank/descpageWABBAPP-BSUSRCT-EN.html?color=BK,Bjšrn Borg
Bjorn Borg Women's Summer Soft Zip Midlayer,71.90 €,89.95 €,Tennis Clothing,2026-09-11 14:51:34,Tennis Warehouse Europe,https://www.tenniswarehouse-europe.com/Bjorn_Borg_Womens_Summer_Soft_Zip_Midlayer_/descpageWABBAPP-BSUZML-EN.html?color=PK,Bjšrn Borg
Bjorn Borg Women's Summer Ace Tennis Skirt,39.90 €,49.95 €,Tennis Clothing,2026-09-11 14:51:34,Tennis Warehouse Europe,https://www.tenniswarehouse-europe.com/Bjorn_Borg_Womens_Summer_Ace_Tennis_Skirt/descpageWABBAPP-BJSATS-EN.html?color=PK,Bjšrn Borg
Bjorn Borg Women's Summer Ace Jersey Skirt,31.90 €,39.95 €,Tennis Clothing,2026-09-11 14:51:34,Tennis Warehouse Europe,https://www.tenniswarehouse-europe.com/Bjorn_Borg_Womens_Summer_Ace_Jersey_Skirt/descpageWABBAPP-BSUAJS-EN.html?color=LG,Bjšrn Borg
Bjorn Borg Women's Summer Ace Jersey Skirt,31.90 €,39.95 €,Tennis Clothing,2026-09-11 14:51:34,Tennis Warehouse Europe,https://www.tenniswarehouse-europe.com/Bjorn_Borg_Womens_Summer_Ace_Jersey_Skirt/descpageWABBAPP-BSUAJS-EN.html?color=RY,Bjšrn Borg
Bjorn Borg Women's Summer Ace Pocket Skirt,47.90 €,59.95 €,Tennis Clothing,2026-09-11 14:51:34,Tennis Warehouse Europe,https://www.tenniswarehouse-europe.com/Bjorn_Borg_Womens_Summer_Ace_Pocket_Skirt/descpageWABBAPP-BJSAPS-EN.html?color=RY,Bjšrn Borg
Bjorn Borg Women's Summer Ace 2-in-1 Short,39.90 €,49.95 €,Tennis Clothing,2026-09-11 14:51:34,Tennis Warehouse Europe,https://www.tenniswarehouse-europe.com/Bjorn_Borg_Womens_Summer_Ace_2-in-1_Short/descpageWABBAPP-BSUA2S-EN.html?color=LGR,Bjšrn Borg
Bjorn Borg Women's Summer Ace 2-in-1 Short,39.90 €,49.95 €,Tennis Clothing,2026-09-11 14:51:34,Tennis Warehouse Europe,https://www.tenniswarehouse-europe.com/Bjorn_Borg_Womens_Summer_Ace_2-in-1_Short/descpageWABBAPP-BSUA2S-EN.html?color=RY,Bjšrn Borg
Bjorn Borg Women's Summer Sport Short,31.90 €,39.95 €,Tennis Clothing,2026-09-11 14:51:34,Tennis Warehouse Europe,https://www.tenniswarehouse-europe.com/Bjorn_Borg_Womens_Summer_Sport_Short/descpageWABBAPP-BSUSPS-EN.html?color=BE,Bjšrn Borg
Bjorn Borg Women's Summer Stretch Shorty,27.89 €,34.95 €,Tennis Clothing,2026-09-11 14:51:34,Tennis Warehouse Europe,https://www.tenniswarehouse-europe.com/Bjorn_Borg_Womens_Summer_Stretch_Shorty/descpageWABBAPP-BJSTRSH-EN.html?color=LGR,Bjšrn Borg
Bjorn Borg Women's Summer Stretch Shorty,27.89 €,34.95 €,Tennis Clothing,2026-09-11 14:51:34,Tennis Warehouse Europe,https://www.tenniswarehouse-europe.com/Bjorn_Borg_Womens_Summer_Stretch_Shorty/descpageWABBAPP-BJSTRSH-EN.html?color=PK,Bjšrn Borg
Bjorn Borg Women's Summer Stretch Shorty,27.89 €,34.95 €,Tennis Clothing,2026-09-11 14:51:34,Tennis Warehouse Europe,https://www.tenniswarehouse-europe.com/Bjorn_Borg_Womens_Summer_Stretch_Shorty/descpageWABBAPP-BJSTRSH-EN.html?color=RY,Bjšrn Borg
Bjorn Borg Women's Spring Ace Ribbed Dress,41.90 €,59.95 €,Tennis Clothing,2026-09-11 14:51:34,Tennis Warehouse Europe,https://www.tenniswarehouse-europe.com/Bjorn_Borg_Womens_Spring_Ace_Ribbed_Dress/descpageWABBAPP-BSPARD-EN.html?color=GR,Bjšrn Borg
Bjorn Borg Women's Spring Ace V Dress,48.90 €,69.95 €,Tennis Clothing,2026-09-11 14:51:34,Tennis Warehouse Europe,https://www.tenniswarehouse-europe.com/Bjorn_Borg_Womens_Spring_Ace_V_Dress/descpageWABBAPP-BSAVD-EN.html?color=WH,Bjšrn Borg
Bjorn Borg Women's Spring Ace Crop Tank,34.90 €,49.95 €,Tennis Clothing,2026-09-11 14:51:34,Tennis Warehouse Europe,https://www.tenniswarehouse-europe.com/Bjorn_Borg_Womens_Spring_Ace_Crop_Tank/descpageWABBAPP-BJSACRT-EN.html?color=NV,Bjšrn Borg
Bjorn Borg Women's Spring Pleated Skirt,48.90 €,69.95 €,Tennis Clothing,2026-09-11 14:51:34,Tennis Warehouse Europe,https://www.tenniswarehouse-europe.com/Bjorn_Borg_Womens_Spring_Pleated_Skirt/descpageWABBAPP-BJSPLS-EN.html?color=WH,Bjšrn Borg
Bjorn Borg Women's Spring Ace Slim Top,20.90 €,29.95 €,Tennis Clothing,2026-09-11 14:51:34,Tennis Warehouse Europe,https://www.tenniswarehouse-europe.com/Bjorn_Borg_Womens_Spring_Ace_Slim_Top/descpageWABBAPP-BJSPAT-EN.html?color=GR,Bjšrn Borg
Bjorn Borg Women's Spring Pocket Rib Tank,30.90 €,44.95 €,Tennis Clothing,2026-09-11 14:51:34,Tennis Warehouse Europe,https://www.tenniswarehouse-europe.com/Bjorn_Borg_Womens_Spring_Pocket_Rib_Tank/descpageWABBAPP-BSPRTA-EN.html?color=GR,Bjšrn Borg
Bjorn Borg Women's Spring Ace 2-in-1 Short,36.90 €,49.95 €,Tennis Clothing,2026-09-11 14:51:34,Tennis Warehouse Europe,https://www.tenniswarehouse-europe.com/Bjorn_Borg_Womens_Spring_Ace_2-in-1_Short/descpageWABBAPP-BJSA2S-EN.html?color=BK,Bjšrn Borg
Bjorn Borg Women's Winter Ace Rib Pocket Tank,28.91 €,44.95 €,Tennis Clothing,2026-09-11 14:51:34,Tennis Warehouse Europe,https://www.tenniswarehouse-europe.com/Bjorn_Borg_Womens_Winter_Ace_Rib_Pocket_Tank/descpageWABBAPP-BHORIT-EN.html?color=GR,Bjšrn Borg
Bjorn Borg Women's Winter Ace Pocket Skirt,38.90 €,59.95 €,Tennis Clothing,2026-09-11 14:51:34,Tennis Warehouse Europe,https://www.tenniswarehouse-europe.com/Bjorn_Borg_Womens_Winter_Ace_Pocket_Skirt/descpageWABBAPP-BJFAPS-EN.html?color=BL,Bjšrn Borg
Bjorn Borg Women's Fall Boyfriend Crew Sweater,41.90 €,69.95 €,Tennis Clothing,2026-09-11 14:51:34,Tennis Warehouse Europe,https://www.tenniswarehouse-europe.com/Bjorn_Borg_Womens_Fall_Boyfriend_Crew_Sweater/descpageWABBAPP-BJFBOS-EN.html?color=NV,Bjšrn Borg
Bjorn Borg Women's Fall Ace Stretch Shorty,20.90 €,34.95 €,Tennis Clothing,2026-09-11 14:51:34,Tennis Warehouse Europe,https://www.tenniswarehouse-europe.com/Bjorn_Borg_Womens_Fall_Ace_Stretch_Shorty/descpageWABBAPP-BJFACS-EN.html?color=BL,Bjšrn Borg
Bjorn Borg Women's Fall Soft Racerback Tank,17.90 €,29.95 €,Tennis Clothing,2026-09-11 14:51:34,Tennis Warehouse Europe,https://www.tenniswarehouse-europe.com/Bjorn_Borg_Womens_Fall_Soft_Racerback_Tank/descpageWABBAPP-BFSRT-EN.html?color=GR,Bjšrn Borg
Bjorn Borg Women's Fall Ace Rib Pocket Tank,39.89 €,44.95 €,Tennis Clothing,2026-09-11 14:51:34,Tennis Warehouse Europe,https://www.tenniswarehouse-europe.com/Bjorn_Borg_Womens_Fall_Ace_Rib_Pocket_Tank/descpageWABBAPP-BFARIT-EN.html?color=BK,Bjšrn Borg
Bjorn Borg Women's Fall Ace V Dress,34.90 €,69.95 €,Tennis Clothing,2026-09-11 14:51:34,Tennis Warehouse Europe,https://www.tenniswarehouse-europe.com/Bjorn_Borg_Womens_Fall_Ace_V_Dress/descpageWABBAPP-BBFAVD-EN.html?color=BL,Bjšrn Borg
Women's V-Neck Tank,51.90 €,58.00 €,Tennis Clothing,2026-09-11 14:51:34,Tennis Warehouse Europe,https://www.tenniswarehouse-europe.com/BOAST_Womens_V-Neck_Tank/descpageWABOAST-BWVTK-EN.html?color=LB,BOAST
Women's V-Neck Tank,51.90 €,58.00 €,Tennis Clothing,2026-09-11 14:51:34,Tennis Warehouse Europe,https://www.tenniswarehouse-europe.com/BOAST_Womens_V-Neck_Tank/descpageWABOAST-BWVTK-EN.html?color=NV,BOAST
Women's V-Neck Tank,51.90 €,58.00 €,Tennis Clothing,2026-09-11 14:51:34,Tennis Warehouse Europe,https://www.tenniswarehouse-europe.com/BOAST_Womens_V-Neck_Tank/descpageWABOAST-BWVTK-EN.html?color=WH,BOAST
Women's 2-in-1 Pleated Skirt,74.90 €,83.00 €,Tennis Clothing,2026-09-11 14:51:34,Tennis Warehouse Europe,https://www.tenniswarehouse-europe.com/BOAST_Womens_2-in-1_Pleated_Skirt/descpageWABOAST-BWPLSK-EN.html?color=NV,BOAST
Women's 2-in-1 Pleated Skirt,74.90 €,83.00 €,Tennis Clothing,2026-09-11 14:51:34,Tennis Warehouse Europe,https://www.tenniswarehouse-europe.com/BOAST_Womens_2-in-1_Pleated_Skirt/descpageWABOAST-BWPLSK-EN.html?color=WH,BOAST
Women's Zipper Tennis Dress,104.90 €,117.00 €,Tennis Clothing,2026-09-11 14:51:34,Tennis Warehouse Europe,https://www.tenniswarehouse-europe.com/BOAST_Womens_Zipper_Tennis_Dress/descpageWABOAST-BWZTED-EN.html?color=WH,BOAST
Women's V-Neck Dress,112.90 €,126.00 €,Tennis Clothing,2026-09-11 14:51:34,Tennis Warehouse Europe,https://www.tenniswarehouse-europe.com/BOAST_Womens_V-Neck_Dress/descpageWABOAST-BWVND-EN.html?color=NV,BOAST
Women's Omur Top,44.89 €,49.99 €,Tennis Clothing,2026-09-11 14:51:34,Tennis Warehouse Europe,https://www.tenniswarehouse-europe.com/Bullpadel_Womens_Omur_Top/descpageWABULLPA-BWOMUT-EN.html?color=PU,Bullpadel
Hat,14.90 €,16.99 €,Tennis Clothing,2026-09-11 14:51:34,Tennis Warehouse Europe,https://www.tenniswarehouse-europe.com/Bullpadel_Hat/descpageBULLPA-BULHT-EN.html?color=BK,Bullpadel
Performance Hat,14.89 €,16.99 €,Tennis Clothing,2026-09-11 14:51:34,Tennis Warehouse Europe,https://www.tenniswarehouse-europe.com/Bullpadel_Performance_Hat/descpageBULLPA-BUPEFH-EN.html?color=BK,Bullpadel
Performance Hat,15.89 €,17.99 €,Tennis Clothing,2026-09-11 14:51:34,Tennis Warehouse Europe,https://www.tenniswarehouse-europe.com/Bullpadel_Performance_Hat/descpageBULLPA-BUPERH-EN.html?color=GY,Bullpadel
Performance Hat,15.89 €,17.99 €,Tennis Clothing,2026-09-11 14:51:34,Tennis Warehouse Europe,https://www.tenniswarehouse-europe.com/Bullpadel_Performance_Hat/descpageBULLPA-BUPERH-EN.html?color=NV,Bullpadel
Performance Hat,15.89 €,17.99 €,Tennis Clothing,2026-09-11 14:51:34,Tennis Warehouse Europe,https://www.tenniswarehouse-europe.com/Bullpadel_Performance_Hat/descpageBULLPA-BUPERH-EN.html?color=WH,Bullpadel
Hat,14.90 €,16.99 €,Tennis Clothing,2026-09-11 14:51:34,Tennis Warehouse Europe,https://www.tenniswarehouse-europe.com/Bullpadel_Hat/descpageBULLPA-BULHBWG-EN.html?color=BK,Bullpadel
Hat,14.90 €,16.99 €,Tennis Clothing,2026-09-11 14:51:34,Tennis Warehouse Europe,https://www.tenniswarehouse-europe.com/Bullpadel_Hat/descpageBULLPA-BULHBWG-EN.html?color=GY,Bullpadel
Hat,14.90 €,16.99 €,Tennis Clothing,2026-09-11 14:51:34,Tennis Warehouse Europe,https://www.tenniswarehouse-europe.com/Bullpadel_Hat/descpageBULLPA-BULHBWG-EN.html?color=WH,Bullpadel
Hat,14.90 €,17.99 €,Tennis Clothing,2026-09-11 14:51:34,Tennis Warehouse Europe,https://www.tenniswarehouse-europe.com/Bullpadel_Hat/descpageBULLPA-BULPHAM-EN.html?color=BK,Bullpadel
Hat,14.90 €,17.99 €,Tennis Clothing,2026-09-11 14:51:34,Tennis Warehouse Europe,https://www.tenniswarehouse-europe.com/Bullpadel_Hat/descpageBULLPA-BULPHAM-EN.html?color=NV,Bullpadel
Hat,14.90 €,17.99 €,Tennis Clothing,2026-09-11 14:51:34,Tennis Warehouse Europe,https://www.tenniswarehouse-europe.com/Bullpadel_Hat/descpageBULLPA-BULPHAM-EN.html?color=OW,Bullpadel
Hat,15.90 €,16.99 €,Tennis Clothing,2026-09-11 14:51:34,Tennis Warehouse Europe,https://www.tenniswarehouse-europe.com/Bullpadel_Hat/descpageBULLPA-BULHAG-EN.html?color=GN,Bullpadel
Basic Singlewide Wristbands,13.90 €,15.99 €,Tennis Clothing,2026-09-11 14:51:34,Tennis Warehouse Europe,https://www.tenniswarehouse-europe.com/Bullpadel_Basic_Singlewide_Wristbands/descpageBULLPA-BDUWWWB-EN.html?color=GRG,Bullpadel
Basic Singlewide Wristbands,13.90 €,15.99 €,Tennis Clothing,2026-09-11 14:51:34,Tennis Warehouse Europe,https://www.tenniswarehouse-europe.com/Bullpadel_Basic_Singlewide_Wristbands/descpageBULLPA-BDUWWWB-EN.html?color=RDG,Bullpadel
Basic Doublewide Wristbands,13.90 €,15.99 €,Tennis Clothing,2026-09-11 14:51:34,Tennis Warehouse Europe,https://www.tenniswarehouse-europe.com/Bullpadel_Basic_Doublewide_Wristbands/descpageBULLPA-BDUWR3-EN.html?color=RDG,Bullpadel
Basic Doublewide Wristbands,13.90 €,15.99 €,Tennis Clothing,2026-09-11 14:51:34,Tennis Warehouse Europe,https://www.tenniswarehouse-europe.com/Bullpadel_Basic_Doublewide_Wristbands/descpageBULLPA-BDUWR3-EN.html?color=WHN,Bullpadel
Basic Singlewide Wristbands,13.90 €,15.99 €,Tennis Clothing,2026-09-11 14:51:34,Tennis Warehouse Europe,https://www.tenniswarehouse-europe.com/Bullpadel_Basic_Singlewide_Wristbands/descpageBULLPA-BDUWWR-EN.html?color=ON,Bullpadel
Basic Doublewide Wristbands,13.90 €,15.99 €,Tennis Clothing,2026-09-11 14:51:34,Tennis Warehouse Europe,https://www.tenniswarehouse-europe.com/Bullpadel_Basic_Doublewide_Wristbands/descpageBULLPA-BDUWR31-EN.html?color=BKW,Bullpadel
Basic Doublewide Wristbands,13.90 €,15.99 €,Tennis Clothing,2026-09-11 14:51:34,Tennis Warehouse Europe,https://www.tenniswarehouse-europe.com/Bullpadel_Basic_Doublewide_Wristbands/descpageBULLPA-BDUWR31-EN.html?color=NG,Bullpadel
Basic Doublewide Wristbands,13.90 €,15.99 €,Tennis Clothing,2026-09-11 14:51:34,Tennis Warehouse Europe,https://www.tenniswarehouse-europe.com/Bullpadel_Basic_Doublewide_Wristbands/descpageBULLPA-BDUWR31-EN.html?color=WHO,Bullpadel
Basic Doublewide Wristbands,13.90 €,15.99 €,Tennis Clothing,2026-09-11 14:51:34,Tennis Warehouse Europe,https://www.tenniswarehouse-europe.com/Bullpadel_Basic_Doublewide_Wristbands/descpageBULLPA-BDUWR2C-EN.html?color=ON,Bullpadel
Women's Spring Tamaria Dress,63.90 €,84.99 €,Tennis Clothing,2026-09-11 14:51:34,Tennis Warehouse Europe,https://www.tenniswarehouse-europe.com/Bullpadel_Womens_Spring_Tamaria_Dress/descpageWABULLPA-BWDTAMA-EN.html?color=BL,Bullpadel
Women's Spring Tamaria Dress,63.90 €,84.99 €,Tennis Clothing,2026-09-11 14:51:34,Tennis Warehouse Europe,https://www.tenniswarehouse-europe.com/Bullpadel_Womens_Spring_Tamaria_Dress/descpageWABULLPA-BWDTAMA-EN.html?color=WH,Bullpadel
Women's Spring Talava Tank,32.90 €,43.99 €,Tennis Clothing,2026-09-11 14:51:34,Tennis Warehouse Europe,https://www.tenniswarehouse-europe.com/Bullpadel_Womens_Spring_Talava_Tank/descpageWABULLPA-BWTALAV-EN.html?color=BL,Bullpadel
Women's Spring Talava Tank,32.90 €,43.99 €,Tennis Clothing,2026-09-11 14:51:34,Tennis Warehouse Europe,https://www.tenniswarehouse-europe.com/Bullpadel_Womens_Spring_Talava_Tank/descpageWABULLPA-BWTALAV-EN.html?color=NV,Bullpadel
Women's Spring Tajar Skirt,40.90 €,54.99 €,Tennis Clothing,2026-09-11 14:51:34,Tennis Warehouse Europe,https://www.tenniswarehouse-europe.com/Bullpadel_Womens_Spring_Tajar_Skirt/descpageWABULLPA-BWSTAJA-EN.html?color=NV,Bullpadel
Women's Spring Tajar Skirt,40.90 €,54.99 €,Tennis Clothing,2026-09-11 14:51:34,Tennis Warehouse Europe,https://www.tenniswarehouse-europe.com/Bullpadel_Womens_Spring_Tajar_Skirt/descpageWABULLPA-BWSTAJA-EN.html?color=WH,Bullpadel
Women's Gemma Triay Tank,36.90 €,53.00 €,Tennis Clothing,2026-09-11 14:51:34,Tennis Warehouse Europe,https://www.tenniswarehouse-europe.com/Bullpadel_Womens_Gemma_Triay_Tank/descpageWABULLPA-BWBGEMA-EN.html?color=RD,Bullpadel
Women's Fall Conso Tank,31.90 €,45.99 €,Tennis Clothing,2026-09-11 14:51:34,Tennis Warehouse Europe,https://www.tenniswarehouse-europe.com/Bullpadel_Womens_Fall_Conso_Tank/descpageWABULLPA-BWFCT-EN.html?color=LV,Bullpadel
Women's Fall Chamuy Top,33.90 €,48.99 €,Tennis Clothing,2026-09-11 14:51:34,Tennis Warehouse Europe,https://www.tenniswarehouse-europe.com/Bullpadel_Womens_Fall_Chamuy_Top/descpageWABULLPA-BWFCHT-EN.html?color=PU,Bullpadel
Women's Spring Abure Tank,23.90 €,39.99 €,Tennis Clothing,2026-09-11 14:51:34,Tennis Warehouse Europe,https://www.tenniswarehouse-europe.com/Bullpadel_Womens_Spring_Abure_Tank/descpageWABULLPA-BWSABTA-EN.html?color=GR,Bullpadel
Women's Spring Dan Tank,28.91 €,47.99 €,Tennis Clothing,2026-09-11 14:51:34,Tennis Warehouse Europe,https://www.tenniswarehouse-europe.com/Bullpadel_Womens_Spring_Dan_Tank/descpageWABULLPA-BWSDATA-EN.html?color=BL,Bullpadel
Women's Spring Dan Tank,28.91 €,47.99 €,Tennis Clothing,2026-09-11 14:51:34,Tennis Warehouse Europe,https://www.tenniswarehouse-europe.com/Bullpadel_Womens_Spring_Dan_Tank/descpageWABULLPA-BWSDATA-EN.html?color=PK,Bullpadel
Women's Spring Dictio Short,29.90 €,49.99 €,Tennis Clothing,2026-09-11 14:51:34,Tennis Warehouse Europe,https://www.tenniswarehouse-europe.com/Bullpadel_Womens_Spring_Dictio_Short/descpageWABULLPA-BWSDISH-EN.html?color=BL,Bullpadel
Dunlop Women's Club Top,30.90 €,34.99 €,Tennis Clothing,2026-09-11 14:51:34,Tennis Warehouse Europe,https://www.tenniswarehouse-europe.com/Dunlop_Womens_Club_Top/descpageWADUNAGER-DWCLCRE-EN.html?color=BK,Dunlop Apparel Germany
Dunlop Women's Club Top,30.90 €,34.99 €,Tennis Clothing,2026-09-11 14:51:34,Tennis Warehouse Europe,https://www.tenniswarehouse-europe.com/Dunlop_Womens_Club_Top/descpageWADUNAGER-DWCLCRE-EN.html?color=RD,Dunlop Apparel Germany
Dunlop Women's Club Tank,26.89 €,29.99 €,Tennis Clothing,2026-09-11 14:51:34,Tennis Warehouse Europe,https://www.tenniswarehouse-europe.com/Dunlop_Womens_Club_Tank/descpageWADUNAGER-DUWCTAN-EN.html?color=BK,Dunlop Apparel Germany
Dunlop Women's Club Tank,26.89 €,29.99 €,Tennis Clothing,2026-09-11 14:51:34,Tennis Warehouse Europe,https://www.tenniswarehouse-europe.com/Dunlop_Womens_Club_Tank/descpageWADUNAGER-DUWCTAN-EN.html?color=RD,Dunlop Apparel Germany
Dunlop Women's Club Skirt,30.90 €,34.99 €,Tennis Clothing,2026-09-11 14:51:34,Tennis Warehouse Europe,https://www.tenniswarehouse-europe.com/Dunlop_Womens_Club_Skirt/descpageWADUNAGER-DWCLSKI-EN.html?color=BK,Dunlop Apparel Germany
Dunlop Women's Club Skirt,30.90 €,34.99 €,Tennis Clothing,2026-09-11 14:51:34,Tennis Warehouse Europe,https://www.tenniswarehouse-europe.com/Dunlop_Womens_Club_Skirt/descpageWADUNAGER-DWCLSKI-EN.html?color=NV,Dunlop Apparel Germany
Dunlop Women's Club Skirt,30.90 €,34.99 €,Tennis Clothing,2026-09-11 14:51:34,Tennis Warehouse Europe,https://www.tenniswarehouse-europe.com/Dunlop_Womens_Club_Skirt/descpageWADUNAGER-DWCLSKI-EN.html?color=WH,Dunlop Apparel Germany
Fila Women's Franja Dress,59.90 €,89.99 €,Tennis Clothing,2026-09-11 14:51:34,Tennis Warehouse Europe,https://www.tenniswarehouse-europe.com/Fila_Womens_Franja_Dress/descpageWAFILAA-FWFRD-EN.html?color=NV,Fila Apparel Germany
Fila Women's Angelika Tank,40.90 €,44.99 €,Tennis Clothing,2026-09-11 14:51:34,Tennis Warehouse Europe,https://www.tenniswarehouse-europe.com/Fila_Womens_Angelika_Tank/descpageWAFILAA-FWANGT-EN.html?color=NV,Fila Apparel Germany
Fila Women's Angelika Tank,40.90 €,44.99 €,Tennis Clothing,2026-09-11 14:51:34,Tennis Warehouse Europe,https://www.tenniswarehouse-europe.com/Fila_Womens_Angelika_Tank/descpageWAFILAA-FWANGT-EN.html?color=RD,Fila Apparel Germany
Fila Women's Angelika Tank,40.90 €,44.99 €,Tennis Clothing,2026-09-11 14:51:34,Tennis Warehouse Europe,https://www.tenniswarehouse-europe.com/Fila_Womens_Angelika_Tank/descpageWAFILAA-FWANGT-EN.html?color=WH,Fila Apparel Germany
Fila Women's Alma Tank,44.90 €,50.00 €,Tennis Clothing,2026-09-11 14:51:34,Tennis Warehouse Europe,https://www.tenniswarehouse-europe.com/Fila_Womens_Alma_Tank/descpageWAFILAA-FWALMTA-EN.html?color=NV,Fila Apparel Germany
Fila Women's Alma Tank,44.90 €,50.00 €,Tennis Clothing,2026-09-11 14:51:34,Tennis Warehouse Europe,https://www.tenniswarehouse-europe.com/Fila_Womens_Alma_Tank/descpageWAFILAA-FWALMTA-EN.html?color=RD,Fila Apparel Germany
Fila Women's Nicci Skirt,53.90 €,59.99 €,Tennis Clothing,2026-09-11 14:51:34,Tennis Warehouse Europe,https://www.tenniswarehouse-europe.com/Fila_Womens_Nicci_Skirt/descpageWAFILAA-FWNICCI-EN.html?color=NV,Fila Apparel Germany
Fila Women's Nicci Skirt,53.90 €,59.99 €,Tennis Clothing,2026-09-11 14:51:34,Tennis Warehouse Europe,https://www.tenniswarehouse-europe.com/Fila_Womens_Nicci_Skirt/descpageWAFILAA-FWNICCI-EN.html?color=RD,Fila Apparel Germany
Fila Women's Isla Skirt,58.91 €,64.99 €,Tennis Clothing,2026-09-11 14:51:34,Tennis Warehouse Europe,https://www.tenniswarehouse-europe.com/Fila_Womens_Isla_Skirt/descpageWAFILAA-FWISLSK-EN.html?color=NV,Fila Apparel Germany
Fila Women's Isla Skirt,58.91 €,64.99 €,Tennis Clothing,2026-09-11 14:51:34,Tennis Warehouse Europe,https://www.tenniswarehouse-europe.com/Fila_Womens_Isla_Skirt/descpageWAFILAA-FWISLSK-EN.html?color=RD,Fila Apparel Germany
Fila Women's Isla Skirt,58.91 €,64.99 €,Tennis Clothing,2026-09-11 14:51:34,Tennis Warehouse Europe,https://www.tenniswarehouse-europe.com/Fila_Womens_Isla_Skirt/descpageWAFILAA-FWISLSK-EN.html?color=WH,Fila Apparel Germany
Fila Women's Luna Short,49.90 €,54.99 €,Tennis Clothing,2026-09-11 14:51:34,Tennis Warehouse Europe,https://www.tenniswarehouse-europe.com/Fila_Womens_Luna_Short/descpageWAFILAA-FWLUNS-EN.html?color=NV,Fila Apparel Germany
Fila Women's Core Bella Shorty,26.89 €,29.99 €,Tennis Clothing,2026-09-11 14:51:34,Tennis Warehouse Europe,https://www.tenniswarehouse-europe.com/Fila_Womens_Core_Bella_Shorty/descpageWAFILAA-FWSBSY-EN.html?color=NV,Fila Apparel Germany
Fila Women's Core Bella Shorty,26.89 €,29.99 €,Tennis Clothing,2026-09-11 14:51:34,Tennis Warehouse Europe,https://www.tenniswarehouse-europe.com/Fila_Womens_Core_Bella_Shorty/descpageWAFILAA-FWSBSY-EN.html?color=WH,Fila Apparel Germany
Fila Women's Core Sina Skirt with Tight,57.91 €,64.99 €,Tennis Clothing,2026-09-11 14:51:34,Tennis Warehouse Europe,https://www.tenniswarehouse-europe.com/Fila_Womens_Core_Sina_Skirt_with_Tight/descpageWAFILAA-FWSINA-EN.html?color=NV,Fila Apparel Germany
Fila Spring Mesh cap Sampau Hat Red,19.90 €,24.50 €,Tennis Clothing,2026-09-11 14:51:34,Tennis Warehouse Europe,https://www.tenniswarehouse-europe.com/Fila_Spring_Mesh_cap_Sampau_Hat_Red/descpageFILAA-FSSHWRD2-EN.html,Fila Apparel Germany
Fila Spring Mesh cap Sampau Hat White,22.90 €,24.50 €,Tennis Clothing,2026-09-11 14:51:34,Tennis Warehouse Europe,https://www.tenniswarehouse-europe.com/Fila_Spring_Mesh_cap_Sampau_Hat_White/descpageFILAA-FSSHWH2-EN.html,Fila Apparel Germany
Fila Max Hat,15.90 €,20.00 €,Tennis Clothing,2026-09-11 14:51:34,Tennis Warehouse Europe,https://www.tenniswarehouse-europe.com/Fila_Max_Hat/descpageFILAA-FMAXHAT-EN.html?color=WH,Fila Apparel Germany
Fila Rune Headband White/Navy/Red,13.90 €,15.00 €,Tennis Clothing,2026-09-11 14:51:34,Tennis Warehouse Europe,https://www.tenniswarehouse-europe.com/Fila_Rune_Headband_White_Navy_Red/descpageFILAA-FFRUNE-EN.html?color=WHN,Fila Apparel Germany
Fila Rory Single Wristband White/Navy/Red,12.90 €,15.00 €,Tennis Clothing,2026-09-11 14:51:34,Tennis Warehouse Europe,https://www.tenniswarehouse-europe.com/Fila_Rory_Single_Wristband_White_Navy_Red/descpageFILAA-FRORY-EN.html?color=WH,Fila Apparel Germany
Fila Arnst Doublewide Wristband Red,7.90 €,9.00 €,Tennis Clothing,2026-09-11 14:51:34,Tennis Warehouse Europe,https://www.tenniswarehouse-europe.com/Fila_Arnst_Doublewide_Wristband_Red/descpageFILAA-FADWBR-EN.html,Fila Apparel Germany
Fila Arnst Doublewide Wristband White,7.90 €,9.00 €,Tennis Clothing,2026-09-11 14:51:34,Tennis Warehouse Europe,https://www.tenniswarehouse-europe.com/Fila_Arnst_Doublewide_Wristband_White/descpageFILAA-FADWBW-EN.html,Fila Apparel Germany
Fila Arnst Doublewide Wristband Navy,7.90 €,9.00 €,Tennis Clothing,2026-09-11 14:51:34,Tennis Warehouse Europe,https://www.tenniswarehouse-europe.com/Fila_Arnst_Doublewide_Wristband_Navy/descpageFILAA-FADWBN-EN.html,Fila Apparel Germany
Women's Move Tank,44.90 €,50.00 €,Tennis Clothing,2026-09-11 14:51:34,Tennis Warehouse Europe,https://www.tenniswarehouse-europe.com/HEAD_Womens_Move_Tank/descpageWAHEAD-HWMOTAP-EN.html?color=LB,Head
Women's Move Skirt,49.90 €,55.00 €,Tennis Clothing,2026-09-11 14:51:34,Tennis Warehouse Europe,https://www.tenniswarehouse-europe.com/HEAD_Womens_Move_Skirt/descpageWAHEAD-HWMOVSB-EN.html?color=LB,Head
Women's Play Shorts,58.91 €,65.00 €,Tennis Clothing,2026-09-11 14:51:34,Tennis Warehouse Europe,https://www.tenniswarehouse-europe.com/HEAD_Womens_Play_Shorts/descpageWAHEAD-HWP2I1S-EN.html?color=NV,Head
Women's Tech Tight,71.90 €,80.00 €,Tennis Clothing,2026-09-11 14:51:34,Tennis Warehouse Europe,https://www.tenniswarehouse-europe.com/HEAD_Womens_Tech_Tight/descpageWAHEAD-HWTECTI-EN.html?color=BK,Head
Women's Tech Tight,71.90 €,80.00 €,Tennis Clothing,2026-09-11 14:51:34,Tennis Warehouse Europe,https://www.tenniswarehouse-europe.com/HEAD_Womens_Tech_Tight/descpageWAHEAD-HWTECTI-EN.html?color=NV,Head
Women's Club Original Hoodie,49.90 €,55.00 €,Tennis Clothing,2026-09-11 14:51:34,Tennis Warehouse Europe,https://www.tenniswarehouse-europe.com/HEAD_Womens_Club_Original_Hoodie/descpageWAHEAD-HWCLOHO-EN.html?color=LB,Head
Women's Vision Jacket,98.90 €,110.00 €,Tennis Clothing,2026-09-11 14:51:34,Tennis Warehouse Europe,https://www.tenniswarehouse-europe.com/HEAD_Womens_Vision_Jacket/descpageWAHEAD-HWVISJA-EN.html?color=NV,Head
Women's Vision Pant,80.90 €,90.00 €,Tennis Clothing,2026-09-11 14:51:34,Tennis Warehouse Europe,https://www.tenniswarehouse-europe.com/HEAD_Womens_Vision_Pant/descpageWAHEAD-HWVISPA-EN.html?color=NV,Head
Women's Club Tank,40.90 €,45.00 €,Tennis Clothing,2026-09-11 14:51:34,Tennis Warehouse Europe,https://www.tenniswarehouse-europe.com/HEAD_Womens_Club_Tank/descpageWAHEAD-HWCLTAN-EN.html?color=WH,Head
Women's Club Tank,40.90 €,45.00 €,Tennis Clothing,2026-09-11 14:51:34,Tennis Warehouse Europe,https://www.tenniswarehouse-europe.com/HEAD_Womens_Club_Tank/descpageWAHEAD-HWCLTAN-EN.html?color=WRY,Head
Women's Club Top,29.90 €,40.00 €,Tennis Clothing,2026-09-11 14:51:34,Tennis Warehouse Europe,https://www.tenniswarehouse-europe.com/HEAD_Womens_Club_Top/descpageWAHEAD-HWCLUTO-EN.html?color=NV,Head
Women's Club Top,29.90 €,40.00 €,Tennis Clothing,2026-09-11 14:51:34,Tennis Warehouse Europe,https://www.tenniswarehouse-europe.com/HEAD_Womens_Club_Top/descpageWAHEAD-HWCLUTO-EN.html?color=WH,Head
Women's Club Skirt,26.89 € - 31.90 €,45.00€,Tennis Clothing,2026-09-11 14:51:34,Tennis Warehouse Europe,https://www.tenniswarehouse-europe.com/HEAD_Womens_Club_Skirt/descpageWAHEAD-HWCSKI-EN.html?color=BK,Head
Women's Club Skirt,26.89 € - 31.90 €,45.00€,Tennis Clothing,2026-09-11 14:51:34,Tennis Warehouse Europe,https://www.tenniswarehouse-europe.com/HEAD_Womens_Club_Skirt/descpageWAHEAD-HWCSKI-EN.html?color=NV,Head
Women's Club Skirt,26.89 € - 31.90 €,45.00€,Tennis Clothing,2026-09-11 14:51:34,Tennis Warehouse Europe,https://www.tenniswarehouse-europe.com/HEAD_Womens_Club_Skirt/descpageWAHEAD-HWCSKI-EN.html?color=WH,Head
Women's Club Shorts,40.90 €,45.00 €,Tennis Clothing,2026-09-11 14:51:34,Tennis Warehouse Europe,https://www.tenniswarehouse-europe.com/HEAD_Womens_Club_Shorts/descpageWAHEAD-HWCLUSH-EN.html?color=NV,Head
Women's Club 3/4 Tight Skort,58.90 €,65.00 €,Tennis Clothing,2026-09-11 14:51:34,Tennis Warehouse Europe,https://www.tenniswarehouse-europe.com/HEAD_Womens_Club_3_4_Tight_Skort/descpageWAHEAD-HWESSTS-EN.html?color=BK,Head
Women's Club 3/4 Tight Skort,58.90 €,65.00 €,Tennis Clothing,2026-09-11 14:51:34,Tennis Warehouse Europe,https://www.tenniswarehouse-europe.com/HEAD_Womens_Club_3_4_Tight_Skort/descpageWAHEAD-HWESSTS-EN.html?color=NV,Head
Women's Club Jacket,49.90 €,70.00 €,Tennis Clothing,2026-09-11 14:51:34,Tennis Warehouse Europe,https://www.tenniswarehouse-europe.com/HEAD_Womens_Club_Jacket/descpageWAHEAD-HWCLUJA-EN.html?color=NV,Head
Women's Club Hoodie,39.90 €,55.00 €,Tennis Clothing,2026-09-11 14:51:34,Tennis Warehouse Europe,https://www.tenniswarehouse-europe.com/HEAD_Womens_Club_Hoodie/descpageWAHEAD-HWCHOOD-EN.html?color=GY,Head
Pro Player Hat,22.90 €,25.00 €,Tennis Clothing,2026-09-11 14:51:34,Tennis Warehouse Europe,https://www.tenniswarehouse-europe.com/HEAD_Pro_Player_Hat/descpageHEAD-HPRPLH2-EN.html?color=TU,Head
Pro Player Hat,22.50 €,25.00 €,Tennis Clothing,2026-09-11 14:51:34,Tennis Warehouse Europe,https://www.tenniswarehouse-europe.com/HEAD_Pro_Player_Hat/descpageHEAD-HPROPLH-EN.html?color=BK,Head
Pro Player Hat,22.50 €,25.00 €,Tennis Clothing,2026-09-11 14:51:34,Tennis Warehouse Europe,https://www.tenniswarehouse-europe.com/HEAD_Pro_Player_Hat/descpageHEAD-HPROPLH-EN.html?color=NV,Head
Pro Player Hat,22.50 €,25.00 €,Tennis Clothing,2026-09-11 14:51:34,Tennis Warehouse Europe,https://www.tenniswarehouse-europe.com/HEAD_Pro_Player_Hat/descpageHEAD-HPROPLH-EN.html?color=WH,Head
Pro Player Visor,20.90 €,23.00 €,Tennis Clothing,2026-09-11 14:51:34,Tennis Warehouse Europe,https://www.tenniswarehouse-europe.com/HEAD_Pro_Player_Visor/descpageHEAD-HPPLAVI-EN.html?color=NV,Head
Pro Player Visor,20.90 €,23.00 €,Tennis Clothing,2026-09-11 14:51:34,Tennis Warehouse Europe,https://www.tenniswarehouse-europe.com/HEAD_Pro_Player_Visor/descpageHEAD-HPPLAVS-EN.html?color=BL,Head
Kid's Pro Player Hat,20.90 €,23.00 €,Tennis Clothing,2026-09-11 14:51:34,Tennis Warehouse Europe,https://www.tenniswarehouse-europe.com/HEAD_Kids_Pro_Player_Hat/descpageHEAD-HKILBT-EN.html?color=BL,Head
Kid's Pro Player Hat,20.90 €,23.00 €,Tennis Clothing,2026-09-11 14:51:34,Tennis Warehouse Europe,https://www.tenniswarehouse-europe.com/HEAD_Kids_Pro_Player_Hat/descpageHEAD-HKILBT-EN.html?color=TU,Head
Kid's Pro Player Hat,22.00 €,23.00 €,Tennis Clothing,2026-09-11 14:51:34,Tennis Warehouse Europe,https://www.tenniswarehouse-europe.com/HEAD_Kids_Pro_Player_Hat/descpageHEAD-HKILFH-EN.html?color=BK,Head
Kid's Pro Player Hat,22.00 €,23.00 €,Tennis Clothing,2026-09-11 14:51:34,Tennis Warehouse Europe,https://www.tenniswarehouse-europe.com/HEAD_Kids_Pro_Player_Hat/descpageHEAD-HKILFH-EN.html?color=NV,Head
Striped Doublewide Wristband,8.90 €,10.00 €,Tennis Clothing,2026-09-11 14:51:34,Tennis Warehouse Europe,https://www.tenniswarehouse-europe.com/HEAD_Striped_Doublewide_Wristband/descpageHEAD-HEAS5W2-EN.html?color=BTW,Head
Striped Doublewide Wristband,8.90 €,10.00 €,Tennis Clothing,2026-09-11 14:51:34,Tennis Warehouse Europe,https://www.tenniswarehouse-europe.com/HEAD_Striped_Doublewide_Wristband/descpageHEAD-HEAS5W2-EN.html?color=RDW,Head
Striped Doublewide Wristband,8.90 €,10.00 €,Tennis Clothing,2026-09-11 14:51:34,Tennis Warehouse Europe,https://www.tenniswarehouse-europe.com/HEAD_Striped_Doublewide_Wristband/descpageHEAD-HEAS5W2-EN.html?color=WHN,Head
Striped Doublewide Wristband,8.90 €,10.00 €,Tennis Clothing,2026-09-11 14:51:34,Tennis Warehouse Europe,https://www.tenniswarehouse-europe.com/HEAD_Striped_Doublewide_Wristband/descpageHEAD-HEADS5W-EN.html?color=BWH,Head
Striped Doublewide Wristband,8.90 €,10.00 €,Tennis Clothing,2026-09-11 14:51:34,Tennis Warehouse Europe,https://www.tenniswarehouse-europe.com/HEAD_Striped_Doublewide_Wristband/descpageHEAD-HEADS5W-EN.html?color=WHO,Head
Wristbands Logo Large Purple,8.90 €,10.00 €,Tennis Clothing,2026-09-11 14:51:34,Tennis Warehouse Europe,https://www.tenniswarehouse-europe.com/Head_Wristbands_Logo_Large_Purple/descpageHEAD-HLWPUR-EN.html,Head
Wristbands Logo Large Lt. Green,8.90 €,10.00 €,Tennis Clothing,2026-09-11 14:51:34,Tennis Warehouse Europe,https://www.tenniswarehouse-europe.com/Head_Wristbands_Logo_Large_Lt_Green/descpageHEAD-HLWGREY-EN.html,Head
Wristbands Logo Large Blue,8.90 €,,Tennis Clothing,2026-09-11 14:51:34,Tennis Warehouse Europe,https://www.tenniswarehouse-europe.com/HEAD_Wristbands_Logo_Large_Blue/descpageHEAD-HLWBLUE-EN.html,Head
Wristbands Logo Large Navy,8.90 €,10.00 €,Tennis Clothing,2026-09-11 14:51:34,Tennis Warehouse Europe,https://www.tenniswarehouse-europe.com/HEAD_Wristbands_Logo_Large_Navy/descpageHEAD-HLWNV-EN.html,Head
Wristband Logo Large Black,8.90 €,10.00 €,Tennis Clothing,2026-09-11 14:51:34,Tennis Warehouse Europe,https://www.tenniswarehouse-europe.com/HEAD_Wristband_Logo_Large_Black/descpageHEAD-HWBLLBK-EN.html,Head
Wristband Logo Large White,8.90 €,10.00 €,Tennis Clothing,2026-09-11 14:51:34,Tennis Warehouse Europe,https://www.tenniswarehouse-europe.com/HEAD_Wristband_Logo_Large_White/descpageHEAD-HWBLLWH-EN.html,Head
Head Tie,15.90 €,17.00 €,Tennis Clothing,2026-09-11 14:51:34,Tennis Warehouse Europe,https://www.tenniswarehouse-europe.com/HEAD_Head_Tie/descpageHEAD-HEADBAN-EN.html?color=WBL,Head
Head Tie,15.90 €,17.00 €,Tennis Clothing,2026-09-11 14:51:34,Tennis Warehouse Europe,https://www.tenniswarehouse-europe.com/HEAD_Head_Tie/descpageHEAD-HEADBAN-EN.html?color=WYE,Head
Pro Player Headband,10.90 €,12.00 €,Tennis Clothing,2026-09-11 14:51:34,Tennis Warehouse Europe,https://www.tenniswarehouse-europe.com/HEAD_Pro_Player_Headband/descpageHEAD-HEAPPB-EN.html?color=BK,Head
Pro Player Headband,10.90 €,12.00 €,Tennis Clothing,2026-09-11 14:51:34,Tennis Warehouse Europe,https://www.tenniswarehouse-europe.com/HEAD_Pro_Player_Headband/descpageHEAD-HEAPPB-EN.html?color=WH,Head
Tennis Headband,5.90 €,7.00 €,Tennis Clothing,2026-09-11 14:51:34,Tennis Warehouse Europe,https://www.tenniswarehouse-europe.com/HEAD_Tennis_Headband/descpageHEAD-HDTHB-EN.html?color=NV,Head
Tennis Headband,5.90 €,7.00 €,Tennis Clothing,2026-09-11 14:51:34,Tennis Warehouse Europe,https://www.tenniswarehouse-europe.com/HEAD_Tennis_Headband/descpageHEAD-HDTHB-EN.html?color=WH,Head
HEAD Tennis Crew 1-Pack Socks Light Blue,9.90 €,,Tennis Clothing,2026-09-11 14:51:34,Tennis Warehouse Europe,https://www.tenniswarehouse-europe.com/HEAD_Tennis_Crew_1-Pack_Socks_Light_Blue/descpageMADOBOT-HTC1BLN-EN.html?color=LBL,stichd -
HEAD Tennis Crew 1-Pack Socks Light Pink,9.90 €,,Tennis Clothing,2026-09-11 14:51:34,Tennis Warehouse Europe,https://www.tenniswarehouse-europe.com/HEAD_Tennis_Crew_1-Pack_Socks_Light_Pink/descpageMADOBOT-HTC1PIN-EN.html?color=PK,stichd -
HEAD Tennis Crew 1-Pack Socks Yellow,9.90 €,,Tennis Clothing,2026-09-11 14:51:34,Tennis Warehouse Europe,https://www.tenniswarehouse-europe.com/HEAD_Tennis_Crew_1-Pack_Socks_Yellow/descpageMADOBOT-HTC1YEN-EN.html?color=YE,stichd -
HEAD Tennis Crew 1-Pack Socks Black,9.90 €,,Tennis Clothing,2026-09-11 14:51:34,Tennis Warehouse Europe,https://www.tenniswarehouse-europe.com/HEAD_Tennis_Crew_1-Pack_Socks_Black/descpageMADOBOT-HTC1BKN-EN.html?color=BK,stichd -
HEAD Tennis Crew 1-Pack Socks White,9.90 €,,Tennis Clothing,2026-09-11 14:51:34,Tennis Warehouse Europe,https://www.tenniswarehouse-europe.com/HEAD_Tennis_Crew_1-Pack_Socks_White/descpageMADOBOT-HTC1WHN-EN.html?color=WH,stichd -
HEAD Tennis Quarter 1-Pack Socks Yellow,9.90 €,,Tennis Clothing,2026-09-11 14:51:34,Tennis Warehouse Europe,https://www.tenniswarehouse-europe.com/HEAD_Tennis_Quarter_1-Pack_Socks_Yellow/descpageMADOBOT-HTQ1YWN-EN.html?color=YE,stichd -
HEAD Tennis Quarter 1-Pack Socks Black,9.90 €,,Tennis Clothing,2026-09-11 14:51:34,Tennis Warehouse Europe,https://www.tenniswarehouse-europe.com/HEAD_Tennis_Quarter_1-Pack_Socks_Black/descpageMADOBOT-HTQ1BLN-EN.html?color=BK,stichd -
HEAD Tennis Quarter 1-Pack Socks White,9.90 €,,Tennis Clothing,2026-09-11 14:51:34,Tennis Warehouse Europe,https://www.tenniswarehouse-europe.com/HEAD_Tennis_Quarter_1-Pack_Socks_White/descpageMADOBOT-HTQ1WHN-EN.html?color=WH,stichd -
HEAD Padel Quarter 1-Pack Socks Aqua Blue,11.90 €,,Tennis Clothing,2026-09-11 14:51:34,Tennis Warehouse Europe,https://www.tenniswarehouse-europe.com/HEAD_Padel_Quarter_1-Pack_Socks_Aqua_Blue/descpageMADOBOT-HPQ1ABN-EN.html?color=BL,stichd -
HEAD Padel Quarter 1-Pack Socks Fiery Coral,11.90 €,,Tennis Clothing,2026-09-11 14:51:34,Tennis Warehouse Europe,https://www.tenniswarehouse-europe.com/HEAD_Padel_Quarter_1-Pack_Socks_Fiery_Coral/descpageMADOBOT-HPQ1FCN-EN.html?color=CO,stichd -
HEAD Padel Quarter 1-Pack Socks White,11.90 €,,Tennis Clothing,2026-09-11 14:51:34,Tennis Warehouse Europe,https://www.tenniswarehouse-europe.com/HEAD_Padel_Quarter_1-Pack_Socks_White/descpageMADOBOT-HPQ1WHN-EN.html?color=WH,stichd -
HEAD Performance Quarter 2-Pack Socks Grey/White,7.90 €,,Tennis Clothing,2026-09-11 14:51:34,Tennis Warehouse Europe,https://www.tenniswarehouse-europe.com/HEAD_Performance_Quarter_2-Pack_Socks_Grey_White/descpageMADOBOT-HPQ2PGW-EN.html?color=MX,stichd -
HEAD Performance Quarter 2-Pack Socks White,7.90 €,,Tennis Clothing,2026-09-11 14:51:34,Tennis Warehouse Europe,https://www.tenniswarehouse-europe.com/HEAD_Performance_Quarter_2-Pack_Socks_White/descpageMADOBOT-HPQ2PWH-EN.html?color=WH,stichd -
HEAD Performance Quarter 2-Pack Socks Black,7.90 €,,Tennis Clothing,2026-09-11 14:51:34,Tennis Warehouse Europe,https://www.tenniswarehouse-europe.com/HEAD_Performance_Quarter_2-Pack_Socks_Black/descpageMADOBOT-HPQ2PBL-EN.html?color=BK,stichd -
HEAD Training Sneaker 3-Pack Socks Grey/White/Black,8.90 €,,Tennis Clothing,2026-09-11 14:51:34,Tennis Warehouse Europe,https://www.tenniswarehouse-europe.com/HEAD_Training_Sneaker_3-Pack_Socks_Grey_White_Black/descpageMADOBOT-HPS3MIN-EN.html?color=MX,stichd -
HEAD Training Sneaker 3-Pack Socks White,8.90 €,,Tennis Clothing,2026-09-11 14:51:34,Tennis Warehouse Europe,https://www.tenniswarehouse-europe.com/HEAD_Training_Sneaker_3-Pack_Socks_White/descpageMADOBOT-HPS3WHN-EN.html?color=WH,stichd -
HEAD Training Sneaker 3-Pack Socks Black,8.90 €,,Tennis Clothing,2026-09-11 14:51:34,Tennis Warehouse Europe,https://www.tenniswarehouse-europe.com/HEAD_Training_Sneaker_3-Pack_Socks_Black/descpageMADOBOT-HPS3BLN-EN.html?color=BK,stichd -
HEAD Training Quarter 3-Pack Socks Grey/White/Black,8.90 €,,Tennis Clothing,2026-09-11 14:51:34,Tennis Warehouse Europe,https://www.tenniswarehouse-europe.com/HEAD_Training_Quarter_3-Pack_Socks_Grey_White_Black/descpageMADOBOT-HPQ3PMN-EN.html?color=GYB,stichd -
HEAD Training Quarter 3-Pack Socks Navy,8.90 €,,Tennis Clothing,2026-09-11 14:51:34,Tennis Warehouse Europe,https://www.tenniswarehouse-europe.com/HEAD_Training_Quarter_3-Pack_Socks_Navy/descpageMADOBOT-HPQ3PNN-EN.html?color=NV,stichd -
HEAD Training Quarter 3-Pack Socks White,8.90 €,,Tennis Clothing,2026-09-11 14:51:34,Tennis Warehouse Europe,https://www.tenniswarehouse-europe.com/HEAD_Training_Quarter_3-Pack_Socks_White/descpageMADOBOT-HPQ3PWN-EN.html?color=WH,stichd -
HEAD Training Quarter 3-Pack Socks Black,8.90 €,,Tennis Clothing,2026-09-11 14:51:34,Tennis Warehouse Europe,https://www.tenniswarehouse-europe.com/HEAD_Training_Quarter_3-Pack_Socks_Black/descpageMADOBOT-HPQ2PBN-EN.html?color=BK,stichd -
HEAD Performance Crew 2-Pack Socks Black,7.90 €,,Tennis Clothing,2026-09-11 14:51:34,Tennis Warehouse Europe,https://www.tenniswarehouse-europe.com/HEAD_Performance_Crew_2-Pack_Socks_Black/descpageMADOBOT-HPC2BKN-EN.html?color=BK,stichd -
HEAD Performance Crew 2-Pack Socks White,7.90 €,,Tennis Clothing,2026-09-11 14:51:34,Tennis Warehouse Europe,https://www.tenniswarehouse-europe.com/HEAD_Performance_Crew_2-Pack_Socks_White/descpageMADOBOT-HPC2WHN-EN.html?color=WH,stichd -
HEAD Performance Crew 2-Pack Socks Grey Melange/White,7.90 €,,Tennis Clothing,2026-09-11 14:51:34,Tennis Warehouse Europe,https://www.tenniswarehouse-europe.com/HEAD_Performance_Crew_2-Pack_Socks_Grey_Melange_White/descpageMADOBOT-HPC2GWN-EN.html?color=MX,stichd -
HEAD Performance Short Crew 2-Pack Socks White,7.90 €,,Tennis Clothing,2026-09-11 14:51:34,Tennis Warehouse Europe,https://www.tenniswarehouse-europe.com/HEAD_Performance_Short_Crew_2-Pack_Socks_White/descpageMADOBOT-HPSC2WN-EN.html?color=WH,stichd -
HEAD Performance Short Crew 2-Pack Socks Grey/White,7.90 €,,Tennis Clothing,2026-09-11 14:51:34,Tennis Warehouse Europe,https://www.tenniswarehouse-europe.com/HEAD_Performance_Short_Crew_2-Pack_Socks_Grey_White/descpageMADOBOT-HPSC2MN-EN.html?color=BK,stichd -
HEAD Training Crew 3-Pack Socks Black,8.90 €,,Tennis Clothing,2026-09-11 14:51:34,Tennis Warehouse Europe,https://www.tenniswarehouse-europe.com/HEAD_Training_Crew_3-Pack_Socks_Black/descpageMADOBOT-HPC3BKN-EN.html?color=BK,stichd -
HEAD Training Crew 3-Pack Socks White,8.90 €,,Tennis Clothing,2026-09-11 14:51:34,Tennis Warehouse Europe,https://www.tenniswarehouse-europe.com/HEAD_Training_Crew_3-Pack_Socks_White/descpageMADOBOT-HPC3WHN-EN.html?color=WH,stichd -
HEAD Training Crew 3-Pack Socks Grey/White/Black,8.90 €,,Tennis Clothing,2026-09-11 14:51:34,Tennis Warehouse Europe,https://www.tenniswarehouse-europe.com/HEAD_Training_Crew_3-Pack_Socks_Grey_White_Black/descpageMADOBOT-HPC3GYN-EN.html?color=GYB,stichd -
HEAD Training Crew 3-Pack Socks Navy,8.90 €,,Tennis Clothing,2026-09-11 14:51:34,Tennis Warehouse Europe,https://www.tenniswarehouse-europe.com/HEAD_Training_Crew_3-Pack_Socks_Navy/descpageMADOBOT-HPC3NYN-EN.html,stichd -
HEAD Training Short Crew 3-Pack Socks Black,8.90 €,,Tennis Clothing,2026-09-11 14:51:34,Tennis Warehouse Europe,https://www.tenniswarehouse-europe.com/HEAD_Training_Short_Crew_3-Pack_Socks_Black/descpageMADOBOT-HPSC3BN-EN.html?color=BK,stichd -
HEAD Training Short Crew 3-Pack Socks White,8.90 €,,Tennis Clothing,2026-09-11 14:51:34,Tennis Warehouse Europe,https://www.tenniswarehouse-europe.com/HEAD_Training_Short_Crew_3-Pack_Socks_White/descpageMADOBOT-HPSC3WN-EN.html?color=WH,stichd -
HEAD Training Short Crew 3-Pack Socks Navy,8.90 €,,Tennis Clothing,2026-09-11 14:51:34,Tennis Warehouse Europe,https://www.tenniswarehouse-europe.com/HEAD_Training_Short_Crew_3-Pack_Socks_Navy/descpageMADOBOT-HPSC3NN-EN.html?color=NV,stichd -
HEAD Training Short Crew 3-Pack Socks Grey/White/Blk,8.90 €,,Tennis Clothing,2026-09-11 14:51:34,Tennis Warehouse Europe,https://www.tenniswarehouse-europe.com/HEAD_Training_Short_Crew_3-Pack_Socks_Grey_White_Blk/descpageMADOBOT-HPSC3MN-EN.html?color=GYB,stichd -
HEAD Padel Crew 1-Pack Socks White,11.90 €,,Tennis Clothing,2026-09-11 14:51:34,Tennis Warehouse Europe,https://www.tenniswarehouse-europe.com/HEAD_Padel_Crew_1-Pack_Socks_White/descpageMADOBOT-HPC1WHN-EN.html?color=WH,stichd -
HEAD Padel Crew 1-Pack Socks Yellow,11.90 €,,Tennis Clothing,2026-09-11 14:51:34,Tennis Warehouse Europe,https://www.tenniswarehouse-europe.com/HEAD_Padel_Crew_1-Pack_Socks_Yellow/descpageMADOBOT-HPC1YWN-EN.html?color=YE,stichd -
HEAD Padel Crew 1-Pack Socks Fiery Coral,11.90 €,,Tennis Clothing,2026-09-11 14:51:34,Tennis Warehouse Europe,https://www.tenniswarehouse-europe.com/HEAD_Padel_Crew_1-Pack_Socks_Fiery_Coral/descpageMADOBOT-HPC1FCN-EN.html,stichd -
HEAD Padel Crew 1-Pack Socks Aqua Blue,11.90 €,,Tennis Clothing,2026-09-11 14:51:34,Tennis Warehouse Europe,https://www.tenniswarehouse-europe.com/HEAD_Padel_Crew_1-Pack_Socks_Aqua_Blue/descpageMADOBOT-HPC1ABN-EN.html?color=BL,stichd -
Women's Torneo Polo Tank,23.90 €,26.30 €,Tennis Clothing,2026-09-11 14:51:34,Tennis Warehouse Europe,https://www.tenniswarehouse-europe.com/Joma_Womens_Torneo_Polo_Tank/descpageWAJOMAAP-JWTPT-EN.html?color=GRL,Joma
Women's Spring Torneo Pleated Skirt,28.90 €,31.50 €,Tennis Clothing,2026-09-11 14:51:34,Tennis Warehouse Europe,https://www.tenniswarehouse-europe.com/Joma_Womens_Spring_Torneo_Pleated_Skirt/descpageWAJOMAAP-JWTOPS-EN.html?color=GR,Joma
Women's Spring Torneo Dress,23.90 €,26.30 €,Tennis Clothing,2026-09-11 14:51:34,Tennis Warehouse Europe,https://www.tenniswarehouse-europe.com/Joma_Womens_Spring_Torneo_Dress/descpageWAJOMAAP-JWTRD-EN.html?color=BK,Joma
Women's Spring Challenge Dress,34.90 €,42.00 €,Tennis Clothing,2026-09-11 14:51:34,Tennis Warehouse Europe,https://www.tenniswarehouse-europe.com/Joma_Womens_Spring_Challenge_Dress/descpageWAJOMAAP-JWCHLD-EN.html?color=RD,Joma
Women's Spring Challenge Tank,18.90 €,21.00 €,Tennis Clothing,2026-09-11 14:51:34,Tennis Warehouse Europe,https://www.tenniswarehouse-europe.com/Joma_Womens_Spring_Challenge_Tank/descpageWAJOMAAP-JWCTA-EN.html?color=WH,Joma
Women's Spring Smash Short,20.90 €,26.30 €,Tennis Clothing,2026-09-11 14:51:34,Tennis Warehouse Europe,https://www.tenniswarehouse-europe.com/Joma_Womens_Spring_Smash_Short/descpageWAJOMAAP-JOWSMS-EN.html?color=LB,Joma
Women's Spring Smash Short,20.90 €,26.30 €,Tennis Clothing,2026-09-11 14:51:34,Tennis Warehouse Europe,https://www.tenniswarehouse-europe.com/Joma_Womens_Spring_Smash_Short/descpageWAJOMAAP-JOWSMS-EN.html?color=PK,Joma
Women's Spring Sculpture II Short,22.90 €,26.30 €,Tennis Clothing,2026-09-11 14:51:34,Tennis Warehouse Europe,https://www.tenniswarehouse-europe.com/Joma_Womens_Spring_Sculpture_II_Short/descpageWAJOMAAP-JOWSCS-EN.html?color=BK,Joma
Women's Spring Sculpture II Short,22.90 €,26.30 €,Tennis Clothing,2026-09-11 14:51:34,Tennis Warehouse Europe,https://www.tenniswarehouse-europe.com/Joma_Womens_Spring_Sculpture_II_Short/descpageWAJOMAAP-JOWSCS-EN.html?color=GR,Joma
Women's Elite XI Jacket,51.90 €,57.90 €,Tennis Clothing,2026-09-11 14:51:34,Tennis Warehouse Europe,https://www.tenniswarehouse-europe.com/Joma_Womens_Elite_XI_Jacket/descpageWAJOMAAP-JOWELIJ-EN.html?color=RD,Joma
Women's Record II Top,13.90 €,15.90 €,Tennis Clothing,2026-09-11 14:51:34,Tennis Warehouse Europe,https://www.tenniswarehouse-europe.com/Joma_Womens_Record_II_Top/descpageWAJOMAAP-JOWRCT-EN.html?color=RD,Joma
2-Pack Doublewide Wristbands,5.90 €,10.00 €,Tennis Clothing,2026-09-11 14:51:34,Tennis Warehouse Europe,https://www.tenniswarehouse-europe.com/Joma_2-Pack_Doublewide_Wristbands/descpageJOMAAP-JO2PDWR-EN.html?color=WH,Joma
Classic Hat,10.90 €,15.90 €,Tennis Clothing,2026-09-11 14:51:34,Tennis Warehouse Europe,https://www.tenniswarehouse-europe.com/Joma_Classic_Hat/descpageMAJOMAAP-JOCLAHA-EN.html?color=BK,Joma
Classic Hat,10.90 €,15.90 €,Tennis Clothing,2026-09-11 14:51:34,Tennis Warehouse Europe,https://www.tenniswarehouse-europe.com/Joma_Classic_Hat/descpageMAJOMAAP-JOCLAHA-EN.html?color=WH,Joma
Women's Hypercourt Top,28.91 €,35.99 €,Tennis Clothing,2026-09-11 14:51:34,Tennis Warehouse Europe,https://www.tenniswarehouse-europe.com/K-Swiss_Womens_Hypercourt_Top/descpageWAKSWISSA-KWHCT-EN.html?color=PU,K-Swiss
Women's Hypercourt Advantage Tank,31.90 €,39.99 €,Tennis Clothing,2026-09-11 14:51:34,Tennis Warehouse Europe,https://www.tenniswarehouse-europe.com/K-Swiss_Womens_Hypercourt_Advantage_Tank/descpageWAKSWISSA-KWHAJT-EN.html?color=LV,K-Swiss
Women's Hypercourt Advantage Tank,31.90 €,39.99 €,Tennis Clothing,2026-09-11 14:51:34,Tennis Warehouse Europe,https://www.tenniswarehouse-europe.com/K-Swiss_Womens_Hypercourt_Advantage_Tank/descpageWAKSWISSA-KWHAJT-EN.html?color=NV,K-Swiss
Women's Hypercourt Jacquard Skirt,39.90 €,49.99 €,Tennis Clothing,2026-09-11 14:51:34,Tennis Warehouse Europe,https://www.tenniswarehouse-europe.com/K-Swiss_Womens_Hypercourt_Jacquard_Skirt/descpageWAKSWISSA-KWHYJS-EN.html?color=LI,K-Swiss
Women's Hypercourt Jacquard Skirt,39.90 €,49.99 €,Tennis Clothing,2026-09-11 14:51:34,Tennis Warehouse Europe,https://www.tenniswarehouse-europe.com/K-Swiss_Womens_Hypercourt_Jacquard_Skirt/descpageWAKSWISSA-KWHYJS-EN.html?color=NV,K-Swiss
Women's Hypercourt 8 Short,35.90 €,44.99 €,Tennis Clothing,2026-09-11 14:51:34,Tennis Warehouse Europe,https://www.tenniswarehouse-europe.com/K-Swiss_Womens_Hypercourt_8_Short/descpageWAKSWISSA-KWHYSH-EN.html?color=NV,K-Swiss
Hat,13.90 €,14.99 €,Tennis Clothing,2026-09-11 14:51:34,Tennis Warehouse Europe,https://www.tenniswarehouse-europe.com/K-Swiss_Hat/descpageMAKSWISSA-KSHAT-EN.html?color=NV,K-Swiss
Hat,13.90 €,14.99 €,Tennis Clothing,2026-09-11 14:51:34,Tennis Warehouse Europe,https://www.tenniswarehouse-europe.com/K-Swiss_Hat/descpageMAKSWISSA-KSHAT-EN.html?color=WH,K-Swiss
Visor,13.90 €,14.99 €,Tennis Clothing,2026-09-11 14:51:34,Tennis Warehouse Europe,https://www.tenniswarehouse-europe.com/K-Swiss_Visor/descpageKSWISSA-KSWVI-EN.html?color=NV,K-Swiss
Visor,13.90 €,14.99 €,Tennis Clothing,2026-09-11 14:51:34,Tennis Warehouse Europe,https://www.tenniswarehouse-europe.com/K-Swiss_Visor/descpageKSWISSA-KSWVI-EN.html?color=WH,K-Swiss
2-Pack Singlewide Wristbands,11.50 €,12.49 €,Tennis Clothing,2026-09-11 14:51:34,Tennis Warehouse Europe,https://www.tenniswarehouse-europe.com/K-Swiss_2-Pack_Singlewide_Wristbands/descpageKSWISSA-KSSWB-EN.html,K-Swiss
Lacoste Women's Players Dress,152.90 €,170.00 €,Tennis Clothing,2026-09-11 14:51:34,Tennis Warehouse Europe,https://www.tenniswarehouse-europe.com/Lacoste_Womens_Players_Dress/descpageWALACFRA-LWPLDWB-EN.html?color=WH,Lacoste France
Lacoste Women's Fall Tank Top,49.90 €,55.00 €,Tennis Clothing,2026-09-11 14:51:34,Tennis Warehouse Europe,https://www.tenniswarehouse-europe.com/Lacoste_Womens_Fall_Tank_Top/descpageWALACFRA-LWCTTF-EN.html?color=RD,Lacoste France
Lacoste Women's Fall Sleeveless Polo,107.90 €,120.00 €,Tennis Clothing,2026-09-11 14:51:34,Tennis Warehouse Europe,https://www.tenniswarehouse-europe.com/Lacoste_Womens_Fall_Sleeveless_Polo/descpageWALACFRA-LWSLPOP-EN.html?color=PU,Lacoste France
Lacoste Women's Sleeveless Polo,107.90 €,120.00 €,Tennis Clothing,2026-09-11 14:51:34,Tennis Warehouse Europe,https://www.tenniswarehouse-europe.com/Lacoste_Womens_Sleeveless_Polo/descpageWALACFRA-LWSLPO2-EN.html?color=BK,Lacoste France
Lacoste Women's Sleeveless Polo,107.90 €,120.00 €,Tennis Clothing,2026-09-11 14:51:34,Tennis Warehouse Europe,https://www.tenniswarehouse-europe.com/Lacoste_Womens_Sleeveless_Polo/descpageWALACFRA-LWSLPO2-EN.html?color=WH,Lacoste France
Lacoste Women's Fall Players Skirt,116.90 €,130.00 €,Tennis Clothing,2026-09-11 14:51:34,Tennis Warehouse Europe,https://www.tenniswarehouse-europe.com/Lacoste_Womens_Fall_Players_Skirt/descpageWALACFRA-LWPSKPU-EN.html?color=PU,Lacoste France
Lacoste Women's Players Skirt,116.90 €,130.00 €,Tennis Clothing,2026-09-11 14:51:34,Tennis Warehouse Europe,https://www.tenniswarehouse-europe.com/Lacoste_Womens_Players_Skirt/descpageWALACFRA-LWPSKWB-EN.html?color=BK,Lacoste France
Lacoste Women's Players Skirt,116.90 €,130.00 €,Tennis Clothing,2026-09-11 14:51:34,Tennis Warehouse Europe,https://www.tenniswarehouse-europe.com/Lacoste_Womens_Players_Skirt/descpageWALACFRA-LWPSKWB-EN.html?color=WH,Lacoste France
Lacoste Women's Players Short,98.90 €,110.00 €,Tennis Clothing,2026-09-11 14:51:34,Tennis Warehouse Europe,https://www.tenniswarehouse-europe.com/Lacoste_Womens_Players_Short/descpageWALACFRA-LWFPSWB-EN.html?color=WH,Lacoste France
Lacoste Women's Players Longsleeve,116.90 €,130.00 €,Tennis Clothing,2026-09-11 14:51:34,Tennis Warehouse Europe,https://www.tenniswarehouse-europe.com/Lacoste_Womens_Players_Longsleeve/descpageWALACFRA-LWPLLB-EN.html?color=BK,Lacoste France
Lacoste Women's Core Polo,85.90 €,95.00 €,Tennis Clothing,2026-09-11 14:51:34,Tennis Warehouse Europe,https://www.tenniswarehouse-europe.com/Lacoste_Womens_Core_Polo/descpageWALACFRA-LWPCOB-EN.html?color=BK,Lacoste France
Lacoste Women's Core Tank Top,49.90 €,55.00 €,Tennis Clothing,2026-09-11 14:51:34,Tennis Warehouse Europe,https://www.tenniswarehouse-europe.com/Lacoste_Womens_Core_Tank_Top/descpageWALACFRA-LWCTT-EN.html?color=BK,Lacoste France
Lacoste Women's Core Tank Top,49.90 €,55.00 €,Tennis Clothing,2026-09-11 14:51:34,Tennis Warehouse Europe,https://www.tenniswarehouse-europe.com/Lacoste_Womens_Core_Tank_Top/descpageWALACFRA-LWCTT-EN.html?color=WH,Lacoste France
Lacoste Women's Fall Heritage Sleeveless Polo,125.90 €,140.00 €,Tennis Clothing,2026-09-11 14:51:34,Tennis Warehouse Europe,https://www.tenniswarehouse-europe.com/Lacoste_Womens_Fall_Heritage_Sleeveless_Polo/descpageWALACFRA-LWFHSPW-EN.html?color=NW,Lacoste France
Lacoste Women's Fall Heritage T-Shirt,71.90 €,80.00 €,Tennis Clothing,2026-09-11 14:51:34,Tennis Warehouse Europe,https://www.tenniswarehouse-europe.com/Lacoste_Womens_Fall_Heritage_T-Shirt/descpageWALACFRA-LWFHTWN-EN.html?color=NV,Lacoste France
Lacoste Women's Fall Heritage T-Shirt,71.90 €,80.00 €,Tennis Clothing,2026-09-11 14:51:34,Tennis Warehouse Europe,https://www.tenniswarehouse-europe.com/Lacoste_Womens_Fall_Heritage_T-Shirt/descpageWALACFRA-LWFHTWN-EN.html?color=WH,Lacoste France
Lacoste Women's Fall Heritage Skirt,125.90 €,140.00 €,Tennis Clothing,2026-09-11 14:51:34,Tennis Warehouse Europe,https://www.tenniswarehouse-europe.com/Lacoste_Womens_Fall_Heritage_Skirt/descpageWALACFRA-LWFHSNW-EN.html?color=NW,Lacoste France
Lacoste Women's Core Jacket,116.89 €,130.00 €,Tennis Clothing,2026-09-11 14:51:34,Tennis Warehouse Europe,https://www.tenniswarehouse-europe.com/Lacoste_Womens_Core_Jacket/descpageWALACFRA-LWCJA-EN.html?color=BK,Lacoste France
Lacoste Women's Roland Garros Dress,132.90 €,180.00 €,Tennis Clothing,2026-09-11 14:51:34,Tennis Warehouse Europe,https://www.tenniswarehouse-europe.com/Lacoste_Womens_Roland_Garros_Dress/descpageWALACFRA-LARGD-EN.html?color=LG,Lacoste France
Lacoste Women's Roland Garrros Skirt,73.90 €,100.00 €,Tennis Clothing,2026-09-11 14:51:34,Tennis Warehouse Europe,https://www.tenniswarehouse-europe.com/Lacoste_Womens_Roland_Garrros_Skirt/descpageWALACFRA-LCRGSI-EN.html?color=NV,Lacoste France
Lacoste Women's Roland Garrros Skirt,73.90 €,100.00 €,Tennis Clothing,2026-09-11 14:51:34,Tennis Warehouse Europe,https://www.tenniswarehouse-europe.com/Lacoste_Womens_Roland_Garrros_Skirt/descpageWALACFRA-LCRGSI-EN.html?color=WH,Lacoste France
Lacoste Women's Spring Players Dress,125.90 €,170.00 €,Tennis Clothing,2026-09-11 14:51:34,Tennis Warehouse Europe,https://www.tenniswarehouse-europe.com/Lacoste_Womens_Spring_Players_Dress/descpageWALACFRA-LWSPLDR-EN.html?color=NV,Lacoste France
Lacoste Women's Spring Players Tank,88.90 €,120.00 €,Tennis Clothing,2026-09-11 14:51:34,Tennis Warehouse Europe,https://www.tenniswarehouse-europe.com/Lacoste_Womens_Spring_Players_Tank/descpageWALACFRA-LWSPTA-EN.html?color=LB,Lacoste France
Lacoste Women's Spring Players Tank,88.90 €,120.00 €,Tennis Clothing,2026-09-11 14:51:34,Tennis Warehouse Europe,https://www.tenniswarehouse-europe.com/Lacoste_Womens_Spring_Players_Tank/descpageWALACFRA-LWSPTA-EN.html?color=WH,Lacoste France
Lacoste Women's Spring Players Skirt,80.90 €,110.00 €,Tennis Clothing,2026-09-11 14:51:34,Tennis Warehouse Europe,https://www.tenniswarehouse-europe.com/Lacoste_Womens_Spring_Players_Skirt/descpageWALACFRA-LWSPYS-EN.html?color=LB,Lacoste France
Lacoste Women's Spring Players Skirt,80.90 €,110.00 €,Tennis Clothing,2026-09-11 14:51:34,Tennis Warehouse Europe,https://www.tenniswarehouse-europe.com/Lacoste_Womens_Spring_Players_Skirt/descpageWALACFRA-LWSPYS-EN.html?color=WH,Lacoste France
Lacoste Women's Spring Players Short,80.90 €,110.00 €,Tennis Clothing,2026-09-11 14:51:34,Tennis Warehouse Europe,https://www.tenniswarehouse-europe.com/Lacoste_Womens_Spring_Players_Short/descpageWALACFRA-LASPSH-EN.html?color=LGR,Lacoste France
Lacoste Women's Spring Players Short,80.90 €,110.00 €,Tennis Clothing,2026-09-11 14:51:34,Tennis Warehouse Europe,https://www.tenniswarehouse-europe.com/Lacoste_Womens_Spring_Players_Short/descpageWALACFRA-LASPSH-EN.html?color=NV,Lacoste France
Lacoste Women's Fall Players Tank,71.90 €,120.00 €,Tennis Clothing,2026-09-11 14:51:34,Tennis Warehouse Europe,https://www.tenniswarehouse-europe.com/Lacoste_Womens_Fall_Players_Tank/descpageWALACFRA-LWPTATO-EN.html?color=BL,Lacoste France
Lacoste Women's Fall Players Skirt,71.90 €,110.00 €,Tennis Clothing,2026-09-11 14:51:34,Tennis Warehouse Europe,https://www.tenniswarehouse-europe.com/Lacoste_Womens_Fall_Players_Skirt/descpageWALACFRA-LWPSK-EN.html?color=LB,Lacoste France
Lacoste Women's Fall Players Skirt,71.90 €,110.00 €,Tennis Clothing,2026-09-11 14:51:34,Tennis Warehouse Europe,https://www.tenniswarehouse-europe.com/Lacoste_Womens_Fall_Players_Skirt/descpageWALACFRA-LWPSK-EN.html?color=WH,Lacoste France
Lacoste Women's Fall Players Short,69.90 €,110.00 €,Tennis Clothing,2026-09-11 14:51:34,Tennis Warehouse Europe,https://www.tenniswarehouse-europe.com/Lacoste_Womens_Fall_Players_Short/descpageWALACFRA-LWFPS-EN.html?color=BK,Lacoste France
Lacoste Women's Fall Players Short,69.90 €,110.00 €,Tennis Clothing,2026-09-11 14:51:34,Tennis Warehouse Europe,https://www.tenniswarehouse-europe.com/Lacoste_Womens_Fall_Players_Short/descpageWALACFRA-LWFPS-EN.html?color=GR,Lacoste France
Lacoste Women's Fall Players Short,69.90 €,110.00 €,Tennis Clothing,2026-09-11 14:51:34,Tennis Warehouse Europe,https://www.tenniswarehouse-europe.com/Lacoste_Womens_Fall_Players_Short/descpageWALACFRA-LWFPS-EN.html?color=NV,Lacoste France
Lacoste Women's Spring T-Shirt,43.90 €,60.00 €,Tennis Clothing,2026-09-11 14:51:34,Tennis Warehouse Europe,https://www.tenniswarehouse-europe.com/Lacoste_Womens_Spring_T-Shirt/descpageWALACFRA-LWSCTS-EN.html?color=LB,Lacoste France
Lacoste Women's Spring Interlock Jacket,95.90 €,130.00 €,Tennis Clothing,2026-09-11 14:51:34,Tennis Warehouse Europe,https://www.tenniswarehouse-europe.com/Lacoste_Womens_Spring_Interlock_Jacket/descpageWALACFRA-LASINJ-EN.html?color=NV,Lacoste France
Lacoste Women's Spring Interlock Pant,80.90 €,110.00 €,Tennis Clothing,2026-09-11 14:51:34,Tennis Warehouse Europe,https://www.tenniswarehouse-europe.com/Lacoste_Womens_Spring_Interlock_Pant/descpageWALACFRA-LWSINP-EN.html?color=NV,Lacoste France
Lacoste Women's Fall T-Shirt,44.90 €,60.00 €,Tennis Clothing,2026-09-11 14:51:34,Tennis Warehouse Europe,https://www.tenniswarehouse-europe.com/Lacoste_Womens_Fall_T-Shirt/descpageWALACFRA-LWFLTS-EN.html?color=BL,Lacoste France
Lacoste Women's Fall T-Shirt,44.90 €,60.00 €,Tennis Clothing,2026-09-11 14:51:34,Tennis Warehouse Europe,https://www.tenniswarehouse-europe.com/Lacoste_Womens_Fall_T-Shirt/descpageWALACFRA-LWFLTS-EN.html?color=PK,Lacoste France
Lacoste Women's Tennis Skirt,53.90 €,90.00 €,Tennis Clothing,2026-09-11 14:51:34,Tennis Warehouse Europe,https://www.tenniswarehouse-europe.com/Lacoste_Womens_Tennis_Skirt/descpageWALACFRA-LWTSS-EN.html?color=NV,Lacoste France
Lacoste Women's Fall T-Shirt,44.90 €,60.00 €,Tennis Clothing,2026-09-11 14:51:34,Tennis Warehouse Europe,https://www.tenniswarehouse-europe.com/Lacoste_Womens_Fall_T-Shirt/descpageWALACFRA-LWOFTS-EN.html?color=PK,Lacoste France
Lacoste Men's New Era Hat,44.90 €,50.00 €,Tennis Clothing,2026-09-11 14:51:34,Tennis Warehouse Europe,https://www.tenniswarehouse-europe.com/Lacoste_Mens_New_Era_Hat/descpageLACFRA-LANW26-EN.html?color=BK,Lacoste France
Lacoste Men's New Era Hat,44.90 €,50.00 €,Tennis Clothing,2026-09-11 14:51:34,Tennis Warehouse Europe,https://www.tenniswarehouse-europe.com/Lacoste_Mens_New_Era_Hat/descpageLACFRA-LANW26-EN.html?color=GN,Lacoste France
Lacoste Men's New Era Hat,36.90 €,50.00 €,Tennis Clothing,2026-09-11 14:51:34,Tennis Warehouse Europe,https://www.tenniswarehouse-europe.com/Lacoste_Mens_New_Era_Hat/descpageLACFRA-LANWEH-EN.html?color=GN,Lacoste France
Lacoste Men's New Era Hat,36.90 €,50.00 €,Tennis Clothing,2026-09-11 14:51:34,Tennis Warehouse Europe,https://www.tenniswarehouse-europe.com/Lacoste_Mens_New_Era_Hat/descpageLACFRA-LANWEH-EN.html?color=LB,Lacoste France
Lacoste Men's New Era Hat,36.90 €,50.00 €,Tennis Clothing,2026-09-11 14:51:34,Tennis Warehouse Europe,https://www.tenniswarehouse-europe.com/Lacoste_Mens_New_Era_Hat/descpageLACFRA-LANWEH-EN.html?color=NV,Lacoste France
Lacoste Men's New Era Hat,36.90 €,50.00 €,Tennis Clothing,2026-09-11 14:51:34,Tennis Warehouse Europe,https://www.tenniswarehouse-europe.com/Lacoste_Mens_New_Era_Hat/descpageLACFRA-LANWEH-EN.html?color=WH,Lacoste France
Lacoste Men's Roland Garros Terre Battue Tennis Hat,71.90 €,80.00 €,Tennis Clothing,2026-09-11 14:51:34,Tennis Warehouse Europe,https://www.tenniswarehouse-europe.com/Lacoste_Mens_Roland_Garros_Terre_Battue_Tennis_Hat_/descpageLACFRA-LRTBH-EN.html?color=OR,Lacoste France
Lacoste Men's Roland Garros Tennis Hat,62.90 €,70.00 €,Tennis Clothing,2026-09-11 14:51:34,Tennis Warehouse Europe,https://www.tenniswarehouse-europe.com/Lacoste_Mens_Roland_Garros_Tennis_Hat_/descpageLACFRA-LMRGPH-EN.html?color=GN,Lacoste France
Lacoste Men's Novak Roland Garros Hat,70.00 €,,Tennis Clothing,2026-09-11 14:51:34,Tennis Warehouse Europe,https://www.tenniswarehouse-europe.com/Lacoste_Mens_Novak_Roland_Garros_Hat/descpageLACFRA-LMNRGH-EN.html?color=OR,Lacoste France
Lacoste Men's Novak Spring Hat,62.90 €,70.00 €,Tennis Clothing,2026-09-11 14:51:34,Tennis Warehouse Europe,https://www.tenniswarehouse-europe.com/Lacoste_Mens_Novak_Spring_Hat/descpageLACFRA-LMNKSH-EN.html?color=NV,Lacoste France
Lacoste Men's Fall Player Hat,58.91 €,65.00 €,Tennis Clothing,2026-09-11 14:51:34,Tennis Warehouse Europe,https://www.tenniswarehouse-europe.com/Lacoste_Mens_Fall_Player_Hat/descpageLACFRA-LFPLHK-EN.html?color=KH,Lacoste France
Lacoste Men's Fall Player Hat,58.91 €,65.00 €,Tennis Clothing,2026-09-11 14:51:34,Tennis Warehouse Europe,https://www.tenniswarehouse-europe.com/Lacoste_Mens_Fall_Player_Hat/descpageLACFRA-LFPLHA-EN.html?color=LB,Lacoste France
Lacoste Men's Novak Hat,62.90 €,70.00 €,Tennis Clothing,2026-09-11 14:51:34,Tennis Warehouse Europe,https://www.tenniswarehouse-europe.com/Lacoste_Mens_Novak_Hat/descpageLACFRA-LMNFH-EN.html?color=BK,Lacoste France
Lacoste Men's Novak Hat,62.90 €,70.00 €,Tennis Clothing,2026-09-11 14:51:34,Tennis Warehouse Europe,https://www.tenniswarehouse-europe.com/Lacoste_Mens_Novak_Hat/descpageLACFRA-LMNFH-EN.html?color=BL,Lacoste France
Lacoste Men's Classic Hat,65.00 €,,Tennis Clothing,2026-09-11 14:51:34,Tennis Warehouse Europe,https://www.tenniswarehouse-europe.com/Lacoste_Mens_Classic_Hat/descpageLACFRA-LACLHA-EN.html?color=NV,Lacoste France
Lacoste Men's Classic Hat,65.00 €,,Tennis Clothing,2026-09-11 14:51:34,Tennis Warehouse Europe,https://www.tenniswarehouse-europe.com/Lacoste_Mens_Classic_Hat/descpageLACFRA-LACLHA-EN.html?color=WH,Lacoste France
Lacoste Classic Visor,53.90 €,60.00 €,Tennis Clothing,2026-09-11 14:51:34,Tennis Warehouse Europe,https://www.tenniswarehouse-europe.com/Lacoste_Classic_Visor/descpageLACFRA-LACLVI-EN.html?color=NV,Lacoste France
Lacoste Classic Visor,53.90 €,60.00 €,Tennis Clothing,2026-09-11 14:51:34,Tennis Warehouse Europe,https://www.tenniswarehouse-europe.com/Lacoste_Classic_Visor/descpageLACFRA-LACLVI-EN.html?color=WH,Lacoste France
Lacoste Men's RPM Official Hat,48.90 €,70.00 €,Tennis Clothing,2026-09-11 14:51:34,Tennis Warehouse Europe,https://www.tenniswarehouse-europe.com/Lacoste_Mens_RPM_Official_Hat/descpageLACFRA-LMRPMOH-EN.html?color=GN,Lacoste France
Lacoste Visor,45.90 €,60.00 €,Tennis Clothing,2026-09-11 14:51:34,Tennis Warehouse Europe,https://www.tenniswarehouse-europe.com/Lacoste_Visor/descpageLACFRA-LACWOVI-EN.html?color=WH,Lacoste France
Lacoste Wristband Navy,13.49 €,15.00 €,Tennis Clothing,2026-09-11 14:51:34,Tennis Warehouse Europe,https://www.tenniswarehouse-europe.com/Lacoste_Wristband_Navy/descpageLACFRA-LFWNV-EN.html,Lacoste France
Lacoste Wristband White,13.90 €,15.00 €,Tennis Clothing,2026-09-11 14:51:34,Tennis Warehouse Europe,https://www.tenniswarehouse-europe.com/Lacoste_Wristband_White/descpageLACFRA-LFWWH-EN.html,Lacoste France
Lacoste Wristband Black,13.90 €,,Tennis Clothing,2026-09-11 14:51:34,Tennis Warehouse Europe,https://www.tenniswarehouse-europe.com/Lacoste_Wristband_Black/descpageLACAYEL-LFWBK-EN.html,Lacoste Apparel Germany
Lacoste Backpack,60.90 €,110.00 €,Tennis Clothing,2026-09-11 14:51:34,Tennis Warehouse Europe,https://www.tenniswarehouse-europe.com/Lacoste_Backpack/descpageBGLACFRA-LBPBKKB-EN.html,Lacoste France
Women's Fall Tech VI Tank,40.90 €,45.00 €,Tennis Clothing,2026-09-11 14:51:34,Tennis Warehouse Europe,https://www.tenniswarehouse-europe.com/Lotto_Womens_Fall_Tech_VI_Tank/descpageWALOTTOA-LWTECT-EN.html?color=LG,Lotto
Women's Fall Tech III Skirt,35.89 €,40.00 €,Tennis Clothing,2026-09-11 14:51:34,Tennis Warehouse Europe,https://www.tenniswarehouse-europe.com/Lotto_Womens_Fall_Tech_III_Skirt/descpageWALOTTOA-LWTEIS-EN.html?color=GR,Lotto
Women's MSP Half-Zip Longsleeve,26.89 €,30.00 €,Tennis Clothing,2026-09-11 14:51:34,Tennis Warehouse Europe,https://www.tenniswarehouse-europe.com/Lotto_Womens_MSP_Half-Zip_Longsleeve/descpageWALOTTOA-LWMSPHZ-EN.html?color=WH,Lotto
Women's MSP 3/4 Tight,19.88 €,23.00 €,Tennis Clothing,2026-09-11 14:51:34,Tennis Warehouse Europe,https://www.tenniswarehouse-europe.com/Lotto_Womens_MSP_3_4_Tight/descpageWALOTTOA-LWMSPTI-EN.html?color=NV,Lotto
Women's Spring Tech VI Dress,44.90 €,65.00 €,Tennis Clothing,2026-09-11 14:51:34,Tennis Warehouse Europe,https://www.tenniswarehouse-europe.com/Lotto_Womens_Spring_Tech_VI_Dress/descpageWALOTTOA-LWTVIDS-EN.html?color=WH,Lotto
Women's Spring Tech VI Dress,44.90 €,65.00 €,Tennis Clothing,2026-09-11 14:51:34,Tennis Warehouse Europe,https://www.tenniswarehouse-europe.com/Lotto_Womens_Spring_Tech_VI_Dress/descpageWALOTTOA-LWTVID-EN.html?color=WB,Lotto
Women's Spring Tech VI Top,30.90 €,45.00 €,Tennis Clothing,2026-09-11 14:51:34,Tennis Warehouse Europe,https://www.tenniswarehouse-europe.com/Lotto_Womens_Spring_Tech_VI_Top/descpageWALOTTOA-LWTVITO-EN.html?color=WB,Lotto
Women's Spring Tech VI Tank,30.90 €,45.00 €,Tennis Clothing,2026-09-11 14:51:34,Tennis Warehouse Europe,https://www.tenniswarehouse-europe.com/Lotto_Womens_Spring_Tech_VI_Tank/descpageWALOTTOA-LWTVITA-EN.html?color=WB,Lotto
Women's Spring Tech VI Top,30.90 €,45.00 €,Tennis Clothing,2026-09-11 14:51:34,Tennis Warehouse Europe,https://www.tenniswarehouse-europe.com/Lotto_Womens_Spring_Tech_VI_Top/descpageWALOTTOA-LWTVITK-EN.html?color=PK,Lotto
Women's Spring Tech VI Tank,30.90 €,45.00 €,Tennis Clothing,2026-09-11 14:51:34,Tennis Warehouse Europe,https://www.tenniswarehouse-europe.com/Lotto_Womens_Spring_Tech_VI_Tank/descpageWALOTTOA-LWTVITP-EN.html?color=PK,Lotto
Women's Spring Tech III Skirt,27.89 €,40.00 €,Tennis Clothing,2026-09-11 14:51:34,Tennis Warehouse Europe,https://www.tenniswarehouse-europe.com/Lotto_Womens_Spring_Tech_III_Skirt/descpageWALOTTOA-LWTIIIS-EN.html?color=BR,Lotto
Women's Spring Tech III Skirt,27.89 €,40.00 €,Tennis Clothing,2026-09-11 14:51:34,Tennis Warehouse Europe,https://www.tenniswarehouse-europe.com/Lotto_Womens_Spring_Tech_III_Skirt/descpageWALOTTOA-LWTIIIS-EN.html?color=PK,Lotto
Women's Spring Tech II Short,27.89 €,40.00 €,Tennis Clothing,2026-09-11 14:51:34,Tennis Warehouse Europe,https://www.tenniswarehouse-europe.com/Lotto_Womens_Spring_Tech_II_Short/descpageWALOTTOA-LWTIISH-EN.html?color=BR,Lotto
Women's Spring Tech II Short,27.89 €,40.00 €,Tennis Clothing,2026-09-11 14:51:34,Tennis Warehouse Europe,https://www.tenniswarehouse-europe.com/Lotto_Womens_Spring_Tech_II_Short/descpageWALOTTOA-LWTIISH-EN.html?color=PK,Lotto
Women's Squadra IV Tank,22.90 €,34.00 €,Tennis Clothing,2026-09-11 14:51:34,Tennis Warehouse Europe,https://www.tenniswarehouse-europe.com/Lotto_Womens_Squadra_IV_Tank/descpageWALOTTOA-LWSQTAN-EN.html?color=BL,Lotto
Women's Squadra IV Tank,22.90 €,34.00 €,Tennis Clothing,2026-09-11 14:51:34,Tennis Warehouse Europe,https://www.tenniswarehouse-europe.com/Lotto_Womens_Squadra_IV_Tank/descpageWALOTTOA-LWSQTAN-EN.html?color=NV,Lotto
Women's Squadra IV Tank,22.90 €,34.00 €,Tennis Clothing,2026-09-11 14:51:34,Tennis Warehouse Europe,https://www.tenniswarehouse-europe.com/Lotto_Womens_Squadra_IV_Tank/descpageWALOTTOA-LWSQTAN-EN.html?color=RD,Lotto
Women's Squadra IV Tank,22.90 €,34.00 €,Tennis Clothing,2026-09-11 14:51:34,Tennis Warehouse Europe,https://www.tenniswarehouse-europe.com/Lotto_Womens_Squadra_IV_Tank/descpageWALOTTOA-LWSQTAN-EN.html?color=WH,Lotto
Women's Squadra IV Top,20.90 €,30.00 €,Tennis Clothing,2026-09-11 14:51:34,Tennis Warehouse Europe,https://www.tenniswarehouse-europe.com/Lotto_Womens_Squadra_IV_Top/descpageWALOTTOA-LWSQIVT-EN.html?color=BL,Lotto
Women's Squadra IV Top,20.90 €,30.00 €,Tennis Clothing,2026-09-11 14:51:34,Tennis Warehouse Europe,https://www.tenniswarehouse-europe.com/Lotto_Womens_Squadra_IV_Top/descpageWALOTTOA-LWSQIVT-EN.html?color=NV,Lotto
Women's Squadra IV Top,20.90 €,30.00 €,Tennis Clothing,2026-09-11 14:51:34,Tennis Warehouse Europe,https://www.tenniswarehouse-europe.com/Lotto_Womens_Squadra_IV_Top/descpageWALOTTOA-LWSQIVT-EN.html?color=RD,Lotto
Women's Squadra IV Top,20.90 €,30.00 €,Tennis Clothing,2026-09-11 14:51:34,Tennis Warehouse Europe,https://www.tenniswarehouse-europe.com/Lotto_Womens_Squadra_IV_Top/descpageWALOTTOA-LWSQIVT-EN.html?color=WH,Lotto
Women's Squadra IV Skirt,23.90 €,35.00 €,Tennis Clothing,2026-09-11 14:51:34,Tennis Warehouse Europe,https://www.tenniswarehouse-europe.com/Lotto_Womens_Squadra_IV_Skirt/descpageWALOTTOA-LWSQSKI-EN.html?color=NV,Lotto
Women's Squadra IV Skirt,23.90 €,35.00 €,Tennis Clothing,2026-09-11 14:51:34,Tennis Warehouse Europe,https://www.tenniswarehouse-europe.com/Lotto_Womens_Squadra_IV_Skirt/descpageWALOTTOA-LWSQSKI-EN.html?color=WH,Lotto
Women's MSP Top,10.90 €,15.00 €,Tennis Clothing,2026-09-11 14:51:34,Tennis Warehouse Europe,https://www.tenniswarehouse-europe.com/Lotto_Womens_MSP_Top/descpageWALOTTOA-LWMSTO-EN.html?color=BK,Lotto
Women's MSP Top,10.90 €,15.00 €,Tennis Clothing,2026-09-11 14:51:34,Tennis Warehouse Europe,https://www.tenniswarehouse-europe.com/Lotto_Womens_MSP_Top/descpageWALOTTOA-LWMSTO-EN.html?color=NV,Lotto
Women's MSP Top,10.90 €,15.00 €,Tennis Clothing,2026-09-11 14:51:34,Tennis Warehouse Europe,https://www.tenniswarehouse-europe.com/Lotto_Womens_MSP_Top/descpageWALOTTOA-LWMSTO-EN.html?color=WH,Lotto
Women's MSP Tank,9.89 €,14.00 €,Tennis Clothing,2026-09-11 14:51:34,Tennis Warehouse Europe,https://www.tenniswarehouse-europe.com/Lotto_Womens_MSP_Tank/descpageWALOTTOA-LWMSPTA-EN.html?color=NV,Lotto
Women's MSP Tank,9.89 €,14.00 €,Tennis Clothing,2026-09-11 14:51:34,Tennis Warehouse Europe,https://www.tenniswarehouse-europe.com/Lotto_Womens_MSP_Tank/descpageWALOTTOA-LWMSPTA-EN.html?color=PK,Lotto
Women's MSP Tank,9.89 €,14.00 €,Tennis Clothing,2026-09-11 14:51:34,Tennis Warehouse Europe,https://www.tenniswarehouse-europe.com/Lotto_Womens_MSP_Tank/descpageWALOTTOA-LWMSPTA-EN.html?color=WH,Lotto
Tennis Hat,21.90 €,25.00 €,Tennis Clothing,2026-09-11 14:51:34,Tennis Warehouse Europe,https://www.tenniswarehouse-europe.com/Lotto_Tennis_Hat/descpageLOTTOA-LTH6PH-EN.html?color=GN,Lotto
Tennis Hat,16.90 €,25.00 €,Tennis Clothing,2026-09-11 14:51:34,Tennis Warehouse Europe,https://www.tenniswarehouse-europe.com/Lotto_Tennis_Hat/descpageLOTTOA-LTH6PA-EN.html?color=NV,Lotto
Women's Spring Tennis Visor,5.90 €,22.00 €,Tennis Clothing,2026-09-11 14:51:34,Tennis Warehouse Europe,https://www.tenniswarehouse-europe.com/Lotto_Womens_Spring_Tennis_Visor/descpageLOTTOA-LWSTV-EN.html?color=BL,Lotto
Tennis Doublewide Wristbands,7.90 €,9.30 €,Tennis Clothing,2026-09-11 14:51:34,Tennis Warehouse Europe,https://www.tenniswarehouse-europe.com/Lotto_Tennis_Doublewide_Wristbands/descpageLOTTOA-LTDWBG-EN.html?color=GR,Lotto
Tennis Singlewide Wristbands,7.90 €,9.00 €,Tennis Clothing,2026-09-11 14:51:34,Tennis Warehouse Europe,https://www.tenniswarehouse-europe.com/Lotto_Tennis_Singlewide_Wristbands/descpageLOTTOA-LTSWR3P-EN.html?color=PK,Lotto
Tennis Doublewide Wristbands,8.90 €,9.30 €,Tennis Clothing,2026-09-11 14:51:34,Tennis Warehouse Europe,https://www.tenniswarehouse-europe.com/Lotto_Tennis_Doublewide_Wristbands/descpageLOTTOA-LTDWR3P-EN.html?color=BK,Lotto
Tennis Doublewide Wristbands,8.90 €,9.30 €,Tennis Clothing,2026-09-11 14:51:34,Tennis Warehouse Europe,https://www.tenniswarehouse-europe.com/Lotto_Tennis_Doublewide_Wristbands/descpageLOTTOA-LTDWR3P-EN.html?color=WHN,Lotto
Lucky in Love Women's Level Up Dress,95.90 €,107.00 €,Tennis Clothing,2026-09-11 14:51:34,Tennis Warehouse Europe,https://www.tenniswarehouse-europe.com/Lucky_in_Love_Womens_Level_Up_Dress/descpageWALIL-LWKDG-EN.html?color=GR,Lucky In Love -
Lucky in Love Women's Rewind Tank,40.90 €,46.00 €,Tennis Clothing,2026-09-11 14:51:34,Tennis Warehouse Europe,https://www.tenniswarehouse-europe.com/Lucky_in_Love_Womens_Rewind_Tank/descpageWALIL-LRWDTA-EN.html?color=PK,Lucky In Love -
Lucky in Love Women's Rewind Polo Tank,44.90 €,50.00 €,Tennis Clothing,2026-09-11 14:51:34,Tennis Warehouse Europe,https://www.tenniswarehouse-europe.com/Lucky_in_Love_Womens_Rewind_Polo_Tank/descpageWALIL-LRRWPT-EN.html?color=BL,Lucky In Love -
Lucky in Love Women's Rewind Polo Tank,44.90 €,50.00 €,Tennis Clothing,2026-09-11 14:51:34,Tennis Warehouse Europe,https://www.tenniswarehouse-europe.com/Lucky_in_Love_Womens_Rewind_Polo_Tank/descpageWALIL-LRRWPT-EN.html?color=NV,Lucky In Love -
Lucky in Love Women's Rewind Polo Tank,44.90 €,50.00 €,Tennis Clothing,2026-09-11 14:51:34,Tennis Warehouse Europe,https://www.tenniswarehouse-europe.com/Lucky_in_Love_Womens_Rewind_Polo_Tank/descpageWALIL-LRRWPT-EN.html?color=PK,Lucky In Love -
Lucky in Love Women's Rewind Retro Border Skirt,55.91 €,62.00 €,Tennis Clothing,2026-09-11 14:51:34,Tennis Warehouse Europe,https://www.tenniswarehouse-europe.com/Lucky_in_Love_Womens_Rewind_Retro_Border_Skirt/descpageWALIL-LREBSK-EN.html?color=NV,Lucky In Love -
Lucky in Love Women's Rewind Retro Vibes Pleated Skirt,51.90 €,58.00 €,Tennis Clothing,2026-09-11 14:51:34,Tennis Warehouse Europe,https://www.tenniswarehouse-europe.com/Lucky_in_Love_Womens_Rewind_Retro_Vibes_Pleated_Skirt/descpageWALIL-LPVPS-EN.html?color=PR,Lucky In Love -
Lucky in Love Women's Rewind Retro Stripe Pleated Skirt,51.90 €,58.00 €,Tennis Clothing,2026-09-11 14:51:34,Tennis Warehouse Europe,https://www.tenniswarehouse-europe.com/Lucky_in_Love_Womens_Rewind_Retro_Stripe_Pleated_Skirt/descpageWALIL-LRESPS-EN.html?color=PR,Lucky In Love -
Lucky in Love Women's Rewind Tank,40.90 €,46.00 €,Tennis Clothing,2026-09-11 14:51:34,Tennis Warehouse Europe,https://www.tenniswarehouse-europe.com/Lucky_in_Love_Womens_Rewind_Tank/descpageWALIL-LREWTA-EN.html?color=LB,Lucky In Love -
Lucky in Love Women's Rewind Tank,40.90 €,46.00 €,Tennis Clothing,2026-09-11 14:51:34,Tennis Warehouse Europe,https://www.tenniswarehouse-europe.com/Lucky_in_Love_Womens_Rewind_Tank/descpageWALIL-LREWTA-EN.html?color=PKL,Lucky In Love -
Lucky in Love Women's Rewind Polo Tank,44.90 €,50.00 €,Tennis Clothing,2026-09-11 14:51:34,Tennis Warehouse Europe,https://www.tenniswarehouse-europe.com/Lucky_in_Love_Womens_Rewind_Polo_Tank/descpageWALIL-LRRPOT-EN.html?color=PKL,Lucky In Love -
Lucky in Love Women's Rewind Chic Longsleeve Top,44.90 €,50.00 €,Tennis Clothing,2026-09-11 14:51:34,Tennis Warehouse Europe,https://www.tenniswarehouse-europe.com/Lucky_in_Love_Womens_Rewind_Chic_Longsleeve_Top/descpageWALIL-LCSLOT-EN.html?color=PK,Lucky In Love -
Lucky in Love Women's Rewind Stripe Pleated Skirt,51.90 €,58.00 €,Tennis Clothing,2026-09-11 14:51:34,Tennis Warehouse Europe,https://www.tenniswarehouse-europe.com/Lucky_in_Love_Womens_Rewind_Stripe_Pleated_Skirt/descpageWALIL-LUSPLS-EN.html?color=PR,Lucky In Love -
Lucky in Love Women's Rewind Retro Border Skirt,55.91 €,62.00 €,Tennis Clothing,2026-09-11 14:51:34,Tennis Warehouse Europe,https://www.tenniswarehouse-europe.com/Lucky_in_Love_Womens_Rewind_Retro_Border_Skirt/descpageWALIL-LRETSK-EN.html?color=WH,Lucky In Love -
Lucky in love Women's Rewind Long Sleeve,44.90 €,50.00 €,Tennis Clothing,2026-09-11 14:51:34,Tennis Warehouse Europe,https://www.tenniswarehouse-europe.com/Lucky_in_love_Womens_Rewind_Long_Sleeve/descpageWALIL-LILRLSW-EN.html?color=LB,Lucky In Love -
Lucky in Love Women's Next Level Ombre Dress,85.90 €,108.00 €,Tennis Clothing,2026-09-11 14:51:34,Tennis Warehouse Europe,https://www.tenniswarehouse-europe.com/Lucky_in_Love_Womens_Next_Level_Ombre_Dress/descpageWALIL-LWNLOD-EN.html?color=BL,Lucky In Love -
Lucky in Love Women's Next Level Ombre Dress,85.90 €,108.00 €,Tennis Clothing,2026-09-11 14:51:34,Tennis Warehouse Europe,https://www.tenniswarehouse-europe.com/Lucky_in_Love_Womens_Next_Level_Ombre_Dress/descpageWALIL-LWNLOD-EN.html?color=GR,Lucky In Love -
Lucky in Love Women's Kinetic Energy Dress,97.90 €,108.00 €,Tennis Clothing,2026-09-11 14:51:34,Tennis Warehouse Europe,https://www.tenniswarehouse-europe.com/Lucky_in_Love_Womens_Kinetic_Energy_Dress/descpageWALIL-LWKED-EN.html?color=GY,Lucky In Love -
Lucky in Love Women's Next Level Dress,94.90 €,108.00 €,Tennis Clothing,2026-09-11 14:51:34,Tennis Warehouse Europe,https://www.tenniswarehouse-europe.com/Lucky_in_Love_Womens_Next_Level_Dress/descpageWALIL-LWNLD-EN.html?color=NV,Lucky In Love -
Lucky in Love Women's Next Level Dress,94.90 €,108.00 €,Tennis Clothing,2026-09-11 14:51:34,Tennis Warehouse Europe,https://www.tenniswarehouse-europe.com/Lucky_in_Love_Womens_Next_Level_Dress/descpageWALIL-LWNLD-EN.html?color=WH,Lucky In Love -
Lucky in Love Women's Next Level Dress,89.90 €,108.00 €,Tennis Clothing,2026-09-11 14:51:34,Tennis Warehouse Europe,https://www.tenniswarehouse-europe.com/Lucky_in_Love_Womens_Next_Level_Dress/descpageWALIL-LWNDB-EN.html?color=BK,Lucky In Love -
Lucky in Love Women's Pom 3-Pack Low Socks,21.90 €,24.00 €,Tennis Clothing,2026-09-11 14:51:34,Tennis Warehouse Europe,https://www.tenniswarehouse-europe.com/Lucky_in_Love_Womens_Pom_3-Pack_Low_Socks/descpageWALIL-LLGB3S-EN.html,Lucky In Love -
Lucky in Love Women's Logo Stretch Visor Navy,26.89 €,30.00 €,Tennis Clothing,2026-09-11 14:51:34,Tennis Warehouse Europe,https://www.tenniswarehouse-europe.com/Lucky_in_Love_Womens_Logo_Stretch_Visor_Navy/descpageWALIL-LLSVN-EN.html?color=NV,Lucky In Love -
Lucky in Love Women's Logo Stretch Visor Fuchsia,23.90 €,30.00 €,Tennis Clothing,2026-09-11 14:51:34,Tennis Warehouse Europe,https://www.tenniswarehouse-europe.com/Lucky_in_Love_Womens_Logo_Stretch_Visor_Fuchsia/descpageWALIL-LLSVF-EN.html?color=PK,Lucky In Love -
Lucky in Love Women's Logo Stretch Visor White,19.90 €,30.00 €,Tennis Clothing,2026-09-11 14:51:34,Tennis Warehouse Europe,https://www.tenniswarehouse-europe.com/Lucky_in_Love_Womens_Logo_Stretch_Visor_White/descpageWALIL-LLSVW-EN.html?color=WH,Lucky In Love -
Lucky in Love Women's Logo Stretch Visor Pink,23.90 €,30.00 €,Tennis Clothing,2026-09-11 14:51:34,Tennis Warehouse Europe,https://www.tenniswarehouse-europe.com/Lucky_in_Love_Womens_Logo_Stretch_Visor_Pink/descpageWALIL-LLSVPK-EN.html?color=PK,Lucky In Love -
Lucky in Love Women's Hip Fit Linen Stripe Tank,39.90 €,80.00 €,Tennis Clothing,2026-09-11 14:51:34,Tennis Warehouse Europe,https://www.tenniswarehouse-europe.com/Lucky_in_Love_Womens_Hip_Fit_Linen_Stripe_Tank/descpageWALIL-LHFLST-EN.html?color=WBL,Lucky In Love -
Lucky in Love Women's High Waist Linen Stripe Skirt,51.90 €,104.00 €,Tennis Clothing,2026-09-11 14:51:34,Tennis Warehouse Europe,https://www.tenniswarehouse-europe.com/Lucky_in_Love_Womens_High_Waist_Linen_Stripe_Skirt/descpageWALIL-LHWSLS-EN.html?color=WBL,Lucky In Love -
Mouratoglou Apparel Doublewide Wristband,7.90 €,10.00 €,Tennis Clothing,2026-09-11 14:51:34,Tennis Warehouse Europe,https://www.tenniswarehouse-europe.com/Mouratoglou_Apparel_Doublewide_Wristband/descpageMOURA-MSWWB-EN.html?color=WH,Mouratoglou -
Women's Fall Pro Tank,12.90 €,43.95 €,Tennis Clothing,2026-09-11 14:51:34,Tennis Warehouse Europe,https://www.tenniswarehouse-europe.com/Nox_Womens_Fall_Pro_Tank/descpageWANOXAPP-NWFPTAA-EN.html?color=GY,Nox
Women's Fall Pro Skirt,29.90 €,49.95 €,Tennis Clothing,2026-09-11 14:51:34,Tennis Warehouse Europe,https://www.tenniswarehouse-europe.com/Nox_Womens_Fall_Pro_Skirt_/descpageWANOXAPP-NOXFASR-EN.html?color=LGY,Nox
Doublewide 2-Pack Wristbands,5.90 €,6.99 €,Tennis Clothing,2026-09-11 14:51:34,Tennis Warehouse Europe,https://www.tenniswarehouse-europe.com/Nox_Doublewide_2-Pack_Wristbands/descpageNOXAPP-NOXWRI-EN.html?color=WH,Nox
Doublewide 2-Pack Wristbands,5.90 €,6.99 €,Tennis Clothing,2026-09-11 14:51:34,Tennis Warehouse Europe,https://www.tenniswarehouse-europe.com/Nox_Doublewide_2-Pack_Wristbands/descpageNOXAPP-NOXWRIS-EN.html?color=GY,Nox
Doublewide 2-Pack Wristbands,5.90 €,6.99 €,Tennis Clothing,2026-09-11 14:51:34,Tennis Warehouse Europe,https://www.tenniswarehouse-europe.com/Nox_Doublewide_2-Pack_Wristbands/descpageNOXAPP-NOXWRIS-EN.html?color=RD,Nox
ON Women's Fall Court Split Dress,134.90 €,150.00 €,Tennis Clothing,2026-09-11 14:51:34,Tennis Warehouse Europe,https://www.tenniswarehouse-europe.com/ON_Womens_Fall_Court_Split_Dress/descpageWAONAP-OWFCSD-EN.html?color=PU,ON Tennis
ON Women's Court Split Dress,134.90 €,150.00 €,Tennis Clothing,2026-09-11 14:51:34,Tennis Warehouse Europe,https://www.tenniswarehouse-europe.com/ON_Womens_Court_Split_Dress/descpageWAONAP-OWCSD-EN.html?color=BK,ON Tennis
ON Women's Court Top,71.90 €,80.00 €,Tennis Clothing,2026-09-11 14:51:34,Tennis Warehouse Europe,https://www.tenniswarehouse-europe.com/ON_Womens_Court_Top/descpageWAONAP-OWCT-EN.html?color=WH,ON Tennis
ON Women's Fall Court Tank,62.90 €,70.00 €,Tennis Clothing,2026-09-11 14:51:34,Tennis Warehouse Europe,https://www.tenniswarehouse-europe.com/ON_Womens_Fall_Court_Tank/descpageWAONAP-OWFACT-EN.html?color=PU,ON Tennis
ON Women's Fall Court Tank,62.90 €,70.00 €,Tennis Clothing,2026-09-11 14:51:34,Tennis Warehouse Europe,https://www.tenniswarehouse-europe.com/ON_Womens_Fall_Court_Tank/descpageWAONAP-OWFCT-EN.html?color=GRL,ON Tennis
ON Women's Court Tank,62.90 €,70.00 €,Tennis Clothing,2026-09-11 14:51:34,Tennis Warehouse Europe,https://www.tenniswarehouse-europe.com/ON_Womens_Court_Tank/descpageWAONAP-OWCTA-EN.html?color=BK,ON Tennis
ON Women's Court Tank,62.90 €,70.00 €,Tennis Clothing,2026-09-11 14:51:34,Tennis Warehouse Europe,https://www.tenniswarehouse-europe.com/ON_Womens_Court_Tank/descpageWAONAP-OWCTA-EN.html?color=WH,ON Tennis
ON Women's Fall Court Crop Tank,71.90 €,80.00 €,Tennis Clothing,2026-09-11 14:51:34,Tennis Warehouse Europe,https://www.tenniswarehouse-europe.com/ON_Womens_Fall_Court_Crop_Tank/descpageWAONAP-OWFCCT-EN.html?color=BL,ON Tennis
ON Women's Court Crop Tank,71.90 €,80.00 €,Tennis Clothing,2026-09-11 14:51:34,Tennis Warehouse Europe,https://www.tenniswarehouse-europe.com/ON_Womens_Court_Crop_Tank/descpageWAONAP-OWCCT-EN.html?color=BK,ON Tennis
ON Women's Fall Court Pleated Skirt,81.90 €,90.00 €,Tennis Clothing,2026-09-11 14:51:34,Tennis Warehouse Europe,https://www.tenniswarehouse-europe.com/ON_Womens_Fall_Court_Pleated_Skirt/descpageWAONAP-OWFCPS-EN.html?color=PU,ON Tennis
ON Women's Fall Court Split Skirt,89.90 €,100.00 €,Tennis Clothing,2026-09-11 14:51:34,Tennis Warehouse Europe,https://www.tenniswarehouse-europe.com/ON_Womens_Fall_Court_Split_Skirt/descpageWAONAP-OWFCSS-EN.html?color=LG,ON Tennis
ON Women's Court Pleated Skirt,81.90 €,90.00 €,Tennis Clothing,2026-09-11 14:51:34,Tennis Warehouse Europe,https://www.tenniswarehouse-europe.com/ON_Womens_Court_Pleated_Skirt/descpageWAONAP-OWCPS-EN.html?color=BK,ON Tennis
ON Women's Court Pleated Skirt,81.90 €,90.00 €,Tennis Clothing,2026-09-11 14:51:34,Tennis Warehouse Europe,https://www.tenniswarehouse-europe.com/ON_Womens_Court_Pleated_Skirt/descpageWAONAP-OWCPS-EN.html?color=WH,ON Tennis
ON Women's Fall Court 2-in-1 Short,71.90 €,80.00 €,Tennis Clothing,2026-09-11 14:51:34,Tennis Warehouse Europe,https://www.tenniswarehouse-europe.com/ON_Womens_Fall_Court_2-in-1_Short/descpageWAONAP-OWFCRS-EN.html?color=PU,ON Tennis
ON Women's Fall Court 2-in-1 Short,71.90 €,80.00 €,Tennis Clothing,2026-09-11 14:51:34,Tennis Warehouse Europe,https://www.tenniswarehouse-europe.com/ON_Womens_Fall_Court_2-in-1_Short/descpageWAONAP-OWFC2S-EN.html?color=LGR,ON Tennis
ON Women's Court 2-in-1 Short,71.90 €,80.00 €,Tennis Clothing,2026-09-11 14:51:34,Tennis Warehouse Europe,https://www.tenniswarehouse-europe.com/ON_Womens_Court_2-in-1_Short/descpageWAONAP-OWC21S-EN.html?color=BK,ON Tennis
ON Court Hat,53.90 €,60.00 €,Tennis Clothing,2026-09-11 14:51:34,Tennis Warehouse Europe,https://www.tenniswarehouse-europe.com/ON_Court_Hat/descpageONAP-ONCTH-EN.html?color=BK,ON Tennis
ON Court Hat,53.90 €,60.00 €,Tennis Clothing,2026-09-11 14:51:34,Tennis Warehouse Europe,https://www.tenniswarehouse-europe.com/ON_Court_Hat/descpageONAP-ONCTH-EN.html?color=WH,ON Tennis
ON Courtside Wristband Ivory,24.89 €,,Tennis Clothing,2026-09-11 14:51:34,Tennis Warehouse Europe,https://www.tenniswarehouse-europe.com/ON_Courtside_Wristband_Ivory/descpageONAP-ONWRBI-EN.html,ON Tennis
ON Performance 2-Pack Arm Sleeve,45.90 €,50.00 €,Tennis Clothing,2026-09-11 14:51:34,Tennis Warehouse Europe,https://www.tenniswarehouse-europe.com/ON_Performance_2-Pack_Arm_Sleeve/descpageMAONAP-ONPARSL-EN.html?color=BK,ON Tennis
ON Performance 2-Pack Arm Sleeve,45.90 €,50.00 €,Tennis Clothing,2026-09-11 14:51:34,Tennis Warehouse Europe,https://www.tenniswarehouse-europe.com/ON_Performance_2-Pack_Arm_Sleeve/descpageMAONAP-ONPARSL-EN.html?color=WH,ON Tennis
Solid Tennis Hat,23.90 €,30.00 €,Tennis Clothing,2026-09-11 14:51:34,Tennis Warehouse Europe,https://www.tenniswarehouse-europe.com/Original_Penguin_Solid_Tennis_Hat/descpageMAORPEN-OPSTH-EN.html?color=NV,Original Penguin
Rubber Patch Visor,27.89 €,35.00 €,Tennis Clothing,2026-09-11 14:51:34,Tennis Warehouse Europe,https://www.tenniswarehouse-europe.com/Original_Penguin_Rubber_Patch_Visor/descpageMAORPEN-OPRPV-EN.html?color=NV,Original Penguin
Rubber Patch Visor,27.89 €,35.00 €,Tennis Clothing,2026-09-11 14:51:34,Tennis Warehouse Europe,https://www.tenniswarehouse-europe.com/Original_Penguin_Rubber_Patch_Visor/descpageMAORPEN-OPRPV-EN.html?color=WH,Original Penguin
Roland Garros Women's Big Logo T-Shirt,18.90 €,25.00 €,Tennis Clothing,2026-09-11 14:51:34,Tennis Warehouse Europe,https://www.tenniswarehouse-europe.com/Roland_Garros_Womens_Big_Logo_T-Shirt/descpageWARGWP-RG26LT-EN.html?color=NV,Weeplay
Roland Garros Women's Graphic T-Shirt,18.90 €,25.00 €,Tennis Clothing,2026-09-11 14:51:34,Tennis Warehouse Europe,https://www.tenniswarehouse-europe.com/Roland_Garros_Womens_Graphic_T-Shirt/descpageWARGWP-RG26GT-EN.html?color=WPK,Weeplay
Roland Garros Graphic Hat Navy,12.50 €,18.00 €,Tennis Clothing,2026-09-11 14:51:34,Tennis Warehouse Europe,https://www.tenniswarehouse-europe.com/Roland_Garros_Graphic_Hat_Navy/descpageMARGWP-RG26GHN-EN.html,Weeplay
Roland Garros Logo Kid's Hat Navy,12.50 €,18.00 €,Tennis Clothing,2026-09-11 14:51:34,Tennis Warehouse Europe,https://www.tenniswarehouse-europe.com/Roland_Garros_Logo_Kids_Hat_Navy/descpageMARGWP-RG26LHK-EN.html,Weeplay
Roland Garros 2-Pack Wristbands White,6.90 €,10.00 €,Tennis Clothing,2026-09-11 14:51:34,Tennis Warehouse Europe,https://www.tenniswarehouse-europe.com/Roland_Garros_2-Pack_Wristbands_White/descpageMARGWP-RG262PW-EN.html,Weeplay
Roland Garros Performance Headband White/Pink,8.90 €,13.00 €,Tennis Clothing,2026-09-11 14:51:34,Tennis Warehouse Europe,https://www.tenniswarehouse-europe.com/Roland_Garros_Performance_Headband_White_Pink/descpageMARGWP-RGW26PB-EN.html,Weeplay
Roland Garros Backpack,30.00 €,50.00 €,Tennis Clothing,2026-09-11 14:51:34,Tennis Warehouse Europe,https://www.tenniswarehouse-europe.com/Roland_Garros_Backpack/descpageBGLPDRG-ROG23BP-EN.html,La Plume Doree
Roland Garros Hat Magnet,5.90 €,7.90 €,Tennis Clothing,2026-09-11 14:51:34,Tennis Warehouse Europe,https://www.tenniswarehouse-europe.com/Roland_Garros_Hat_Magnet/descpageLPDRG-RG25HAM-EN.html,La Plume Doree
Roland Garros Street Sign Key Ring,5.90 €,7.90 €,Tennis Clothing,2026-09-11 14:51:34,Tennis Warehouse Europe,https://www.tenniswarehouse-europe.com/Roland_Garros_Street_Sign_Key_Ring/descpageLPDRG-RG25KRE-EN.html,La Plume Doree
Roland Garros Magnet,5.90 €,7.90 €,Tennis Clothing,2026-09-11 14:51:34,Tennis Warehouse Europe,https://www.tenniswarehouse-europe.com/Roland_Garros_Magnet/descpageLPDRG-RG25RMG-EN.html,La Plume Doree
Roland Garros Rubber Key Ring,5.95 €,,Tennis Clothing,2026-09-11 14:51:34,Tennis Warehouse Europe,https://www.tenniswarehouse-europe.com/Roland_Garros_Rubber_Key_Ring/descpageLPDRG-RG25RKR-EN.html,La Plume Doree
Roland Garros Yellow Ball Key Ring,7.90 €,8.70 €,Tennis Clothing,2026-09-11 14:51:34,Tennis Warehouse Europe,https://www.tenniswarehouse-europe.com/Roland_Garros_Yellow_Ball_Key_Ring/descpageLPDRG-RG23YBKR-EN.html,La Plume Doree
Women's Tech Dress,71.89 €,80.00 €,Tennis Clothing,2026-09-11 14:51:34,Tennis Warehouse Europe,https://www.tenniswarehouse-europe.com/Tecnifibre_Womens_Tech_Dress/descpageWATECNIA-TWTED-EN.html?color=NV,Tecnifibre
Women's Cotton Graphic T-Shirt,31.90 €,35.00 €,Tennis Clothing,2026-09-11 14:51:34,Tennis Warehouse Europe,https://www.tenniswarehouse-europe.com/Tecnifibre_Womens_Cotton_Graphic_T-Shirt/descpageWATECNIA-TW26GT-EN.html?color=BE,Tecnifibre
Women's Cotton Graphic T-Shirt,31.90 €,35.00 €,Tennis Clothing,2026-09-11 14:51:34,Tennis Warehouse Europe,https://www.tenniswarehouse-europe.com/Tecnifibre_Womens_Cotton_Graphic_T-Shirt/descpageWATECNIA-TW26GT-EN.html?color=NV,Tecnifibre
Women's Cotton Graphic T-Shirt,31.90 €,35.00 €,Tennis Clothing,2026-09-11 14:51:34,Tennis Warehouse Europe,https://www.tenniswarehouse-europe.com/Tecnifibre_Womens_Cotton_Graphic_T-Shirt/descpageWATECNIA-TW26GT-EN.html?color=RD,Tecnifibre
Women's Pro Thermo Zip 3/4 Longsleeve,44.90 €,70.00 €,Tennis Clothing,2026-09-11 14:51:34,Tennis Warehouse Europe,https://www.tenniswarehouse-europe.com/Tecnifibre_Womens_Pro_Thermo_Zip_3_4_Longsleeve/descpageWATECNIA-TW25TZL-EN.html?color=NV,Tecnifibre
Women's Team Tank,39.90 €,50.00 €,Tennis Clothing,2026-09-11 14:51:34,Tennis Warehouse Europe,https://www.tenniswarehouse-europe.com/Tecnifibre_Womens_Team_Tank/descpageWATECNIA-TWCTTA-EN.html?color=LB,Tecnifibre
Women's Team Tank,39.90 €,50.00 €,Tennis Clothing,2026-09-11 14:51:34,Tennis Warehouse Europe,https://www.tenniswarehouse-europe.com/Tecnifibre_Womens_Team_Tank/descpageWATECNIA-TWCTTA-EN.html?color=NV,Tecnifibre
Women's Team Stretch T-Shirt,23.90 €,30.00 €,Tennis Clothing,2026-09-11 14:51:34,Tennis Warehouse Europe,https://www.tenniswarehouse-europe.com/Tecnifibre_Womens_Team_Stretch_T-Shirt/descpageWATECNIA-TWCST-EN.html?color=LB,Tecnifibre
Women's Team Stretch T-Shirt,23.90 €,30.00 €,Tennis Clothing,2026-09-11 14:51:34,Tennis Warehouse Europe,https://www.tenniswarehouse-europe.com/Tecnifibre_Womens_Team_Stretch_T-Shirt/descpageWATECNIA-TWCST-EN.html?color=LG,Tecnifibre
Women's Team Stretch T-Shirt,23.90 €,30.00 €,Tennis Clothing,2026-09-11 14:51:34,Tennis Warehouse Europe,https://www.tenniswarehouse-europe.com/Tecnifibre_Womens_Team_Stretch_T-Shirt/descpageWATECNIA-TWCST-EN.html?color=NV,Tecnifibre
Women's Team Stretch T-Shirt,23.90 €,30.00 €,Tennis Clothing,2026-09-11 14:51:34,Tennis Warehouse Europe,https://www.tenniswarehouse-europe.com/Tecnifibre_Womens_Team_Stretch_T-Shirt/descpageWATECNIA-TWCST-EN.html?color=RD,Tecnifibre
Women's Team Tech Top,27.89 €,40.00 €,Tennis Clothing,2026-09-11 14:51:34,Tennis Warehouse Europe,https://www.tenniswarehouse-europe.com/Tecnifibre_Womens_Team_Tech_Top/descpageWATECNIA-TWCTTO-EN.html?color=LB,Tecnifibre
Women's Team Tech Top,27.89 €,40.00 €,Tennis Clothing,2026-09-11 14:51:34,Tennis Warehouse Europe,https://www.tenniswarehouse-europe.com/Tecnifibre_Womens_Team_Tech_Top/descpageWATECNIA-TWCTTO-EN.html?color=NV,Tecnifibre
Women's Team Tech Top,27.89 €,40.00 €,Tennis Clothing,2026-09-11 14:51:34,Tennis Warehouse Europe,https://www.tenniswarehouse-europe.com/Tecnifibre_Womens_Team_Tech_Top/descpageWATECNIA-TWCTTO-EN.html?color=RD,Tecnifibre
Women's Team Tech Top,27.89 €,40.00 €,Tennis Clothing,2026-09-11 14:51:34,Tennis Warehouse Europe,https://www.tenniswarehouse-europe.com/Tecnifibre_Womens_Team_Tech_Top/descpageWATECNIA-TWCTTO-EN.html?color=WH,Tecnifibre
Women's Team X-Loop Top,36.90 €,50.00 €,Tennis Clothing,2026-09-11 14:51:34,Tennis Warehouse Europe,https://www.tenniswarehouse-europe.com/Tecnifibre_Womens_Team_X-Loop_Top/descpageWATECNIA-TWCXLT-EN.html?color=LG,Tecnifibre
Women's Team X-Loop Top,36.90 €,50.00 €,Tennis Clothing,2026-09-11 14:51:34,Tennis Warehouse Europe,https://www.tenniswarehouse-europe.com/Tecnifibre_Womens_Team_X-Loop_Top/descpageWATECNIA-TWCXLT-EN.html?color=RD,Tecnifibre
Women's Team Tech Polo,36.90 €,50.00 €,Tennis Clothing,2026-09-11 14:51:34,Tennis Warehouse Europe,https://www.tenniswarehouse-europe.com/Tecnifibre_Womens_Team_Tech_Polo/descpageWATECNIA-TWCTP-EN.html?color=NV,Tecnifibre
Women's Team Tech Polo,36.90 €,50.00 €,Tennis Clothing,2026-09-11 14:51:34,Tennis Warehouse Europe,https://www.tenniswarehouse-europe.com/Tecnifibre_Womens_Team_Tech_Polo/descpageWATECNIA-TWCTP-EN.html?color=WH,Tecnifibre
Women's Team Stretch Short,33.90 €,45.00 €,Tennis Clothing,2026-09-11 14:51:34,Tennis Warehouse Europe,https://www.tenniswarehouse-europe.com/Tecnifibre_Womens_Team_Stretch_Short/descpageWATECNIA-TWCTSH-EN.html?color=LGR,Tecnifibre
Women's Team Stretch Short,33.90 €,45.00 €,Tennis Clothing,2026-09-11 14:51:34,Tennis Warehouse Europe,https://www.tenniswarehouse-europe.com/Tecnifibre_Womens_Team_Stretch_Short/descpageWATECNIA-TWCTSH-EN.html?color=NV,Tecnifibre
Women's Team Stretch Short,33.90 €,45.00 €,Tennis Clothing,2026-09-11 14:51:34,Tennis Warehouse Europe,https://www.tenniswarehouse-europe.com/Tecnifibre_Womens_Team_Stretch_Short/descpageWATECNIA-TWCTSH-EN.html?color=RD,Tecnifibre
Women's Team Stretch Short,33.90 €,45.00 €,Tennis Clothing,2026-09-11 14:51:34,Tennis Warehouse Europe,https://www.tenniswarehouse-europe.com/Tecnifibre_Womens_Team_Stretch_Short/descpageWATECNIA-TWCTSH-EN.html?color=WH,Tecnifibre
Women's Team Stretch Skirt,33.90 €,45.00 €,Tennis Clothing,2026-09-11 14:51:34,Tennis Warehouse Europe,https://www.tenniswarehouse-europe.com/Tecnifibre_Womens_Team_Stretch_Skirt/descpageWATECNIA-TWCSTS-EN.html?color=LB,Tecnifibre
Women's Team Stretch Skirt,33.90 €,45.00 €,Tennis Clothing,2026-09-11 14:51:34,Tennis Warehouse Europe,https://www.tenniswarehouse-europe.com/Tecnifibre_Womens_Team_Stretch_Skirt/descpageWATECNIA-TWCSTS-EN.html?color=NV,Tecnifibre
Women's Team Stretch Skirt,33.90 €,45.00 €,Tennis Clothing,2026-09-11 14:51:34,Tennis Warehouse Europe,https://www.tenniswarehouse-europe.com/Tecnifibre_Womens_Team_Stretch_Skirt/descpageWATECNIA-TWCSTS-EN.html?color=WH,Tecnifibre
Unisex Team Terry Sweater,41.90 €,60.00 €,Tennis Clothing,2026-09-11 14:51:34,Tennis Warehouse Europe,https://www.tenniswarehouse-europe.com/Tecnifibre_Unisex_Team_Terry_Sweater/descpageMATECNIA-TCUTTS-EN.html?color=NV,Tecnifibre
Unisex Team Terry Sweater,41.90 €,60.00 €,Tennis Clothing,2026-09-11 14:51:34,Tennis Warehouse Europe,https://www.tenniswarehouse-europe.com/Tecnifibre_Unisex_Team_Terry_Sweater/descpageMATECNIA-TCUTTS-EN.html?color=RD,Tecnifibre
Unisex Team Terry Hoodie,49.90 €,70.00 €,Tennis Clothing,2026-09-11 14:51:34,Tennis Warehouse Europe,https://www.tenniswarehouse-europe.com/Tecnifibre_Unisex_Team_Terry_Hoodie/descpageMATECNIA-TCUTTH-EN.html?color=BL,Tecnifibre
Unisex Team Terry Hoodie,49.90 €,70.00 €,Tennis Clothing,2026-09-11 14:51:34,Tennis Warehouse Europe,https://www.tenniswarehouse-europe.com/Tecnifibre_Unisex_Team_Terry_Hoodie/descpageMATECNIA-TCUTTH-EN.html?color=GRL,Tecnifibre
Women's Team Light Jacket,44.90 €,75.00 €,Tennis Clothing,2026-09-11 14:51:34,Tennis Warehouse Europe,https://www.tenniswarehouse-europe.com/Tecnifibre_Womens_Team_Light_Jacket/descpageWATECNIA-TWCLJ-EN.html?color=GR,Tecnifibre
Women's Team Light Jacket,44.90 €,75.00 €,Tennis Clothing,2026-09-11 14:51:34,Tennis Warehouse Europe,https://www.tenniswarehouse-europe.com/Tecnifibre_Womens_Team_Light_Jacket/descpageWATECNIA-TWCLJ-EN.html?color=LB,Tecnifibre
Women's Team Light Jacket,44.90 €,75.00 €,Tennis Clothing,2026-09-11 14:51:34,Tennis Warehouse Europe,https://www.tenniswarehouse-europe.com/Tecnifibre_Womens_Team_Light_Jacket/descpageWATECNIA-TWCLJ-EN.html?color=NV,Tecnifibre
Women's Team Light Jacket,44.90 €,75.00 €,Tennis Clothing,2026-09-11 14:51:34,Tennis Warehouse Europe,https://www.tenniswarehouse-europe.com/Tecnifibre_Womens_Team_Light_Jacket/descpageWATECNIA-TWCLJ-EN.html?color=WH,Tecnifibre
Women's Team Terry Pant,41.90 €,60.00 €,Tennis Clothing,2026-09-11 14:51:34,Tennis Warehouse Europe,https://www.tenniswarehouse-europe.com/Tecnifibre_Womens_Team_Terry_Pant/descpageWATECNIA-TWTTP-EN.html?color=GR,Tecnifibre
Women's Team Terry Pant,41.90 €,60.00 €,Tennis Clothing,2026-09-11 14:51:34,Tennis Warehouse Europe,https://www.tenniswarehouse-europe.com/Tecnifibre_Womens_Team_Terry_Pant/descpageWATECNIA-TWTTP-EN.html?color=NV,Tecnifibre
Women's Team Terry Pant,41.90 €,60.00 €,Tennis Clothing,2026-09-11 14:51:34,Tennis Warehouse Europe,https://www.tenniswarehouse-europe.com/Tecnifibre_Womens_Team_Terry_Pant/descpageWATECNIA-TWTTP-EN.html?color=WH,Tecnifibre
Women's Team Tech Tight,39.90 €,50.00 €,Tennis Clothing,2026-09-11 14:51:34,Tennis Warehouse Europe,https://www.tenniswarehouse-europe.com/Tecnifibre_Womens_Team_Tech_Tight/descpageWATECNIA-TWCTL-EN.html?color=NV,Tecnifibre
Women's X-Loop Top,39.90 €,50.00 €,Tennis Clothing,2026-09-11 14:51:34,Tennis Warehouse Europe,https://www.tenniswarehouse-europe.com/Tecnifibre_Womens_X-Loop_Top/descpageWATECNIA-TW25XT-EN.html?color=NV,Tecnifibre
Women's X-Loop Short,29.90 €,50.00 €,Tennis Clothing,2026-09-11 14:51:34,Tennis Warehouse Europe,https://www.tenniswarehouse-europe.com/Tecnifibre_Womens_X-Loop_Short/descpageWATECNIA-TW25XS-EN.html?color=BE,Tecnifibre
Women's Cotton Graphic T-Shirt,27.89 €,35.00 €,Tennis Clothing,2026-09-11 14:51:34,Tennis Warehouse Europe,https://www.tenniswarehouse-europe.com/Tecnifibre_Womens_Cotton_Graphic_T-Shirt/descpageWATECNIA-TW25GT-EN.html?color=NV,Tecnifibre
Women's Tech Dress,59.90 €,80.00 €,Tennis Clothing,2026-09-11 14:51:34,Tennis Warehouse Europe,https://www.tenniswarehouse-europe.com/Tecnifibre_Womens_Tech_Dress/descpageWATECNIA-TWTD-EN.html?color=NV,Tecnifibre
Women's 7/8 Legging,47.90 €,60.00 €,Tennis Clothing,2026-09-11 14:51:34,Tennis Warehouse Europe,https://www.tenniswarehouse-europe.com/Tecnifibre_Womens_7_8_Legging/descpageWATECNIA-TW78L-EN.html?color=NV,Tecnifibre
Laser Hat,19.90 €,25.00 €,Tennis Clothing,2026-09-11 14:51:34,Tennis Warehouse Europe,https://www.tenniswarehouse-europe.com/Tecnifibre_Laser_Hat/descpageTECNIA-TCLAH-EN.html?color=GRL,Tecnifibre
Laser Hat,19.90 €,25.00 €,Tennis Clothing,2026-09-11 14:51:34,Tennis Warehouse Europe,https://www.tenniswarehouse-europe.com/Tecnifibre_Laser_Hat/descpageTECNIA-TCLAH-EN.html?color=LB,Tecnifibre
Laser Hat,19.90 €,25.00 €,Tennis Clothing,2026-09-11 14:51:34,Tennis Warehouse Europe,https://www.tenniswarehouse-europe.com/Tecnifibre_Laser_Hat/descpageTECNIA-TCLAH-EN.html?color=NV,Tecnifibre
Laser Hat,19.90 €,25.00 €,Tennis Clothing,2026-09-11 14:51:34,Tennis Warehouse Europe,https://www.tenniswarehouse-europe.com/Tecnifibre_Laser_Hat/descpageTECNIA-TCLAH-EN.html?color=RD,Tecnifibre
Tech Visor,17.90 €,20.00 €,Tennis Clothing,2026-09-11 14:51:34,Tennis Warehouse Europe,https://www.tenniswarehouse-europe.com/Tecnifibre_Tech_Visor/descpageTECNIA-TTVI-EN.html?color=NV,Tecnifibre
Tech Visor,17.90 €,20.00 €,Tennis Clothing,2026-09-11 14:51:34,Tennis Warehouse Europe,https://www.tenniswarehouse-europe.com/Tecnifibre_Tech_Visor/descpageTECNIA-TTVI-EN.html?color=WH,Tecnifibre
2-Pack Singlewide Wristbands White,5.90 €,6.99 €,Tennis Clothing,2026-09-11 14:51:34,Tennis Warehouse Europe,https://www.tenniswarehouse-europe.com/Tecnifibre_2-Pack_Singlewide_Wristbands_White/descpageTECNIA-T2PSW-EN.html,Tecnifibre
Total Padel Cotton Logo T-Shirt Women's,9.90 €,15.00 €,Tennis Clothing,2026-09-11 14:51:34,Tennis Warehouse Europe,https://www.tenniswarehouse-europe.com/Total_Padel_Cotton_Logo_T-Shirt_Womens/descpageWAJCAR-TPCLTSW-EN.html?color=BL,JCarroll
Tennis Warehouse Vibration Worm Dampener,1.40 €,,Tennis Clothing,2026-09-11 14:51:34,Tennis Warehouse Europe,https://www.tenniswarehouse-europe.com/Tennis_Warehouse_Vibration_Worm_Dampener/descpageTWUS-TWWORM-EN.html,Tennis Warehouse US
Tennis Warehouse Vibration Dampener,1.00 €,,Tennis Clothing,2026-09-11 14:51:34,Tennis Warehouse Europe,https://www.tenniswarehouse-europe.com/Tennis_Warehouse_Vibration_Dampener/descpageTWUS-TWDAMP-EN.html,Tennis Warehouse US
Women's Fall Motion Tank,26.89 €,30.00 €,Tennis Clothing,2026-09-11 14:51:34,Tennis Warehouse Europe,https://www.tenniswarehouse-europe.com/Under_Armour_Womens_Fall_Motion_Tank/descpageWAUAA-UWSMTF-EN.html?color=DP,Under Armour
Women's Basic Tech Tank,24.89 €,28.00 €,Tennis Clothing,2026-09-11 14:51:34,Tennis Warehouse Europe,https://www.tenniswarehouse-europe.com/Under_Armour_Womens_Basic_Tech_Tank/descpageWAUAA-UWSTAB-EN.html?color=BK,Under Armour
Women's Fall Tech Mesh Top,31.90 €,35.00 €,Tennis Clothing,2026-09-11 14:51:34,Tennis Warehouse Europe,https://www.tenniswarehouse-europe.com/Under_Armour_Womens_Fall_Tech_Mesh_Top/descpageWAUAA-UAWFTMT-EN.html?color=WH,Under Armour
Women's Fall Motion Skort,44.90 €,50.00 €,Tennis Clothing,2026-09-11 14:51:34,Tennis Warehouse Europe,https://www.tenniswarehouse-europe.com/Under_Armour_Womens_Fall_Motion_Skort/descpageWAUAA-UAWFMSK-EN.html?color=BK,Under Armour
Women's Fall Motion Skort,44.90 €,50.00 €,Tennis Clothing,2026-09-11 14:51:34,Tennis Warehouse Europe,https://www.tenniswarehouse-europe.com/Under_Armour_Womens_Fall_Motion_Skort/descpageWAUAA-UAWFMSK-EN.html?color=WH,Under Armour
Women's Fall Tech Play Up Short,23.90 €,30.00 €,Tennis Clothing,2026-09-11 14:51:34,Tennis Warehouse Europe,https://www.tenniswarehouse-europe.com/Under_Armour_Womens_Fall_Tech_Play_Up_Short/descpageWAUAA-UWTPSPP-EN.html?color=PU,Under Armour
Women's Fall Mid Crossback Bra,31.90 €,35.00 €,Tennis Clothing,2026-09-11 14:51:34,Tennis Warehouse Europe,https://www.tenniswarehouse-europe.com/Under_Armour_Womens_Fall_Mid_Crossback_Bra/descpageWAUAA-UAWAMFF-EN.html?color=PU,Under Armour
Women's Mid Crossback Bra,31.90 €,35.00 €,Tennis Clothing,2026-09-11 14:51:34,Tennis Warehouse Europe,https://www.tenniswarehouse-europe.com/Under_Armour_Womens_Mid_Crossback_Bra/descpageWAUAA-UAWAMF2-EN.html?color=BK,Under Armour
Women's Fall Motion Full Zip LS,44.90 €,50.00 €,Tennis Clothing,2026-09-11 14:51:34,Tennis Warehouse Europe,https://www.tenniswarehouse-europe.com/Under_Armour_Womens_Fall_Motion_Full_Zip_LS/descpageWAUAA-UAWMFZL-EN.html?color=PU,Under Armour
Women's Motion Leggings,43.90 €,48.00 €,Tennis Clothing,2026-09-11 14:51:34,Tennis Warehouse Europe,https://www.tenniswarehouse-europe.com/Under_Armour_Womens_Motion_Leggings/descpageWAUAA-UWMOL26-EN.html?color=BK,Under Armour
Women's HG Authentics Comp LS,31.90 €,35.00 €,Tennis Clothing,2026-09-11 14:51:34,Tennis Warehouse Europe,https://www.tenniswarehouse-europe.com/Under_Armour_Womens_HG_Authentics_Comp_LS_/descpageWAUAA-UAWHACL-EN.html?color=BK,Under Armour
Women's HG Authentics Comp LS,31.90 €,35.00 €,Tennis Clothing,2026-09-11 14:51:34,Tennis Warehouse Europe,https://www.tenniswarehouse-europe.com/Under_Armour_Womens_HG_Authentics_Comp_LS_/descpageWAUAA-UAWHACL-EN.html?color=WH,Under Armour
Women's ColdGear Mock LS,49.90 €,55.00 €,Tennis Clothing,2026-09-11 14:51:34,Tennis Warehouse Europe,https://www.tenniswarehouse-europe.com/Under_Armour_Womens_ColdGear_Mock_LS/descpageWAUAA-UAWCGML-EN.html?color=BK,Under Armour
Women's ColdGear Tight,49.90 €,55.00 €,Tennis Clothing,2026-09-11 14:51:34,Tennis Warehouse Europe,https://www.tenniswarehouse-europe.com/Under_Armour_Womens_ColdGear_Tight_/descpageWAUAA-UAWCGTI-EN.html?color=BK,Under Armour
Men's Blitzing Adjustable Hat,20.90 €,23.00 €,Tennis Clothing,2026-09-11 14:51:34,Tennis Warehouse Europe,https://www.tenniswarehouse-europe.com/Under_Armour_Mens_Blitzing_Adjustable_Hat/descpageUAA-UAMBAH-EN.html?color=BK,Under Armour
Men's Blitzing Adjustable Hat,20.90 €,23.00 €,Tennis Clothing,2026-09-11 14:51:34,Tennis Warehouse Europe,https://www.tenniswarehouse-europe.com/Under_Armour_Mens_Blitzing_Adjustable_Hat/descpageUAA-UAMBAH-EN.html?color=GY,Under Armour
Men's Blitzing Adjustable Hat,20.90 €,23.00 €,Tennis Clothing,2026-09-11 14:51:34,Tennis Warehouse Europe,https://www.tenniswarehouse-europe.com/Under_Armour_Mens_Blitzing_Adjustable_Hat/descpageUAA-UAMBAH-EN.html?color=WH,Under Armour
Doublewide Performance Wristband White,13.90 €,15.00 €,Tennis Clothing,2026-09-11 14:51:34,Tennis Warehouse Europe,https://www.tenniswarehouse-europe.com/Under_Armour_Doublewide_Performance_Wristband_White/descpageUAA-UA6PWWH-EN.html,Under Armour
Doublewide Performance Wristband Black,13.90 €,15.00 €,Tennis Clothing,2026-09-11 14:51:34,Tennis Warehouse Europe,https://www.tenniswarehouse-europe.com/Under_Armour_Doublewide_Performance_Wristband_Black/descpageUAA-UA6PWB-EN.html,Under Armour
Singlewide Performance Wristband Black,8.90 €,10.00 €,Tennis Clothing,2026-09-11 14:51:34,Tennis Warehouse Europe,https://www.tenniswarehouse-europe.com/Under_Armour_Singlewide_Performance_Wristband_Black/descpageUAA-UA3PWB-EN.html,Under Armour
Singlewide Performance Wristband White,8.90 €,10.00 €,Tennis Clothing,2026-09-11 14:51:34,Tennis Warehouse Europe,https://www.tenniswarehouse-europe.com/Under_Armour_Singlewide_Performance_Wristband_White/descpageUAA-UA3PWWH-EN.html,Under Armour
Women's Spring Tech Tank,21.90 €,28.00 €,Tennis Clothing,2026-09-11 14:51:34,Tennis Warehouse Europe,https://www.tenniswarehouse-europe.com/Under_Armour_Womens_Spring_Tech_Tank/descpageWAUAA-UWSTA-EN.html?color=PK,Under Armour
Women's Spring Tech Tank,21.90 €,28.00 €,Tennis Clothing,2026-09-11 14:51:34,Tennis Warehouse Europe,https://www.tenniswarehouse-europe.com/Under_Armour_Womens_Spring_Tech_Tank/descpageWAUAA-UWSTA-EN.html?color=TR,Under Armour
Women's Spring Tech Twist Top,23.90 €,30.00 €,Tennis Clothing,2026-09-11 14:51:34,Tennis Warehouse Europe,https://www.tenniswarehouse-europe.com/Under_Armour_Womens_Spring_Tech_Twist_Top/descpageWAUAA-UWTSTT-EN.html?color=PU,Under Armour
Women's Spring Tech Twist Top,23.90 €,30.00 €,Tennis Clothing,2026-09-11 14:51:34,Tennis Warehouse Europe,https://www.tenniswarehouse-europe.com/Under_Armour_Womens_Spring_Tech_Twist_Top/descpageWAUAA-UWTSTT-EN.html?color=TU,Under Armour
Women's Basic Motion Tank,23.90 €,30.00 €,Tennis Clothing,2026-09-11 14:51:34,Tennis Warehouse Europe,https://www.tenniswarehouse-europe.com/Under_Armour_Womens_Basic_Motion_Tank/descpageWAUAA-UWBMT-EN.html?color=BK,Under Armour
Women's Spring Motion Tank,23.90 €,30.00 €,Tennis Clothing,2026-09-11 14:51:34,Tennis Warehouse Europe,https://www.tenniswarehouse-europe.com/Under_Armour_Womens_Spring_Motion_Tank/descpageWAUAA-UWSMT-EN.html?color=PU,Under Armour
Women's Motion Skirt,39.90 €,50.00 €,Tennis Clothing,2026-09-11 14:51:34,Tennis Warehouse Europe,https://www.tenniswarehouse-europe.com/Under_Armour_Womens_Motion_Skirt/descpageWAUAA-UAWMSK-EN.html?color=BK,Under Armour
Women's Motion Skirt,39.90 €,50.00 €,Tennis Clothing,2026-09-11 14:51:34,Tennis Warehouse Europe,https://www.tenniswarehouse-europe.com/Under_Armour_Womens_Motion_Skirt/descpageWAUAA-UAWMSI-EN.html?color=BK,Under Armour
Women's Motion Skirt,39.90 €,50.00 €,Tennis Clothing,2026-09-11 14:51:34,Tennis Warehouse Europe,https://www.tenniswarehouse-europe.com/Under_Armour_Womens_Motion_Skirt/descpageWAUAA-UAWMSI-EN.html?color=WBL,Under Armour
Women's Motion Skirt,39.90 €,50.00 €,Tennis Clothing,2026-09-11 14:51:34,Tennis Warehouse Europe,https://www.tenniswarehouse-europe.com/Under_Armour_Womens_Motion_Skirt/descpageWAUAA-UAWMSI-EN.html?color=WH,Under Armour
Women's Motion Dress,52.90 €,70.00 €,Tennis Clothing,2026-09-11 14:51:34,Tennis Warehouse Europe,https://www.tenniswarehouse-europe.com/Under_Armour_Womens_Motion_Dress/descpageWAUAA-UAMOD-EN.html?color=BK,Under Armour
Women's Motion Dress,52.90 €,70.00 €,Tennis Clothing,2026-09-11 14:51:34,Tennis Warehouse Europe,https://www.tenniswarehouse-europe.com/Under_Armour_Womens_Motion_Dress/descpageWAUAA-UAMOD-EN.html?color=WH,Under Armour
Women's Tech Play Up Short,23.90 €,30.00 €,Tennis Clothing,2026-09-11 14:51:34,Tennis Warehouse Europe,https://www.tenniswarehouse-europe.com/Under_Armour_Womens_Tech_Play_Up_Short/descpageWAUAA-UWTPS-EN.html?color=PU,Under Armour
Women's Play Up 2-in-1 Short,27.89 €,35.00 €,Tennis Clothing,2026-09-11 14:51:34,Tennis Warehouse Europe,https://www.tenniswarehouse-europe.com/Under_Armour_Womens_Play_Up_2-in-1_Short/descpageWAUAA-UWSPUPS-EN.html?color=BK,Under Armour
Women's Motion Leggings,33.90 €,48.00 €,Tennis Clothing,2026-09-11 14:51:34,Tennis Warehouse Europe,https://www.tenniswarehouse-europe.com/Under_Armour_Womens_Motion_Leggings/descpageWAUAA-UWMOL-EN.html?color=BK,Under Armour
Women's HG Authentics Leggings,30.90 €,44.00 €,Tennis Clothing,2026-09-11 14:51:34,Tennis Warehouse Europe,https://www.tenniswarehouse-europe.com/Under_Armour_Womens_HG_Authentics_Leggings/descpageWAUAA-UWHGAL-EN.html?color=BK,Under Armour
Women's Motion High Neck Tank,20.90 €,35.00 €,Tennis Clothing,2026-09-11 14:51:34,Tennis Warehouse Europe,https://www.tenniswarehouse-europe.com/Under_Armour_Womens_Motion_High_Neck_Tank/descpageWAUAA-UAWMHNT-EN.html?color=WH,Under Armour
Women's Fall Motion Tank,17.90 €,30.00 €,Tennis Clothing,2026-09-11 14:51:34,Tennis Warehouse Europe,https://www.tenniswarehouse-europe.com/Under_Armour_Womens_Fall_Motion_Tank/descpageWAUAA-UAWFMT-EN.html?color=BL,Under Armour
Women's Fall HG Authentics Leggings,8.90 €,44.00 €,Tennis Clothing,2026-09-11 14:51:34,Tennis Warehouse Europe,https://www.tenniswarehouse-europe.com/Under_Armour_Womens_Fall_HG_Authentics_Leggings/descpageWAUAA-UAHGAUL-EN.html?color=BL,Under Armour
Under Armour Women's Infinity 2.0 HS Bra,47.90 € - 55.91 €,60.00€,Tennis Clothing,2026-09-11 14:51:34,Tennis Warehouse Europe,https://www.tenniswarehouse-europe.com/Under_Armour_Womens_Infinity_20_HS_Bra/descpageWAUNDERRA-UAIH2-EN.html?color=BK,Under Armour RUNNING
Under Armour Women's Infinity 2.0 HS Bra,47.90 € - 55.91 €,60.00€,Tennis Clothing,2026-09-11 14:51:34,Tennis Warehouse Europe,https://www.tenniswarehouse-europe.com/Under_Armour_Womens_Infinity_20_HS_Bra/descpageWAUNDERRA-UAIH2-EN.html?color=BL,Under Armour RUNNING
Under Armour Women's Infinity 2.0 HS Bra,47.90 € - 55.91 €,60.00€,Tennis Clothing,2026-09-11 14:51:34,Tennis Warehouse Europe,https://www.tenniswarehouse-europe.com/Under_Armour_Womens_Infinity_20_HS_Bra/descpageWAUNDERRA-UAIH2-EN.html?color=WW,Under Armour RUNNING
Under Armour Women's Infinity 2.0 HZ Bra,49.90 € - 59.90 €,65.00€,Tennis Clothing,2026-09-11 14:51:34,Tennis Warehouse Europe,https://www.tenniswarehouse-europe.com/Under_Armour_Womens_Infinity_20_HZ_Bra/descpageWAUNDERRA-UAIHZ-EN.html?color=BK,Under Armour RUNNING
Women's Fall Hi-Rise Tight,50.00 €,,Tennis Clothing,2026-09-11 14:51:34,Tennis Warehouse Europe,https://www.tenniswarehouse-europe.com/Under_Armour_Womens_Fall_Hi-Rise_Tight/descpageWAUAA-UAHRTI-EN.html?color=BK,Under Armour
Performance Cotton 3-Pack Crew Socks,14.90 €,16.00 €,Tennis Clothing,2026-09-11 14:51:34,Tennis Warehouse Europe,https://www.tenniswarehouse-europe.com/Under_Armour_Performance_Cotton_3-Pack_Crew_Socks/descpageMAUAA-UAPEC3P-EN.html?color=WH,Under Armour
Training Cotton 3-Pack Crew Socks,14.50 €,16.00 €,Tennis Clothing,2026-09-11 14:51:34,Tennis Warehouse Europe,https://www.tenniswarehouse-europe.com/Under_Armour_Training_Cotton_3-Pack_Crew_Socks/descpageMAUAA-UASTRCO-EN.html?color=WH,Under Armour
Women's Essential 6-Pack No Show Socks,19.00 €,20.00 €,Tennis Clothing,2026-09-11 14:51:34,Tennis Warehouse Europe,https://www.tenniswarehouse-europe.com/Under_Armour_Womens_Essential_6-Pack_No_Show_Socks_/descpageWAUAA-UANWSS-EN.html?color=BK,Under Armour
Unisex UA Dry Run Cushion No Show Socks,11.90 €,18.00 €,Tennis Clothing,2026-09-11 14:51:34,Tennis Warehouse Europe,https://www.tenniswarehouse-europe.com/Unisex_UA_Dry_Run_Cushion_No_Show_Socks/descpageMAUNDERRG-9UAMTSU-EN.html?color=BK,Under Armour RUNNING Accessorie
Women's Headliner Seam Sealed Dress,107.90 €,120.00 €,Tennis Clothing,2026-09-11 14:51:34,Tennis Warehouse Europe,https://www.tenniswarehouse-europe.com/Wilson_Womens_Headliner_Seam_Sealed_Dress/descpageWAWILSON-WWHSSDR-EN.html?color=BN,Wilson
Women's All Day Tee,49.90 €,55.00 €,Tennis Clothing,2026-09-11 14:51:34,Tennis Warehouse Europe,https://www.tenniswarehouse-europe.com/Wilson_Womens_All_Day_Tee/descpageWAWILSON-WWPADTE-EN.html?color=BL,Wilson
Women's Midtown Tennis Skirt,67.90 €,75.00 €,Tennis Clothing,2026-09-11 14:51:34,Tennis Warehouse Europe,https://www.tenniswarehouse-europe.com/Wilson_Womens_Midtown_Tennis_Skirt/descpageWAWILSON-WLSMTTS-EN.html?color=BL,Wilson
Women's Davenport Woven Popover,107.90 €,120.00 €,Tennis Clothing,2026-09-11 14:51:34,Tennis Warehouse Europe,https://www.tenniswarehouse-europe.com/Wilson_Womens_Davenport_Woven_Popover/descpageWAWILSON-WWAPOVE-EN.html?color=NBW,Wilson
Women's Montrose Pants,107.90 €,120.00 €,Tennis Clothing,2026-09-11 14:51:34,Tennis Warehouse Europe,https://www.tenniswarehouse-europe.com/Wilson_Womens_Montrose_Pants/descpageWAWILSON-WWHMTPA-EN.html?color=NV,Wilson
Women's Pro Seamless Tank,62.90 €,70.00 €,Tennis Clothing,2026-09-11 14:51:34,Tennis Warehouse Europe,https://www.tenniswarehouse-europe.com/Wilson_Womens_Pro_Seamless_Tank/descpageWAWILSON-WWBSPTA-EN.html?color=RD,Wilson
Women's On The Daily Dress,105.90 €,120.00 €,Tennis Clothing,2026-09-11 14:51:34,Tennis Warehouse Europe,https://www.tenniswarehouse-europe.com/Wilson_Womens_On_The_Daily_Dress/descpageWAWILSON-WWFOTDD-EN.html?color=PK,Wilson
Women's Fall On The Daily Brami Tank,62.90 €,70.00 €,Tennis Clothing,2026-09-11 14:51:34,Tennis Warehouse Europe,https://www.tenniswarehouse-europe.com/Wilson_Womens_Fall_On_The_Daily_Brami_Tank/descpageWAWILSON-WWSODNA-EN.html?color=NS,Wilson
Women's Fall On The Daily Brami Tank,62.90 €,70.00 €,Tennis Clothing,2026-09-11 14:51:34,Tennis Warehouse Europe,https://www.tenniswarehouse-europe.com/Wilson_Womens_Fall_On_The_Daily_Brami_Tank/descpageWAWILSON-WWSODNA-EN.html?color=RD,Wilson
Women's Fall Everyday Brami Tank,53.90 €,60.00 €,Tennis Clothing,2026-09-11 14:51:34,Tennis Warehouse Europe,https://www.tenniswarehouse-europe.com/Wilson_Womens_Fall_Everyday_Brami_Tank/descpageWAWILSON-WWBTPIT-EN.html?color=PK,Wilson
Women's Midtown Wrap Skirt,76.90 €,85.00 €,Tennis Clothing,2026-09-11 14:51:34,Tennis Warehouse Europe,https://www.tenniswarehouse-europe.com/Wilson_Womens_Midtown_Wrap_Skirt/descpageWAWILSON-WLSMTSP-EN.html?color=PK,Wilson
Women's Midtown Wrap Skirt,76.90 €,85.00 €,Tennis Clothing,2026-09-11 14:51:34,Tennis Warehouse Europe,https://www.tenniswarehouse-europe.com/Wilson_Womens_Midtown_Wrap_Skirt/descpageWAWILSON-WLSMTSP-EN.html?color=RD,Wilson
Women's All Day Full Zip Jacket,71.90 €,80.00 €,Tennis Clothing,2026-09-11 14:51:34,Tennis Warehouse Europe,https://www.tenniswarehouse-europe.com/Wilson_Womens_All_Day_Full_Zip_Jacket/descpageWAWILSON-WWADFZJ-EN.html?color=NV,Wilson
Women's Classic Crew,80.90 €,90.00 €,Tennis Clothing,2026-09-11 14:51:34,Tennis Warehouse Europe,https://www.tenniswarehouse-europe.com/Wilson_Womens_Classic_Crew/descpageWAWILSON-WWCLACR-EN.html?color=BL,Wilson
Women's Harper Crop Tee,40.90 €,45.00 €,Tennis Clothing,2026-09-11 14:51:34,Tennis Warehouse Europe,https://www.tenniswarehouse-europe.com/Wilson_Womens_Harper_Crop_Tee/descpageWAWILSON-WWPHCTE-EN.html?color=PK,Wilson
Women's All Court Tennis Dress,89.90 €,100.00 €,Tennis Clothing,2026-09-11 14:51:34,Tennis Warehouse Europe,https://www.tenniswarehouse-europe.com/Wilson_Womens_All_Court_Tennis_Dress/descpageWAWILSON-WWFANA-EN.html?color=NV,Wilson
Women's Sydney Rib Tank,67.90 €,75.00 €,Tennis Clothing,2026-09-11 14:51:34,Tennis Warehouse Europe,https://www.tenniswarehouse-europe.com/Wilson_Womens_Sydney_Rib_Tank/descpageWAWILSON-WWSOSYR-EN.html?color=BL,Wilson
Women's Sydney Rib Tank,67.90 €,75.00 €,Tennis Clothing,2026-09-11 14:51:34,Tennis Warehouse Europe,https://www.tenniswarehouse-europe.com/Wilson_Womens_Sydney_Rib_Tank/descpageWAWILSON-WWSOSYR-EN.html?color=PK,Wilson
Women's Spring Fieldhouse Lite Tank,43.90 €,55.00 €,Tennis Clothing,2026-09-11 14:51:34,Tennis Warehouse Europe,https://www.tenniswarehouse-europe.com/Wilson_Womens_Spring_Fieldhouse_Lite_Tank/descpageWAWILSON-WWSFIT-EN.html?color=LV,Wilson
Women's Spring On The Daily Point Brami Tank,48.90 €,70.00 €,Tennis Clothing,2026-09-11 14:51:34,Tennis Warehouse Europe,https://www.tenniswarehouse-europe.com/Wilson_Womens_Spring_On_The_Daily_Point_Brami_Tank/descpageWAWILSON-WWSODAT-EN.html?color=LV,Wilson
Women's Spring Midtown Skirt,52.90 €,75.00 €,Tennis Clothing,2026-09-11 14:51:34,Tennis Warehouse Europe,https://www.tenniswarehouse-europe.com/Wilson_Womens_Spring_Midtown_Skirt/descpageWAWILSON-WLSMTS-EN.html?color=LI,Wilson
Women's Premium Marta Clay Dress,99.90 €,120.00 €,Tennis Clothing,2026-09-11 14:51:34,Tennis Warehouse Europe,https://www.tenniswarehouse-europe.com/Wilson_Womens_Premium_Marta_Clay_Dress/descpageWAWILSON-WWMACD-EN.html?color=GR,Wilson
Women's Spring Everyday Brami Print Tank,55.91 €,70.00 €,Tennis Clothing,2026-09-11 14:51:34,Tennis Warehouse Europe,https://www.tenniswarehouse-europe.com/Wilson_Womens_Spring_Everyday_Brami_Print_Tank/descpageWAWILSON-WWSEVPT-EN.html?color=PR,Wilson
Women's Spring Cross Court Skirt,67.90 €,85.00 €,Tennis Clothing,2026-09-11 14:51:34,Tennis Warehouse Europe,https://www.tenniswarehouse-europe.com/Wilson_Womens_Spring_Cross_Court_Skirt/descpageWAWILSON-WSCRCS-EN.html?color=RD,Wilson
Women's Spring Everyday Brami Tank,44.90 €,60.00 €,Tennis Clothing,2026-09-11 14:51:34,Tennis Warehouse Europe,https://www.tenniswarehouse-europe.com/Wilson_Womens_Spring_Everyday_Brami_Tank/descpageWAWILSON-WWSEVT-EN.html?color=BL,Wilson
Women's Spring Midtown Skirt,55.91 €,75.00 €,Tennis Clothing,2026-09-11 14:51:34,Tennis Warehouse Europe,https://www.tenniswarehouse-europe.com/Wilson_Womens_Spring_Midtown_Skirt/descpageWAWILSON-WLSMIS-EN.html?color=BL,Wilson
Women's Spring Rally Halter Dress,89.90 €,120.00 €,Tennis Clothing,2026-09-11 14:51:34,Tennis Warehouse Europe,https://www.tenniswarehouse-europe.com/Wilson_Womens_Spring_Rally_Halter_Dress/descpageWAWILSON-WWSRAD-EN.html?color=BL,Wilson
Women's Spring Davenport Half-Zip Jacket,107.90 €,120.00 €,Tennis Clothing,2026-09-11 14:51:34,Tennis Warehouse Europe,https://www.tenniswarehouse-europe.com/Wilson_Womens_Spring_Davenport_Half-Zip_Jacket/descpageWAWILSON-WWSDPJ-EN.html?color=BE,Wilson
Women's Spring Pro Seamless Tee,58.91 €,65.00 €,Tennis Clothing,2026-09-11 14:51:34,Tennis Warehouse Europe,https://www.tenniswarehouse-europe.com/Wilson_Womens_Spring_Pro_Seamless_Tee/descpageWAWILSON-WWPSVT-EN.html?color=NV,Wilson
Women's Spring On The Daily Brami Tank,51.90 €,70.00 €,Tennis Clothing,2026-09-11 14:51:34,Tennis Warehouse Europe,https://www.tenniswarehouse-europe.com/Wilson_Womens_Spring_On_The_Daily_Brami_Tank/descpageWAWILSON-WWSONDT-EN.html?color=GR,Wilson
Women's Spring Fieldhouse Lite Tank,39.90 €,50.00 €,Tennis Clothing,2026-09-11 14:51:34,Tennis Warehouse Europe,https://www.tenniswarehouse-europe.com/Wilson_Womens_Spring_Fieldhouse_Lite_Tank/descpageWAWILSON-WWSFHT-EN.html?color=BO,Wilson
Women's Spring On The Daily Brami Tank,48.90 €,70.00 €,Tennis Clothing,2026-09-11 14:51:34,Tennis Warehouse Europe,https://www.tenniswarehouse-europe.com/Wilson_Womens_Spring_On_The_Daily_Brami_Tank/descpageWAWILSON-WWSPODB-EN.html?color=BE,Wilson
Women's Spring Everyday Brami Tank,47.90 €,60.00 €,Tennis Clothing,2026-09-11 14:51:34,Tennis Warehouse Europe,https://www.tenniswarehouse-europe.com/Wilson_Womens_Spring_Everyday_Brami_Tank/descpageWAWILSON-WWSEBT-EN.html?color=GR,Wilson
Women's Spring Everyday Brami Tank,47.90 €,60.00 €,Tennis Clothing,2026-09-11 14:51:34,Tennis Warehouse Europe,https://www.tenniswarehouse-europe.com/Wilson_Womens_Spring_Everyday_Brami_Tank/descpageWAWILSON-WWSEBT-EN.html?color=PU,Wilson
Women's Spring Rib Sleeveless Polo,62.90 €,70.00 €,Tennis Clothing,2026-09-11 14:51:34,Tennis Warehouse Europe,https://www.tenniswarehouse-europe.com/Wilson_Womens_Spring_Rib_Sleeveless_Polo/descpageWAWILSON-WWSRSP-EN.html?color=GR,Wilson
Women's Spring Rib Sleeveless Polo,62.90 €,70.00 €,Tennis Clothing,2026-09-11 14:51:34,Tennis Warehouse Europe,https://www.tenniswarehouse-europe.com/Wilson_Womens_Spring_Rib_Sleeveless_Polo/descpageWAWILSON-WWSRSP-EN.html?color=WH,Wilson
Women's Spring Davenport Half-Zip Jacket,95.90 €,120.00 €,Tennis Clothing,2026-09-11 14:51:34,Tennis Warehouse Europe,https://www.tenniswarehouse-europe.com/Wilson_Womens_Spring_Davenport_Half-Zip_Jacket/descpageWAWILSON-WWCDAJ-EN.html?color=GR,Wilson
Women's Spring Rally Halter Dress,99.90 €,120.00 €,Tennis Clothing,2026-09-11 14:51:34,Tennis Warehouse Europe,https://www.tenniswarehouse-europe.com/Wilson_Womens_Spring_Rally_Halter_Dress/descpageWAWILSON-WWSRHD-EN.html?color=BE,Wilson
Women's Spring Rally Halter Dress,99.90 €,120.00 €,Tennis Clothing,2026-09-11 14:51:34,Tennis Warehouse Europe,https://www.tenniswarehouse-europe.com/Wilson_Womens_Spring_Rally_Halter_Dress/descpageWAWILSON-WWSRHD-EN.html?color=NV,Wilson
Women's Fall All Court Tennis Dress,84.89 €,100.00 €,Tennis Clothing,2026-09-11 14:51:34,Tennis Warehouse Europe,https://www.tenniswarehouse-europe.com/Wilson_Womens_Fall_All_Court_Tennis_Dress/descpageWAWILSON-WWFACD-EN.html?color=WH,Wilson
Women's Spring Pro Seamless Tee,58.91 €,70.00 €,Tennis Clothing,2026-09-11 14:51:34,Tennis Warehouse Europe,https://www.tenniswarehouse-europe.com/Wilson_Womens_Spring_Pro_Seamless_Tee/descpageWAWILSON-WWPSLT-EN.html?color=PU,Wilson
Women's Spring Pro Seamless Tee,62.90 €,70.00 €,Tennis Clothing,2026-09-11 14:51:34,Tennis Warehouse Europe,https://www.tenniswarehouse-europe.com/Wilson_Womens_Spring_Pro_Seamless_Tee/descpageWAWILSON-WWSPSTE-EN.html?color=WH,Wilson
Women's Spring Classic Crew Sweater,63.90 €,80.00 €,Tennis Clothing,2026-09-11 14:51:34,Tennis Warehouse Europe,https://www.tenniswarehouse-europe.com/Wilson_Womens_Spring_Classic_Crew_Sweater/descpageWAWILSON-WWSCLSW-EN.html?color=NV,Wilson
Women's Spring Baseline Skirt,71.90 €,80.00 €,Tennis Clothing,2026-09-11 14:51:34,Tennis Warehouse Europe,https://www.tenniswarehouse-europe.com/Wilson_Womens_Spring_Baseline_Skirt/descpageWAWILSON-WISBASK-EN.html?color=NV,Wilson
Women's Spring Baseline Skirt,71.90 €,80.00 €,Tennis Clothing,2026-09-11 14:51:34,Tennis Warehouse Europe,https://www.tenniswarehouse-europe.com/Wilson_Womens_Spring_Baseline_Skirt/descpageWAWILSON-WISBASK-EN.html?color=WH,Wilson
Women's Spring Velocity Pleated Short,71.90 €,80.00 €,Tennis Clothing,2026-09-11 14:51:34,Tennis Warehouse Europe,https://www.tenniswarehouse-europe.com/Wilson_Womens_Spring_Velocity_Pleated_Short/descpageWAWILSON-WWSVPS-EN.html?color=WH,Wilson
Women's Spring All Court Tennis Dress,84.89 €,100.00 €,Tennis Clothing,2026-09-11 14:51:34,Tennis Warehouse Europe,https://www.tenniswarehouse-europe.com/Wilson_Womens_Spring_All_Court_Tennis_Dress/descpageWAWILSON-WWSACD-EN.html?color=GR,Wilson
Women's Spring All Day Zip Jacket,63.90 €,80.00 €,Tennis Clothing,2026-09-11 14:51:34,Tennis Warehouse Europe,https://www.tenniswarehouse-europe.com/Wilson_Womens_Spring_All_Day_Zip_Jacket/descpageWAWILSON-WWADFZ-EN.html?color=WH,Wilson
Women's Spring Classic Crew Sweater,63.90 €,80.00 €,Tennis Clothing,2026-09-11 14:51:34,Tennis Warehouse Europe,https://www.tenniswarehouse-europe.com/Wilson_Womens_Spring_Classic_Crew_Sweater/descpageWAWILSON-WWSCLS-EN.html?color=GR,Wilson
Women's Modern Top,39.90 €,50.00 €,Tennis Clothing,2026-09-11 14:51:34,Tennis Warehouse Europe,https://www.tenniswarehouse-europe.com/Wilson_Womens_Modern_Top/descpageWAWILSON-WWMOT-EN.html?color=BE,Wilson
Women's Spring Midtown Skirty Tight,95.90 €,120.00 €,Tennis Clothing,2026-09-11 14:51:34,Tennis Warehouse Europe,https://www.tenniswarehouse-europe.com/Wilson_Womens_Spring_Midtown_Skirty_Tight/descpageWAWILSON-WWSMSKT-EN.html?color=NV,Wilson
Women's Spring Advantage Tennis Tight,79.90 €,100.00 €,Tennis Clothing,2026-09-11 14:51:34,Tennis Warehouse Europe,https://www.tenniswarehouse-europe.com/Wilson_Womens_Spring_Advantage_Tennis_Tight/descpageWAWILSON-WISASTT-EN.html?color=NV,Wilson
Women's Core Midtown Skirt,49.90 € - 66.90 €,75.00€,Tennis Clothing,2026-09-11 14:51:34,Tennis Warehouse Europe,https://www.tenniswarehouse-europe.com/Wilson_Womens_Core_Midtown_Skirt/descpageWAWILSON-WIWCMSK-EN.html?color=BK,Wilson
Women's Core Midtown Skirt,49.90 € - 66.90 €,75.00€,Tennis Clothing,2026-09-11 14:51:34,Tennis Warehouse Europe,https://www.tenniswarehouse-europe.com/Wilson_Womens_Core_Midtown_Skirt/descpageWAWILSON-WIWCMSK-EN.html?color=GR,Wilson
Women's Core Midtown Skirt,49.90 € - 66.90 €,75.00€,Tennis Clothing,2026-09-11 14:51:34,Tennis Warehouse Europe,https://www.tenniswarehouse-europe.com/Wilson_Womens_Core_Midtown_Skirt/descpageWAWILSON-WIWCMSK-EN.html?color=NV,Wilson
Women's Core Midtown Skirt,49.90 € - 66.90 €,75.00€,Tennis Clothing,2026-09-11 14:51:34,Tennis Warehouse Europe,https://www.tenniswarehouse-europe.com/Wilson_Womens_Core_Midtown_Skirt/descpageWAWILSON-WIWCMSK-EN.html?color=RD,Wilson
Women's Core Midtown Skirt,49.90 € - 66.90 €,75.00€,Tennis Clothing,2026-09-11 14:51:34,Tennis Warehouse Europe,https://www.tenniswarehouse-europe.com/Wilson_Womens_Core_Midtown_Skirt/descpageWAWILSON-WIWCMSK-EN.html?color=WH,Wilson
Women's Baseline Ball Short,58.91 €,65.00 €,Tennis Clothing,2026-09-11 14:51:34,Tennis Warehouse Europe,https://www.tenniswarehouse-europe.com/Wilson_Womens_Baseline_Ball_Short/descpageWAWILSON-WWBABS-EN.html?color=WH,Wilson
Women's Unlined Tiebreaker 2.0 Dress,89.90 €,100.00 €,Tennis Clothing,2026-09-11 14:51:34,Tennis Warehouse Europe,https://www.tenniswarehouse-europe.com/Wilson_Womens_Unlined_Tiebreaker_20_Dress/descpageWAWILSON-WWTB2D-EN.html?color=NV,Wilson
Women's Unlined Tiebreaker 2.0 Dress,89.90 €,100.00 €,Tennis Clothing,2026-09-11 14:51:34,Tennis Warehouse Europe,https://www.tenniswarehouse-europe.com/Wilson_Womens_Unlined_Tiebreaker_20_Dress/descpageWAWILSON-WWTB2D-EN.html?color=WH,Wilson
Women's Core Davenport Half-Zip Jacket,107.90 €,120.00 €,Tennis Clothing,2026-09-11 14:51:34,Tennis Warehouse Europe,https://www.tenniswarehouse-europe.com/Wilson_Womens_Core_Davenport_Half-Zip_Jacket/descpageWAWILSON-WWCDPJ-EN.html?color=NV,Wilson
Women's Core Baseline Half-Zip,80.90 €,90.00 €,Tennis Clothing,2026-09-11 14:51:34,Tennis Warehouse Europe,https://www.tenniswarehouse-europe.com/Wilson_Womens_Core_Baseline_Half-Zip/descpageWAWILSON-WWCBSJ-EN.html?color=NV,Wilson
Women's Core Baseline Half-Zip,80.90 €,90.00 €,Tennis Clothing,2026-09-11 14:51:34,Tennis Warehouse Europe,https://www.tenniswarehouse-europe.com/Wilson_Womens_Core_Baseline_Half-Zip/descpageWAWILSON-WWCBSJ-EN.html?color=WH,Wilson
Women's Core Essex Polo,76.90 €,85.00 €,Tennis Clothing,2026-09-11 14:51:34,Tennis Warehouse Europe,https://www.tenniswarehouse-europe.com/Wilson_Womens_Core_Essex_Polo/descpageWAWILSON-WIWCOET-EN.html?color=NV,Wilson
Women's Core Essex Polo,68.90 €,85.00 €,Tennis Clothing,2026-09-11 14:51:34,Tennis Warehouse Europe,https://www.tenniswarehouse-europe.com/Wilson_Womens_Core_Essex_Polo/descpageWAWILSON-WIWCESP-EN.html?color=WH,Wilson
Women's Core Pro Seamless Tank,51.90 € - 55.90 €,65.00€,Tennis Clothing,2026-09-11 14:51:34,Tennis Warehouse Europe,https://www.tenniswarehouse-europe.com/Wilson_Womens_Core_Pro_Seamless_Tank/descpageWAWILSON-WWCPSTA-EN.html?color=NV,Wilson
Women's Core Pro Seamless Tank,51.90 € - 55.90 €,65.00€,Tennis Clothing,2026-09-11 14:51:34,Tennis Warehouse Europe,https://www.tenniswarehouse-europe.com/Wilson_Womens_Core_Pro_Seamless_Tank/descpageWAWILSON-WWCPSTA-EN.html?color=WH,Wilson
Women's Core On The Daily Brami Tank,51.90 € - 59.90 €,70.00€,Tennis Clothing,2026-09-11 14:51:34,Tennis Warehouse Europe,https://www.tenniswarehouse-europe.com/Wilson_Womens_Core_On_The_Daily_Brami_Tank/descpageWAWILSON-WWSOTBD-EN.html?color=BK,Wilson
Women's Core On The Daily Brami Tank,51.90 € - 59.90 €,70.00€,Tennis Clothing,2026-09-11 14:51:34,Tennis Warehouse Europe,https://www.tenniswarehouse-europe.com/Wilson_Womens_Core_On_The_Daily_Brami_Tank/descpageWAWILSON-WWSOTBD-EN.html?color=NV,Wilson
Women's Core On The Daily Brami Tank,51.90 € - 59.90 €,70.00€,Tennis Clothing,2026-09-11 14:51:34,Tennis Warehouse Europe,https://www.tenniswarehouse-europe.com/Wilson_Womens_Core_On_The_Daily_Brami_Tank/descpageWAWILSON-WWSOTBD-EN.html?color=WH,Wilson
Women's Core Fieldhouse Lite Tank,39.90 €,50.00 €,Tennis Clothing,2026-09-11 14:51:34,Tennis Warehouse Europe,https://www.tenniswarehouse-europe.com/Wilson_Womens_Core_Fieldhouse_Lite_Tank/descpageWAWILSON-WWCRHT-EN.html?color=GR,Wilson
Women's Core Fieldhouse Lite Tank,39.90 €,50.00 €,Tennis Clothing,2026-09-11 14:51:34,Tennis Warehouse Europe,https://www.tenniswarehouse-europe.com/Wilson_Womens_Core_Fieldhouse_Lite_Tank/descpageWAWILSON-WWCFHT-EN.html?color=BK,Wilson
Women's Core Fieldhouse Lite Tank,34.90 € - 39.90 €,50.00€,Tennis Clothing,2026-09-11 14:51:34,Tennis Warehouse Europe,https://www.tenniswarehouse-europe.com/Wilson_Womens_Core_Fieldhouse_Lite_Tank/descpageWAWILSON-WWCFLTA-EN.html?color=GR,Wilson
Women's Core Fieldhouse Lite Tank,34.90 € - 39.90 €,50.00€,Tennis Clothing,2026-09-11 14:51:34,Tennis Warehouse Europe,https://www.tenniswarehouse-europe.com/Wilson_Womens_Core_Fieldhouse_Lite_Tank/descpageWAWILSON-WWCFLTA-EN.html?color=NV,Wilson
Women's Core Fieldhouse Lite Tank,34.90 € - 39.90 €,50.00€,Tennis Clothing,2026-09-11 14:51:34,Tennis Warehouse Europe,https://www.tenniswarehouse-europe.com/Wilson_Womens_Core_Fieldhouse_Lite_Tank/descpageWAWILSON-WWCFLTA-EN.html?color=WH,Wilson
Women's Team Unlined Tiebreaker Dress,67.90 €,75.00 €,Tennis Clothing,2026-09-11 14:51:34,Tennis Warehouse Europe,https://www.tenniswarehouse-europe.com/Wilson_Womens_Team_Unlined_Tiebreaker_Dress/descpageWAWILSON-WWUNLD-EN.html?color=NV,Wilson
Women's Team Unlined Tiebreaker Dress,67.90 €,75.00 €,Tennis Clothing,2026-09-11 14:51:34,Tennis Warehouse Europe,https://www.tenniswarehouse-europe.com/Wilson_Womens_Team_Unlined_Tiebreaker_Dress/descpageWAWILSON-WWUNLD-EN.html?color=WH,Wilson
Women's Team Fieldhouse Lite Tank,27.89 €,35.00 €,Tennis Clothing,2026-09-11 14:51:34,Tennis Warehouse Europe,https://www.tenniswarehouse-europe.com/Wilson_Womens_Team_Fieldhouse_Lite_Tank/descpageWAWILSON-WWFLTA-EN.html?color=BL,Wilson
Women's Team Fieldhouse Lite Tank,27.89 €,35.00 €,Tennis Clothing,2026-09-11 14:51:34,Tennis Warehouse Europe,https://www.tenniswarehouse-europe.com/Wilson_Womens_Team_Fieldhouse_Lite_Tank/descpageWAWILSON-WWFLTA-EN.html?color=GR,Wilson
Women's Team Fieldhouse Lite Tank,27.89 €,35.00 €,Tennis Clothing,2026-09-11 14:51:34,Tennis Warehouse Europe,https://www.tenniswarehouse-europe.com/Wilson_Womens_Team_Fieldhouse_Lite_Tank/descpageWAWILSON-WWFLTA-EN.html?color=NV,Wilson
Women's Team Fieldhouse Lite Tank,27.89 €,35.00 €,Tennis Clothing,2026-09-11 14:51:34,Tennis Warehouse Europe,https://www.tenniswarehouse-europe.com/Wilson_Womens_Team_Fieldhouse_Lite_Tank/descpageWAWILSON-WWFLTA-EN.html?color=RD,Wilson
Women's Team Fieldhouse Lite Tank,27.89 €,35.00 €,Tennis Clothing,2026-09-11 14:51:34,Tennis Warehouse Europe,https://www.tenniswarehouse-europe.com/Wilson_Womens_Team_Fieldhouse_Lite_Tank/descpageWAWILSON-WWFLTA-EN.html?color=WH,Wilson
Women's Team Baseline Seamless Top,35.90 €,45.00 €,Tennis Clothing,2026-09-11 14:51:34,Tennis Warehouse Europe,https://www.tenniswarehouse-europe.com/Wilson_Womens_Team_Baseline_Seamless_Top/descpageWAWILSON-WWBSTOP-EN.html?color=BL,Wilson
Women's Team Baseline Seamless Top,35.90 €,45.00 €,Tennis Clothing,2026-09-11 14:51:34,Tennis Warehouse Europe,https://www.tenniswarehouse-europe.com/Wilson_Womens_Team_Baseline_Seamless_Top/descpageWAWILSON-WWBSTOP-EN.html?color=GR,Wilson
Women's Team Baseline Seamless Top,35.90 €,45.00 €,Tennis Clothing,2026-09-11 14:51:34,Tennis Warehouse Europe,https://www.tenniswarehouse-europe.com/Wilson_Womens_Team_Baseline_Seamless_Top/descpageWAWILSON-WWBSTOP-EN.html?color=NV,Wilson
Women's Team Baseline Seamless Top,35.90 €,45.00 €,Tennis Clothing,2026-09-11 14:51:34,Tennis Warehouse Europe,https://www.tenniswarehouse-europe.com/Wilson_Womens_Team_Baseline_Seamless_Top/descpageWAWILSON-WWBSTOP-EN.html?color=RD,Wilson
Women's Team Baseline Seamless Top,35.90 €,45.00 €,Tennis Clothing,2026-09-11 14:51:34,Tennis Warehouse Europe,https://www.tenniswarehouse-europe.com/Wilson_Womens_Team_Baseline_Seamless_Top/descpageWAWILSON-WWBSTOP-EN.html?color=WH,Wilson
Women's Team Limitless Mini Skirt,40.90 €,45.00 €,Tennis Clothing,2026-09-11 14:51:34,Tennis Warehouse Europe,https://www.tenniswarehouse-europe.com/Wilson_Womens_Team_Limitless_Mini_Skirt/descpageWAWILSON-WWLIMIS-EN.html?color=BK,Wilson
Women's Team Limitless Mini Skirt,40.90 €,45.00 €,Tennis Clothing,2026-09-11 14:51:34,Tennis Warehouse Europe,https://www.tenniswarehouse-europe.com/Wilson_Womens_Team_Limitless_Mini_Skirt/descpageWAWILSON-WWLIMIS-EN.html?color=NV,Wilson
Women's Team Limitless Mini Skirt,40.90 €,45.00 €,Tennis Clothing,2026-09-11 14:51:34,Tennis Warehouse Europe,https://www.tenniswarehouse-europe.com/Wilson_Womens_Team_Limitless_Mini_Skirt/descpageWAWILSON-WWLIMIS-EN.html?color=WH,Wilson
Women's Team Play On Skirt,44.90 €,50.00 €,Tennis Clothing,2026-09-11 14:51:34,Tennis Warehouse Europe,https://www.tenniswarehouse-europe.com/Wilson_Womens_Team_Play_On_Skirt/descpageWAWILSON-WWPLONS-EN.html?color=BK,Wilson
Women's Team Play On Skirt,44.90 €,50.00 €,Tennis Clothing,2026-09-11 14:51:34,Tennis Warehouse Europe,https://www.tenniswarehouse-europe.com/Wilson_Womens_Team_Play_On_Skirt/descpageWAWILSON-WWPLONS-EN.html?color=NV,Wilson
Women's Team Play On Skirt,44.90 €,50.00 €,Tennis Clothing,2026-09-11 14:51:34,Tennis Warehouse Europe,https://www.tenniswarehouse-europe.com/Wilson_Womens_Team_Play_On_Skirt/descpageWAWILSON-WWPLONS-EN.html?color=WH,Wilson
Women's Team Ellyn Short,40.90 €,45.00 €,Tennis Clothing,2026-09-11 14:51:34,Tennis Warehouse Europe,https://www.tenniswarehouse-europe.com/Wilson_Womens_Team_Ellyn_Short/descpageWAWILSON-WWELYSH-EN.html?color=BK,Wilson
Women's Team Ellyn Short,40.90 €,45.00 €,Tennis Clothing,2026-09-11 14:51:34,Tennis Warehouse Europe,https://www.tenniswarehouse-europe.com/Wilson_Womens_Team_Ellyn_Short/descpageWAWILSON-WWELYSH-EN.html?color=GR,Wilson
Women's Team Ellyn Short,40.90 €,45.00 €,Tennis Clothing,2026-09-11 14:51:34,Tennis Warehouse Europe,https://www.tenniswarehouse-europe.com/Wilson_Womens_Team_Ellyn_Short/descpageWAWILSON-WWELYSH-EN.html?color=NV,Wilson
Women's Team Ellyn Short,40.90 €,45.00 €,Tennis Clothing,2026-09-11 14:51:34,Tennis Warehouse Europe,https://www.tenniswarehouse-europe.com/Wilson_Womens_Team_Ellyn_Short/descpageWAWILSON-WWELYSH-EN.html?color=RD,Wilson
Women's Team Ellyn Short,40.90 €,45.00 €,Tennis Clothing,2026-09-11 14:51:34,Tennis Warehouse Europe,https://www.tenniswarehouse-europe.com/Wilson_Womens_Team_Ellyn_Short/descpageWAWILSON-WWELYSH-EN.html?color=WH,Wilson
Women's Team Ellyn Jacket,71.90 €,80.00 €,Tennis Clothing,2026-09-11 14:51:34,Tennis Warehouse Europe,https://www.tenniswarehouse-europe.com/Wilson_Womens_Team_Ellyn_Jacket/descpageWAWILSON-WWELLJA-EN.html?color=BK,Wilson
Women's Team Ellyn Jacket,71.90 €,80.00 €,Tennis Clothing,2026-09-11 14:51:34,Tennis Warehouse Europe,https://www.tenniswarehouse-europe.com/Wilson_Womens_Team_Ellyn_Jacket/descpageWAWILSON-WWELLJA-EN.html?color=NV,Wilson
Women's Team Ellyn Jacket,71.90 €,80.00 €,Tennis Clothing,2026-09-11 14:51:34,Tennis Warehouse Europe,https://www.tenniswarehouse-europe.com/Wilson_Womens_Team_Ellyn_Jacket/descpageWAWILSON-WWELLJA-EN.html?color=WH,Wilson
Women's Team Action Warm-Up Pant,62.90 €,70.00 €,Tennis Clothing,2026-09-11 14:51:34,Tennis Warehouse Europe,https://www.tenniswarehouse-europe.com/Wilson_Womens_Team_Action_Warm-Up_Pant/descpageWAWILSON-WWAWUPA-EN.html?color=BK,Wilson
Women's Team Action Warm-Up Pant,62.90 €,70.00 €,Tennis Clothing,2026-09-11 14:51:34,Tennis Warehouse Europe,https://www.tenniswarehouse-europe.com/Wilson_Womens_Team_Action_Warm-Up_Pant/descpageWAWILSON-WWAWUPA-EN.html?color=NV,Wilson
Women's Fall Everyday Brami Tank,30.00 €,60.00 €,Tennis Clothing,2026-09-11 14:51:34,Tennis Warehouse Europe,https://www.tenniswarehouse-europe.com/Wilson_Womens_Fall_Everyday_Brami_Tank/descpageWAWILSON-WWFEVB-EN.html?color=GR,Wilson
U Active Perforated Hat,31.50 €,35.00 €,Tennis Clothing,2026-09-11 14:51:34,Tennis Warehouse Europe,https://www.tenniswarehouse-europe.com/Wilson_U_Active_Perforated_Hat/descpageWILSON-WUACPH-EN.html?color=TE,Wilson
Women's U Classic Visor,26.89 €,30.00 €,Tennis Clothing,2026-09-11 14:51:34,Tennis Warehouse Europe,https://www.tenniswarehouse-europe.com/Wilson_Womens_U_Classic_Visor/descpageWILSON-WUCLV-EN.html?color=BK,Wilson
Women's U Classic Visor,26.89 €,30.00 €,Tennis Clothing,2026-09-11 14:51:34,Tennis Warehouse Europe,https://www.tenniswarehouse-europe.com/Wilson_Womens_U_Classic_Visor/descpageWILSON-WUCLV-EN.html?color=NV,Wilson
Women's U Classic Visor,26.89 €,30.00 €,Tennis Clothing,2026-09-11 14:51:34,Tennis Warehouse Europe,https://www.tenniswarehouse-europe.com/Wilson_Womens_U_Classic_Visor/descpageWILSON-WUCLV-EN.html?color=WH,Wilson
U Structured Classic Hat,31.50 €,35.00 €,Tennis Clothing,2026-09-11 14:51:34,Tennis Warehouse Europe,https://www.tenniswarehouse-europe.com/Wilson_U_Structured_Classic_Hat/descpageWILSON-WUSCH-EN.html?color=NV,Wilson
U Active Perforated Hat,31.50 €,35.00 €,Tennis Clothing,2026-09-11 14:51:34,Tennis Warehouse Europe,https://www.tenniswarehouse-europe.com/Wilson_U_Active_Perforated_Hat/descpageWILSON-WUAPH-EN.html?color=BK,Wilson
U Active Perforated Hat,31.50 €,35.00 €,Tennis Clothing,2026-09-11 14:51:34,Tennis Warehouse Europe,https://www.tenniswarehouse-europe.com/Wilson_U_Active_Perforated_Hat/descpageWILSON-WUAPH-EN.html?color=NV,Wilson
U Active Perforated Hat,31.50 €,35.00 €,Tennis Clothing,2026-09-11 14:51:34,Tennis Warehouse Europe,https://www.tenniswarehouse-europe.com/Wilson_U_Active_Perforated_Hat/descpageWILSON-WUAPH-EN.html?color=RDW,Wilson
U Terry Logo Doublewide Wristbands,11.90 €,13.00 €,Tennis Clothing,2026-09-11 14:51:34,Tennis Warehouse Europe,https://www.tenniswarehouse-europe.com/Wilson_U_Terry_Logo_Doublewide_Wristbands/descpageWILSON-WUTWW-EN.html?color=BK,Wilson
U Terry Logo Doublewide Wristbands,11.90 €,13.00 €,Tennis Clothing,2026-09-11 14:51:34,Tennis Warehouse Europe,https://www.tenniswarehouse-europe.com/Wilson_U_Terry_Logo_Doublewide_Wristbands/descpageWILSON-WUTWW-EN.html?color=NV,Wilson
U Terry Logo Doublewide Wristbands,11.90 €,13.00 €,Tennis Clothing,2026-09-11 14:51:34,Tennis Warehouse Europe,https://www.tenniswarehouse-europe.com/Wilson_U_Terry_Logo_Doublewide_Wristbands/descpageWILSON-WUTWW-EN.html?color=WH,Wilson
U Terry Logo Singlewide Wristbands,8.90 €,10.00 €,Tennis Clothing,2026-09-11 14:51:34,Tennis Warehouse Europe,https://www.tenniswarehouse-europe.com/Wilson_U_Terry_Logo_Singlewide_Wristbands/descpageWILSON-WUTLW-EN.html?color=BK,Wilson
U Terry Logo Singlewide Wristbands,8.90 €,10.00 €,Tennis Clothing,2026-09-11 14:51:34,Tennis Warehouse Europe,https://www.tenniswarehouse-europe.com/Wilson_U_Terry_Logo_Singlewide_Wristbands/descpageWILSON-WUTLW-EN.html?color=NV,Wilson
U Terry Logo Singlewide Wristbands,8.90 €,10.00 €,Tennis Clothing,2026-09-11 14:51:34,Tennis Warehouse Europe,https://www.tenniswarehouse-europe.com/Wilson_U_Terry_Logo_Singlewide_Wristbands/descpageWILSON-WUTLW-EN.html?color=RD,Wilson
Ankle Tab Socks Black,7.90 €,9.00 €,Tennis Clothing,2026-09-11 14:51:34,Tennis Warehouse Europe,https://www.tenniswarehouse-europe.com/Wilson_Ankle_Tab_Socks_Black/descpageMAWILSON-WATSBK-EN.html,Wilson
Ankle Tab Socks Bright White,7.90 €,9.00 €,Tennis Clothing,2026-09-11 14:51:34,Tennis Warehouse Europe,https://www.tenniswarehouse-europe.com/Wilson_Ankle_Tab_Socks_Bright_White/descpageMAWILSON-WATSBWI-EN.html,Wilson
Ankle Tab Socks 3-Pack White,15.90 €,22.00 €,Tennis Clothing,2026-09-11 14:51:34,Tennis Warehouse Europe,https://www.tenniswarehouse-europe.com/Wilson_Ankle_Tab_Socks_3-Pack_White/descpageMAWILSON-WATSW-EN.html,Wilson
Men's Logo Crew Socks 3-Pack White,19.90 €,26.00 €,Tennis Clothing,2026-09-11 14:51:34,Tennis Warehouse Europe,https://www.tenniswarehouse-europe.com/Wilson_Mens_Logo_Crew_Socks_3-Pack_White/descpageMAWILSON-WMLCSW-EN.html,Wilson
Men's Logo Crew Socks 3-Pack Multi,19.90 €,26.00 €,Tennis Clothing,2026-09-11 14:51:34,Tennis Warehouse Europe,https://www.tenniswarehouse-europe.com/Wilson_Mens_Logo_Crew_Socks_3-Pack_Multi/descpageMAWILSON-WMLCSM-EN.html,Wilson
Men's Quarter Top Socks 3-Pack Multi,19.90 €,26.00 €,Tennis Clothing,2026-09-11 14:51:34,Tennis Warehouse Europe,https://www.tenniswarehouse-europe.com/Wilson_Mens_Quarter_Top_Socks_3-Pack_Multi/descpageMAWILSON-WMQTSM-EN.html,Wilson
Men's Quarter Socks 3-Pack Black,12.90 €,15.00 €,Tennis Clothing,2026-09-11 14:51:34,Tennis Warehouse Europe,https://www.tenniswarehouse-europe.com/Wilson_Mens_Quarter_Socks_3-Pack_Black/descpageMAWILSON-WMQS3PB-EN.html?color=BK,Wilson
Women's Practice Dress,44.90 €,75.00 €,Tennis Clothing,2026-09-11 14:51:34,Tennis Warehouse Europe,https://www.tenniswarehouse-europe.com/Yonex_Womens_Practice_Dress/descpageWAYONEX-YWP26D-EN.html?color=IB,Yonex
Women's Practice Dress,44.90 €,75.00 €,Tennis Clothing,2026-09-11 14:51:34,Tennis Warehouse Europe,https://www.tenniswarehouse-europe.com/Yonex_Womens_Practice_Dress/descpageWAYONEX-YWP26D-EN.html?color=NV,Yonex
Women's Practice Tank,38.90 €,55.00 €,Tennis Clothing,2026-09-11 14:51:34,Tennis Warehouse Europe,https://www.tenniswarehouse-europe.com/Yonex_Womens_Practice_Tank/descpageWAYONEX-YWPTA-EN.html?color=IB,Yonex
Women's Practice Tank,38.90 €,55.00 €,Tennis Clothing,2026-09-11 14:51:34,Tennis Warehouse Europe,https://www.tenniswarehouse-europe.com/Yonex_Womens_Practice_Tank/descpageWAYONEX-YWPTA-EN.html?color=OR,Yonex
Women's 2026 Skirt,52.90 €,75.00 €,Tennis Clothing,2026-09-11 14:51:34,Tennis Warehouse Europe,https://www.tenniswarehouse-europe.com/Yonex_Womens_2026_Skirt/descpageWAYONEX-YW26SK-EN.html?color=CM,Yonex
Women's 2026 Skirt,52.90 €,75.00 €,Tennis Clothing,2026-09-11 14:51:34,Tennis Warehouse Europe,https://www.tenniswarehouse-europe.com/Yonex_Womens_2026_Skirt/descpageWAYONEX-YW26SK-EN.html?color=IB,Yonex
Women's Tennis 2-in-1 Short,36.90 €,40.90 €,Tennis Clothing,2026-09-11 14:51:34,Tennis Warehouse Europe,https://www.tenniswarehouse-europe.com/Yonex_Womens_Tennis_2-in-1_Short/descpageWAYONEX-YWT2S-EN.html?color=BK,Yonex
Women's Tennis 2-in-1 Short,36.90 €,40.90 €,Tennis Clothing,2026-09-11 14:51:34,Tennis Warehouse Europe,https://www.tenniswarehouse-europe.com/Yonex_Womens_Tennis_2-in-1_Short/descpageWAYONEX-YWT2S-EN.html?color=WH,Yonex
Women's Tennis Dress,79.90 €,159.90 €,Tennis Clothing,2026-09-11 14:51:34,Tennis Warehouse Europe,https://www.tenniswarehouse-europe.com/Yonex_Womens_Tennis_Dress/descpageWAYONEX-YWT25D-EN.html?color=BK,Yonex
Wristband Black,11.90 €,12.90 €,Tennis Clothing,2026-09-11 14:51:34,Tennis Warehouse Europe,https://www.tenniswarehouse-europe.com/Yonex_Wristband_Black/descpageYONEX-Y25WBK-EN.html,Yonex
Nike Zoom Vapor 12 PRM HC Camo Green/Gold Men's Shoes,152.90 €,169.99 €,Tennis Shoes,2026-09-11 14:54:09,Tennis Warehouse Europe,https://www.tenniswarehouse-europe.com/Nike_Zoom_Vapor_12_PRM_HC/descpageMSNIKEH-NMVHCG-EN.html,Nike Footwear
Nike Zoom Vapor 12 PRM Clay Camo Green/Gold Men's Shoes,152.90 €,169.99 €,Tennis Shoes,2026-09-11 14:54:09,Tennis Warehouse Europe,https://www.tenniswarehouse-europe.com/Nike_Zoom_Vapor_12_PRM_Clay/descpageMSNIKEH-NMVCGG-EN.html,Nike Footwear
Nike Zoom Vapor 12 HC White/Brown/Linen Men's Shoes,124.90 €,159.99 €,Tennis Shoes,2026-09-11 14:54:09,Tennis Warehouse Europe,https://www.tenniswarehouse-europe.com/Nike_Zoom_Vapor_12_HC/descpageMSNIKEH-NMVHWL-EN.html,Nike Footwear
Nike Zoom Vapor 12 Clay White/Brown/Linen Men's Shoes,124.90 €,159.99 €,Tennis Shoes,2026-09-11 14:54:09,Tennis Warehouse Europe,https://www.tenniswarehouse-europe.com/Nike_Zoom_Vapor_12_Clay/descpageMSNIKEH-NMVSWL-EN.html,Nike Footwear
Nike Zoom Vapor 12 HC Smokey Blue/Bone Men's Shoes,129.90 €,159.99 €,Tennis Shoes,2026-09-11 14:54:09,Tennis Warehouse Europe,https://www.tenniswarehouse-europe.com/Nike_Zoom_Vapor_12_HC/descpageMSNIKEH-NMVHSB-EN.html,Nike Footwear
Nike Zoom Vapor 12 Clay Smokey Blue/Bone Men's Shoes,129.90 €,159.99 €,Tennis Shoes,2026-09-11 14:54:09,Tennis Warehouse Europe,https://www.tenniswarehouse-europe.com/Nike_Zoom_Vapor_12_Clay/descpageMSNIKEH-NMVSBB-EN.html,Nike Footwear
Nike Zoom Vapor 12 Hypersmash HC Gr/Wh/Rd Men's Shoes,149.90 €,179.99 €,Tennis Shoes,2026-09-11 14:54:09,Tennis Warehouse Europe,https://www.tenniswarehouse-europe.com/Nike_Zoom_Vapor_12_Hypersmash_HC/descpageMSNIKEH-NMV12HG-EN.html,Nike Footwear
Nike Zoom Vapor 12 PRM HC White/Green/Gold Men's Shoes,139.90 €,169.99 €,Tennis Shoes,2026-09-11 14:54:09,Tennis Warehouse Europe,https://www.tenniswarehouse-europe.com/Nike_Zoom_Vapor_12_PRM_HC/descpageMSNIKEH-NMVWGG-EN.html,Nike Footwear
Nike Zoom Vapor 12 PRM Carlos Clay Purple Men's Shoes,109.90 €,169.99 €,Tennis Shoes,2026-09-11 14:54:09,Tennis Warehouse Europe,https://www.tenniswarehouse-europe.com/Nike_Zoom_Vapor_12_PRM_Carlos_Clay/descpageMSNIKEH-NMV12CC-EN.html,Nike Footwear
Nike Zoom Vapor 12 PRM Carlos HC Purple Men's Shoes,116.90 €,169.99 €,Tennis Shoes,2026-09-11 14:54:09,Tennis Warehouse Europe,https://www.tenniswarehouse-europe.com/Nike_Zoom_Vapor_12_PRM_Carlos_HC/descpageMSNIKEH-NMV12AC-EN.html,Nike Footwear
Nike Zoom Vapor 12 HC Lt Silver/Stream/Blk Men's Shoes,97.90 €,159.99 €,Tennis Shoes,2026-09-11 14:54:09,Tennis Warehouse Europe,https://www.tenniswarehouse-europe.com/Nike_Zoom_Vapor_12_HC/descpageMSNIKEH-NMVSSB-EN.html,Nike Footwear
Nike Zoom Vapor 12 Hypersmash HC Bl/Orange Men Shoe,99.90 €,179.99 €,Tennis Shoes,2026-09-11 14:54:09,Tennis Warehouse Europe,https://www.tenniswarehouse-europe.com/Nike_Zoom_Vapor_12_Hypersmash_HC/descpageMSNIKEH-NMV12BO-EN.html,Nike Footwear
Nike Zoom Vapor 12 HC White/Black Men's Shoes,119.90 €,159.99 €,Tennis Shoes,2026-09-11 14:54:09,Tennis Warehouse Europe,https://www.tenniswarehouse-europe.com/Nike_Zoom_Vapor_12_HC/descpageMSNIKEH-NMVWHB-EN.html,Nike Footwear
Nike Zoom Vapor 12 HC Black/White Men's Shoes,119.90 €,159.99 €,Tennis Shoes,2026-09-11 14:54:09,Tennis Warehouse Europe,https://www.tenniswarehouse-europe.com/Nike_Zoom_Vapor_12_HC/descpageMSNIKEH-NMVBWH-EN.html,Nike Footwear
Nike Zoom Vapor 12 Clay Black/White Men's Shoes,119.90 €,159.99 €,Tennis Shoes,2026-09-11 14:54:09,Tennis Warehouse Europe,https://www.tenniswarehouse-europe.com/Nike_Zoom_Vapor_12_Clay/descpageMSNIKEH-NMV12BW-EN.html,Nike Footwear
Nike Vapor Pro 3 PRM HC Camo Green/Gold Men Shoes,125.90 €,139.99 €,Tennis Shoes,2026-09-11 14:54:09,Tennis Warehouse Europe,https://www.tenniswarehouse-europe.com/Nike_Vapor_Pro_3_PRM_HC/descpageMSNIKEH-NUVPHCG-EN.html,Nike Footwear
Nike Vapor Pro 3 PRM Clay Camo Green/Gold Men Shoes,125.90 €,139.99 €,Tennis Shoes,2026-09-11 14:54:09,Tennis Warehouse Europe,https://www.tenniswarehouse-europe.com/Nike_Vapor_Pro_3_PRM_Clay/descpageMSNIKEH-NUVPCCG-EN.html,Nike Footwear
Nike Vapor Pro 3 HC White/Linen Men's Shoes,109.90 €,129.99 €,Tennis Shoes,2026-09-11 14:54:09,Tennis Warehouse Europe,https://www.tenniswarehouse-europe.com/Nike_Vapor_Pro_3_HC/descpageMSNIKEH-NUVP3HW-EN.html,Nike Footwear
Nike Vapor Pro 3 Clay White/Linen Men's Shoes,109.90 €,129.99 €,Tennis Shoes,2026-09-11 14:54:09,Tennis Warehouse Europe,https://www.tenniswarehouse-europe.com/Nike_Vapor_Pro_3_Clay/descpageMSNIKEH-NUVP3WL-EN.html,Nike Footwear
Nike Vapor Pro 3 HC Smokey Blue/Bone Men's Shoes,109.90 €,129.99 €,Tennis Shoes,2026-09-11 14:54:09,Tennis Warehouse Europe,https://www.tenniswarehouse-europe.com/Nike_Vapor_Pro_3_HC/descpageMSNIKEH-NUVP3HS-EN.html,Nike Footwear
Nike Vapor Pro 3 Clay Smokey Blue/Bone Men's Shoes,103.90 €,129.99 €,Tennis Shoes,2026-09-11 14:54:09,Tennis Warehouse Europe,https://www.tenniswarehouse-europe.com/Nike_Vapor_Pro_3_Clay/descpageMSNIKEH-NUVP3SB-EN.html,Nike Footwear
Nike Vapor Pro 3 PRM HC White/Green/Gold Men's Shoes,118.90 €,139.99 €,Tennis Shoes,2026-09-11 14:54:09,Tennis Warehouse Europe,https://www.tenniswarehouse-europe.com/Nike_Vapor_Pro_3_PRM_HC/descpageMSNIKEH-NUVPWGG-EN.html,Nike Footwear
Nike Vapor Pro 3 PRM Clay Violet/Green/Antra Men Shoes,83.90 €,139.99 €,Tennis Shoes,2026-09-11 14:54:09,Tennis Warehouse Europe,https://www.tenniswarehouse-europe.com/Nike_Vapor_Pro_3_PRM_Clay/descpageMSNIKEH-NUVPCVG-EN.html,Nike Footwear
Nike Vapor Pro 3 PRM HC Violet/Green/Antra Men Shoes,83.90 €,139.99 €,Tennis Shoes,2026-09-11 14:54:09,Tennis Warehouse Europe,https://www.tenniswarehouse-europe.com/Nike_Vapor_Pro_3_PRM_HC/descpageMSNIKEH-NUVPVGA-EN.html,Nike Footwear
Nike Vapor Pro 3 HC White/Black Men's Shoes,98.90 €,129.99 €,Tennis Shoes,2026-09-11 14:54:09,Tennis Warehouse Europe,https://www.tenniswarehouse-europe.com/Nike_Vapor_Pro_3_HC/descpageMSNIKEH-NUVPWB-EN.html,Nike Footwear
Nike Vapor Pro 3 HC Black/White Men's Shoes,97.90 €,129.99 €,Tennis Shoes,2026-09-11 14:54:09,Tennis Warehouse Europe,https://www.tenniswarehouse-europe.com/Nike_Vapor_Pro_3_HC/descpageMSNIKEH-NUVPBWH-EN.html,Nike Footwear
Nike Vapor Pro 3 Clay Black/White Men's Shoes,97.90 €,129.99 €,Tennis Shoes,2026-09-11 14:54:09,Tennis Warehouse Europe,https://www.tenniswarehouse-europe.com/Nike_Vapor_Pro_3_Clay/descpageMSNIKEH-NUVP3BW-EN.html,Nike Footwear
Nike Zoom GP Challenge 1.5 PRM HC Red/Ivory Men Shoe,143.89 €,159.99 €,Tennis Shoes,2026-09-11 14:54:09,Tennis Warehouse Europe,https://www.tenniswarehouse-europe.com/Nike_Zoom_GP_Challenge_15_PRM_HC/descpageMSNIKEH-NMGPHRI-EN.html,Nike Footwear
Nike Zoom GP Challenge 1.5 PRM Clay Red/Ivory Men Shoe,143.89 €,159.99 €,Tennis Shoes,2026-09-11 14:54:09,Tennis Warehouse Europe,https://www.tenniswarehouse-europe.com/Nike_Zoom_GP_Challenge_15_PRM_Clay/descpageMSNIKEH-NMGPCRI-EN.html,Nike Footwear
Nike Zoom GP Challenge 1.5 HC Smokey/Bone Men Shoes,119.90 €,149.99 €,Tennis Shoes,2026-09-11 14:54:09,Tennis Warehouse Europe,https://www.tenniswarehouse-europe.com/Nike_Zoom_GP_Challenge_15_HC/descpageMSNIKEH-NMGPCSM-EN.html,Nike Footwear
Nike Zoom GP Challenge 1.5 Clay Smokey/Bone Men Shoes,104.90 €,149.99 €,Tennis Shoes,2026-09-11 14:54:09,Tennis Warehouse Europe,https://www.tenniswarehouse-europe.com/Nike_Zoom_GP_Challenge_15_Clay/descpageMSNIKEH-NMGPCBB-EN.html,Nike Footwear
Nike Zoom GP Challenge 1.5 PRM Clay Hydro/Bl Men Shoe,109.90 €,159.99 €,Tennis Shoes,2026-09-11 14:54:09,Tennis Warehouse Europe,https://www.tenniswarehouse-europe.com/Nike_Zoom_GP_Challenge_15_PRM_Clay/descpageMSNIKEH-NMGPCHB-EN.html,Nike Footwear
Nike GP Challenge Pro PRM Clay Camo Green/Gold Men Shoe,98.90 €,109.99 €,Tennis Shoes,2026-09-11 14:54:09,Tennis Warehouse Europe,https://www.tenniswarehouse-europe.com/Nike_GP_Challenge_Pro_PRM_Clay/descpageMSNIKEH-NMCPCCG-EN.html,Nike Footwear
Nike GP Challenge Pro HC White/Linen Men Shoe,79.90 €,99.99 €,Tennis Shoes,2026-09-11 14:54:09,Tennis Warehouse Europe,https://www.tenniswarehouse-europe.com/Nike_GP_Challenge_Pro_HC/descpageMSNIKEH-NMCPHWL-EN.html,Nike Footwear
Nike GP Challenge Pro HC Smokey Blue/Bone Men Shoe,79.90 €,99.99 €,Tennis Shoes,2026-09-11 14:54:09,Tennis Warehouse Europe,https://www.tenniswarehouse-europe.com/Nike_GP_Challenge_Pro_HC/descpageMSNIKEH-NMCPHBB-EN.html,Nike Footwear
Nike GP Challenge Pro Clay Smokey Blue/Bone Men Shoe,79.90 €,99.99 €,Tennis Shoes,2026-09-11 14:54:09,Tennis Warehouse Europe,https://www.tenniswarehouse-europe.com/Nike_GP_Challenge_Pro_Clay/descpageMSNIKEH-NMCPCBB-EN.html,Nike Footwear
Nike GP Challenge Pro PRM Clay Vi/Bk/Gn Men Shoe,69.90 €,109.99 €,Tennis Shoes,2026-09-11 14:54:09,Tennis Warehouse Europe,https://www.tenniswarehouse-europe.com/Nike_GP_Challenge_Pro_PRM_Clay/descpageMSNIKEH-NMCPCVB-EN.html,Nike Footwear
Nike Zoom GP Challenge Pro HC Bk/Anthra/Volt Men Shoe,65.90 €,99.99 €,Tennis Shoes,2026-09-11 14:54:09,Tennis Warehouse Europe,https://www.tenniswarehouse-europe.com/Nike_Zoom_GP_Challenge_Pro_HC/descpageMSNIKEH-NMCHWBV-EN.html,Nike Footwear
Nike Vapor Lite 3 HC White/Linen Men's Shoes,67.90 €,84.99 €,Tennis Shoes,2026-09-11 14:54:09,Tennis Warehouse Europe,https://www.tenniswarehouse-europe.com/Nike_Vapor_Lite_3_HC/descpageMSNIKEH-NMVL3HW-EN.html,Nike Footwear
Nike Vapor Lite 3 HC Smokey Blue/Bone Men's Shoes,67.90 €,84.99 €,Tennis Shoes,2026-09-11 14:54:09,Tennis Warehouse Europe,https://www.tenniswarehouse-europe.com/Nike_Vapor_Lite_3_HC/descpageMSNIKEH-NMVL3HS-EN.html,Nike Footwear
Nike Vapor Lite 3 Clay Smokey Blue/Bone Men's Shoes,67.90 €,84.99 €,Tennis Shoes,2026-09-11 14:54:09,Tennis Warehouse Europe,https://www.tenniswarehouse-europe.com/Nike_Vapor_Lite_3_Clay/descpageMSNIKEH-NMVL3BB-EN.html,Nike Footwear
Nike Vapor Lite 3 HC Steam/Black/Silver Men's Shoes,54.89 €,84.99 €,Tennis Shoes,2026-09-11 14:54:09,Tennis Warehouse Europe,https://www.tenniswarehouse-europe.com/Nike_Vapor_Lite_3_HC/descpageMSNIKEH-NMVL3SS-EN.html,Nike Footwear
Nike Vapor Lite 3 HC White/Black Men's Shoes,63.90 €,84.99 €,Tennis Shoes,2026-09-11 14:54:09,Tennis Warehouse Europe,https://www.tenniswarehouse-europe.com/Nike_Vapor_Lite_3_HC/descpageMSNIKEH-NMVL3WB-EN.html,Nike Footwear
Nike Vapor Lite 3 HC Black/White Men's Shoes,63.90 €,84.99 €,Tennis Shoes,2026-09-11 14:54:09,Tennis Warehouse Europe,https://www.tenniswarehouse-europe.com/Nike_Vapor_Lite_3_HC/descpageMSNIKEH-NMVL3BW-EN.html,Nike Footwear
adidas Barricade 14 AC Black/Maroon Men's Shoes,159.90 €,,Tennis Shoes,2026-09-11 14:54:09,Tennis Warehouse Europe,https://www.tenniswarehouse-europe.com/adidas_Barricade_14_AC/descpageMSADIT-AMBCABM-EN.html,Adidas -
adidas Barricade 14 Clay White/Grey/Maroon Men's Shoes,143.89 €,160.00 €,Tennis Shoes,2026-09-11 14:54:09,Tennis Warehouse Europe,https://www.tenniswarehouse-europe.com/adidas_Barricade_14_Clay/descpageMSADIT-AMBCCWM-EN.html,Adidas -
adidas Barricade 14 AC White/Carbon Men's Shoes,143.89 €,160.00 €,Tennis Shoes,2026-09-11 14:54:09,Tennis Warehouse Europe,https://www.tenniswarehouse-europe.com/adidas_Barricade_14_AC/descpageMSADIT-AMBCAWC-EN.html,Adidas -
adidas Barricade 14 AC White/Purple Men's Shoes,119.90 €,160.00 €,Tennis Shoes,2026-09-11 14:54:09,Tennis Warehouse Europe,https://www.tenniswarehouse-europe.com/adidas_Barricade_14_AC/descpageMSADIT-AMBCCWP-EN.html,Adidas -
adidas Barricade 14 AC White/Black/Cream Men's Shoes,119.90 €,160.00 €,Tennis Shoes,2026-09-11 14:54:09,Tennis Warehouse Europe,https://www.tenniswarehouse-europe.com/adidas_Barricade_14_AC/descpageMSADIT-AMBCCWC-EN.html,Adidas -
adidas Barricade 14 AC Grey/Aurora Men's Shoes,129.90 €,160.00 €,Tennis Shoes,2026-09-11 14:54:09,Tennis Warehouse Europe,https://www.tenniswarehouse-europe.com/adidas_Barricade_14_AC/descpageMSADIT-AMB1AGA-EN.html,Adidas -
adidas Barricade 14 Clay Black/White/Red Men's Shoes,159.90 €,,Tennis Shoes,2026-09-11 14:54:09,Tennis Warehouse Europe,https://www.tenniswarehouse-europe.com/adidas_Barricade_14_Clay/descpageMSADIT-AMBCCBW-EN.html,Adidas -
adidas Barricade 14 Grass White/Iron Men's Shoes,119.90 €,160.00 €,Tennis Shoes,2026-09-11 14:54:09,Tennis Warehouse Europe,https://www.tenniswarehouse-europe.com/adidas_Barricade_14_Grass/descpageMSADIT-AMB14WI-EN.html,Adidas -
adidas Barricade 14 AC Wide White/Black/Red Men's Shoes,119.90 €,160.00 €,Tennis Shoes,2026-09-11 14:54:09,Tennis Warehouse Europe,https://www.tenniswarehouse-europe.com/adidas_Barricade_14_AC_Wide/descpageMSADIT-AMB1AWW-EN.html,Adidas -
adidas Barricade 14 AC White/Black/Red Men's Shoes,104.90 €,160.00 €,Tennis Shoes,2026-09-11 14:54:09,Tennis Warehouse Europe,https://www.tenniswarehouse-europe.com/adidas_Barricade_14_AC/descpageMSADIT-AMB1ARW-EN.html,Adidas -
adidas Barricade 14 AC Black/White/Red Men's Shoes,118.90 €,160.00 €,Tennis Shoes,2026-09-11 14:54:09,Tennis Warehouse Europe,https://www.tenniswarehouse-europe.com/adidas_Barricade_14_AC/descpageMSADIT-AMB1ABR-EN.html,Adidas -
adidas Barricade 14 Clay Black/White/Red Men's Shoes,109.90 €,160.00 €,Tennis Shoes,2026-09-11 14:54:09,Tennis Warehouse Europe,https://www.tenniswarehouse-europe.com/adidas_Barricade_14_Clay/descpageMSADIT-AMBCBWR-EN.html,Adidas -
adidas Barricade 14 AC White/Black Men's Shoes,119.90 €,160.00 €,Tennis Shoes,2026-09-11 14:54:09,Tennis Warehouse Europe,https://www.tenniswarehouse-europe.com/adidas_Barricade_14_AC/descpageMSADIT-AMB1AWB-EN.html,Adidas -
adidas Barricade 14 Clay White/Black Men's Shoes,119.90 €,160.00 €,Tennis Shoes,2026-09-11 14:54:09,Tennis Warehouse Europe,https://www.tenniswarehouse-europe.com/adidas_Barricade_14_Clay/descpageMSADIT-AMBCWBK-EN.html,Adidas -
adidas Defiant Speed 2 AC White/Grey/Maroon Men's Shoes,107.90 €,120.00 €,Tennis Shoes,2026-09-11 14:54:09,Tennis Warehouse Europe,https://www.tenniswarehouse-europe.com/adidas_Defiant_Speed_2_AC/descpageMSADIT-AMD2GM-EN.html,Adidas -
adidas Defiant Speed 2 AC Pink/White  Men's Shoes,107.90 €,120.00 €,Tennis Shoes,2026-09-11 14:54:09,Tennis Warehouse Europe,https://www.tenniswarehouse-europe.com/adidas_Defiant_Speed_2_AC/descpageMSADIT-AMD2PW-EN.html,Adidas -
adidas Defiant Speed 2 Clay White/Grey Men's Shoes,107.90 €,120.00 €,Tennis Shoes,2026-09-11 14:54:09,Tennis Warehouse Europe,https://www.tenniswarehouse-europe.com/adidas_Defiant_Speed_2_Clay/descpageMSADIT-AMD2WG-EN.html,Adidas -
adidas Defiant Speed 2 Clay Maroon/White Men's Shoes,107.90 €,120.00 €,Tennis Shoes,2026-09-11 14:54:09,Tennis Warehouse Europe,https://www.tenniswarehouse-europe.com/adidas_Defiant_Speed_2_Clay/descpageMSADIT-AMD2MW-EN.html,Adidas -
adidas Defiant Speed 2 AC Dash Grey/Aurora  Men's Shoes,97.90 €,120.00 €,Tennis Shoes,2026-09-11 14:54:09,Tennis Warehouse Europe,https://www.tenniswarehouse-europe.com/adidas_Defiant_Speed_2_AC/descpageMSADIT-AMD2DA-EN.html,Adidas -
adidas Defiant Speed 2 Clay Dk Blue/White Men's Shoes,84.89 €,120.00 €,Tennis Shoes,2026-09-11 14:54:09,Tennis Warehouse Europe,https://www.tenniswarehouse-europe.com/adidas_Defiant_Speed_2_Clay/descpageMSADIT-AMD2DW-EN.html,Adidas -
adidas Defiant Speed 2 AC Black/White Men's Shoes,79.90 €,120.00 €,Tennis Shoes,2026-09-11 14:54:09,Tennis Warehouse Europe,https://www.tenniswarehouse-europe.com/adidas_Defiant_Speed_2_AC/descpageMSADIT-AMD2BW-EN.html,Adidas -
adidas Defiant Speed 2 Clay Black/White Men's Shoes,89.90 €,120.00 €,Tennis Shoes,2026-09-11 14:54:09,Tennis Warehouse Europe,https://www.tenniswarehouse-europe.com/adidas_Defiant_Speed_2_Clay/descpageMSADIT-AMDSCBW-EN.html,Adidas -
adidas Courtjam Control 3 AC White/Black Men Shoes,69.90 €,90.00 €,Tennis Shoes,2026-09-11 14:54:09,Tennis Warehouse Europe,https://www.tenniswarehouse-europe.com/adidas_Courtjam_Control_3_AC/descpageMSADIT-AMCJ3AW-EN.html,Adidas -
adidas Courtjam Control 3 Clay White/Black Men's Shoes,79.90 €,90.00 €,Tennis Shoes,2026-09-11 14:54:09,Tennis Warehouse Europe,https://www.tenniswarehouse-europe.com/adidas_Courtjam_Control_3_Clay/descpageMSADIT-AMCJ3WH-EN.html,Adidas -
adidas Courtjam Control 3 AC Dk Blue/White Men Shoes,79.90 €,90.00 €,Tennis Shoes,2026-09-11 14:54:09,Tennis Warehouse Europe,https://www.tenniswarehouse-europe.com/adidas_Courtjam_Control_3_AC/descpageMSADIT-AMCJ3DW-EN.html,Adidas -
adidas Courtjam Control 3 Clay Blue/White Men's Shoes,68.90 €,90.00 €,Tennis Shoes,2026-09-11 14:54:09,Tennis Warehouse Europe,https://www.tenniswarehouse-europe.com/adidas_Courtjam_Control_3_Clay/descpageMSADIT-AMCJ3BW-EN.html,Adidas -
adidas Courtjam Control 3 AC White/Dk Blue Men Shoes,67.90 €,90.00 €,Tennis Shoes,2026-09-11 14:54:09,Tennis Warehouse Europe,https://www.tenniswarehouse-europe.com/adidas_Courtjam_Control_3_AC/descpageMSADIT-AMCJ3WD-EN.html,Adidas -
adidas Courtjam Control 3 Clay White/Orange Men's Shoes,59.90 €,90.00 €,Tennis Shoes,2026-09-11 14:54:09,Tennis Warehouse Europe,https://www.tenniswarehouse-europe.com/adidas_Courtjam_Control_3_Clay/descpageMSADIT-AMCJ3WO-EN.html,Adidas -
adidas Courtjam Control 3 AC Black/Gold Men Shoes,64.90 €,90.00 €,Tennis Shoes,2026-09-11 14:54:09,Tennis Warehouse Europe,https://www.tenniswarehouse-europe.com/adidas_Courtjam_Control_3_AC/descpageMSADIT-AMCJ3BG-EN.html,Adidas -
adidas Courtjam Control 3 AC White/Black Men's Shoes,69.90 €,90.00 €,Tennis Shoes,2026-09-11 14:54:09,Tennis Warehouse Europe,https://www.tenniswarehouse-europe.com/adidas_Courtjam_Control_3_AC/descpageMSADIT-AMCJ3WB-EN.html,Adidas -
adidas CourtJam Control 3 Clay Black/White Men's Shoes,69.90 €,90.00 €,Tennis Shoes,2026-09-11 14:54:09,Tennis Warehouse Europe,https://www.tenniswarehouse-europe.com/adidas_CourtJam_Control_3_Clay/descpageMSADIT-AMCJ3CB-EN.html,Adidas -
adidas CourtJam Control Carpet White/Navy Men's Shoes,79.90 €,90.00 €,Tennis Shoes,2026-09-11 14:54:09,Tennis Warehouse Europe,https://www.tenniswarehouse-europe.com/adidas_CourtJam_Control_Carpet/descpageMSADIT-AMCHCCW-EN.html,Adidas -
adidas Game Court 3 AC White Men's Shoes,66.90 €,75.00 €,Tennis Shoes,2026-09-11 14:54:09,Tennis Warehouse Europe,https://www.tenniswarehouse-europe.com/adidas_Game_Court_3_AC/descpageMSADIT-AMGC3WH-EN.html,Adidas -
adidas Game Court 3 AC Tent Green/White Men's Shoes,66.90 €,75.00 €,Tennis Shoes,2026-09-11 14:54:09,Tennis Warehouse Europe,https://www.tenniswarehouse-europe.com/adidas_Game_Court_3_AC/descpageMSADIT-AMGC3TW-EN.html,Adidas -
adidas Game Court 3 AC White/Lucid Ray Blue Men's Shoes,66.90 €,75.00 €,Tennis Shoes,2026-09-11 14:54:09,Tennis Warehouse Europe,https://www.tenniswarehouse-europe.com/adidas_Game_Court_3_AC/descpageMSADIT-AMGC3WL-EN.html,Adidas -
adidas Game Court 3 Wide AC White/Black Men's Shoes,66.90 €,75.00 €,Tennis Shoes,2026-09-11 14:54:09,Tennis Warehouse Europe,https://www.tenniswarehouse-europe.com/adidas_Game_Court_3_Wide_AC/descpageMSADIT-AMGC3WW-EN.html,Adidas -
adidas Game Court 3 Clay Black/White Men's Shoes,66.90 €,75.00 €,Tennis Shoes,2026-09-11 14:54:09,Tennis Warehouse Europe,https://www.tenniswarehouse-europe.com/adidas_Game_Court_3_Clay/descpageMSADIT-AMGC3BW-EN.html,Adidas -
adidas Game Court 2 AC Orange/Black Men's Shoes,58.91 €,70.00 €,Tennis Shoes,2026-09-11 14:54:09,Tennis Warehouse Europe,https://www.tenniswarehouse-europe.com/adidas_Game_Court_2_AC/descpageMSADIT-AMGCWOB-EN.html,Adidas -
adidas Game Court 2 AC White/Black Men's Shoes,58.91 €,70.00 €,Tennis Shoes,2026-09-11 14:54:09,Tennis Warehouse Europe,https://www.tenniswarehouse-europe.com/adidas_Game_Court_2_AC/descpageMSADIT-AMGCWWB-EN.html,Adidas -
adidas Game Court 2 AC Black/White Men's Shoes,58.91 €,70.00 €,Tennis Shoes,2026-09-11 14:54:09,Tennis Warehouse Europe,https://www.tenniswarehouse-europe.com/adidas_Game_Court_2_AC/descpageMSADIT-AMGCWBW-EN.html,Adidas -
adidas adizero Ubersonic 5 AC Wh/Gr/Maroon Men's Shoes,134.90 €,150.00 €,Tennis Shoes,2026-09-11 14:54:09,Tennis Warehouse Europe,https://www.tenniswarehouse-europe.com/adidas_adizero_Ubersonic_5_AC/descpageMSADIT-AMU5AWM-EN.html,Adidas -
adidas adizero Ubersonic 5 AC Pink/White Men's Shoe,134.90 €,150.00 €,Tennis Shoes,2026-09-11 14:54:09,Tennis Warehouse Europe,https://www.tenniswarehouse-europe.com/adidas_adizero_Ubersonic_5_AC/descpageMSADIT-AMU5APW-EN.html,Adidas -
adidas adizero Ubersonic 5 Clay Maroon/White Men Shoes,149.90 €,,Tennis Shoes,2026-09-11 14:54:09,Tennis Warehouse Europe,https://www.tenniswarehouse-europe.com/adidas_adizero_Ubersonic_5_Clay/descpageMSADIT-AMU5CMW-EN.html,Adidas -
adidas adizero Ubersonic 5 AC Grey/Aurora Men's Shoes,121.90 €,150.00 €,Tennis Shoes,2026-09-11 14:54:09,Tennis Warehouse Europe,https://www.tenniswarehouse-europe.com/adidas_adizero_Ubersonic_5_AC/descpageMSADIT-AMU5AGA-EN.html,Adidas -
adidas adizero Ubersonic 5 AC White/Cream Men's Shoes,112.90 €,150.00 €,Tennis Shoes,2026-09-11 14:54:09,Tennis Warehouse Europe,https://www.tenniswarehouse-europe.com/adidas_adizero_Ubersonic_5_AC/descpageMSADIT-AMU5AWC-EN.html,Adidas -
adidas adizero Ubersonic 5 Clay Blue/White Men Shoes,84.89 €,150.00 €,Tennis Shoes,2026-09-11 14:54:09,Tennis Warehouse Europe,https://www.tenniswarehouse-europe.com/adidas_adizero_Ubersonic_5_Clay/descpageMSADIT-AMU5CBW-EN.html,Adidas -
adidas adizero Ubersonic 5 AC Dk Blue/White Men's Shoes,89.90 €,150.00 €,Tennis Shoes,2026-09-11 14:54:09,Tennis Warehouse Europe,https://www.tenniswarehouse-europe.com/adidas_adizero_Ubersonic_5_AC/descpageMSADIT-AMU5ADW-EN.html,Adidas -
adidas adizero Ubersonic 5 Grass White/Iron Men Shoes,112.90 €,150.00 €,Tennis Shoes,2026-09-11 14:54:09,Tennis Warehouse Europe,https://www.tenniswarehouse-europe.com/adidas_adizero_Ubersonic_5_Grass/descpageMSADIT-AMU5GWI-EN.html,Adidas -
adidas adizero Ubersonic 5 Clay White/Black Men's Shoes,112.90 €,150.00 €,Tennis Shoes,2026-09-11 14:54:09,Tennis Warehouse Europe,https://www.tenniswarehouse-europe.com/adidas_adizero_Ubersonic_5_Clay/descpageMSADIT-AMU5CWB-EN.html,Adidas -
adidas adizero Ubersonic 5 Clay Black/Grey Men's Shoes,112.90 €,150.00 €,Tennis Shoes,2026-09-11 14:54:09,Tennis Warehouse Europe,https://www.tenniswarehouse-europe.com/adidas_adizero_Ubersonic_5_Clay/descpageMSADIT-AMU5CBG-EN.html,Adidas -
adidas Courtflash Speed 2 AC Bk/Lucid Blue Men's Shoes,69.90 €,80.00 €,Tennis Shoes,2026-09-11 14:54:09,Tennis Warehouse Europe,https://www.tenniswarehouse-europe.com/adidas_Courtflash_Speed_2_AC/descpageMSADIT-AMCFBLB-EN.html,Adidas -
adidas Courtflash Speed 2 AC White/Orange Men's Shoes,47.90 €,80.00 €,Tennis Shoes,2026-09-11 14:54:09,Tennis Warehouse Europe,https://www.tenniswarehouse-europe.com/adidas_Courtflash_Speed_2_AC/descpageMSADIT-AMCFWOR-EN.html,Adidas -
adidas SoleMatch Control 2 Clay Dk Blue/White Men Shoe,99.90 €,130.00 €,Tennis Shoes,2026-09-11 14:54:09,Tennis Warehouse Europe,https://www.tenniswarehouse-europe.com/adidas_SoleMatch_Control_2_Clay/descpageMSADIT-AMSMCDW-EN.html,Adidas -
adidas SoleMatch Control 2 AC White/Orange Men Shoe,79.90 €,130.00 €,Tennis Shoes,2026-09-11 14:54:09,Tennis Warehouse Europe,https://www.tenniswarehouse-europe.com/adidas_SoleMatch_Control_2_AC/descpageMSADIT-AMSMWWO-EN.html,Adidas -
adidas Crazyquick Boost Padel Off White /Gold Men Shoes,129.90 €,160.00 €,Tennis Shoes,2026-09-11 14:54:09,Tennis Warehouse Europe,https://www.tenniswarehouse-europe.com/adidas_Crazyquick_Boost_Padel/descpageMS-APMCBOG-EN.html,
adidas Crazyquick Boost Padel Bk/Gold/Turbo Men Shoes,129.90 €,160.00 €,Tennis Shoes,2026-09-11 14:54:09,Tennis Warehouse Europe,https://www.tenniswarehouse-europe.com/adidas_Crazyquick_Boost_Padel/descpageMS-APMCBGT-EN.html,
adidas Crazyquick Boost Padel Wh/Grey/Black Men Shoes,143.89 €,160.00 €,Tennis Shoes,2026-09-11 14:54:09,Tennis Warehouse Europe,https://www.tenniswarehouse-europe.com/adidas_Crazyquick_Boost_Padel/descpageMS-APMCBWH-EN.html,
adidas Crazyquick Boost Padel White/Dark Blue Men Shoes,113.89 €,160.00 €,Tennis Shoes,2026-09-11 14:54:09,Tennis Warehouse Europe,https://www.tenniswarehouse-europe.com/adidas_Crazyquick_Boost_Padel/descpageMS-APMCBWD-EN.html,
adidas Crazyquick Boost Padel Orange/Black Men Shoes,101.90 €,160.00 €,Tennis Shoes,2026-09-11 14:54:09,Tennis Warehouse Europe,https://www.tenniswarehouse-europe.com/adidas_Crazyquick_Boost_Padel/descpageMS-APMCBOB-EN.html,
adidas Crazyquick LS Padel Bk/Off White/Gold Men's Shoe,99.90 €,120.00 €,Tennis Shoes,2026-09-11 14:54:09,Tennis Warehouse Europe,https://www.tenniswarehouse-europe.com/adidas_Crazyquick_LS_Padel/descpageMS-APMCQBO-EN.html,
adidas Crazyquick LS Padel Solar Turbo/Bk Men's Shoes,99.90 €,120.00 €,Tennis Shoes,2026-09-11 14:54:09,Tennis Warehouse Europe,https://www.tenniswarehouse-europe.com/adidas_Crazyquick_LS_Padel/descpageMS-APMCQSB-EN.html,
adidas Crazyquick LS Padel White/Grey/Bk Men's Shoes,99.90 €,120.00 €,Tennis Shoes,2026-09-11 14:54:09,Tennis Warehouse Europe,https://www.tenniswarehouse-europe.com/adidas_Crazyquick_LS_Padel/descpageMS-APMCQWH-EN.html,
adidas Crazyquick LS Padel White/Dark Blue Men's Shoes,95.90 €,120.00 €,Tennis Shoes,2026-09-11 14:54:09,Tennis Warehouse Europe,https://www.tenniswarehouse-europe.com/adidas_Crazyquick_LS_Padel/descpageMS-APMCQWD-EN.html,
adidas Crazyquick LS Padel White/Orange Men's Shoes,95.90 €,120.00 €,Tennis Shoes,2026-09-11 14:54:09,Tennis Warehouse Europe,https://www.tenniswarehouse-europe.com/adidas_Crazyquick_LS_Padel/descpageMS-APMCQWO-EN.html,
adidas Courtquick Padel Off White/Gold Men's Shoes,63.90 €,80.00 €,Tennis Shoes,2026-09-11 14:54:09,Tennis Warehouse Europe,https://www.tenniswarehouse-europe.com/adidas_Courtquick_Padel/descpageMS-APMCQOG-EN.html,
adidas Courtquick Padel White/Solar Turbo Men's Shoes,63.90 €,80.00 €,Tennis Shoes,2026-09-11 14:54:09,Tennis Warehouse Europe,https://www.tenniswarehouse-europe.com/adidas_Courtquick_Padel/descpageMS-APMCQWS-EN.html,
adidas Courtquick Padel White/Orange Men's Shoes,63.90 €,80.00 €,Tennis Shoes,2026-09-11 14:54:09,Tennis Warehouse Europe,https://www.tenniswarehouse-europe.com/adidas_Courtquick_Padel/descpageMS-APMCQOW-EN.html,
Asics Gel Resolution X Night Energy Clay G/S Men's Shoe,160.00 €,,Tennis Shoes,2026-09-11 14:54:09,Tennis Warehouse Europe,https://www.tenniswarehouse-europe.com/Asics_Gel_Resolution_X_Night_Energy_Clay/descpageMSASICSP-AMARGR-EN.html,Asics POPP
Asics Gel Resolution X Night Energy AC Gr/Si Men's Shoe,160.00 €,,Tennis Shoes,2026-09-11 14:54:09,Tennis Warehouse Europe,https://www.tenniswarehouse-europe.com/Asics_Gel_Resolution_X_Night_Energy_AC/descpageMSASICSP-AMARGS-EN.html,Asics POPP
Asics Gel Resolution X Clay Night Sky/Mint Men's Shoes,136.01 €,160.00 €,Tennis Shoes,2026-09-11 14:54:09,Tennis Warehouse Europe,https://www.tenniswarehouse-europe.com/Asics_Gel_Resolution_X_Clay/descpageMSASICSP-AMCRNM-EN.html,Asics POPP
Asics Gel Resolution X AC Night Sky/Mint Men's Shoe,136.01 €,160.00 €,Tennis Shoes,2026-09-11 14:54:09,Tennis Warehouse Europe,https://www.tenniswarehouse-europe.com/Asics_Gel_Resolution_X_AC/descpageMSASICSP-AMARNM-EN.html,Asics POPP
Asics Gel Resolution X Clay Wh/Dk Aubergine Men's Shoes,136.01 €,160.00 €,Tennis Shoes,2026-09-11 14:54:09,Tennis Warehouse Europe,https://www.tenniswarehouse-europe.com/Asics_Gel_Resolution_X_Clay/descpageMSASICSP-AMCRWD-EN.html,Asics POPP
Asics Gel Resolution X AC White/Dk Aubergine Men's Shoe,140.00 €,160.00 €,Tennis Shoes,2026-09-11 14:54:09,Tennis Warehouse Europe,https://www.tenniswarehouse-europe.com/Asics_Gel_Resolution_X_AC/descpageMSASICSP-AMARDA-EN.html,Asics POPP
Asics Gel Resolution X AC Greige/Soft Oat Men's Shoe,136.01 €,160.00 €,Tennis Shoes,2026-09-11 14:54:09,Tennis Warehouse Europe,https://www.tenniswarehouse-europe.com/Asics_Gel_Resolution_X_AC/descpageMSASICSP-AMARGO-EN.html,Asics POPP
Asics Gel Resolution X Clay Grey Bl/Pistacho Men's Shoe,120.00 €,160.00 €,Tennis Shoes,2026-09-11 14:54:09,Tennis Warehouse Europe,https://www.tenniswarehouse-europe.com/Asics_Gel_Resolution_X_Clay/descpageMSASICSP-AMARCG-EN.html,Asics POPP
Asics Gel Resolution X Clay Digit Sakura/Wh Men's Shoes,120.00 €,160.00 €,Tennis Shoes,2026-09-11 14:54:09,Tennis Warehouse Europe,https://www.tenniswarehouse-europe.com/Asics_Gel_Resolution_X_Clay/descpageMSASICSP-AMARCD-EN.html,Asics POPP
Asics Gel Resolution X Clay Bk/Aurora Green Men's Shoes,120.00 €,160.00 €,Tennis Shoes,2026-09-11 14:54:09,Tennis Warehouse Europe,https://www.tenniswarehouse-europe.com/Asics_Gel_Resolution_X_Clay/descpageMSASICSP-AMARCB-EN.html,Asics POPP
Asics Gel Resolution X Clay Wh/Aurora Green Men's Shoes,128.00 €,160.00 €,Tennis Shoes,2026-09-11 14:54:09,Tennis Warehouse Europe,https://www.tenniswarehouse-europe.com/Asics_Gel_Resolution_X_Clay/descpageMSASICSP-AMARCW-EN.html,Asics POPP
Asics Gel Resolution X AC Digital Sakura/Wh Men's Shoe,120.00 €,160.00 €,Tennis Shoes,2026-09-11 14:54:09,Tennis Warehouse Europe,https://www.tenniswarehouse-europe.com/Asics_Gel_Resolution_X_AC/descpageMSASICSP-AMARDW-EN.html,Asics POPP
Asics Gel Resolution X AC Black/Aurora Green Men's Shoe,120.00 €,160.00 €,Tennis Shoes,2026-09-11 14:54:09,Tennis Warehouse Europe,https://www.tenniswarehouse-europe.com/Asics_Gel_Resolution_X_AC/descpageMSASICSP-AMARBA-EN.html,Asics POPP
Asics Gel Resolution X AC White/Aurora Green Men's Shoe,128.00 €,160.00 €,Tennis Shoes,2026-09-11 14:54:09,Tennis Warehouse Europe,https://www.tenniswarehouse-europe.com/Asics_Gel_Resolution_X_AC/descpageMSASICSP-AMARWA-EN.html,Asics POPP
Asics Gel Resolution X AC White Men's Shoes,136.01 €,160.00 €,Tennis Shoes,2026-09-11 14:54:09,Tennis Warehouse Europe,https://www.tenniswarehouse-europe.com/Asics_Gel_Resolution_X_AC/descpageMSASICSP-AMARXW-EN.html,Asics POPP
Asics Gel Resolution X Clay White Men's Shoes,136.01 €,160.00 €,Tennis Shoes,2026-09-11 14:54:09,Tennis Warehouse Europe,https://www.tenniswarehouse-europe.com/Asics_Gel_Resolution_X_Clay/descpageMSASICSP-AMCRXW-EN.html,Asics POPP
Asics Solution Speed FF 4 NE Clay Graphite/Slv Men Shoe,160.00 €,,Tennis Shoes,2026-09-11 14:54:09,Tennis Warehouse Europe,https://www.tenniswarehouse-europe.com/Asics_Solution_Speed_FF_4_NE_Clay/descpageMSASICSP-AMSS4CG-EN.html,Asics POPP
Asics Solution Speed FF 4 NE AC Graphite/Slv Men Shoe,160.00 €,,Tennis Shoes,2026-09-11 14:54:09,Tennis Warehouse Europe,https://www.tenniswarehouse-europe.com/Asics_Solution_Speed_FF_4_NE_AC/descpageMSASICSP-AMSS4GS-EN.html,Asics POPP
Asics Solution Speed FF 4 Clay Mint/Night Sky Men Shoe,136.01 €,160.00 €,Tennis Shoes,2026-09-11 14:54:09,Tennis Warehouse Europe,https://www.tenniswarehouse-europe.com/Asics_Solution_Speed_FF_4_Clay/descpageMSASICSP-AMSS4CM-EN.html,Asics POPP
Asics Solution Speed FF 4 AC Mint/Night Sky Men Shoe,136.01 €,160.00 €,Tennis Shoes,2026-09-11 14:54:09,Tennis Warehouse Europe,https://www.tenniswarehouse-europe.com/Asics_Solution_Speed_FF_4_AC/descpageMSASICSP-AMSS4MN-EN.html,Asics POPP
Asics Solution Speed FF 4 Clay Cherry/Khaki Men Shoe,160.00 €,,Tennis Shoes,2026-09-11 14:54:09,Tennis Warehouse Europe,https://www.tenniswarehouse-europe.com/Asics_Solution_Speed_FF_4_Clay/descpageMSASICSP-AMSS4CC-EN.html,Asics POPP
Asics Solution Speed FF 4 AC Cherry/Khaki Men Shoe,136.01 €,160.00 €,Tennis Shoes,2026-09-11 14:54:09,Tennis Warehouse Europe,https://www.tenniswarehouse-europe.com/Asics_Solution_Speed_FF_4_AC/descpageMSASICSP-AMSS4CK-EN.html,Asics POPP
Asics Solution Speed FF 4 Clay White/Midnight Men Shoe,136.01 €,160.00 €,Tennis Shoes,2026-09-11 14:54:09,Tennis Warehouse Europe,https://www.tenniswarehouse-europe.com/Asics_Solution_Speed_FF_4_Clay/descpageMSASICSP-AMSS4CW-EN.html,Asics POPP
Asics Solution Speed FF 4 AC White/Midnight Men Shoe,136.01 €,160.00 €,Tennis Shoes,2026-09-11 14:54:09,Tennis Warehouse Europe,https://www.tenniswarehouse-europe.com/Asics_Solution_Speed_FF_4_AC/descpageMSASICSP-AMSS4WM-EN.html,Asics POPP
Asics Solution Speed FF 4 Clay Grey/Ironclad Men Shoe,120.00 €,160.00 €,Tennis Shoes,2026-09-11 14:54:09,Tennis Warehouse Europe,https://www.tenniswarehouse-europe.com/Asics_Solution_Speed_FF_4_Clay/descpageMSASICSP-AMSS4GI-EN.html,Asics POPP
Asics Solution Speed FF 4 AC Dk Neptune/White Men Shoe,120.00 €,160.00 €,Tennis Shoes,2026-09-11 14:54:09,Tennis Warehouse Europe,https://www.tenniswarehouse-europe.com/Asics_Solution_Speed_FF_4_AC/descpageMSASICSP-AMSS3NW-EN.html,Asics POPP
Asics Solution Speed FF 4 Clay Neptune/White Men Shoe,128.00 €,160.00 €,Tennis Shoes,2026-09-11 14:54:09,Tennis Warehouse Europe,https://www.tenniswarehouse-europe.com/Asics_Solution_Speed_FF_4_Clay/descpageMSASICSP-AMSS4NW-EN.html,Asics POPP
Asics Solution Speed FF 4 AC Blk/Aurora Green Men Shoe,120.00 €,160.00 €,Tennis Shoes,2026-09-11 14:54:09,Tennis Warehouse Europe,https://www.tenniswarehouse-europe.com/Asics_Solution_Speed_FF_4_AC/descpageMSASICSP-AMSS3BA-EN.html,Asics POPP
Asics Solution Speed FF 4 Clay Bk/Aurora Green Men Shoe,120.00 €,160.00 €,Tennis Shoes,2026-09-11 14:54:09,Tennis Warehouse Europe,https://www.tenniswarehouse-europe.com/Asics_Solution_Speed_FF_4_Clay/descpageMSASICSP-AMSS4BA-EN.html,Asics POPP
Asics Solution Speed FF 4 AC Wh/Digital Sakura Men Shoe,136.01 €,160.00 €,Tennis Shoes,2026-09-11 14:54:09,Tennis Warehouse Europe,https://www.tenniswarehouse-europe.com/Asics_Solution_Speed_FF_4_AC/descpageMSASICSP-AMSS3DS-EN.html,Asics POPP
Asics Solution Speed FF 4 Clay Wh/Sakura Men Shoe,136.01 €,160.00 €,Tennis Shoes,2026-09-11 14:54:09,Tennis Warehouse Europe,https://www.tenniswarehouse-europe.com/Asics_Solution_Speed_FF_4_Clay/descpageMSASICSP-AMSS4WS-EN.html,Asics POPP
Asics Solution Speed FF 4 AC White/Black Men Shoe,143.00 €,160.00 €,Tennis Shoes,2026-09-11 14:54:09,Tennis Warehouse Europe,https://www.tenniswarehouse-europe.com/Asics_Solution_Speed_FF_4_AC/descpageMSASICSP-AMSS4WB-EN.html,Asics POPP
Asics Solution Speed FF 4 Clay White/Black Men Shoe,136.01 €,160.00 €,Tennis Shoes,2026-09-11 14:54:09,Tennis Warehouse Europe,https://www.tenniswarehouse-europe.com/Asics_Solution_Speed_FF_4_Clay/descpageMSASICSP-AMSS4BW-EN.html,Asics POPP
Asics Court FF 3 NE AC Graphite/Pure Silver Men Shoes,190.00 €,,Tennis Shoes,2026-09-11 14:54:09,Tennis Warehouse Europe,https://www.tenniswarehouse-europe.com/Asics_Court_FF_3_NE_AC/descpageMSASICSP-AMCFAGP-EN.html,Asics POPP
Asics Court FF 3 NE Clay Graphite/Pure Silver Men Shoes,190.00 €,,Tennis Shoes,2026-09-11 14:54:09,Tennis Warehouse Europe,https://www.tenniswarehouse-europe.com/Asics_Court_FF_3_NE_Clay/descpageMSASICSP-AMCFCGP-EN.html,Asics POPP
Asics Court FF 3 Clay Soft Oat/Vintage Khaki Men Shoes,161.54 €,190.00 €,Tennis Shoes,2026-09-11 14:54:09,Tennis Warehouse Europe,https://www.tenniswarehouse-europe.com/Asics_Court_FF_3_Clay/descpageMSASICSP-AMCFCSV-EN.html,Asics POPP
Asics Court FF 3 AC Soft Oat/Vintage Khaki Men's Shoes,161.50 €,190.00 €,Tennis Shoes,2026-09-11 14:54:09,Tennis Warehouse Europe,https://www.tenniswarehouse-europe.com/Asics_Court_FF_3_AC/descpageMSASICSP-AMCFASV-EN.html,Asics POPP
Asics Court FF 3 Clay White/Foggy Teal Men's Shoes,161.99 €,190.00 €,Tennis Shoes,2026-09-11 14:54:09,Tennis Warehouse Europe,https://www.tenniswarehouse-europe.com/Asics_Court_FF_3_Clay/descpageMSASICSP-AMCFCWF-EN.html,Asics POPP
Asics Court FF 3 AC White/Foggy Teal Men Shoes,161.50 €,190.00 €,Tennis Shoes,2026-09-11 14:54:09,Tennis Warehouse Europe,https://www.tenniswarehouse-europe.com/Asics_Court_FF_3_AC/descpageMSASICSP-AMCFAWF-EN.html,Asics POPP
Asics Court FF 3 Clay Grey Blue/White Men Shoes,152.00 €,190.00 €,Tennis Shoes,2026-09-11 14:54:09,Tennis Warehouse Europe,https://www.tenniswarehouse-europe.com/Asics_Court_FF_3_Clay/descpageMSASICSP-AMCFACG-EN.html,Asics POPP
Asics Court FF 3 AC Grey Blue/White Men Shoes,143.00 €,190.00 €,Tennis Shoes,2026-09-11 14:54:09,Tennis Warehouse Europe,https://www.tenniswarehouse-europe.com/Asics_Court_FF_3_AC/descpageMSASICSP-AMCFAGW-EN.html,Asics POPP
Asics Court FF 3 Clay Black/Aurora Green Men Shoes,143.00 €,190.00 €,Tennis Shoes,2026-09-11 14:54:09,Tennis Warehouse Europe,https://www.tenniswarehouse-europe.com/Asics_Court_FF_3_Clay/descpageMSASICSP-AMCFACB-EN.html,Asics POPP
Asics Court FF 3 AC Black/Aurora Green Men Shoes,143.00 €,190.00 €,Tennis Shoes,2026-09-11 14:54:09,Tennis Warehouse Europe,https://www.tenniswarehouse-europe.com/Asics_Court_FF_3_AC/descpageMSASICSP-AMCFABA-EN.html,Asics POPP
Asics Court FF 3 AC White/Digital Sakura Men Shoes,143.00 €,190.00 €,Tennis Shoes,2026-09-11 14:54:09,Tennis Warehouse Europe,https://www.tenniswarehouse-europe.com/Asics_Court_FF_3_AC/descpageMSASICSP-AMCFAWD-EN.html,Asics POPP
Asics Court FF 3 Clay White/Digital Sakura Men Shoes,143.00 €,190.00 €,Tennis Shoes,2026-09-11 14:54:09,Tennis Warehouse Europe,https://www.tenniswarehouse-europe.com/Asics_Court_FF_3_Clay/descpageMSASICSP-AMCFACW-EN.html,Asics POPP
Asics Court FF 3 Novak Clay Black/Prism Gold Men Shoes,130.00 €,190.00 €,Tennis Shoes,2026-09-11 14:54:09,Tennis Warehouse Europe,https://www.tenniswarehouse-europe.com/Asics_Court_FF_3_Novak_Clay/descpageMSASICSP-AMCFCBG-EN.html,Asics POPP
Asics Court FF 3 Novak AC Blue/Black Men's Shoes,97.00 €,190.00 €,Tennis Shoes,2026-09-11 14:54:09,Tennis Warehouse Europe,https://www.tenniswarehouse-europe.com/Asics_Court_FF_3_Novak_AC/descpageMSASICSP-AMCFABB-EN.html,Asics POPP
Asics Solution Swift FF2 AC Foggy Teal/Oatmeal Men Shoe,101.99 €,120.00 €,Tennis Shoes,2026-09-11 14:54:09,Tennis Warehouse Europe,https://www.tenniswarehouse-europe.com/Asics_Solution_Swift_FF2_AC/descpageMSASICSP-AMSWAFO-EN.html,Asics POPP
Asics Solution Swift FF 2 Clay Wh/Digit Sakura Men Shoe,74.99 €,120.00 €,Tennis Shoes,2026-09-11 14:54:09,Tennis Warehouse Europe,https://www.tenniswarehouse-europe.com/Asics_Solution_Swift_FF_2_Clay/descpageMSASICSP-AMSWCWD-EN.html,Asics POPP
Asics Solution Swift FF 2 AC White/Digi Sakura Men Shoe,72.00 €,120.00 €,Tennis Shoes,2026-09-11 14:54:09,Tennis Warehouse Europe,https://www.tenniswarehouse-europe.com/Asics_Solution_Swift_FF_2_AC/descpageMSASICSP-AMSWAWD-EN.html,Asics POPP
Asics Gel Challenger 15 AC Saffron/Steel Gr Men's Shoes,117.00 €,130.00 €,Tennis Shoes,2026-09-11 14:54:09,Tennis Warehouse Europe,https://www.tenniswarehouse-europe.com/Asics_Gel_Challenger_15_AC/descpageMSASICSP-AMCASSG-EN.html,Asics POPP
Asics Gel Challenger 15 Carpet Oat/Midnight Men Shoe,101.99 €,120.00 €,Tennis Shoes,2026-09-11 14:54:09,Tennis Warehouse Europe,https://www.tenniswarehouse-europe.com/Asics_Gel_Challenger_15_Carpet/descpageMSASICSP-AMC15CO-EN.html,Asics POPP
Asics Gel Challenger 15 Clay White/Cherry Men Shoe,101.99 €,120.00 €,Tennis Shoes,2026-09-11 14:54:09,Tennis Warehouse Europe,https://www.tenniswarehouse-europe.com/Asics_Gel_Challenger_15_Clay/descpageMSASICSP-AMC15WT-EN.html,Asics POPP
Asics Gel Challenger 15 Clay Oatmeal/Midnight Men Shoe,101.99 €,120.00 €,Tennis Shoes,2026-09-11 14:54:09,Tennis Warehouse Europe,https://www.tenniswarehouse-europe.com/Asics_Gel_Challenger_15_Clay/descpageMSASICSP-AMC15OM-EN.html,Asics POPP
Asics Gel Challenger 15 AC White/Gunmetal Men's Shoes,101.99 €,120.00 €,Tennis Shoes,2026-09-11 14:54:09,Tennis Warehouse Europe,https://www.tenniswarehouse-europe.com/Asics_Gel_Challenger_15_AC/descpageMSASICSP-AMCAWHG-EN.html,Asics POPP
Asics Gel Challenger 15 Clay Iron/Grey Blue Men Shoe,90.00 €,120.00 €,Tennis Shoes,2026-09-11 14:54:09,Tennis Warehouse Europe,https://www.tenniswarehouse-europe.com/Asics_Gel_Challenger_15_Clay/descpageMSASICSP-AMC15CI-EN.html,Asics POPP
Asics Gel Challenger 15 Clay Wh/Digital Sakura Men Shoe,96.00 €,120.00 €,Tennis Shoes,2026-09-11 14:54:09,Tennis Warehouse Europe,https://www.tenniswarehouse-europe.com/Asics_Gel_Challenger_15_Clay/descpageMSASICSP-AMC15CW-EN.html,Asics POPP
Asics Gel Challenger 15 AC Wh/Digital Sakura Men Shoes,90.00 €,120.00 €,Tennis Shoes,2026-09-11 14:54:09,Tennis Warehouse Europe,https://www.tenniswarehouse-europe.com/Asics_Gel_Challenger_15_AC/descpageMSASICSP-AMC15AW-EN.html,Asics POPP
Asics Gel Challenger 15 Clay White/Gunmetal Men's Shoes,101.99 €,120.00 €,Tennis Shoes,2026-09-11 14:54:09,Tennis Warehouse Europe,https://www.tenniswarehouse-europe.com/Asics_Gel_Challenger_15_Clay/descpageMSASICSP-AMCCWHG-EN.html,Asics POPP
Asics Gel Challenger 15 Carpet Black/Dk Cobalt Men Shoe,78.00 €,120.00 €,Tennis Shoes,2026-09-11 14:54:09,Tennis Warehouse Europe,https://www.tenniswarehouse-europe.com/Asics_Gel_Challenger_15_Carpet/descpageMSASICSP-AMCINBC-EN.html,Asics POPP
Asics Gel Challenger 15 AC Black/Dark Cobalt Men Shoes,72.00 €,120.00 €,Tennis Shoes,2026-09-11 14:54:09,Tennis Warehouse Europe,https://www.tenniswarehouse-europe.com/Asics_Gel_Challenger_15_AC/descpageMSASICSP-AMCCBD-EN.html,Asics POPP
Asics Gel Game FF Clay Black/Cherry Tomato Men's Shoes,76.51 €,,Tennis Shoes,2026-09-11 14:54:09,Tennis Warehouse Europe,https://www.tenniswarehouse-europe.com/Asics_Gel_Game_FF_Clay/descpageMSASICSP-AMGFGBC-EN.html,Asics POPP
Asics Gel Game FF AC White/Foggy Teal Men's Shoes,76.51 €,,Tennis Shoes,2026-09-11 14:54:09,Tennis Warehouse Europe,https://www.tenniswarehouse-europe.com/Asics_Gel_Game_FF_AC/descpageMSASICSP-AMGFWWF-EN.html,Asics POPP
Asics Gel Game FF Clay Grey Blue/Ironclad Men's Shoes,55.00 €,90.00 €,Tennis Shoes,2026-09-11 14:54:09,Tennis Warehouse Europe,https://www.tenniswarehouse-europe.com/Asics_Gel_Game_FF_Clay/descpageMSASICSP-AMGFGBI-EN.html,Asics POPP
Asics Gel Game FF AC White/Dk Neptune Men's Shoes,56.00 €,90.00 €,Tennis Shoes,2026-09-11 14:54:09,Tennis Warehouse Europe,https://www.tenniswarehouse-europe.com/Asics_Gel_Game_FF_AC/descpageMSASICSP-AMGFWDN-EN.html,Asics POPP
Asics Gel Dedicate 9 Carpet Midnight/Oatmeal Men's Shoe,63.74 €,75.00 €,Tennis Shoes,2026-09-11 14:54:09,Tennis Warehouse Europe,https://www.tenniswarehouse-europe.com/Asics_Gel_Dedicate_9_Carpet/descpageMSASICSP-AMD9CAM-EN.html,Asics POPP
Asics Gel Dedicate 9 Clay Midnight/Oatmeal Men's Shoes,63.74 €,75.00 €,Tennis Shoes,2026-09-11 14:54:09,Tennis Warehouse Europe,https://www.tenniswarehouse-europe.com/Asics_Gel_Dedicate_9_Clay/descpageMSASICSP-AMD9CMO-EN.html,Asics POPP
Asics Gel Dedicate 9 Clay White/Vint Khaki Men's Shoes,63.74 €,75.00 €,Tennis Shoes,2026-09-11 14:54:09,Tennis Warehouse Europe,https://www.tenniswarehouse-europe.com/Asics_Gel_Dedicate_9_Clay/descpageMSASICSP-AMD9AWV-EN.html,Asics POPP
Asics Gel Dedicate 9 AC White/Black Men's Shoes,63.74 €,75.00 €,Tennis Shoes,2026-09-11 14:54:09,Tennis Warehouse Europe,https://www.tenniswarehouse-europe.com/Asics_Gel_Dedicate_9_AC/descpageMSASICSP-AMD9AWB-EN.html,Asics POPP
Asics Gel Dedicate 9 AC Midnight/Oatmeal Men's Shoes,63.74 €,75.00 €,Tennis Shoes,2026-09-11 14:54:09,Tennis Warehouse Europe,https://www.tenniswarehouse-europe.com/Asics_Gel_Dedicate_9_AC/descpageMSASICSP-AMD9AMO-EN.html,Asics POPP
Asics Gel Dedicate 8 Clay Black/Grey Blue Men's Shoes,51.00 €,75.00 €,Tennis Shoes,2026-09-11 14:54:09,Tennis Warehouse Europe,https://www.tenniswarehouse-europe.com/Asics_Gel_Dedicate_8_Clay/descpageMSASICSP-AMD8CBG-EN.html,Asics POPP
Asics Gel Dedicate 8 AC  White/Black Men's Shoes,45.01 €,75.00 €,Tennis Shoes,2026-09-11 14:54:09,Tennis Warehouse Europe,https://www.tenniswarehouse-europe.com/Asics_Gel_Dedicate_8_AC/descpageMSASICSP-AMD8RWB-EN.html,Asics POPP
Asics Sonicsmash FF Padel Orange/Dk Aubergin Men's Shoe,119.00 €,,Tennis Shoes,2026-09-11 14:54:09,Tennis Warehouse Europe,https://www.tenniswarehouse-europe.com/Asics_Sonicsmash_FF_Padel/descpageMSASICSP-AMSSOA-EN.html,Asics POPP
Asics Sonicsmash FF Padel Wh/Energy Orange Men's Shoe,119.00 €,140.00 €,Tennis Shoes,2026-09-11 14:54:09,Tennis Warehouse Europe,https://www.tenniswarehouse-europe.com/Asics_Sonicsmash_FF_Padel/descpageMSASICSP-AMSSWO-EN.html,Asics POPP
Asics Sonicsmash FF Padel Saba Blue/Vital Gn Men's Shoe,105.01 €,140.00 €,Tennis Shoes,2026-09-11 14:54:09,Tennis Warehouse Europe,https://www.tenniswarehouse-europe.com/Asics_Sonicsmash_FF_Padel/descpageMSASICSP-AMSFSV-EN.html,Asics POPP
Asics Sonicsmash FF Padel Vital/Misty Pine Men's Shoe,105.01 €,140.00 €,Tennis Shoes,2026-09-11 14:54:09,Tennis Warehouse Europe,https://www.tenniswarehouse-europe.com/Asics_Sonicsmash_FF_Padel/descpageMSASICSP-AMSFVM-EN.html,Asics POPP
Asics Gel Resolution X Padel Wh/Steel Grey Men's Shoe,144.00 €,160.00 €,Tennis Shoes,2026-09-11 14:54:09,Tennis Warehouse Europe,https://www.tenniswarehouse-europe.com/Asics_Gel_Resolution_X_Padel/descpageMSASICSP-AMRXPWS-EN.html,Asics POPP
Asics Gel Resolution X Padel Jewel Gn/Orange Men's Shoe,136.01 €,160.00 €,Tennis Shoes,2026-09-11 14:54:09,Tennis Warehouse Europe,https://www.tenniswarehouse-europe.com/Asics_Gel_Resolution_X_Padel/descpageMSASICSP-AMRXPJE-EN.html,Asics POPP
Asics Gel Resolution X Padel Saba Blue/Grey Men's Shoes,120.00 €,160.00 €,Tennis Shoes,2026-09-11 14:54:09,Tennis Warehouse Europe,https://www.tenniswarehouse-europe.com/Asics_Gel_Resolution_X_Padel/descpageMSASICSP-AMRXPSG-EN.html,Asics POPP
Asics Solution Speed FF 3 Padel White/Pink Men's Shoes,72.98 €,150.00 €,Tennis Shoes,2026-09-11 14:54:09,Tennis Warehouse Europe,https://www.tenniswarehouse-europe.com/Asics_Solution_Speed_FF_3_Padel/descpageMSASICSP-AMSS3PP-EN.html,Asics POPP
Asics Gel Challenger 15 Padel L.E.  Wh/Indigo Men Shoe,130.00 €,,Tennis Shoes,2026-09-11 14:54:09,Tennis Warehouse Europe,https://www.tenniswarehouse-europe.com/Asics_Gel_Challenger_15_Padel_LE_/descpageMSASICSP-AMC15WI-EN.html,Asics POPP
Asics Gel Challenger 15 Padel Wh/Energy Orange Men Shoe,101.99 €,120.00 €,Tennis Shoes,2026-09-11 14:54:09,Tennis Warehouse Europe,https://www.tenniswarehouse-europe.com/Asics_Gel_Challenger_15_Padel/descpageMSASICSP-AMC15WE-EN.html,Asics POPP
Asics Gel Challenger 15 L.E. Padel Yellow/Blue Men Shoe,98.00 €,130.00 €,Tennis Shoes,2026-09-11 14:54:09,Tennis Warehouse Europe,https://www.tenniswarehouse-europe.com/Asics_Gel_Challenger_15_LE_Padel/descpageMSASICSP-AMC15LE-EN.html,Asics POPP
Asics Gel Challenger 15 Padel White/Misty Pine Men Shoe,90.00 €,120.00 €,Tennis Shoes,2026-09-11 14:54:09,Tennis Warehouse Europe,https://www.tenniswarehouse-europe.com/Asics_Gel_Challenger_15_Padel/descpageMSASICSP-AMC15MP-EN.html,Asics POPP
Asics Gel Challenger 15 Padel White/Coral Men Shoes,72.00 €,120.00 €,Tennis Shoes,2026-09-11 14:54:09,Tennis Warehouse Europe,https://www.tenniswarehouse-europe.com/Asics_Gel_Challenger_15_Padel/descpageMSASICSP-AMC15WC-EN.html,Asics POPP
Asics Gel Challenger 15 Padel Coral/Dk Cobalt Men Shoes,72.00 €,120.00 €,Tennis Shoes,2026-09-11 14:54:09,Tennis Warehouse Europe,https://www.tenniswarehouse-europe.com/Asics_Gel_Challenger_15_Padel/descpageMSASICSP-AMC15CC-EN.html,Asics POPP
Asics Gel Game FF Padel Orange/Jewel Green Men's Shoes,76.51 €,,Tennis Shoes,2026-09-11 14:54:09,Tennis Warehouse Europe,https://www.tenniswarehouse-europe.com/Asics_Gel_Game_FF_Padel/descpageMSASICSP-AMGPMOJ-EN.html,Asics POPP
Asics Gel Game FF Padel Saba Blue/Cool Grey Men's Shoes,60.00 €,90.00 €,Tennis Shoes,2026-09-11 14:54:09,Tennis Warehouse Europe,https://www.tenniswarehouse-europe.com/Asics_Gel_Game_FF_Padel/descpageMSASICSP-AMGPMSC-EN.html,Asics POPP
Asics Gel Game FF Padel White/Misty Pine Men's Shoes,57.00 €,90.00 €,Tennis Shoes,2026-09-11 14:54:09,Tennis Warehouse Europe,https://www.tenniswarehouse-europe.com/Asics_Gel_Game_FF_Padel/descpageMSASICSP-AMGPMWM-EN.html,Asics POPP
Asics Gel Dedicate 9 Padel Wh/Jewel Green Men's Shoes,74.99 €,,Tennis Shoes,2026-09-11 14:54:09,Tennis Warehouse Europe,https://www.tenniswarehouse-europe.com/Asics_Gel_Dedicate_9_Padel/descpageMSASICSP-MSADPWJ-EN.html,Asics POPP
Asics Gel Dedicate 9 Padel Jewel Green/Wh Men's Shoes,74.99 €,,Tennis Shoes,2026-09-11 14:54:09,Tennis Warehouse Europe,https://www.tenniswarehouse-europe.com/Asics_Gel_Dedicate_9_Padel/descpageMSASICSP-MSADPJW-EN.html,Asics POPP
Asics Gel Dedicate 8 Padel White/Misty Pine Men's Shoes,45.01 €,75.00 €,Tennis Shoes,2026-09-11 14:54:09,Tennis Warehouse Europe,https://www.tenniswarehouse-europe.com/Asics_Gel_Dedicate_8_Padel/descpageMSASICSP-MSAD8WM-EN.html,Asics POPP
Asics Gel Dedicate 8 Padel Dk Cobalt/Coral Men's Shoes,40.00 €,75.00 €,Tennis Shoes,2026-09-11 14:54:09,Tennis Warehouse Europe,https://www.tenniswarehouse-europe.com/Asics_Gel_Dedicate_8_Padel/descpageMSASICSP-MSAD8DC-EN.html,Asics POPP
Asics Solution Swift FF 2 Padel Blue/Green Men's Shoe,77.00 €,120.00 €,Tennis Shoes,2026-09-11 14:54:09,Tennis Warehouse Europe,https://www.tenniswarehouse-europe.com/Asics_Solution_Swift_FF_2_Padel/descpageMSASICSP-AMSWPBG-EN.html,Asics POPP
Asics Solution Swift FF 2 Padel Wh/Cobalt Men's Shoes,66.00 €,120.00 €,Tennis Shoes,2026-09-11 14:54:09,Tennis Warehouse Europe,https://www.tenniswarehouse-europe.com/Asics_Solution_Swift_FF_2_Padel/descpageMSASICSP-AMSWPWC-EN.html,Asics POPP
Jet Mach IV AC Teal/Yellow Men's Shoes,127.90 €,160.00 €,Tennis Shoes,2026-09-11 14:54:09,Tennis Warehouse Europe,https://www.tenniswarehouse-europe.com/Babolat_Jet_Mach_IV_AC/descpageMSQBA-BMJM4TY-EN.html,Babolat
Jet Mach IV Wide AC Dark Blue/White Men's Shoes,127.90 €,160.00 €,Tennis Shoes,2026-09-11 14:54:09,Tennis Warehouse Europe,https://www.tenniswarehouse-europe.com/Babolat_Jet_Mach_IV_Wide_AC/descpageMSQBA-BMJM4WD-EN.html,Babolat
Jet Mach IV Clay Dark Blue/White Men Shoes,127.90 €,160.00 €,Tennis Shoes,2026-09-11 14:54:09,Tennis Warehouse Europe,https://www.tenniswarehouse-europe.com/Babolat_Jet_Mach_IV_Clay/descpageMSQBA-BMJ4CBW-EN.html,Babolat
Jet Mach IV AC Dark Blue/White Men's Shoes,127.90 €,160.00 €,Tennis Shoes,2026-09-11 14:54:09,Tennis Warehouse Europe,https://www.tenniswarehouse-europe.com/Babolat_Jet_Mach_IV_AC/descpageMSQBA-BMJM4DW-EN.html,Babolat
Jet Mach IV AC Black/Spectra Men's Shoes,124.90 €,160.00 €,Tennis Shoes,2026-09-11 14:54:09,Tennis Warehouse Europe,https://www.tenniswarehouse-europe.com/Babolat_Jet_Mach_IV_AC/descpageMSQBA-BMJM4BS-EN.html,Babolat
Jet Mach IV Grass Wimbledon Wh/Black Men Shoe,127.90 €,160.00 €,Tennis Shoes,2026-09-11 14:54:09,Tennis Warehouse Europe,https://www.tenniswarehouse-europe.com/Babolat_Jet_Mach_IV_Grass_Wimbledon/descpageMSQBA-BMJMWHB-EN.html,Babolat
Jet Mach IV Clay Black/Aero Men Shoes,91.90 €,160.00 €,Tennis Shoes,2026-09-11 14:54:09,Tennis Warehouse Europe,https://www.tenniswarehouse-europe.com/Babolat_Jet_Mach_IV_Clay/descpageMSQBA-BMJCBKA-EN.html,Babolat
Jet Mach IV AC Black/Aero Men's Shoes,94.90 €,160.00 €,Tennis Shoes,2026-09-11 14:54:09,Tennis Warehouse Europe,https://www.tenniswarehouse-europe.com/Babolat_Jet_Mach_IV_AC/descpageMSQBA-BMJMBLA-EN.html,Babolat
Jet Mach IV Clay Cherry Tomato/White Men Shoes,87.91 €,160.00 €,Tennis Shoes,2026-09-11 14:54:09,Tennis Warehouse Europe,https://www.tenniswarehouse-europe.com/Babolat_Jet_Mach_IV_Clay/descpageMSQBA-BMJCCHT-EN.html,Babolat
Jet Mach IV AC Cherry Tomato/White Men's Shoes,114.91 €,160.00 €,Tennis Shoes,2026-09-11 14:54:09,Tennis Warehouse Europe,https://www.tenniswarehouse-europe.com/Babolat_Jet_Mach_IV_AC/descpageMSQBA-BMJMCTW-EN.html,Babolat
Jet Mach IV AC Cream/Dark Blue Men's Shoes,99.90 €,160.00 €,Tennis Shoes,2026-09-11 14:54:09,Tennis Warehouse Europe,https://www.tenniswarehouse-europe.com/Babolat_Jet_Mach_IV_AC/descpageMSQBA-BMJMCDB-EN.html,Babolat
Jet Mach III AC Black/White Men's Shoes,68.90 €,155.00 €,Tennis Shoes,2026-09-11 14:54:09,Tennis Warehouse Europe,https://www.tenniswarehouse-europe.com/Babolat_Jet_Mach_III_AC/descpageMSQBA-BMJMSBW-EN.html,Babolat
Jet Mach III AC Dark Blue/Silver Men's Shoes,79.90 €,155.00 €,Tennis Shoes,2026-09-11 14:54:09,Tennis Warehouse Europe,https://www.tenniswarehouse-europe.com/Babolat_Jet_Mach_III_AC/descpageMSQBA-BMJMSDS-EN.html,Babolat
Jet Mach III Clay Dark Blue/Silver Men's Shoes,79.90 €,155.00 €,Tennis Shoes,2026-09-11 14:54:09,Tennis Warehouse Europe,https://www.tenniswarehouse-europe.com/Babolat_Jet_Mach_III_Clay/descpageMSQBA-BMJCSDS-EN.html,Babolat
Jet Mach III AC White/Dark Grey Men's Shoes,79.90 €,155.00 €,Tennis Shoes,2026-09-11 14:54:09,Tennis Warehouse Europe,https://www.tenniswarehouse-europe.com/Babolat_Jet_Mach_III_AC/descpageMSQBA-BMJMSWG-EN.html,Babolat
Jet Mach III Clay White/Dark Grey Men's Shoes,69.90 €,155.00 €,Tennis Shoes,2026-09-11 14:54:09,Tennis Warehouse Europe,https://www.tenniswarehouse-europe.com/Babolat_Jet_Mach_III_Clay/descpageMSQBA-BMJCSWG-EN.html,Babolat
Jet Mach III Clay Angel Blue Men's Shoes,69.90 €,155.00 €,Tennis Shoes,2026-09-11 14:54:09,Tennis Warehouse Europe,https://www.tenniswarehouse-europe.com/Babolat_Jet_Mach_III_Clay/descpageMSQBA-BMJMCAB-EN.html,Babolat
Jet Tere 2 Clay Premium Dark Blue Men's Shoes,83.90 €,120.00 €,Tennis Shoes,2026-09-11 14:54:09,Tennis Warehouse Europe,https://www.tenniswarehouse-europe.com/Babolat_Jet_Tere_2_Clay_Premium/descpageMSQBA-BMJT2PD-EN.html,Babolat
Jet Tere 2 AC Premium Dark Blue Men's Shoes,89.90 €,120.00 €,Tennis Shoes,2026-09-11 14:54:09,Tennis Warehouse Europe,https://www.tenniswarehouse-europe.com/Babolat_Jet_Tere_2_AC_Premium/descpageMSQBA-BMJT2PB-EN.html,Babolat
Jet Tere 2 AC Wimbledon White/Navy Men's Shoes,95.90 €,120.00 €,Tennis Shoes,2026-09-11 14:54:09,Tennis Warehouse Europe,https://www.tenniswarehouse-europe.com/Babolat_Jet_Tere_2_AC_Wimbledon/descpageMSQBA-BMJT2WH-EN.html,Babolat
Jet Tere 2 Clay Sunny Lime Men's Shoes,62.90 €,110.00 €,Tennis Shoes,2026-09-11 14:54:09,Tennis Warehouse Europe,https://www.tenniswarehouse-europe.com/Babolat_Jet_Tere_2_Clay/descpageMSQBA-BMJT2SU-EN.html,Babolat
Jet Tere 2 AC Sunny Lime Men's Shoes,65.90 €,110.00 €,Tennis Shoes,2026-09-11 14:54:09,Tennis Warehouse Europe,https://www.tenniswarehouse-europe.com/Babolat_Jet_Tere_2_AC/descpageMSQBA-BMJT2SL-EN.html,Babolat
Jet Tere 2 AC White/Burgundy Men's Shoes,63.90 €,110.00 €,Tennis Shoes,2026-09-11 14:54:09,Tennis Warehouse Europe,https://www.tenniswarehouse-europe.com/Babolat_Jet_Tere_2_AC/descpageMSQBA-BMJT2BU-EN.html,Babolat
Jet Tere 2 AC White/Strike Red Men's Shoes,49.90 €,110.00 €,Tennis Shoes,2026-09-11 14:54:09,Tennis Warehouse Europe,https://www.tenniswarehouse-europe.com/Babolat_Jet_Tere_2_AC/descpageMSQBA-BMJT2WR-EN.html,Babolat
Jet Tere 2 Clay Momboe Blue Men's Shoes,49.90 €,110.00 €,Tennis Shoes,2026-09-11 14:54:09,Tennis Warehouse Europe,https://www.tenniswarehouse-europe.com/Babolat_Jet_Tere_2_Clay/descpageMSQBA-BMJT2CB-EN.html,Babolat
Propulse Fury 3 Clay Sunny Lime Men's Shoes,109.90 €,150.00 €,Tennis Shoes,2026-09-11 14:54:09,Tennis Warehouse Europe,https://www.tenniswarehouse-europe.com/Babolat_Propulse_Fury_3_Clay/descpageMSQBA-BMPFCSL-EN.html,Babolat
Propulse Fury 3 AC Sunny Lime Men's Shoe,89.90 €,150.00 €,Tennis Shoes,2026-09-11 14:54:09,Tennis Warehouse Europe,https://www.tenniswarehouse-europe.com/Babolat_Propulse_Fury_3_AC/descpageMSQBA-BMPF3SL-EN.html,Babolat
Propulse Fury 3 AC Black/Illusion Bl Men's Shoe,109.90 €,150.00 €,Tennis Shoes,2026-09-11 14:54:09,Tennis Warehouse Europe,https://www.tenniswarehouse-europe.com/Babolat_Propulse_Fury_3_AC/descpageMSQBA-BMPF3BI-EN.html,Babolat
Propulse Fury 3 Clay White/Blue Men's Shoes,119.90 €,150.00 €,Tennis Shoes,2026-09-11 14:54:09,Tennis Warehouse Europe,https://www.tenniswarehouse-europe.com/Babolat_Propulse_Fury_3_Clay/descpageMSQBA-BMPFCWB-EN.html,Babolat
Propulse Fury 3 AC White/Dark Blue Men's Shoe,109.90 €,150.00 €,Tennis Shoes,2026-09-11 14:54:09,Tennis Warehouse Europe,https://www.tenniswarehouse-europe.com/Babolat_Propulse_Fury_3_AC/descpageMSQBA-BMPF3WD-EN.html,Babolat
Propulse Fury 3 AC Black/Dark Blue Men's Shoe,74.90 €,150.00 €,Tennis Shoes,2026-09-11 14:54:09,Tennis Warehouse Europe,https://www.tenniswarehouse-europe.com/Babolat_Propulse_Fury_3_AC/descpageMSQBA-BMPF3BD-EN.html,Babolat
Propulse Fury 3 Clay Port Royal Men's Shoes,79.90 €,150.00 €,Tennis Shoes,2026-09-11 14:54:09,Tennis Warehouse Europe,https://www.tenniswarehouse-europe.com/Babolat_Propulse_Fury_3_Clay/descpageMSQBA-BMPFCPR-EN.html,Babolat
Propulse Fury 3 AC Port Royal Men's Shoe,89.90 €,150.00 €,Tennis Shoes,2026-09-11 14:54:09,Tennis Warehouse Europe,https://www.tenniswarehouse-europe.com/Babolat_Propulse_Fury_3_AC/descpageMSQBA-BMPF3PR-EN.html,Babolat
Propulse Fury 3 AC Grey/White Men's Shoe,69.90 €,150.00 €,Tennis Shoes,2026-09-11 14:54:09,Tennis Warehouse Europe,https://www.tenniswarehouse-europe.com/Babolat_Propulse_Fury_3_AC/descpageMSQBA-BMPF3GW-EN.html,Babolat
Propulse Fury 3 Clay Grey/White Men's Shoes,59.90 €,150.00 €,Tennis Shoes,2026-09-11 14:54:09,Tennis Warehouse Europe,https://www.tenniswarehouse-europe.com/Babolat_Propulse_Fury_3_Clay/descpageMSQBA-BMPFCGW-EN.html,Babolat
Propulse Fury 3 AC White/Estate Blue Men's Shoe,67.90 €,150.00 €,Tennis Shoes,2026-09-11 14:54:09,Tennis Warehouse Europe,https://www.tenniswarehouse-europe.com/Babolat_Propulse_Fury_3_AC/descpageMSQBA-BMPF3WB-EN.html,Babolat
Propulse Storm Wide AC Wh/Dark Blue Men's Shoe,89.90 €,120.00 €,Tennis Shoes,2026-09-11 14:54:09,Tennis Warehouse Europe,https://www.tenniswarehouse-europe.com/Babolat_Propulse_Storm_Wide_AC/descpageMSQBA-BMPSWWD-EN.html,Babolat
Propulse Storm AC White/Dark Blue Men's Shoe,89.90 €,120.00 €,Tennis Shoes,2026-09-11 14:54:09,Tennis Warehouse Europe,https://www.tenniswarehouse-europe.com/Babolat_Propulse_Storm_AC/descpageMSQBA-BMPSTWD-EN.html,Babolat
Propulse Storm Clay Black/Blue Men's Shoe,89.90 €,120.00 €,Tennis Shoes,2026-09-11 14:54:09,Tennis Warehouse Europe,https://www.tenniswarehouse-europe.com/Babolat_Propulse_Storm_Clay/descpageMSQBA-BMPSCBB-EN.html,Babolat
Propulse Storm AC Black/Blue Men's Shoe,89.90 €,120.00 €,Tennis Shoes,2026-09-11 14:54:09,Tennis Warehouse Europe,https://www.tenniswarehouse-europe.com/Babolat_Propulse_Storm_AC/descpageMSQBA-BMPSTBB-EN.html,Babolat
SFX4 Clay Black/Blue Men's Shoe,89.90 €,120.00 €,Tennis Shoes,2026-09-11 14:54:09,Tennis Warehouse Europe,https://www.tenniswarehouse-europe.com/Babolat_SFX4_Clay/descpageMSQBA-BMSFXCB-EN.html,Babolat
SFX4 AC Black/Blue Men's Shoe,89.90 €,120.00 €,Tennis Shoes,2026-09-11 14:54:09,Tennis Warehouse Europe,https://www.tenniswarehouse-europe.com/Babolat_SFX4_AC/descpageMSQBA-BMSFXBK-EN.html,Babolat
SFX4 Clay Black/ Illusion Blue Men's Shoe,88.90 €,120.00 €,Tennis Shoes,2026-09-11 14:54:09,Tennis Warehouse Europe,https://www.tenniswarehouse-europe.com/Babolat_SFX4_Clay/descpageMSQBA-BMSFXBB-EN.html,Babolat
SFX4 AC Black/Illusion Blue Men's Shoe,89.90 €,120.00 €,Tennis Shoes,2026-09-11 14:54:09,Tennis Warehouse Europe,https://www.tenniswarehouse-europe.com/Babolat_SFX4_AC/descpageMSQBA-BMSFXBI-EN.html,Babolat
SFX4 AC Black/Dark Blue Men's Shoe,64.90 €,120.00 €,Tennis Shoes,2026-09-11 14:54:09,Tennis Warehouse Europe,https://www.tenniswarehouse-europe.com/Babolat_SFX4_AC/descpageMSQBA-BMSFXBD-EN.html,Babolat
SFX4 Clay Drive Blue Men's Shoe,59.90 €,120.00 €,Tennis Shoes,2026-09-11 14:54:09,Tennis Warehouse Europe,https://www.tenniswarehouse-europe.com/Babolat_SFX4_Clay/descpageMSQBA-BMSFXDB-EN.html,Babolat
SFX Evo Clay Black/Blue Men's Shoes,70.90 €,95.00 €,Tennis Shoes,2026-09-11 14:54:09,Tennis Warehouse Europe,https://www.tenniswarehouse-europe.com/Babolat_SFX_Evo_Clay/descpageMSQBA-BMSFCBB-EN.html,Babolat
SFX Evo AC Black/Blue Men's Shoes,69.90 €,95.00 €,Tennis Shoes,2026-09-11 14:54:09,Tennis Warehouse Europe,https://www.tenniswarehouse-europe.com/Babolat_SFX_Evo_AC/descpageMSQBA-BMSFEBB-EN.html,Babolat
SFX Evo AC Wimbledon White/Black Men Shoes,73.90 €,110.00 €,Tennis Shoes,2026-09-11 14:54:09,Tennis Warehouse Europe,https://www.tenniswarehouse-europe.com/Babolat_SFX_Evo_AC_Wimbledon/descpageMSQBA-BMSFEWW-EN.html,Babolat
SFX Evo Clay Illusion Blue/Black Men's Shoes,75.90 €,95.00 €,Tennis Shoes,2026-09-11 14:54:09,Tennis Warehouse Europe,https://www.tenniswarehouse-europe.com/Babolat_SFX_Evo_Clay/descpageMSQBA-BMSFEBI-EN.html,Babolat
SFX Evo AC Illusion Blue/Black Men's Shoes,69.90 €,95.00 €,Tennis Shoes,2026-09-11 14:54:09,Tennis Warehouse Europe,https://www.tenniswarehouse-europe.com/Babolat_SFX_Evo_AC/descpageMSQBA-BMSFEIB-EN.html,Babolat
SFX Evo AC White/Burgundy Men's Shoes,54.89 €,95.00 €,Tennis Shoes,2026-09-11 14:54:09,Tennis Warehouse Europe,https://www.tenniswarehouse-europe.com/Babolat_SFX_Evo_AC/descpageMSQBA-BMSFEBU-EN.html,Babolat
SFX Evo Clay White/Burgundy Men's Shoes,56.90 €,95.00 €,Tennis Shoes,2026-09-11 14:54:09,Tennis Warehouse Europe,https://www.tenniswarehouse-europe.com/Babolat_SFX_Evo_Clay/descpageMSQBA-BMSFEWB-EN.html,Babolat
SFX Evo AC Wimbledon White/After Dark Men Shoes,59.90 €,110.00 €,Tennis Shoes,2026-09-11 14:54:09,Tennis Warehouse Europe,https://www.tenniswarehouse-europe.com/Babolat_SFX_Evo_AC_Wimbledon/descpageMSQBA-BMSFEWA-EN.html,Babolat
SFX Evo AC Dark Blue/White Men's Shoes,59.90 €,95.00 €,Tennis Shoes,2026-09-11 14:54:09,Tennis Warehouse Europe,https://www.tenniswarehouse-europe.com/Babolat_SFX_Evo_AC/descpageMSQBA-BMSFEDW-EN.html,Babolat
SFX Evo Clay Dark Grey/White Men's Shoes,49.90 €,95.00 €,Tennis Shoes,2026-09-11 14:54:09,Tennis Warehouse Europe,https://www.tenniswarehouse-europe.com/Babolat_SFX_Evo_Clay/descpageMSQBA-BMSFECG-EN.html,Babolat
Premura 3 Padel Cream/Orange Men Shoes,135.90 €,160.00 €,Tennis Shoes,2026-09-11 14:54:09,Tennis Warehouse Europe,https://www.tenniswarehouse-europe.com/Babolat_Premura_3_Padel/descpageMSBABPD-BMJPPCO-EN.html,Babolat
Premura 3 Lebron Padel Blue/Green Men Shoe,119.90 €,170.00 €,Tennis Shoes,2026-09-11 14:54:09,Tennis Warehouse Europe,https://www.tenniswarehouse-europe.com/Babolat_Premura_3_Lebron_Padel/descpageMSBABPD-BMJPPBG-EN.html,Babolat
Premura 3 Padel Seaport Men Shoes,103.90 €,160.00 €,Tennis Shoes,2026-09-11 14:54:09,Tennis Warehouse Europe,https://www.tenniswarehouse-europe.com/Babolat_Premura_3_Padel/descpageMSBABPD-BMJPPSP-EN.html,Babolat
Premura 3 Padel Black/Gold Men Shoes,124.90 €,160.00 €,Tennis Shoes,2026-09-11 14:54:09,Tennis Warehouse Europe,https://www.tenniswarehouse-europe.com/Babolat_Premura_3_Padel/descpageMSBABPD-BMJPPGO-EN.html,Babolat
Jet Premura 2 Lebron Padel Cyan Bl/Wh Men Shoes,79.90 €,160.00 €,Tennis Shoes,2026-09-11 14:54:09,Tennis Warehouse Europe,https://www.tenniswarehouse-europe.com/Babolat_Jet_Premura_2_Lebron_Padel/descpageMSBABPD-BMJPPBW-EN.html,Babolat
Jet Premura 2 Padel Vibrant Orange Men Shoes,89.90 €,155.00 €,Tennis Shoes,2026-09-11 14:54:09,Tennis Warehouse Europe,https://www.tenniswarehouse-europe.com/Babolat_Jet_Premura_2_Padel/descpageMSBABPD-BMJPPVO-EN.html,Babolat
Jet Movea 2 Padel Brown/Cream Men Shoe,92.90 €,130.00 €,Tennis Shoes,2026-09-11 14:54:09,Tennis Warehouse Europe,https://www.tenniswarehouse-europe.com/Babolat_Jet_Movea_2_Padel/descpageMSBABPD-BMJM2BC-EN.html,Babolat
Jet Movea 2 Padel Fiery Red/White Men Shoe,79.90 €,130.00 €,Tennis Shoes,2026-09-11 14:54:09,Tennis Warehouse Europe,https://www.tenniswarehouse-europe.com/Babolat_Jet_Movea_2_Padel/descpageMSBABPD-BMJPPFW-EN.html,Babolat
Jet Movea 2 Padel Seaport/Tomato Men Shoe,77.90 €,130.00 €,Tennis Shoes,2026-09-11 14:54:09,Tennis Warehouse Europe,https://www.tenniswarehouse-europe.com/Babolat_Jet_Movea_2_Padel/descpageMSBABPD-BMJPPST-EN.html,Babolat
Jet Movea 2 Padel White/Cyan Blue Men's Shoes,78.90 €,130.00 €,Tennis Shoes,2026-09-11 14:54:09,Tennis Warehouse Europe,https://www.tenniswarehouse-europe.com/Babolat_Jet_Movea_2_Padel/descpageMSBABPD-BMJPPWB-EN.html,Babolat
Jet Viva Padel Marine Blue Men's Shoes,87.91 €,110.00 €,Tennis Shoes,2026-09-11 14:54:09,Tennis Warehouse Europe,https://www.tenniswarehouse-europe.com/Babolat_Jet_Viva_Padel/descpageMSBABPD-BMJVMB-EN.html,Babolat
Jet Viva Padel Orange/Cream Men's Shoes,87.91 €,110.00 €,Tennis Shoes,2026-09-11 14:54:09,Tennis Warehouse Europe,https://www.tenniswarehouse-europe.com/Babolat_Jet_Viva_Padel/descpageMSBABPD-BMJVOC-EN.html,Babolat
Jet Viva Padel Scuba Blue Men's Shoes,65.90 €,110.00 €,Tennis Shoes,2026-09-11 14:54:09,Tennis Warehouse Europe,https://www.tenniswarehouse-europe.com/Babolat_Jet_Viva_Padel/descpageMSBABPD-BMJVSB-EN.html,Babolat
Premier Padel P1 Anthracite Men's Shoe,106.90 €,139.90 €,Tennis Shoes,2026-09-11 14:54:09,Tennis Warehouse Europe,https://www.tenniswarehouse-europe.com/Bullpadel_Premier_Padel_P1/descpageMSBULLPA-BMP1AN-EN.html,Bullpadel
Premier Major Padel Bone Men's Shoe,139.90 €,179.99 €,Tennis Shoes,2026-09-11 14:54:09,Tennis Warehouse Europe,https://www.tenniswarehouse-europe.com/Bullpadel_Premier_Major_Padel/descpageMSBULLPA-BMPMBO-EN.html,Bullpadel
Premier Major Padel Black Men's Shoe,99.90 €,159.99 €,Tennis Shoes,2026-09-11 14:54:09,Tennis Warehouse Europe,https://www.tenniswarehouse-europe.com/Bullpadel_Premier_Major_Padel/descpageMSBULLPA-BMPMPB-EN.html,Bullpadel
Hack Vibram 26I Padel Asphalt Men's Shoe,161.90 €,179.99 €,Tennis Shoes,2026-09-11 14:54:09,Tennis Warehouse Europe,https://www.tenniswarehouse-europe.com/Bullpadel_Hack_Vibram_26I_Padel/descpageMSBULLPA-BMHVAS-EN.html,Bullpadel
Hack Vibram 26I Padel Yellow Men's Shoe,161.90 €,179.99 €,Tennis Shoes,2026-09-11 14:54:09,Tennis Warehouse Europe,https://www.tenniswarehouse-europe.com/Bullpadel_Hack_Vibram_26I_Padel/descpageMSBULLPA-BMHVYW-EN.html,Bullpadel
Hack Vibram 26V Padel Navy Men's Shoe,129.90 €,179.99 €,Tennis Shoes,2026-09-11 14:54:09,Tennis Warehouse Europe,https://www.tenniswarehouse-europe.com/Bullpadel_Hack_Vibram_26V_Padel/descpageMSBULLPA-BMHVNV-EN.html,Bullpadel
Hack Vibram 26V Padel White Men's Shoe,129.90 €,179.99 €,Tennis Shoes,2026-09-11 14:54:09,Tennis Warehouse Europe,https://www.tenniswarehouse-europe.com/Bullpadel_Hack_Vibram_26V_Padel/descpageMSBULLPA-BMHVWT-EN.html,Bullpadel
Hack Vibram 25I Padel Black Men's Shoe,109.90 €,179.99 €,Tennis Shoes,2026-09-11 14:54:09,Tennis Warehouse Europe,https://www.tenniswarehouse-europe.com/Bullpadel_Hack_Vibram_25I_Padel/descpageMSBULLPA-BMHVBK-EN.html,Bullpadel
Vertex Vibram 26I Light Grey Men's Shoe,161.90 €,179.99 €,Tennis Shoes,2026-09-11 14:54:09,Tennis Warehouse Europe,https://www.tenniswarehouse-europe.com/Bullpadel_Vertex_Vibram_26I/descpageMSBULLPA-BMV26LG-EN.html,Bullpadel
Vertex Vibram 26V Dark Blue Men's Shoe,104.90 €,179.99 €,Tennis Shoes,2026-09-11 14:54:09,Tennis Warehouse Europe,https://www.tenniswarehouse-europe.com/Bullpadel_Vertex_Vibram_26V/descpageMSBULLPA-BMS26VD-EN.html,Bullpadel
Ionic 26V Padel Black Men's Shoe,89.90 €,124.99 €,Tennis Shoes,2026-09-11 14:54:09,Tennis Warehouse Europe,https://www.tenniswarehouse-europe.com/Bullpadel_Ionic_26V_Padel/descpageMSBULLPA-BMIO26B-EN.html,Bullpadel
Ionic 26V Padel White/Royal Men's Shoe,89.90 €,124.99 €,Tennis Shoes,2026-09-11 14:54:09,Tennis Warehouse Europe,https://www.tenniswarehouse-europe.com/Bullpadel_Ionic_26V_Padel/descpageMSBULLPA-BMIO26W-EN.html,Bullpadel
Ionic 25V Padel Black Men's Shoe,84.89 €,119.99 €,Tennis Shoes,2026-09-11 14:54:09,Tennis Warehouse Europe,https://www.tenniswarehouse-europe.com/Bullpadel_Ionic_25V_Padel/descpageMSBULLPA-BMIO25B-EN.html,Bullpadel
X-Plo Vibram 26I Padel White/Black Men's Shoe,156.90 €,174.99 €,Tennis Shoes,2026-09-11 14:54:09,Tennis Warehouse Europe,https://www.tenniswarehouse-europe.com/Bullpadel_X-Plo_Vibram_26I_Padel/descpageMSBULLPA-BMXPLWB-EN.html,Bullpadel
X-Plo Vibram 25I Padel Dark Grey Men's Shoe,109.90 €,164.99 €,Tennis Shoes,2026-09-11 14:54:09,Tennis Warehouse Europe,https://www.tenniswarehouse-europe.com/Bullpadel_X-Plo_Vibram_25I_Padel/descpageMSBULLPA-BMXPVDG-EN.html,Bullpadel
Neuron 26I Padel Black Men Shoe,129.90 €,144.99 €,Tennis Shoes,2026-09-11 14:54:09,Tennis Warehouse Europe,https://www.tenniswarehouse-europe.com/Bullpadel_Neuron_26I_Padel/descpageMSBULLPA-BMNEBK-EN.html,Bullpadel
Neuron 26I Padel Lava Red Men Shoe,129.90 €,144.99 €,Tennis Shoes,2026-09-11 14:54:09,Tennis Warehouse Europe,https://www.tenniswarehouse-europe.com/Bullpadel_Neuron_26I_Padel/descpageMSBULLPA-BMNELR-EN.html,Bullpadel
Neuron Vibram 26V Padel White Men Shoe,94.90 €,139.99 €,Tennis Shoes,2026-09-11 14:54:09,Tennis Warehouse Europe,https://www.tenniswarehouse-europe.com/Bullpadel_Neuron_Vibram_26V_Padel/descpageMSBULLPA-BMNVWH-EN.html,Bullpadel
Neuron Vibram 26V Padel Dark Blue Men Shoe,109.90 €,139.99 €,Tennis Shoes,2026-09-11 14:54:09,Tennis Warehouse Europe,https://www.tenniswarehouse-europe.com/Bullpadel_Neuron_Vibram_26V_Padel/descpageMSBULLPA-BMNVDB-EN.html,Bullpadel
Neuron Vibram 25I Padel Navy Blue Men Shoe,84.89 €,149.99 €,Tennis Shoes,2026-09-11 14:54:09,Tennis Warehouse Europe,https://www.tenniswarehouse-europe.com/Bullpadel_Neuron_Vibram_25I_Padel/descpageMSBULLPA-BMNVNB-EN.html,Bullpadel
Icon 26I Padel Black Men's Shoe,87.91 €,97.99 €,Tennis Shoes,2026-09-11 14:54:09,Tennis Warehouse Europe,https://www.tenniswarehouse-europe.com/Bullpadel_Icon_26I_Padel/descpageMSBULLPA-BMICBK-EN.html,Bullpadel
Icon 26I Padel Light Grey Men's Shoe,87.91 €,97.99 €,Tennis Shoes,2026-09-11 14:54:09,Tennis Warehouse Europe,https://www.tenniswarehouse-europe.com/Bullpadel_Icon_26I_Padel/descpageMSBULLPA-BMICLG-EN.html,Bullpadel
Hybrid Fly 26I Black Men's Shoes,89.90 €,99.99 €,Tennis Shoes,2026-09-11 14:54:09,Tennis Warehouse Europe,https://www.tenniswarehouse-europe.com/Bullpadel_Hybrid_Fly_26I/descpageMSBULLPA-BMSHFBK-EN.html,Bullpadel
Hybrid Fly 26V White Men's Shoes,69.90 €,99.90 €,Tennis Shoes,2026-09-11 14:54:09,Tennis Warehouse Europe,https://www.tenniswarehouse-europe.com/Bullpadel_Hybrid_Fly_26V/descpageMSBULLPA-BMSHFWH-EN.html,Bullpadel
Endure Pro BOA AC Dark Blue Men's Shoes,149.90 €,220.00 €,Tennis Shoes,2026-09-11 14:54:09,Tennis Warehouse Europe,https://www.tenniswarehouse-europe.com/HEAD_Endure_Pro_BOA_AC/descpageMSHEAD-HMEBDB-EN.html,Head
Endure Pro BOA Clay Dark Blue Men's Shoes,129.90 €,220.00 €,Tennis Shoes,2026-09-11 14:54:09,Tennis Warehouse Europe,https://www.tenniswarehouse-europe.com/HEAD_Endure_Pro_BOA_Clay/descpageMSHEAD-HMEBCDB-EN.html,Head
Endure Pro BOA AC Black/Red Men's Shoes,129.90 €,220.00 €,Tennis Shoes,2026-09-11 14:54:09,Tennis Warehouse Europe,https://www.tenniswarehouse-europe.com/HEAD_Endure_Pro_BOA_AC/descpageMSHEAD-HMEPBBR-EN.html,Head
Endure Pro BOA Clay Black/Red Men's Shoes,139.90 €,220.00 €,Tennis Shoes,2026-09-11 14:54:09,Tennis Warehouse Europe,https://www.tenniswarehouse-europe.com/HEAD_Endure_Pro_BOA_Clay/descpageMSHEAD-HMEBCBR-EN.html,Head
Endure Pro Clay Black/Red Men's Shoes,129.90 €,180.00 €,Tennis Shoes,2026-09-11 14:54:09,Tennis Warehouse Europe,https://www.tenniswarehouse-europe.com/HEAD_Endure_Pro_Clay/descpageMSHEAD-HMEPABR-EN.html,Head
Endure Pro BOA Clay White/Yellow Men's Shoes,129.90 €,220.00 €,Tennis Shoes,2026-09-11 14:54:09,Tennis Warehouse Europe,https://www.tenniswarehouse-europe.com/HEAD_Endure_Pro_BOA_Clay/descpageMSHEAD-HMEBCWY-EN.html,Head
Endure Pro BOA AC White/Yellow Men's Shoes,139.90 €,220.00 €,Tennis Shoes,2026-09-11 14:54:09,Tennis Warehouse Europe,https://www.tenniswarehouse-europe.com/HEAD_Endure_Pro_BOA_AC/descpageMSHEAD-HMEPBWY-EN.html,Head
Endure Pro Clay Yellow/White Men's Shoes,119.90 €,180.00 €,Tennis Shoes,2026-09-11 14:54:09,Tennis Warehouse Europe,https://www.tenniswarehouse-europe.com/HEAD_Endure_Pro_Clay/descpageMSHEAD-HMEPCYW-EN.html,Head
Endure Pro AC Yellow/White Men's Shoes,109.90 €,180.00 €,Tennis Shoes,2026-09-11 14:54:09,Tennis Warehouse Europe,https://www.tenniswarehouse-europe.com/HEAD_Endure_Pro_AC/descpageMSHEAD-HMEPWY-EN.html,Head
Sprint Pro 4.0 AC Light Grey/Purple Men's Shoes,111.90 €,160.00 €,Tennis Shoes,2026-09-11 14:54:09,Tennis Warehouse Europe,https://www.tenniswarehouse-europe.com/HEAD_Sprint_Pro_40_AC/descpageMSHEAD-HMSSPLP-EN.html,Head
Sprint Pro 4.0 Clay Light Grey/Purple Men's Shoes,102.90 €,160.00 €,Tennis Shoes,2026-09-11 14:54:09,Tennis Warehouse Europe,https://www.tenniswarehouse-europe.com/HEAD_Sprint_Pro_40_Clay/descpageMSHEAD-HMSSPGP-EN.html,Head
Sprint Pro 4.0 AC Blueberry/Teal Men's Shoes,119.90 €,160.00 €,Tennis Shoes,2026-09-11 14:54:09,Tennis Warehouse Europe,https://www.tenniswarehouse-europe.com/HEAD_Sprint_Pro_40_AC/descpageMSHEAD-HMSSPTB-EN.html,Head
Sprint Pro 4.0 Clay Blueberry/Teal Men's Shoes,109.90 €,160.00 €,Tennis Shoes,2026-09-11 14:54:09,Tennis Warehouse Europe,https://www.tenniswarehouse-europe.com/HEAD_Sprint_Pro_40_Clay/descpageMSHEAD-HMSSPBT-EN.html,Head
Sprint Pro 4.0 Clay Chalk White/Grey Men's Shoes,99.90 €,160.00 €,Tennis Shoes,2026-09-11 14:54:09,Tennis Warehouse Europe,https://www.tenniswarehouse-europe.com/HEAD_Sprint_Pro_40_Clay/descpageMSHEAD-HMSSPCG-EN.html,Head
Sprint Pro 4.0 Clay Red Men's Shoes,104.90 €,160.00 €,Tennis Shoes,2026-09-11 14:54:09,Tennis Warehouse Europe,https://www.tenniswarehouse-europe.com/HEAD_Sprint_Pro_40_Clay/descpageMSHEAD-HMSSPRD-EN.html,Head
Sprint Pro 4.0 Clay Willow Grey/Mocha Men's Shoes,89.90 €,160.00 €,Tennis Shoes,2026-09-11 14:54:09,Tennis Warehouse Europe,https://www.tenniswarehouse-europe.com/HEAD_Sprint_Pro_40_Clay/descpageMSHEAD-HMSSPGM-EN.html,Head
Sprint Pro 4.0 Clay White/Black Men's Shoes,94.90 €,160.00 €,Tennis Shoes,2026-09-11 14:54:09,Tennis Warehouse Europe,https://www.tenniswarehouse-europe.com/HEAD_Sprint_Pro_40_Clay/descpageMSHEAD-HMSSPWB-EN.html,Head
Sprint Pro 4.0 Grass White/Grey Men's Shoes,99.90 €,140.00 €,Tennis Shoes,2026-09-11 14:54:09,Tennis Warehouse Europe,https://www.tenniswarehouse-europe.com/HEAD_Sprint_Pro_40_Grass/descpageMSHEAD-HSP4GRW-EN.html,Head
Sprint Pro 4.0 AC Lime/Navy Men's Shoes,79.90 €,160.00 €,Tennis Shoes,2026-09-11 14:54:09,Tennis Warehouse Europe,https://www.tenniswarehouse-europe.com/HEAD_Sprint_Pro_40_AC/descpageMSHEAD-HSP35LN-EN.html,Head
Revolt Pro 5.0 Clay Light Grey/Purple Men's Shoes,111.90 €,160.00 €,Tennis Shoes,2026-09-11 14:54:09,Tennis Warehouse Europe,https://www.tenniswarehouse-europe.com/HEAD_Revolt_Pro_50_Clay/descpageMSHEAD-HMRCLLP-EN.html,Head
Revolt Pro 5.0 AC Red Men's Shoes,129.90 €,160.00 €,Tennis Shoes,2026-09-11 14:54:09,Tennis Warehouse Europe,https://www.tenniswarehouse-europe.com/HEAD_Revolt_Pro_50_AC/descpageMSHEAD-HMRCLRE-EN.html,Head
Revolt Pro 5.0 Clay Red Men's Shoes,139.90 €,160.00 €,Tennis Shoes,2026-09-11 14:54:09,Tennis Warehouse Europe,https://www.tenniswarehouse-europe.com/HEAD_Revolt_Pro_50_Clay/descpageMSHEAD-HMRCLRD-EN.html,Head
Revolt Pro 5.0 Clay White/Navy/Red Men's Shoes,99.90 €,160.00 €,Tennis Shoes,2026-09-11 14:54:09,Tennis Warehouse Europe,https://www.tenniswarehouse-europe.com/HEAD_Revolt_Pro_50_Clay/descpageMSHEAD-HMRCLWN-EN.html,Head
Revolt Pro 5.0 Clay Blueberry/Teal Men's Shoes,94.90 €,160.00 €,Tennis Shoes,2026-09-11 14:54:09,Tennis Warehouse Europe,https://www.tenniswarehouse-europe.com/HEAD_Revolt_Pro_50_Clay/descpageMSHEAD-HMRCLBT-EN.html,Head
Revolt Pro 5.0 AC White/Black Men's Shoes,119.90 €,160.00 €,Tennis Shoes,2026-09-11 14:54:09,Tennis Warehouse Europe,https://www.tenniswarehouse-europe.com/HEAD_Revolt_Pro_50_AC/descpageMSHEAD-HMRCLWH-EN.html,Head
Revolt Pro 4.5 AC White/Black Men's Shoes,79.90 €,160.00 €,Tennis Shoes,2026-09-11 14:54:09,Tennis Warehouse Europe,https://www.tenniswarehouse-europe.com/HEAD_Revolt_Pro_45_AC/descpageMSHEAD-HMR45BW-EN.html,Head
Revolt Pro 4.5 AC Dark Blue/Red Men's Shoes,79.90 €,160.00 €,Tennis Shoes,2026-09-11 14:54:09,Tennis Warehouse Europe,https://www.tenniswarehouse-europe.com/HEAD_Revolt_Pro_45_AC/descpageMSHEAD-HMR45DR-EN.html,Head
Sprint Pro 4.0 SF Clay Black/Teal Men's Shoe,109.90 €,180.00 €,Tennis Shoes,2026-09-11 14:54:09,Tennis Warehouse Europe,https://www.tenniswarehouse-europe.com/HEAD_Sprint_Pro_40_SF_Clay/descpageMSHEAD-HMSCBT-EN.html,Head
Sprint Evo 4.0 AC Chalk White/Black Men's Shoes,76.90 €,130.00 €,Tennis Shoes,2026-09-11 14:54:09,Tennis Warehouse Europe,https://www.tenniswarehouse-europe.com/HEAD_Sprint_Evo_40_AC/descpageMSHEAD-HMSSECB-EN.html,Head
Sprint Evo 4.0 AC Light Grey/Red Men's Shoes,89.90 €,130.00 €,Tennis Shoes,2026-09-11 14:54:09,Tennis Warehouse Europe,https://www.tenniswarehouse-europe.com/HEAD_Sprint_Evo_40_AC/descpageMSHEAD-HMSSELR-EN.html,Head
Sprint Team 4.0 Clay Navy/Green Men's Shoe,64.90 €,110.00 €,Tennis Shoes,2026-09-11 14:54:09,Tennis Warehouse Europe,https://www.tenniswarehouse-europe.com/HEAD_Sprint_Team_40_Clay/descpageMSHEAD-HMSTCNG-EN.html,Head
Sprint Team 4.0 AC Dark Blue/Red Men's Shoes,59.90 €,110.00 €,Tennis Shoes,2026-09-11 14:54:09,Tennis Warehouse Europe,https://www.tenniswarehouse-europe.com/HEAD_Sprint_Team_40_AC/descpageMSHEAD-HMSTDBR-EN.html,Head
Sprint Team 4.0 AC White/Black Men's Shoes,64.90 €,110.00 €,Tennis Shoes,2026-09-11 14:54:09,Tennis Warehouse Europe,https://www.tenniswarehouse-europe.com/HEAD_Sprint_Team_40_AC/descpageMSHEAD-HMST3BW-EN.html,Head
Motion Pro BOA 1.5 Padel Wh/Blueberry Unisex Shoes,129.90 €,220.00 €,Tennis Shoes,2026-09-11 14:54:09,Tennis Warehouse Europe,https://www.tenniswarehouse-europe.com/HEAD_Motion_Pro_BOA_15_Padel/descpageMSHEADPA-HMMPBBB-EN.html,Head
Motion Pro BOA Padel Black/White Unisex Shoes,149.90 €,220.00 €,Tennis Shoes,2026-09-11 14:54:09,Tennis Warehouse Europe,https://www.tenniswarehouse-europe.com/HEAD_Motion_Pro_BOA_Padel/descpageMSHEADPA-HMMPBBW-EN.html,Head
Motion Pro BOA Padel White/Black Unisex Shoes,149.90 €,220.00 €,Tennis Shoes,2026-09-11 14:54:09,Tennis Warehouse Europe,https://www.tenniswarehouse-europe.com/HEAD_Motion_Pro_BOA_Padel/descpageMSHEADPA-HMMPBWB-EN.html,Head
Motion Pro 1.5 Padel White/Blueberry Men's Shoe,104.90 €,160.00 €,Tennis Shoes,2026-09-11 14:54:09,Tennis Warehouse Europe,https://www.tenniswarehouse-europe.com/HEAD_Motion_Pro_15_Padel/descpageMSHEADPA-HMMPWH-EN.html,Head
Motion Pro 1.5 Padel Dark Blue/Green Men's Shoe,99.90 €,160.00 €,Tennis Shoes,2026-09-11 14:54:09,Tennis Warehouse Europe,https://www.tenniswarehouse-europe.com/HEAD_Motion_Pro_15_Padel/descpageMSHEADPA-HMMPDG-EN.html,Head
Motion Pro Padel Lime/Navy Men's Shoe,89.90 €,160.00 €,Tennis Shoes,2026-09-11 14:54:09,Tennis Warehouse Europe,https://www.tenniswarehouse-europe.com/HEAD_Motion_Pro_Padel/descpageMSHEADPA-HMMPLN-EN.html,Head
Motion Pro Padel White/Black Men's Shoe,79.90 €,160.00 €,Tennis Shoes,2026-09-11 14:54:09,Tennis Warehouse Europe,https://www.tenniswarehouse-europe.com/HEAD_Motion_Pro_Padel/descpageMSHEADPA-HMMPWHB-EN.html,Head
Motion Team 1.5 Padel White/Blueberry Men's Shoe,76.90 €,110.00 €,Tennis Shoes,2026-09-11 14:54:09,Tennis Warehouse Europe,https://www.tenniswarehouse-europe.com/HEAD_Motion_Team_15_Padel/descpageMSHEADPA-HMMTBLW-EN.html,Head
Motion Team Padel Navy/Lime Men's Shoe,49.90 €,110.00 €,Tennis Shoes,2026-09-11 14:54:09,Tennis Warehouse Europe,https://www.tenniswarehouse-europe.com/HEAD_Motion_Team_Padel/descpageMSHEADPA-HMMTNAL-EN.html,Head
Sprint Pro 4.0 Padel Chalk Wh/Dark Blue Men's Shoe,99.90 €,160.00 €,Tennis Shoes,2026-09-11 14:54:09,Tennis Warehouse Europe,https://www.tenniswarehouse-europe.com/HEAD_Sprint_Pro_40_Padel/descpageMSHEADPA-HMSPGCD-EN.html,Head
Sprint Pro 4.0 Padel Green/Blueberry Men's Shoe,99.90 €,160.00 €,Tennis Shoes,2026-09-11 14:54:09,Tennis Warehouse Europe,https://www.tenniswarehouse-europe.com/HEAD_Sprint_Pro_40_Padel/descpageMSHEADPA-HMSPGBL-EN.html,Head
Sprint Pro 4.0 Padel White/Black Men's Shoe,84.89 €,160.00 €,Tennis Shoes,2026-09-11 14:54:09,Tennis Warehouse Europe,https://www.tenniswarehouse-europe.com/HEAD_Sprint_Pro_40_Padel/descpageMSHEADPA-HMSPWHB-EN.html,Head
Sprint Pro 4.0 Padel Navy/Lime Men's Shoe,69.90 €,160.00 €,Tennis Shoes,2026-09-11 14:54:09,Tennis Warehouse Europe,https://www.tenniswarehouse-europe.com/HEAD_Sprint_Pro_40_Padel/descpageMSHEADPA-HMSPNAL-EN.html,Head
Motion Pro Pickleball White/Red Men's Shoes,89.90 €,160.00 €,Tennis Shoes,2026-09-11 14:54:09,Tennis Warehouse Europe,https://www.tenniswarehouse-europe.com/HEAD_Motion_Pro_Pickleball/descpageMSHEAD-HMPIMPW-EN.html,Head
Joma Roland AC Navy/Orange Men's Shoes,99.90 €,131.99 €,Tennis Shoes,2026-09-11 14:54:09,Tennis Warehouse Europe,https://www.tenniswarehouse-europe.com/Joma_Roland_AC/descpageMSJOMAHG-JSMRANO-EN.html,Joma Tennis Footwear
Joma Roland Clay Orange Men's Shoes,118.90 €,131.99 €,Tennis Shoes,2026-09-11 14:54:09,Tennis Warehouse Europe,https://www.tenniswarehouse-europe.com/Joma_Roland_Clay/descpageMSJOMAHG-JSMRCOR-EN.html,Joma Tennis Footwear
Joma Ace AC White/Yellow Men's Shoes,69.90 €,131.99 €,Tennis Shoes,2026-09-11 14:54:09,Tennis Warehouse Europe,https://www.tenniswarehouse-europe.com/Joma_Ace_AC/descpageMSJOMAHG-JSMAAWY-EN.html,Joma Tennis Footwear
Joma Ace AC Black/Green Men's Shoes,69.90 €,131.99 €,Tennis Shoes,2026-09-11 14:54:09,Tennis Warehouse Europe,https://www.tenniswarehouse-europe.com/Joma_Ace_AC/descpageMSJOMAHG-JSMAABG-EN.html,Joma Tennis Footwear
Joma Ace AC White Men's Shoes,99.90 €,131.99 €,Tennis Shoes,2026-09-11 14:54:09,Tennis Warehouse Europe,https://www.tenniswarehouse-europe.com/Joma_Ace_AC/descpageMSJOMAHG-JSMAAWH-EN.html,Joma Tennis Footwear
Joma Ace Clay Orange Men's Shoes,109.90 €,131.99 €,Tennis Shoes,2026-09-11 14:54:09,Tennis Warehouse Europe,https://www.tenniswarehouse-europe.com/Joma_Ace_Clay/descpageMSJOMAHG-JSMACOR-EN.html,Joma Tennis Footwear
Joma Electric Clay Black Men's Shoes,107.90 €,119.99 €,Tennis Shoes,2026-09-11 14:54:09,Tennis Warehouse Europe,https://www.tenniswarehouse-europe.com/Joma_Electric_Clay/descpageMSJOMAHG-JSMELBK-EN.html,Joma Tennis Footwear
Joma Rapid AC White Men's Shoes,58.91 €,89.99 €,Tennis Shoes,2026-09-11 14:54:09,Tennis Warehouse Europe,https://www.tenniswarehouse-europe.com/Joma_Rapid_AC/descpageMSJOMAHG-JSMRAWT-EN.html,Joma Tennis Footwear
Joma Padel Open Navy Men's Shoes,64.90 €,95.99 €,Tennis Shoes,2026-09-11 14:54:09,Tennis Warehouse Europe,https://www.tenniswarehouse-europe.com/Joma_Padel_Open/descpageMSJOMAPAD-JMPONV-EN.html,Joma Padel Footwear
Joma Padel Ultralight Orange Men's Shoes,95.90 €,119.99 €,Tennis Shoes,2026-09-11 14:54:09,Tennis Warehouse Europe,https://www.tenniswarehouse-europe.com/Joma_Padel_Ultralight/descpageMSJOMAPAD-JMPUOR-EN.html,Joma Padel Footwear
Joma Padel Ultralight White Men's Shoes,79.90 €,119.99 €,Tennis Shoes,2026-09-11 14:54:09,Tennis Warehouse Europe,https://www.tenniswarehouse-europe.com/Joma_Padel_Ultralight/descpageMSJOMAPAD-JMPUWH-EN.html,Joma Padel Footwear
