Product Name,Product Price,Old Price,Product Cat,Time Added,Source,Product URL,Brand,listing_id
iPrestige MP 2.0 Tennis Racket 2026,£215.99,£240.00,Tennis Rackets,2026-10-07 16:39:16,Tennis Nuts,https://www.tennisnuts.com/shop/tennis/tennis-rackets/head-iprestige-mp-2-0-tennis-racket-2026-1773066.html,HEAD,dfe484033f08
Gravity Tour Zverev Limited Edition Tennis Racket,£159.99,£230.00,Tennis Rackets,2026-10-07 16:39:16,Tennis Nuts,https://www.tennisnuts.com/shop/tennis/tennis-rackets/head-gravity-tour-zverev-limited-edition-tennis-racket-1769745.html,HEAD,207088d33707
Gravity MP L Zverev Limited Edition Tennis Racket,£149.99,£200.00,Tennis Rackets,2026-10-07 16:39:16,Tennis Nuts,https://www.tennisnuts.com/shop/tennis/tennis-rackets/head-gravity-mp-l-zverev-limited-edition-tennis-racket-1769763.html,HEAD,c842cd1eb8d3
Extreme Pro Tennis Racket 2026 [Frame Only],£171.99,£230.00,Tennis Rackets,2026-10-07 16:39:16,Tennis Nuts,https://www.tennisnuts.com/shop/tennis/tennis-rackets/head-extreme-pro-tennis-racket-2026-frame-only-1767496.html,HEAD,d3f47b6710df
Extreme MP Tennis Racket 2026,£156.99,£210.00,Tennis Rackets,2026-10-07 16:39:16,Tennis Nuts,https://www.tennisnuts.com/shop/tennis/tennis-rackets/head-extreme-mp-tennis-racket-2026-1767497.html,HEAD,3210348e5416
Extreme Team Tennis Racket 2026,£126.99,£170.00,Tennis Rackets,2026-10-07 16:39:16,Tennis Nuts,https://www.tennisnuts.com/shop/tennis/tennis-rackets/head-extreme-team-tennis-racket-2026-1767511.html,HEAD,2a1ab022e6a2
T-Fight 300 IG Tennis Racket 2026,£159.99,£220.00,Tennis Rackets,2026-10-07 16:39:16,Tennis Nuts,https://www.tennisnuts.com/shop/tennis/tennis-rackets/tecnifibre-t-fight-300-ig-tennis-racket-2026-1764348.html,Tecnifibre,0bf90d865e7c
Pure Aero 98 Gen9 Tennis Racket [Frame Only] (2026),£219.99,£260.00,Tennis Rackets,2026-10-07 16:39:16,Tennis Nuts,https://www.tennisnuts.com/shop/tennis/tennis-rackets/babolat-pure-aero-98-gen9-tennis-racket-frame-only-2026-1755156.html,Babolat,f1619dda6ddc
Drive Black Tennis Racket (2026),£89.99,£160.00,Tennis Rackets,2026-10-07 16:39:16,Tennis Nuts,https://www.tennisnuts.com/shop/tennis/tennis-rackets/babolat-drive-black-tennis-racket-2026-1763136.html,Babolat,0ba93b92df53
Pure Drive Team Gen11 Spectra Edition Tennis Racket [Frame Only],£193.49,£215.00,Tennis Rackets,2026-10-07 16:39:16,Tennis Nuts,https://www.tennisnuts.com/shop/tennis/tennis-rackets/babolat-pure-drive-team-gen11-spectra-edition-tennis-racket-frame-only-1767799.html,Babolat,58e3dcc31a60
Evoke Team Wimbledon Tennis Racket (2026),£37.49,£60.00,Tennis Rackets,2026-10-07 16:39:16,Tennis Nuts,https://www.tennisnuts.com/shop/tennis/tennis-rackets/babolat-evoke-team-wimbledon-tennis-racket-2026-1764892.html,Babolat,15eb459a5788
Speed MP Tennis Racket (2022),£119.99,£230.00,Tennis Rackets,2026-10-07 16:39:16,Tennis Nuts,https://www.tennisnuts.com/shop/tennis/tennis-rackets/head-speed-mp-tennis-racket-2022-1546681.html,HEAD,fb9b6bf8278b
Pure Strike 98 16x19 Tennis Racket Gen4 (2024) - White/Red/Black,£129.99,£245.00,Tennis Rackets,2026-10-07 16:39:16,Tennis Nuts,https://www.tennisnuts.com/shop/tennis/tennis-rackets/babolat-pure-strike-98-16x19-gen4-tennis-racket-2024-1652189.html,Babolat,18cb7389606a
EZONE 98 Tennis Racket [Frame Only] - Espresso Brown,£215.99,£270.00,Tennis Rackets,2026-10-07 16:39:16,Tennis Nuts,https://www.tennisnuts.com/shop/tennis/tennis-rackets/yonex-ezone-98-tennis-racket-frame-only-espresso-brown-1767791.html,Yonex,99e6df701d62
Speed Team Tennis Racket (2022),£99.99,£200.00,Tennis Rackets,2026-10-07 16:39:16,Tennis Nuts,https://www.tennisnuts.com/shop/tennis/tennis-rackets/head-speed-team-tennis-racket-2022-1546685.html,HEAD,0ef91789e570
Evo Aero Tennis Racket,£89.99,£155.00,Tennis Rackets,2026-10-07 16:39:16,Tennis Nuts,https://www.tennisnuts.com/shop/tennis/tennis-rackets/babolat-evo-aero-tennis-racket-1666372.html,Babolat,ba67bbabe6ea
EZONE 100 Tennis Racket [Frame Only] - Espresso Brown,£215.99,£270.00,Tennis Rackets,2026-10-07 16:39:16,Tennis Nuts,https://www.tennisnuts.com/shop/tennis/tennis-rackets/yonex-ezone-100-tennis-racket-frame-only-espresso-brown-1767793.html,Yonex,86c3bd1aae5f
EZONE 98 Tennis Racket (2025) - Blast Blue [Frame Only],£228.94,£270.00,Tennis Rackets,2026-10-07 16:39:16,Tennis Nuts,https://www.tennisnuts.com/shop/tennis/tennis-rackets/yonex-ezone-98-tennis-racket-2025-blast-blue-frame-only-1681190.html,Yonex,5605f881eb30
Speed Pro Tennis Racket (2022),£109.99,£240.00,Tennis Rackets,2026-10-07 16:39:16,Tennis Nuts,https://www.tennisnuts.com/shop/tennis/tennis-rackets/head-speed-pro-tennis-racket-2022-1546583.html,HEAD,c902eb5b3774
EZONE 100L Tennis Racket [Frame Only] - Espresso Brown,£215.99,£270.00,Tennis Rackets,2026-10-07 16:39:16,Tennis Nuts,https://www.tennisnuts.com/shop/tennis/tennis-rackets/yonex-ezone-100l-tennis-racket-frame-only-espresso-brown-1767794.html,Yonex,7d20ec0add33
Evo Drive Lite Tennis Racket (2024) - White/Blue,£79.99,£140.00,Tennis Rackets,2026-10-07 16:39:16,Tennis Nuts,https://www.tennisnuts.com/shop/tennis/tennis-rackets/babolat-evo-drive-lite-tennis-racket-2024-white-blue-1657748.html,Babolat,0569f844b94b
EZONE 98L Tennis Racket [Frame Only] - Espresso Brown,£215.99,£270.00,Tennis Rackets,2026-10-07 16:39:16,Tennis Nuts,https://www.tennisnuts.com/shop/tennis/tennis-rackets/yonex-ezone-98l-tennis-racket-frame-only-espresso-brown-1767792.html,Yonex,94f57a4106ee
EZONE 100 Tennis Racket - Blast Blue [Frame Only],£228.94,£270.00,Tennis Rackets,2026-10-07 16:39:16,Tennis Nuts,https://www.tennisnuts.com/shop/tennis/tennis-rackets/yonex-ezone-100-tennis-racket-blast-blue-frame-only-1681212.html,Yonex,6483f68db6ac
Ti S6 Titanium Tennis Racket,£84.99,£140.00,Tennis Rackets,2026-10-07 16:39:16,Tennis Nuts,https://www.tennisnuts.com/shop/tennis/tennis-rackets/head-ti-s6-titanium-tennis-r-402905.html,HEAD,a779a6f401c7
Pure Aero Gen9 Tennis Racket (2026),£207.99,£260.00,Tennis Rackets,2026-10-07 16:39:16,Tennis Nuts,https://www.tennisnuts.com/shop/tennis/tennis-rackets/babolat-pure-aero-gen9-tennis-racket-2026-1755148.html,Babolat,e45dc5912e21
EZONE 100SL Tennis Racket [Frame Only] - Espresso Brown,£215.99,£270.00,Tennis Rackets,2026-10-07 16:39:16,Tennis Nuts,https://www.tennisnuts.com/shop/tennis/tennis-rackets/yonex-ezone-100sl-tennis-racket-frame-only-espresso-brown-1767795.html,Yonex,0d8e526cd739
Pure Aero Team Gen9 Tennis Racket (2026),£191.99,£240.00,Tennis Rackets,2026-10-07 16:39:16,Tennis Nuts,https://www.tennisnuts.com/shop/tennis/tennis-rackets/babolat-pure-aero-team-gen9-tennis-racket-2026-1755174.html,Babolat,eef6a9dced94
Pure Aero S-Lite Gen9 Tennis Racket (2026),£159.99,£200.00,Tennis Rackets,2026-10-07 16:39:16,Tennis Nuts,https://www.tennisnuts.com/shop/tennis/tennis-rackets/babolat-pure-aero-s-lite-gen9-tennis-racket-2026-1755179.html,Babolat,022f469c1fd1
Ti S2 Titanium Tennis Racket,£79.99,£130.00,Tennis Rackets,2026-10-07 16:39:16,Tennis Nuts,https://www.tennisnuts.com/shop/tennis/tennis-rackets/head-ti-s2-titanium-tennis-racket-1686228.html,HEAD,2b3f3f8468dc
Pure Drive Team Gen 11 Tennis Racket (2025),£164.99,£220.00,Tennis Rackets,2026-10-07 16:39:16,Tennis Nuts,https://www.tennisnuts.com/shop/tennis/tennis-rackets/babolat-pure-drive-team-gen-11-tennis-racket-2025-1684717.html,Babolat,20ad4dcacf75
Evoke Team Tennis Racket (2026) - Red,£42.49,£50.00,Tennis Rackets,2026-10-07 16:39:16,Tennis Nuts,https://www.tennisnuts.com/shop/tennis/tennis-rackets/babolat-evoke-team-tennis-racket-2026-red-1769325.html,Babolat,eb536b6a62d0
VCore 98L Tennis Racket (2026) [Frame Only] - Ruby Red,£199.99,£260.00,Tennis Rackets,2026-10-07 16:39:16,Tennis Nuts,https://www.tennisnuts.com/shop/tennis/tennis-rackets/yonex-vcore-98l-tennis-racket-2026-frame-only-ruby-red-1758730.html,Yonex,a7648840378c
FX 500 Super Lite Tennis Racket (2026) [Frame Only],£134.99,£180.00,Tennis Rackets,2026-10-07 16:39:16,Tennis Nuts,https://www.tennisnuts.com/shop/tennis/tennis-rackets/dunlop-fx-500-super-lite-tennis-racket-2026-frame-only-1749598.html,Dunlop,842d576c7709
Extreme Elite Tennis Racket (2026),£99.99,£130.00,Tennis Rackets,2026-10-07 16:39:16,Tennis Nuts,https://www.tennisnuts.com/shop/tennis/tennis-rackets/head-extreme-elite-tennis-racket-2026-1768511.html,HEAD,543440eb90f2
Pure Drive Gen 11 Tennis Racket (2025),£176.24,£235.00,Tennis Rackets,2026-10-07 16:39:16,Tennis Nuts,https://www.tennisnuts.com/shop/tennis/tennis-rackets/babolat-pure-drive-gen-11-tennis-racket-2025-1684562.html,Babolat,b521302cf5c9
Evoke Tour Tennis Racket (2026) - Black/Yellow,£42.49,£50.00,Tennis Rackets,2026-10-07 16:39:16,Tennis Nuts,https://www.tennisnuts.com/shop/tennis/tennis-rackets/babolat-evoke-tour-tennis-racket-2026-black-yellow-1769324.html,Babolat,cc6f9c49b1cb
Evo Strike Tennis Racket,£119.99,£160.00,Tennis Rackets,2026-10-07 16:39:16,Tennis Nuts,https://www.tennisnuts.com/shop/tennis/tennis-rackets/babolat-evo-strike-tennis-racket-1666478.html,Babolat,94bfeed969da
Boom MP UL Tennis Racket (2026),£142.49,£190.00,Tennis Rackets,2026-10-07 16:39:16,Tennis Nuts,https://www.tennisnuts.com/shop/tennis/tennis-rackets/head-boom-mp-ul-tennis-racket-2026-1759795.html,HEAD,cc08a92b191a
Extreme MP UL Tennis Racket 2026,£153.94,£190.00,Tennis Rackets,2026-10-07 16:39:16,Tennis Nuts,https://www.tennisnuts.com/shop/tennis/tennis-rackets/head-extreme-mp-ul-tennis-racket-2026-1767510.html,HEAD,d952784a7cec
FX 500 Lite Tennis Racket (2026) [Frame Only],£151.99,£190.00,Tennis Rackets,2026-10-07 16:39:16,Tennis Nuts,https://www.tennisnuts.com/shop/tennis/tennis-rackets/dunlop-fx-500-lite-tennis-racket-2026-frame-only-1749596.html,Dunlop,b092ad5421fe
Pure Drive 98 (Frame Only) Gen 11 Tennis Racket (2025),£179.99,£260.00,Tennis Rackets,2026-10-07 16:39:16,Tennis Nuts,https://www.tennisnuts.com/shop/tennis/tennis-rackets/babolat-pure-drive-98-gen-11-tennis-racket-1684947.html,Babolat,c5b756443d13
Pure Aero Plus Gen9 Tennis Racket [Frame Only] (2026),£199.99,£250.00,Tennis Rackets,2026-10-07 16:39:16,Tennis Nuts,https://www.tennisnuts.com/shop/tennis/tennis-rackets/babolat-pure-aero-plus-gen9-tennis-racket-frame-only-2026-1755190.html,Babolat,2300555e2ee9
Boost Wimbledon Tennis Racket 2026,£89.99,£100.00,Tennis Rackets,2026-10-07 16:39:16,Tennis Nuts,https://www.tennisnuts.com/shop/tennis/tennis-rackets/babolat-boost-wimbledon-tennis-racket-2026-1764891.html,Babolat,1d3dd0582271
Evo Drive Gen 2 Tennis Racket 2025,£114.99,£149.99,Tennis Rackets,2026-10-07 16:39:16,Tennis Nuts,https://www.tennisnuts.com/shop/tennis/tennis-rackets/babolat-evo-drive-gen-2-tennis-racket-2025-1694480.html,Babolat,344ab4443ad4
Evo Drive Lite Gen 2 Tennis Racket 2025 - White,£109.99,£145.00,Tennis Rackets,2026-10-07 16:39:16,Tennis Nuts,https://www.tennisnuts.com/shop/tennis/tennis-rackets/babolat-evo-drive-lite-gen-2-tennis-racket-2025-white-1694489.html,Babolat,ac15d7845e57
Vcore Ace Tennis Racket (2026) - Ruby Red,£109.99,£130.00,Tennis Rackets,2026-10-07 16:39:16,Tennis Nuts,https://www.tennisnuts.com/shop/tennis/tennis-rackets/yonex-vcore-ace-tennis-racket-2026-ruby-red-1754071.html,Yonex,56d2cc7d211d
Carlitos Junior 26 Inch Tennis Racket 2026,£28.99,£38.00,Tennis Rackets,2026-10-07 16:39:16,Tennis Nuts,https://www.tennisnuts.com/shop/tennis/tennis-rackets/babolat-carlitos-junior-26-inch-tennis-racket-2026-1755236.html,Babolat,3d25f2e7da0e
EZONE 105 v8 Tennis Racket [Frame Only] - Espresso Brown,£242.94,£270.00,Tennis Rackets,2026-10-07 16:39:16,Tennis Nuts,https://www.tennisnuts.com/shop/tennis/tennis-rackets/yonex-ezone-105-v8-tennis-racket-frame-only-espresso-brown-1767796.html,Yonex,caabd47e83eb
Muse 100L Tennis Racket (2026) [Frame Only] - Pearl Silver,£207.99,£260.00,Tennis Rackets,2026-10-07 16:39:16,Tennis Nuts,https://www.tennisnuts.com/shop/tennis/tennis-rackets/yonex-muse-100l-tennis-racket-2026-frame-only-pearl-silver-1763070.html,Yonex,318d6ba09458
Evo Aero Lite Pink Tennis Racket Gen2 (2026),£109.99,£150.00,Tennis Rackets,2026-10-07 16:39:16,Tennis Nuts,https://www.tennisnuts.com/shop/tennis/tennis-rackets/babolat-evo-aero-lite-pink-tennis-racket-gen2-2026-1756942.html,Babolat,0d2fc3ec5329
Boost Aero Tennis Racket (2026),£79.99,£95.00,Tennis Rackets,2026-10-07 16:39:16,Tennis Nuts,https://www.tennisnuts.com/shop/tennis/tennis-rackets/babolat-boost-aero-tennis-racket-2026-1756943.html,Babolat,d8aba29da51a
Junior 25 Tennis Racket - Coral Orange,£29.99,£37.00,Tennis Rackets,2026-10-07 16:39:16,Tennis Nuts,https://www.tennisnuts.com/shop/tennis/tennis-rackets/yonex-junior-25-tennis-racket-coral-orange-1695061.html,Yonex,68b05699c506
Boom MP UL Alternate Tennis Racket (2026),£142.50,£190.00,Tennis Rackets,2026-10-07 16:39:16,Tennis Nuts,https://www.tennisnuts.com/shop/tennis/tennis-rackets/head-boom-mp-ul-alternate-tennis-racket-2026-1759806.html,HEAD,7b9b5aa1260d
T-Fight 315s Tennis Racket 2025 [Frame Only],£144.99,£240.00,Tennis Rackets,2026-10-07 16:39:16,Tennis Nuts,https://www.tennisnuts.com/shop/tennis/tennis-rackets/tecnifibre-t-fight-315s-tennis-racket-2025-frame-only-1685017.html,Tecnifibre,017b2a8e9a13
Boom MP Tennis Racket (2026),£157.49,£210.00,Tennis Rackets,2026-10-07 16:39:16,Tennis Nuts,https://www.tennisnuts.com/shop/tennis/tennis-rackets/head-boom-mp-tennis-racket-2026-1759791.html,HEAD,624c4516134d
Pure Drive Lite Gen 11 Tennis Racket (2025),£157.49,£210.00,Tennis Rackets,2026-10-07 16:39:16,Tennis Nuts,https://www.tennisnuts.com/shop/tennis/tennis-rackets/babolat-pure-drive-lite-gen-11-tennis-racket-2025-1684574.html,Babolat,d92609615ec2
Pure Aero Lite Gen9 Tennis Racket (2026),£175.99,£220.00,Tennis Rackets,2026-10-07 16:39:16,Tennis Nuts,https://www.tennisnuts.com/shop/tennis/tennis-rackets/babolat-pure-aero-lite-gen9-tennis-racket-2026-1755157.html,Babolat,f9b89c452cce
EZONE Play 2025 Tennis Racket - Blast Blue,£76.49,£85.00,Tennis Rackets,2026-10-07 16:39:16,Tennis Nuts,https://www.tennisnuts.com/shop/tennis/tennis-rackets/yonex-ezone-play-2025-tennis-racket-blast-blue-1694446.html,Yonex,de9c27b6502d
Pure Strike 97 Gen4 Tennis Racket [Frame Only] (2025),£169.99,£260.00,Tennis Rackets,2026-10-07 16:39:16,Tennis Nuts,https://www.tennisnuts.com/shop/tennis/tennis-rackets/babolat-pure-strike-97-gen4-tennis-racket-frame-only-2025-1731374.html,Babolat,71ad05c50688
Speed MP Ultra Lite Tennis Racket (2026),£144.99,£190.00,Tennis Rackets,2026-10-07 16:39:16,Tennis Nuts,https://www.tennisnuts.com/shop/tennis/tennis-rackets/head-speed-mp-ultra-lite-tennis-racket-2026-1754808.html,HEAD,bedaec4805cb
EZONE 25 Inch Junior Graphite Tennis Racket - Blast Blue,£87.99,£110.00,Tennis Rackets,2026-10-07 16:39:16,Tennis Nuts,https://www.tennisnuts.com/shop/tennis/tennis-rackets/yonex-ezone-25-inch-junior-graphite-tennis-racket-blast-blue-1681310.html,Yonex,8d3775c24a60
Speed Tour Tennis Racket (2026),£171.99,£230.00,Tennis Rackets,2026-10-07 16:39:16,Tennis Nuts,https://www.tennisnuts.com/shop/tennis/tennis-rackets/head-speed-tour-tennis-racket-1754799.html,HEAD,2d3950bbc029
VCore 100L Tennis Racket (2026) [Frame Only] - Ruby Red,£215.94,£270.00,Tennis Rackets,2026-10-07 16:39:16,Tennis Nuts,https://www.tennisnuts.com/shop/tennis/tennis-rackets/yonex-vcore-100l-tennis-racket-2026-frame-only-ruby-red-1750788.html,Yonex,90d69579447d
VCore Alpha Light Tennis Racket (2026) - Ruby Red,£139.99,£170.00,Tennis Rackets,2026-10-07 16:39:16,Tennis Nuts,https://www.tennisnuts.com/shop/tennis/tennis-rackets/yonex-vcore-alpha-light-tennis-racket-2026-ruby-red-1758928.html,Yonex,8c7bf688c78c
Fire 305s Tennis Racket 2026 [Frame Only],£179.99,£230.00,Tennis Rackets,2026-10-07 16:39:16,Tennis Nuts,https://www.tennisnuts.com/shop/tennis/tennis-rackets/tecnifibre-fire-305s-tennis-racket-2026-frame-only-1758807.html,Tecnifibre,d28224c9018e
VCore Alpha Super Light Tennis Racket (2026) - Ruby Red,£129.99,£160.00,Tennis Rackets,2026-10-07 16:39:16,Tennis Nuts,https://www.tennisnuts.com/shop/tennis/tennis-rackets/yonex-vcore-alpha-super-light-tennis-racket-2026-ruby-red-1758929.html,Yonex,db4b1074b3b3
Boom Team Alternate Tennis Racket (2026),£129.99,£170.00,Tennis Rackets,2026-10-07 16:39:16,Tennis Nuts,https://www.tennisnuts.com/shop/tennis/tennis-rackets/head-boom-team-alternate-tennis-racket-2026-1759808.html,HEAD,6dc4732c846d
Junior 23 Wimbledon 2026 Tennis Racket,£22.49,£28.00,Tennis Rackets,2026-10-07 16:39:16,Tennis Nuts,https://www.tennisnuts.com/shop/tennis/tennis-rackets/babolat-junior-23-wimbledon-2026-tennis-racket-1764876.html,Babolat,f25c05f86661
EZONE 26 Inch Junior Graphite Tennis Racket - Blast Blue,£95.99,£120.00,Tennis Rackets,2026-10-07 16:39:16,Tennis Nuts,https://www.tennisnuts.com/shop/tennis/tennis-rackets/yonex-ezone-26-inch-junior-graphite-tennis-racket-blast-blue-1681322.html,Yonex,39617ad7c081
Classic 27 Inch Tennis Racket,£19.99,£30.00,Tennis Rackets,2026-10-07 16:39:16,Tennis Nuts,https://www.tennisnuts.com/shop/tennis/tennis-rackets/slazenger-classic-27-inch-tennis-racket-1641716.html,Slazenger,18360d4f9422
Novak 25 Inch Junior Aluminium Tennis Racket - Black (2024),£23.99,£30.00,Tennis Rackets,2026-10-07 16:39:16,Tennis Nuts,https://www.tennisnuts.com/shop/tennis/tennis-rackets/head-novak-25-inch-junior-aluminium-tennis-racket-black-2024-1652872.html,HEAD,2d944024dc93
Boom Pro Tennis Racket [Frame Only] (2026),£172.49,£230.00,Tennis Rackets,2026-10-07 16:39:16,Tennis Nuts,https://www.tennisnuts.com/shop/tennis/tennis-rackets/head-boom-pro-tennis-racket-frame-only-2026-1759790.html,HEAD,896e036b8b77
IG Gravity XCEED Tennis Racket (2026),£95.99,£120.00,Tennis Rackets,2026-10-07 16:39:16,Tennis Nuts,https://www.tennisnuts.com/shop/tennis/tennis-rackets/head-ig-gravity-xceed-tennis-racket-2026-1755529.html,HEAD,9d54990ac3f9
Muse 100 Tennis Racket (2026) [Frame Only] - Pearl Silver,£207.99,£260.00,Tennis Rackets,2026-10-07 16:39:16,Tennis Nuts,https://www.tennisnuts.com/shop/tennis/tennis-rackets/yonex-muse-100-tennis-racket-2026-frame-only-pearl-silver-1763067.html,Yonex,72792a3ccbeb
EZONE Alpha L 2025 Tennis Racket - Blast Blue,£115.99,£145.00,Tennis Rackets,2026-10-07 16:39:16,Tennis Nuts,https://www.tennisnuts.com/shop/tennis/tennis-rackets/yonex-ezone-alpha-l-2025-tennis-racket-blast-blue-1693291.html,Yonex,848882e16ec4
Muse 100SL Tennis Racket (2026) [Frame Only] - Pearl Silver,£207.99,£260.00,Tennis Rackets,2026-10-07 16:39:16,Tennis Nuts,https://www.tennisnuts.com/shop/tennis/tennis-rackets/yonex-muse-100sl-tennis-racket-2026-frame-only-pearl-silver-1763086.html,Yonex,28da0e90e34e
Pure Drive Junior 26 Gen 11 Tennis Racket - Light Blue,£83.99,£105.00,Tennis Rackets,2026-10-07 16:39:16,Tennis Nuts,https://www.tennisnuts.com/shop/tennis/tennis-rackets/babolat-pure-drive-junior-26-gen-11-tennis-racket-light-blue-1686954.html,Babolat,267bbb4a08f7
EZONE 26 Inch Junior Hybrid Tennis Racket - Blast Blue,£55.99,£70.00,Tennis Rackets,2026-10-07 16:39:16,Tennis Nuts,https://www.tennisnuts.com/shop/tennis/tennis-rackets/yonex-ezone-26-inch-junior-hybrid-tennis-racket-blast-blue-1681323.html,Yonex,4abf3f1127cc
Pure Drive Super Lite Gen 11 Tennis Racket (2025),£155.99,£200.00,Tennis Rackets,2026-10-07 16:39:16,Tennis Nuts,https://www.tennisnuts.com/shop/tennis/tennis-rackets/babolat-pure-drive-super-lite-gen-11-tennis-racket-2025-1684948.html,Babolat,b964cab0b779
Pure Drive Junior 25 Gen 11 Tennis Racket - Blue,£79.99,£105.00,Tennis Rackets,2026-10-07 16:39:16,Tennis Nuts,https://www.tennisnuts.com/shop/tennis/tennis-rackets/babolat-pure-drive-junior-25-gen-11-tennis-racket-blue-1686955.html,Babolat,ccc6970a332f
T-Fight 300 Tennis Racket 2025,£131.99,£220.00,Tennis Rackets,2026-10-07 16:39:16,Tennis Nuts,https://www.tennisnuts.com/shop/tennis/tennis-rackets/tecnifibre-t-fight-300-tennis-racket-2025-1693927.html,Tecnifibre,e73e1407973a
Aero 26 Inch Junior Tennis Racket 2026,£62.99,£75.00,Tennis Rackets,2026-10-07 16:39:16,Tennis Nuts,https://www.tennisnuts.com/shop/tennis/tennis-rackets/babolat-aero-26-inch-junior-tennis-racket-2026-1755201.html,Babolat,82b375b39cf2
Evo Aero Tennis Racket Gen2 (2026),£119.99,£160.00,Tennis Rackets,2026-10-07 16:39:16,Tennis Nuts,https://www.tennisnuts.com/shop/tennis/tennis-rackets/babolat-evo-aero-tennis-racket-gen2-2026-1756936.html,Babolat,9d9736612dc8
Coco 19 Junior Tennis Racket - Purple (2026),£23.79,£28.00,Tennis Rackets,2026-10-07 16:39:16,Tennis Nuts,https://www.tennisnuts.com/shop/tennis/tennis-rackets/head-coco-19-junior-tennis-racket-purple-2026-1769781.html,HEAD,085f51ad854f
Pure Drive Junior 25 Gen 11 Tennis Racket - Light Blue,£79.99,£105.00,Tennis Rackets,2026-10-07 16:39:16,Tennis Nuts,https://www.tennisnuts.com/shop/tennis/tennis-rackets/babolat-pure-drive-junior-25-gen-11-tennis-racket-light-blue-1692425.html,Babolat,3bdfe5a123e8
Evo Aero Pink Tennis Racket Gen2 (2026),£119.99,£160.00,Tennis Rackets,2026-10-07 16:39:16,Tennis Nuts,https://www.tennisnuts.com/shop/tennis/tennis-rackets/babolat-evo-aero-pink-tennis-racket-gen2-2026-1756937.html,Babolat,265438e2d34a
Pure Strike 98 18x20 Gen 4 Tennis Racket (2025),£187.49,£250.00,Tennis Rackets,2026-10-07 16:39:16,Tennis Nuts,https://www.tennisnuts.com/shop/tennis/tennis-rackets/babolat-pure-strike-98-18x20-gen-4-tennis-racket-2025-1731386.html,Babolat,dccd3c18847b
FX 500 LS Tennis Racket (2026) [Frame Only],£149.99,£200.00,Tennis Rackets,2026-10-07 16:39:16,Tennis Nuts,https://www.tennisnuts.com/shop/tennis/tennis-rackets/dunlop-fx-500-ls-tennis-racket-2026-frame-only-1749592.html,Dunlop,a4906db1a192
EZONE 25 Inch Junior Hybrid Tennis Racket - Blast Blue,£51.99,£65.00,Tennis Rackets,2026-10-07 16:39:16,Tennis Nuts,https://www.tennisnuts.com/shop/tennis/tennis-rackets/yonex-ezone-25-inch-junior-hybrid-tennis-racket-blast-blue-1681321.html,Yonex,24747293379d
Fire 255 Tennis Racket 2026,£139.99,£170.00,Tennis Rackets,2026-10-07 16:39:16,Tennis Nuts,https://www.tennisnuts.com/shop/tennis/tennis-rackets/tecnifibre-fire-255-tennis-racket-2026-1758870.html,Tecnifibre,f17100d27d71
VCore 100 Tennis Racket (2026) [Frame Only] - Ruby Red,£215.94,£270.00,Tennis Rackets,2026-10-07 16:39:16,Tennis Nuts,https://www.tennisnuts.com/shop/tennis/tennis-rackets/yonex-vcore-100-tennis-racket-2026-frame-only-ruby-red-1750787.html,Yonex,6353c35499af
Boost Aero Pink Tennis Racket (2026),£85.49,£95.00,Tennis Rackets,2026-10-07 16:39:16,Tennis Nuts,https://www.tennisnuts.com/shop/tennis/tennis-rackets/babolat-boost-aero-pink-tennis-racket-2026-1756949.html,Babolat,1d47cb9c1354
Boom MP L Alternate Tennis Racket (2026),£142.50,£190.00,Tennis Rackets,2026-10-07 16:39:16,Tennis Nuts,https://www.tennisnuts.com/shop/tennis/tennis-rackets/head-boom-mp-l-alternate-tennis-racket-2026-1759805.html,HEAD,dd28de275d37
EZONE Alpha Tennis Racket - Espresso Brown,£161.94,£180.00,Tennis Rackets,2026-10-07 16:39:16,Tennis Nuts,https://www.tennisnuts.com/shop/tennis/tennis-rackets/yonex-ezone-alpha-tennis-racket-espresso-brown-1768516.html,Yonex,5f64c0ff73a3
T-Fight 300s Tennis Racket 2025 [Frame Only],£137.99,£230.00,Tennis Rackets,2026-10-07 16:39:16,Tennis Nuts,https://www.tennisnuts.com/shop/tennis/tennis-rackets/tecnifibre-t-fight-300s-tennis-racket-2025-frame-only-1685015.html,Tecnifibre,00508b8cb88f
Pure Aero 26 Inch Junior Tennis Racket Gen9 (2026),£89.99,£115.00,Tennis Rackets,2026-10-07 16:39:16,Tennis Nuts,https://www.tennisnuts.com/shop/tennis/tennis-rackets/babolat-pure-aero-26-inch-junior-tennis-racket-gen9-2026-1755191.html,Babolat,4fa0d832ca21
Radical 19 Inch Aluminium Junior Tennis Racket 2025,£20.99,£28.00,Tennis Rackets,2026-10-07 16:39:16,Tennis Nuts,https://www.tennisnuts.com/shop/tennis/tennis-rackets/head-radical-19-inch-aluminium-junior-tennis-racket-2025-1693328.html,HEAD,97f3db97b507
IG Speed XCEED Tennis Racket (2026),£74.99,£110.00,Tennis Rackets,2026-10-07 16:39:16,Tennis Nuts,https://www.tennisnuts.com/shop/tennis/tennis-rackets/head-ig-speed-xceed-tennis-racket-2026-1755523.html,HEAD,6e30ff8ade53
Pure Drive Plus Gen 11 Tennis Racket (2025),£189.00,£235.00,Tennis Rackets,2026-10-07 16:39:16,Tennis Nuts,https://www.tennisnuts.com/shop/tennis/tennis-rackets/babolat-pure-drive-plus-gen-11-tennis-racket-2025-1684572.html,Babolat,02852570d10b
VCore 95 Tennis Racket (2026) [Frame Only] - Ruby Red,£233.99,£270.00,Tennis Rackets,2026-10-07 16:39:16,Tennis Nuts,https://www.tennisnuts.com/shop/tennis/tennis-rackets/yonex-vcore-95-tennis-racket-2026-frame-only-ruby-red-1754052.html,Yonex,fba712eb9337
Fire 300 Tennis Racket 2026 [Frame Only],£179.99,£220.00,Tennis Rackets,2026-10-07 16:39:16,Tennis Nuts,https://www.tennisnuts.com/shop/tennis/tennis-rackets/tecnifibre-fire-300-tennis-racket-2026-frame-only-1758826.html,Tecnifibre,6a8627215012
Drive Jr 24 Tennis Racket - Blue,£44.99,£60.00,Tennis Rackets,2026-10-07 16:39:16,Tennis Nuts,https://www.tennisnuts.com/shop/tennis/tennis-rackets/babolat-drive-jr-24-tennis-racket-blue-1686947.html,Babolat,ce25f614198d
Pure Strike 98 16x19 Gen 4 Tennis Racket (2025),£187.49,£250.00,Tennis Rackets,2026-10-07 16:39:16,Tennis Nuts,https://www.tennisnuts.com/shop/tennis/tennis-rackets/babolat-pure-strike-98-16x19-gen-4-tennis-racket-2025-1731381.html,Babolat,518d566ff201
Speed Team Tennis Racket (2026),£149.99,£200.00,Tennis Rackets,2026-10-07 16:39:16,Tennis Nuts,https://www.tennisnuts.com/shop/tennis/tennis-rackets/head-speed-team-tennis-racket-2026-1754810.html,HEAD,244eb56953b9
Aero 25 Inch Junior Tennis Racket 2026,£48.99,£65.00,Tennis Rackets,2026-10-07 16:39:16,Tennis Nuts,https://www.tennisnuts.com/shop/tennis/tennis-rackets/babolat-aero-25-inch-junior-tennis-racket-2026-1755213.html,Babolat,169a366be5be
Coco 17 Junior Tennis Racket - Purple (2026),£23.79,£28.00,Tennis Rackets,2026-10-07 16:39:16,Tennis Nuts,https://www.tennisnuts.com/shop/tennis/tennis-rackets/head-coco-17-junior-tennis-racket-purple-2026-1769782.html,HEAD,84f876556d6e
Evo Aero Lite Tennis Racket Gen2 (2026),£109.99,£150.00,Tennis Rackets,2026-10-07 16:39:16,Tennis Nuts,https://www.tennisnuts.com/shop/tennis/tennis-rackets/babolat-evo-aero-lite-tennis-racket-gen2-2026-1756940.html,Babolat,8b6beeb293a6
Novak 19 Inch Junior Aluminium Tennis Racket - Black (2024),£21.99,£28.00,Tennis Rackets,2026-10-07 16:39:16,Tennis Nuts,https://www.tennisnuts.com/shop/tennis/tennis-rackets/head-novak-19-inch-junior-aluminium-tennis-racket-black-2024-1652939.html,HEAD,7a59be901e89
EZONE 98 Tour Tennis Racket [Frame Only] - Espresso Brown,£215.99,£270.00,Tennis Rackets,2026-10-07 16:39:16,Tennis Nuts,https://www.tennisnuts.com/shop/tennis/tennis-rackets/yonex-ezone-98-tour-tennis-racket-frame-only-espresso-brown-1767790.html,Yonex,8b834801e2bd
Extreme Pro Tennis Racket [Frame Only],£139.99,£200.00,Tennis Rackets,2026-10-07 16:39:16,Tennis Nuts,https://www.tennisnuts.com/shop/tennis/tennis-rackets/head-extreme-pro-tennis-racket-frame-only-1668441.html,HEAD,311fb3dcf1f7
EZONE Ace 2025 Tennis Racket - Blast Blue,£99.99,£125.00,Tennis Rackets,2026-10-07 16:39:16,Tennis Nuts,https://www.tennisnuts.com/shop/tennis/tennis-rackets/yonex-ezone-ace-2025-tennis-racket-blast-blue-1693295.html,Yonex,aa049257fcc2
Evo Drive Lite Gen 2 Tennis Racket 2025 - Blue,£109.99,£145.00,Tennis Rackets,2026-10-07 16:39:16,Tennis Nuts,https://www.tennisnuts.com/shop/tennis/tennis-rackets/babolat-evo-drive-lite-gen-2-tennis-racket-2025-blue-1694487.html,Babolat,dffc8b9d9bc4
Speed MP Tennis Racket (2026),£171.99,£230.00,Tennis Rackets,2026-10-07 16:39:16,Tennis Nuts,https://www.tennisnuts.com/shop/tennis/tennis-rackets/head-speed-mp-tennis-racket-2026-1754802.html,HEAD,caa7926e4c30
Boom 25 Inch Junior Tennis Racket (2026),£67.50,£90.00,Tennis Rackets,2026-10-07 16:39:16,Tennis Nuts,https://www.tennisnuts.com/shop/tennis/tennis-rackets/head-boom-25-inch-junior-tennis-racket-2026-1759080.html,HEAD,62b627a2e8b0
T-Fight 300S IG Tennis Racket 2026,£169.99,£230.00,Tennis Rackets,2026-10-07 16:39:16,Tennis Nuts,https://www.tennisnuts.com/shop/tennis/tennis-rackets/tecnifibre-t-fight-300s-ig-tennis-racket-2026-1764349.html,Tecnifibre,9dd5bee5da00
EZONE Alpha L Tennis Racket - Espresso Brown,£152.94,£170.00,Tennis Rackets,2026-10-07 16:39:16,Tennis Nuts,https://www.tennisnuts.com/shop/tennis/tennis-rackets/yonex-ezone-alpha-l-tennis-racket-espresso-brown-1768565.html,Yonex,00986d6eb925
Drive Jr 23 Tennis Racket - Blue,£42.49,£55.00,Tennis Rackets,2026-10-07 16:39:16,Tennis Nuts,https://www.tennisnuts.com/shop/tennis/tennis-rackets/babolat-drive-jr-23-tennis-racket-blue-1686920.html,Babolat,14a263001e6c
Radical 27 Tennis Racket 2025,£31.99,£40.00,Tennis Rackets,2026-10-07 16:39:16,Tennis Nuts,https://www.tennisnuts.com/shop/tennis/tennis-rackets/head-radical-27-tennis-racket-2025-1756499.html,HEAD,bf1d4aadf124
EZONE Alpha SL Tennis Racket - Espresso Brown,£121.49,£135.00,Tennis Rackets,2026-10-07 16:39:16,Tennis Nuts,https://www.tennisnuts.com/shop/tennis/tennis-rackets/yonex-ezone-alpha-sl-tennis-racket-espresso-brown-1768566.html,Yonex,44933c08a735
Pure Strike 100 16x20 Gen 4 Tennis Racket (2025),£194.99,£260.00,Tennis Rackets,2026-10-07 16:39:16,Tennis Nuts,https://www.tennisnuts.com/shop/tennis/tennis-rackets/babolat-pure-strike-100-16x20-gen-4-tennis-racket-2025-1731376.html,Babolat,b03de2a8111c
Speed Pro Tennis Racket (2024) [Frame Only],£109.99,£240.00,Tennis Rackets,2026-10-07 16:39:16,Tennis Nuts,https://www.tennisnuts.com/shop/tennis/tennis-rackets/head-speed-pro-tennis-racket-2024-frame-only-1649969.html,HEAD,50976faa1064
EZONE 24 Inch Junior Hybrid Tennis Racket - Blast Blue,£47.99,£60.00,Tennis Rackets,2026-10-07 16:39:16,Tennis Nuts,https://www.tennisnuts.com/shop/tennis/tennis-rackets/yonex-ezone-24-inch-junior-hybrid-tennis-racket-blast-blue-1681267.html,Yonex,cc48d64bdd98
T-Fight 285 Tennis Racket 2025,£125.99,£210.00,Tennis Rackets,2026-10-07 16:39:16,Tennis Nuts,https://www.tennisnuts.com/shop/tennis/tennis-rackets/tecnifibre-t-fight-285-tennis-racket-2025-1693929.html,Tecnifibre,d432f6d4c9fb
Fire 285 Tennis Racket 2026,£169.99,£210.00,Tennis Rackets,2026-10-07 16:39:16,Tennis Nuts,https://www.tennisnuts.com/shop/tennis/tennis-rackets/tecnifibre-fire-285-tennis-racket-2026-1758856.html,Tecnifibre,6962e36efcd4
Boom Junior 26 Inch Tennis Racket (2026),£82.50,£110.00,Tennis Rackets,2026-10-07 16:39:16,Tennis Nuts,https://www.tennisnuts.com/shop/tennis/tennis-rackets/head-boom-junior-26-inch-tennis-racket-2026-1759072.html,HEAD,5ec0a2269cac
Junior 25 Inch Wimbledon Tennis Racket 2026,£22.49,£28.00,Tennis Rackets,2026-10-07 16:39:16,Tennis Nuts,https://www.tennisnuts.com/shop/tennis/tennis-rackets/babolat-junior-25-inch-wimbledon-tennis-racket-2026-1764877.html,Babolat,b3eda4ad14e0
Pure Strike 97 Tennis Racket [Frame Only] (2024),£119.99,£260.00,Tennis Rackets,2026-10-07 16:39:16,Tennis Nuts,https://www.tennisnuts.com/shop/tennis/tennis-rackets/babolat-pure-strike-97-gen4-tennis-racket-2024-1652186.html,Babolat,6f28519a3449
Drive Jr 25 Tennis Racket - Blue,£49.99,£65.00,Tennis Rackets,2026-10-07 16:39:16,Tennis Nuts,https://www.tennisnuts.com/shop/tennis/tennis-rackets/babolat-drive-jr-25-tennis-racket-blue-1686949.html,Babolat,e099af914541
T-Fight 270 Tennis Racket 2025,£113.99,£190.00,Tennis Rackets,2026-10-07 16:39:16,Tennis Nuts,https://www.tennisnuts.com/shop/tennis/tennis-rackets/tecnifibre-t-fight-270-tennis-racket-2025-1693939.html,Tecnifibre,8675656efd31
Carlitos Junior 19 Inch Tennis Racket 2026,£25.94,£34.00,Tennis Rackets,2026-10-07 16:39:16,Tennis Nuts,https://www.tennisnuts.com/shop/tennis/tennis-rackets/babolat-carlitos-junior-19-inch-tennis-racket-2026-1755225.html,Babolat,9602ad8fffcc
Fire 270 Tennis Racket 2026,£159.99,£190.00,Tennis Rackets,2026-10-07 16:39:16,Tennis Nuts,https://www.tennisnuts.com/shop/tennis/tennis-rackets/tecnifibre-fire-270-tennis-racket-2026-1758857.html,Tecnifibre,a3c049bbf128
Junior 21 Tennis Racket - Coral Orange,£26.99,£33.00,Tennis Rackets,2026-10-07 16:39:16,Tennis Nuts,https://www.tennisnuts.com/shop/tennis/tennis-rackets/yonex-junior-21-tennis-racket-coral-orange-1695058.html,Yonex,193dffe5e125
Boom Elite Tennis Racket (2026),£94.99,£130.00,Tennis Rackets,2026-10-07 16:39:16,Tennis Nuts,https://www.tennisnuts.com/shop/tennis/tennis-rackets/head-boom-elite-tennis-racket-2026-1759076.html,HEAD,13bc09ae8785
Boom MP Alternate Tennis Racket (2026),£157.49,£210.00,Tennis Rackets,2026-10-07 16:39:16,Tennis Nuts,https://www.tennisnuts.com/shop/tennis/tennis-rackets/head-boom-mp-alternate-tennis-racket-2026-1759801.html,HEAD,b278c3b09a5f
Coco 17 Inch Junior Aluminium Tennis Racket - Teal (2024),£22.49,£28.00,Tennis Rackets,2026-10-07 16:39:16,Tennis Nuts,https://www.tennisnuts.com/shop/tennis/tennis-rackets/head-coco-17-inch-junior-aluminium-tennis-racket-teal-2024-1652871.html,HEAD,b20bfb0c63fe
Radical Pro Tennis Racket 2025,£151.99,£240.00,Tennis Rackets,2026-10-07 16:39:16,Tennis Nuts,https://www.tennisnuts.com/shop/tennis/tennis-rackets/head-radical-pro-tennis-racket-2025-1693306.html,HEAD,270acd76303f
Radical 23 Inch Aluminium Junior Tennis Racket 2025,£22.49,£30.00,Tennis Rackets,2026-10-07 16:39:16,Tennis Nuts,https://www.tennisnuts.com/shop/tennis/tennis-rackets/head-radical-23-inch-aluminium-junior-tennis-racket-2025-1693326.html,HEAD,82f0dfe0a8e3
IG Speed Jr 25 Tennis Racket (2026),£44.99,£60.00,Tennis Rackets,2026-10-07 16:39:16,Tennis Nuts,https://www.tennisnuts.com/shop/tennis/tennis-rackets/head-ig-speed-jr-25-tennis-racket-2026-1754863.html,HEAD,19ade8178bec
Carlitos Junior 25 Inch Tennis Racket 2026,£28.99,£38.00,Tennis Rackets,2026-10-07 16:39:16,Tennis Nuts,https://www.tennisnuts.com/shop/tennis/tennis-rackets/babolat-carlitos-junior-25-inch-tennis-racket-2026-1755235.html,Babolat,9d8ed4ad28a2
Speed Elite Tennis Racket 2026,£96.97,£130.00,Tennis Rackets,2026-10-07 16:39:16,Tennis Nuts,https://www.tennisnuts.com/shop/tennis/tennis-rackets/head-speed-elite-tennis-racket-2026-1755670.html,HEAD,8e7ad97306b6
EZONE 100 Plus Tennis Racket (2025) - Blast Blue [Frame Only],£228.94,£270.00,Tennis Rackets,2026-10-07 16:39:16,Tennis Nuts,https://www.tennisnuts.com/shop/tennis/tennis-rackets/yonex-ezone-100-plus-tennis-racket-2025-blast-blue-frame-only-1745576.html,Yonex,88b0fe2684e7
Pure Aero 25 Inch Junior Tennis Racket Gen9 (2026),£89.99,£115.00,Tennis Rackets,2026-10-07 16:39:16,Tennis Nuts,https://www.tennisnuts.com/shop/tennis/tennis-rackets/babolat-pure-aero-25-inch-junior-tennis-racket-gen9-2026-1755194.html,Babolat,f6c040b72fa8
Junior 21 Wimbledon Tennis Racket 2026,£22.49,£28.00,Tennis Rackets,2026-10-07 16:39:16,Tennis Nuts,https://www.tennisnuts.com/shop/tennis/tennis-rackets/babolat-junior-21-wimbledon-tennis-racket-2026-1764875.html,Babolat,26fd3e80619a
Boost Strike Tennis Racket,£74.99,£95.00,Tennis Rackets,2026-10-07 16:39:16,Tennis Nuts,https://www.tennisnuts.com/shop/tennis/tennis-rackets/babolat-boost-strike-tennis-racket-1691776.html,Babolat,3104eb123e03
Evo Drive Tour Gen 2 Tennis Racket 2025,£119.99,£160.00,Tennis Rackets,2026-10-07 16:39:16,Tennis Nuts,https://www.tennisnuts.com/shop/tennis/tennis-rackets/babolat-evo-drive-tour-gen-2-tennis-racket-2025-1694490.html,Babolat,d13755af9098
Squared Tennis Racket 2026,£167.99,£210.00,Tennis Rackets,2026-10-07 16:39:16,Tennis Nuts,https://www.tennisnuts.com/shop/tennis/tennis-rackets/head-squared-tennis-racket-2026-1761301.html,HEAD,fcc71360a6e3
Boost Drive Tennis Racket 2025 - Blue/Orange,£75.99,£95.00,Tennis Rackets,2026-10-07 16:39:16,Tennis Nuts,https://www.tennisnuts.com/shop/tennis/tennis-rackets/babolat-boost-drive-tennis-racket-2025-blue-orange-1694492.html,Babolat,52dfb3731d1b
FX 500 Tennis Racket (2026) [Frame Only],£157.49,£210.00,Tennis Rackets,2026-10-07 16:39:16,Tennis Nuts,https://www.tennisnuts.com/shop/tennis/tennis-rackets/dunlop-fx-500-tennis-racket-2026-frame-only-1749579.html,Dunlop,1a434c1a08da
Boom MP L Tennis Racket (2026),£142.49,£190.00,Tennis Rackets,2026-10-07 16:39:16,Tennis Nuts,https://www.tennisnuts.com/shop/tennis/tennis-rackets/head-boom-mp-l-tennis-racket-2026-1759792.html,HEAD,43a3140e6971
TF40 315 16x19 V3 Tennis Racket [Frame Only],£183.99,£230.00,Tennis Rackets,2026-10-07 16:39:16,Tennis Nuts,https://www.tennisnuts.com/shop/tennis/tennis-rackets/tecnifibre-tf40-315-16x19-v3-tennis-racket-1671466.html,Tecnifibre,edd318cdc76e
Speed Junior Tennis Racket (2026),£74.99,£100.00,Tennis Rackets,2026-10-07 16:39:16,Tennis Nuts,https://www.tennisnuts.com/shop/tennis/tennis-rackets/head-speed-junior-tennis-racket-2026-1754844.html,HEAD,12d7c541a17c
MX Attitude Suprm Tennis Racket - Black (2026),£62.49,£80.00,Tennis Rackets,2026-10-07 16:39:16,Tennis Nuts,https://www.tennisnuts.com/shop/tennis/tennis-rackets/head-mx-attitude-suprm-tennis-racket-black-2026-1755538.html,HEAD,ce4d1e917a67
Gravity Tour Tennis Racket 2025,£169.99,£230.00,Tennis Rackets,2026-10-07 16:39:16,Tennis Nuts,https://www.tennisnuts.com/shop/tennis/tennis-rackets/head-gravity-tour-tennis-racket-2025-1684246.html,HEAD,16c88a1fda18
Carlitos Junior 21 Inch Tennis Racket 2026,£27.99,£34.00,Tennis Rackets,2026-10-07 16:39:16,Tennis Nuts,https://www.tennisnuts.com/shop/tennis/tennis-rackets/babolat-carlitos-junior-21-inch-tennis-racket-2026-1755230.html,Babolat,742c59069154
Fire 260 OS Tennis Racket 2026,£159.99,£200.00,Tennis Rackets,2026-10-07 16:39:16,Tennis Nuts,https://www.tennisnuts.com/shop/tennis/tennis-rackets/tecnifibre-fire-260-os-tennis-racket-2026-1758867.html,Tecnifibre,9a9bbed8f678
Novak 17 Inch Junior Aluminium Tennis Racket - Black (2024),£21.49,£28.00,Tennis Rackets,2026-10-07 16:39:16,Tennis Nuts,https://www.tennisnuts.com/shop/tennis/tennis-rackets/head-novak-17-inch-junior-aluminium-tennis-racket-black-2024-1652940.html,HEAD,d9ec0f2e5de1
Tempo 265 V2 Tennis Racket - White,£71.99,£90.00,Tennis Rackets,2026-10-07 16:39:16,Tennis Nuts,https://www.tennisnuts.com/shop/tennis/tennis-rackets/tecnifibre-tempo-265-v2-tennis-racket-white-1672648.html,Tecnifibre,1bebf69b3e8e
Radical 25 Inch Aluminium Junior Tennis Racket 2025,£22.49,£30.00,Tennis Rackets,2026-10-07 16:39:16,Tennis Nuts,https://www.tennisnuts.com/shop/tennis/tennis-rackets/head-radical-25-inch-aluminium-junior-tennis-racket-2025-1693325.html,HEAD,c48ab4381ae4
Speed Pro Tennis Racket (2026) [Frame Only],£179.99,£240.00,Tennis Rackets,2026-10-07 16:39:16,Tennis Nuts,https://www.tennisnuts.com/shop/tennis/tennis-rackets/head-speed-pro-tennis-racket-2026-frame-only-1754797.html,HEAD,37fe652f572d
Carlitos Junior 23 Inch Tennis Racket 2026,£25.89,£34.00,Tennis Rackets,2026-10-07 16:39:16,Tennis Nuts,https://www.tennisnuts.com/shop/tennis/tennis-rackets/babolat-carlitos-junior-23-inch-tennis-racket-2026-1755233.html,Babolat,88708185378e
Ballfighter 21 Inch Junior Aluminium Tennis Racket - Blue/Yellow,£21.23,£30.00,Tennis Rackets,2026-10-07 16:39:16,Tennis Nuts,https://www.tennisnuts.com/shop/tennis/tennis-rackets/babolat-ballfighter-21-inch-junior-aluminium-tennis-racket-blue-1631235.html,Babolat,54a6bb5cc6dd
Boom Pro Tennis Racket [Frame Only] (2024),£119.99,£230.00,Tennis Rackets,2026-10-07 16:39:16,Tennis Nuts,https://www.tennisnuts.com/shop/tennis/tennis-rackets/head-boom-pro-tennis-racket-frame-only-2024-1655655.html,HEAD,494386a885da
EZONE 100SL Tennis Racket 2025 - Blast Blue [Frame Only],£228.94,£270.00,Tennis Rackets,2026-10-07 16:39:16,Tennis Nuts,https://www.tennisnuts.com/shop/tennis/tennis-rackets/yonex-ezone-100sl-tennis-racket-2025-blast-blue-frame-only-1693275.html,Yonex,93249df257fe
Paw 17 Inch Junior Tennis Racket 2025 - White,£20.99,£28.00,Tennis Rackets,2026-10-07 16:39:16,Tennis Nuts,https://www.tennisnuts.com/shop/tennis/tennis-rackets/head-paw-17-inch-junior-tennis-racket-2025-white-1731654.html,HEAD,21aba28ddd3d
Tempo Iga 19 Inch Junior Tennis Racket,£22.39,£28.00,Tennis Rackets,2026-10-07 16:39:16,Tennis Nuts,https://www.tennisnuts.com/shop/tennis/tennis-rackets/tecnifibre-tempo-iga-19-inch-junior-tennis-racket-1682366.html,Tecnifibre,5674c9e3b2ae
EZONE 105 Tennis Racket 2025 - Blast Blue [Frame Only],£215.99,£270.00,Tennis Rackets,2026-10-07 16:39:16,Tennis Nuts,https://www.tennisnuts.com/shop/tennis/tennis-rackets/yonex-ezone-105-tennis-racket-2025-blast-blue-frame-only-1693278.html,Yonex,dac612f24ef9
Radical MP Tennis Racket 2025,£147.99,£230.00,Tennis Rackets,2026-10-07 16:39:16,Tennis Nuts,https://www.tennisnuts.com/shop/tennis/tennis-rackets/head-radical-mp-tennis-racket-2025-1693307.html,HEAD,c552dd6dea0f
Radical 21 Inch Aluminium Junior Tennis Racket 2025,£22.49,£30.00,Tennis Rackets,2026-10-07 16:39:16,Tennis Nuts,https://www.tennisnuts.com/shop/tennis/tennis-rackets/head-radical-21-inch-aluminium-junior-tennis-racket-2025-1693327.html,HEAD,e26c8be55c5f
Pure Strike 26 Inch Junior Gen4 Tennis Racket (2025),£78.74,£105.00,Tennis Rackets,2026-10-07 16:39:16,Tennis Nuts,https://www.tennisnuts.com/shop/tennis/tennis-rackets/babolat-pure-strike-26-inch-junior-gen4-tennis-racket-2025-1731390.html,Babolat,acffb171519f
Percept Game Tennis Racket (2025) - Midnight Navy,£151.99,£190.00,Tennis Rackets,2026-10-07 16:39:16,Tennis Nuts,https://www.tennisnuts.com/shop/tennis/tennis-rackets/yonex-percept-game-tennis-racket-2025-midnight-navy-1731564.html,Yonex,bddb12e91c51
T-Fight Tour 25 Inch Junior Tennis Racket,£75.99,£95.00,Tennis Rackets,2026-10-07 16:39:16,Tennis Nuts,https://www.tennisnuts.com/shop/tennis/tennis-rackets/tecnifibre-t-fight-tour-25-inch-junior-tennis-racket-1750084.html,Tecnifibre,882971df75ae
B'Fly 17 Inch Junior Tennis Racket,£22.49,£30.00,Tennis Rackets,2026-10-07 16:39:16,Tennis Nuts,https://www.tennisnuts.com/shop/tennis/tennis-rackets/babolat-b-fly-17-inch-junior-tennis-racket-1631441.html,Babolat,972417355c83
Coco 19 Inch Junior Aluminium Tennis Racket - Teal (2024),£21.99,£28.00,Tennis Rackets,2026-10-07 16:39:16,Tennis Nuts,https://www.tennisnuts.com/shop/tennis/tennis-rackets/head-coco-19-inch-junior-aluminium-tennis-racket-teal-2024-1652873.html,HEAD,54d18646dc46
T-Fight 305s Tennis Racket 2025 [Frame Only],£137.99,£230.00,Tennis Rackets,2026-10-07 16:39:16,Tennis Nuts,https://www.tennisnuts.com/shop/tennis/tennis-rackets/tecnifibre-t-fight-305s-tennis-racket-2025-frame-only-1685016.html,Tecnifibre,9b7567f7ff5c
Radical Team Tennis Racket 2025,£134.99,£200.00,Tennis Rackets,2026-10-07 16:39:16,Tennis Nuts,https://www.tennisnuts.com/shop/tennis/tennis-rackets/head-radical-team-tennis-racket-2025-1693309.html,HEAD,9ba2a1201e94
T-Fight Team Tennis Racket,£94.49,£135.00,Tennis Rackets,2026-10-07 16:39:16,Tennis Nuts,https://www.tennisnuts.com/shop/tennis/tennis-rackets/tecnifibre-t-fight-team-tennis-racket-1750086.html,Tecnifibre,171fd56a39bc
Percept Game Tennis Racket [Frame Only] (2023),£109.99,£185.00,Tennis Rackets,2026-10-07 16:39:16,Tennis Nuts,https://www.tennisnuts.com/shop/tennis/tennis-rackets/yonex-percept-game-tennis-racket-2023-1642638.html,Yonex,e038ed86f3a1
Drive Jr 23 Tennis Racket - White,£42.49,£55.00,Tennis Rackets,2026-10-07 16:39:16,Tennis Nuts,https://www.tennisnuts.com/shop/tennis/tennis-rackets/babolat-drive-jr-23-tennis-racket-white-1686921.html,Babolat,0832a0707bfb
Junior 17 Tennis Racket - Ocean Blue,£23.49,£29.00,Tennis Rackets,2026-10-07 16:39:16,Tennis Nuts,https://www.tennisnuts.com/shop/tennis/tennis-rackets/yonex-junior-17-tennis-racket-ocean-blue-1695067.html,Yonex,f0d47a51303b
FX 500 Tour Tennis Racket (2026) [Frame Only],£169.99,£215.00,Tennis Rackets,2026-10-07 16:39:16,Tennis Nuts,https://www.tennisnuts.com/shop/tennis/tennis-rackets/dunlop-fx-500-tour-tennis-racket-2026-frame-only-1749576.html,Dunlop,d4615e27d0cf
Extreme MP L Tennis Racket 2026,£141.99,£190.00,Tennis Rackets,2026-10-07 16:39:16,Tennis Nuts,https://www.tennisnuts.com/shop/tennis/tennis-rackets/head-extreme-mp-l-tennis-racket-2026-1767498.html,HEAD,d625876e284c
EZONE Ace Tennis Racket - Espresso Brown,£116.94,£130.00,Tennis Rackets,2026-10-07 16:39:16,Tennis Nuts,https://www.tennisnuts.com/shop/tennis/tennis-rackets/yonex-ezone-ace-tennis-racket-espresso-brown-1768567.html,Yonex,ee5a89398839
Gravity 25 Inch Junior Tennis Racket 2025,£62.49,£80.00,Tennis Rackets,2026-10-07 16:39:16,Tennis Nuts,https://www.tennisnuts.com/shop/tennis/tennis-rackets/head-gravity-25-inch-junior-tennis-racket-2025-1685413.html,HEAD,0abc8104e95d
Junior 17 Tennis Racket - Coral Orange,£23.49,£29.00,Tennis Rackets,2026-10-07 16:39:16,Tennis Nuts,https://www.tennisnuts.com/shop/tennis/tennis-rackets/yonex-junior-17-tennis-racket-coral-orange-1695068.html,Yonex,98ac1b57bea1
VCORE Feel Tennis Racket [Frame Only],£99.99,£170.00,Tennis Rackets,2026-10-07 16:39:16,Tennis Nuts,https://www.tennisnuts.com/shop/tennis/tennis-rackets/yonex-vcore-feel-tennis-racket-2023-1634574.html,Yonex,feccde31aa2a
Coco 25 Inch Junior Aluminium Tennis Racket - Teal (2024),£23.99,£30.00,Tennis Rackets,2026-10-07 16:39:16,Tennis Nuts,https://www.tennisnuts.com/shop/tennis/tennis-rackets/head-coco-25-inch-junior-aluminium-tennis-racket-teal-2024-1652938.html,HEAD,2fb791f66dc1
Gravity IG 25 Tennis Racket 2025,£44.99,£60.00,Tennis Rackets,2026-10-07 16:39:16,Tennis Nuts,https://www.tennisnuts.com/shop/tennis/tennis-rackets/head-gravity-ig-25-tennis-racket-2025-1692560.html,HEAD,7d5c56f0a3ea
EZONE Alpha SL 2025 Tennis Racket - Blast Blue,£107.99,£135.00,Tennis Rackets,2026-10-07 16:39:16,Tennis Nuts,https://www.tennisnuts.com/shop/tennis/tennis-rackets/yonex-ezone-alpha-sl-2025-tennis-racket-blast-blue-1693290.html,Yonex,36debc0e0272
Boost Drive Tennis Racket 2025 - White/Coral,£74.99,£95.00,Tennis Rackets,2026-10-07 16:39:16,Tennis Nuts,https://www.tennisnuts.com/shop/tennis/tennis-rackets/babolat-boost-drive-tennis-racket-2025-white-coral-1694494.html,Babolat,54510197f949
Percept 97 Tennis Racket [Frame Only] 2025 - Midnight Navy,£215.94,£270.00,Tennis Rackets,2026-10-07 16:39:16,Tennis Nuts,https://www.tennisnuts.com/shop/tennis/tennis-rackets/yonex-percept-97-tennis-racket-frame-only-2025-midnight-navy-1731558.html,Yonex,1aa75e1d86af
IG Boom XCEED Tennis Racket (2026),£74.99,£100.00,Tennis Rackets,2026-10-07 16:39:16,Tennis Nuts,https://www.tennisnuts.com/shop/tennis/tennis-rackets/head-ig-boom-xceed-tennis-racket-2026-1759074.html,HEAD,05f8e1ab4843
Pure Aero Rafa Origin Tennis Racket (2023) [Frame Only],£269.99,£300.00,Tennis Rackets,2026-10-07 16:39:16,Tennis Nuts,https://www.tennisnuts.com/shop/tennis/tennis-rackets/babolat-pure-aero-rafa-origin-frame-only-tennis-racket-2023-1634612.html,Babolat,63fa2e24292d
TF40 315 18x20 V3 Tennis Racket [Frame Only],£183.99,£230.00,Tennis Rackets,2026-10-07 16:39:16,Tennis Nuts,https://www.tennisnuts.com/shop/tennis/tennis-rackets/tecnifibre-tf40-315-18x20-v3-tennis-racket-1671467.html,Tecnifibre,1ee988a97b4f
Radical Junior 26 Inch Aluminium Tennis Racket 2025,£22.49,£30.00,Tennis Rackets,2026-10-07 16:39:16,Tennis Nuts,https://www.tennisnuts.com/shop/tennis/tennis-rackets/head-radical-junior-26-inch-aluminium-tennis-racket-2025-1693322.html,HEAD,bfc1b53ff699
MX Attitude Comp Tennis Racket - Orange (2026),£54.99,£70.00,Tennis Rackets,2026-10-07 16:39:16,Tennis Nuts,https://www.tennisnuts.com/shop/tennis/tennis-rackets/head-mx-attitude-comp-tennis-racket-orange-2026-1755542.html,HEAD,8da58b480559
Boom Team Tennis Racket (2026),£129.99,£170.00,Tennis Rackets,2026-10-07 16:39:16,Tennis Nuts,https://www.tennisnuts.com/shop/tennis/tennis-rackets/head-boom-team-tennis-racket-2026-1759796.html,HEAD,9b6681ff0da4
MX Attitude Elite - Yellow (2026),£47.49,£60.00,Tennis Rackets,2026-10-07 16:39:16,Tennis Nuts,https://www.tennisnuts.com/shop/tennis/tennis-rackets/head-mx-attitude-elite-yellow-2026-1755556.html,HEAD,ad156ce6f668
Tempo 19 Inch Junior Tennis Racket,£18.74,£25.00,Tennis Rackets,2026-10-07 16:39:16,Tennis Nuts,https://www.tennisnuts.com/shop/tennis/tennis-rackets/tecnifibre-tempo-19-inch-junior-tennis-racket-1546490.html,Tecnifibre,fefcaf42255f
Extreme Team Tennis Racket,£125.99,£180.00,Tennis Rackets,2026-10-07 16:39:16,Tennis Nuts,https://www.tennisnuts.com/shop/tennis/tennis-rackets/head-extreme-team-tennis-racket-1668442.html,HEAD,86add3d584e8
Tempo 285 V2 Tennis Racket - White,£127.95,£160.00,Tennis Rackets,2026-10-07 16:39:16,Tennis Nuts,https://www.tennisnuts.com/shop/tennis/tennis-rackets/tecnifibre-tempo-285-v2-tennis-racket-white-1672651.html,Tecnifibre,b9aa6f7cd9f9
Pure Strike Lite Gen4 Tennis Racket (2025),£157.49,£210.00,Tennis Rackets,2026-10-07 16:39:16,Tennis Nuts,https://www.tennisnuts.com/shop/tennis/tennis-rackets/babolat-pure-strike-lite-gen4-tennis-racket-2025-1731389.html,Babolat,c3e2a7a6832b
VCore 100D Tennis Racket (2026) [Frame Only] - Ruby Red,£233.99,£270.00,Tennis Rackets,2026-10-07 16:39:16,Tennis Nuts,https://www.tennisnuts.com/shop/tennis/tennis-rackets/yonex-vcore-100d-tennis-racket-2026-frame-only-ruby-red-1764930.html,Yonex,faf6dc90c1a8
Drive Jr 25 Tennis Racket - Drive Blue,£49.99,£65.00,Tennis Rackets,2026-10-07 16:39:16,Tennis Nuts,https://www.tennisnuts.com/shop/tennis/tennis-rackets/babolat-drive-jr-25-tennis-racket-drive-blue-1687769.html,Babolat,c821e1bcf1a6
EZONE 98 Plus Tennis Racket (2025) - Blast Blue [Frame Only],£228.94,£270.00,Tennis Rackets,2026-10-07 16:39:16,Tennis Nuts,https://www.tennisnuts.com/shop/tennis/tennis-rackets/yonex-ezone-98-plus-tennis-racket-2025-blast-blue-frame-only-1731109.html,Yonex,8da80c000086
EZONE 110 2025 Tennis Racket - Blast Blue,£151.99,£190.00,Tennis Rackets,2026-10-07 16:39:16,Tennis Nuts,https://www.tennisnuts.com/shop/tennis/tennis-rackets/yonex-ezone-110-2025-tennis-racket-blast-blue-1693280.html,Yonex,55101b5d0ca4
Junior 19 Tennis Racket - Coral Orange,£24.99,£31.00,Tennis Rackets,2026-10-07 16:39:16,Tennis Nuts,https://www.tennisnuts.com/shop/tennis/tennis-rackets/yonex-junior-19-tennis-racket-coral-orange-1695066.html,Yonex,8da2b0e4d9d4
Speed Legend Pro Tennis Racket (2025) [Frame Only],£179.99,£240.00,Tennis Rackets,2026-10-07 16:39:16,Tennis Nuts,https://www.tennisnuts.com/shop/tennis/tennis-rackets/head-speed-legend-pro-tennis-racket-2025-frame-only-1731415.html,HEAD,42cf62d4515e
VCore 100 Plus Tennis Racket (2026) [Frame Only] - Ruby Red,£233.99,£270.00,Tennis Rackets,2026-10-07 16:39:16,Tennis Nuts,https://www.tennisnuts.com/shop/tennis/tennis-rackets/yonex-vcore-100-plus-tennis-racket-2026-frame-only-ruby-red-1750789.html,Yonex,41772d2cc094
Paw 21 Inch Junior Tennis Racket 2025 - Blue,£20.99,£28.00,Tennis Rackets,2026-10-07 16:39:16,Tennis Nuts,https://www.tennisnuts.com/shop/tennis/tennis-rackets/head-paw-21-inch-junior-tennis-racket-2025-blue-1731613.html,HEAD,4cfc2460b5a9
T-Fight Team L Tennis Racket,£79.99,£100.00,Tennis Rackets,2026-10-07 16:39:16,Tennis Nuts,https://www.tennisnuts.com/shop/tennis/tennis-rackets/tecnifibre-t-fight-team-l-tennis-racket-1750092.html,Tecnifibre,3f781bbbc156
IG Radical XCEED Tennis Racket (2026),£71.99,£110.00,Tennis Rackets,2026-10-07 16:39:16,Tennis Nuts,https://www.tennisnuts.com/shop/tennis/tennis-rackets/head-ig-radical-xceed-tennis-racket-2026-1755524.html,HEAD,d980ac28df82
VCore Play Tennis Racket (2026) - Ruby Red,£69.99,£85.00,Tennis Rackets,2026-10-07 16:39:16,Tennis Nuts,https://www.tennisnuts.com/shop/tennis/tennis-rackets/yonex-vcore-play-tennis-racket-2026-ruby-red-1758936.html,Yonex,60aa2526ce61
FX 500 LS Tennis Racket (2023) [Frame Only],£99.99,£180.00,Tennis Rackets,2026-10-07 16:39:16,Tennis Nuts,https://www.tennisnuts.com/shop/tennis/tennis-rackets/dunlop-fx-500-ls-tennis-racket-2023-1626913.html,Dunlop,5104a56e90db
Ballfighter 19 Inch Junior Tennis Racket - Blue/Red,£22.49,£30.00,Tennis Rackets,2026-10-07 16:39:16,Tennis Nuts,https://www.tennisnuts.com/shop/tennis/tennis-rackets/babolat-ballfighter-19-inch-junior-tennis-racket-blue-1632139.html,Babolat,244b312d600e
Novak 21 Inch Junior Aluminium Tennis Racket - Black(2024),£21.99,£28.00,Tennis Rackets,2026-10-07 16:39:16,Tennis Nuts,https://www.tennisnuts.com/shop/tennis/tennis-rackets/head-novak-21-inch-junior-aluminium-tennis-racket-black-2024-1652936.html,HEAD,60e3acceafd0
Pure Drive 107 Gen 11 Tennis Racket (2025),£183.99,£230.00,Tennis Rackets,2026-10-07 16:39:16,Tennis Nuts,https://www.tennisnuts.com/shop/tennis/tennis-rackets/babolat-pure-drive-107-gen-11-tennis-racket-2025-1684573.html,Babolat,b79d7a9c9b96
EZONE Alpha 2025 Tennis Racket - Blast Blue,£123.99,£155.00,Tennis Rackets,2026-10-07 16:39:16,Tennis Nuts,https://www.tennisnuts.com/shop/tennis/tennis-rackets/yonex-ezone-alpha-2025-tennis-racket-blast-blue-1693284.html,Yonex,f7dd24bf0c60
T-Fight Team OS Tennis Racket,£59.49,£70.00,Tennis Rackets,2026-10-07 16:39:16,Tennis Nuts,https://www.tennisnuts.com/shop/tennis/tennis-rackets/tecnifibre-t-fight-team-os-tennis-racket-1750093.html,Tecnifibre,b4ce543f9557
Vcore Junior 25 Tennis Racket (2026) - Ruby Red,£89.99,£110.00,Tennis Rackets,2026-10-07 16:39:16,Tennis Nuts,https://www.tennisnuts.com/shop/tennis/tennis-rackets/yonex-vcore-junior-25-tennis-racket-2026-ruby-red-1754056.html,Yonex,19bc266f9a99
B'Fly 21 Inch Junior Aluminium Tennis Racket - Purple/Pink,£21.23,£30.00,Tennis Rackets,2026-10-07 16:39:16,Tennis Nuts,https://www.tennisnuts.com/shop/tennis/tennis-rackets/babolat-b-fly-21-inch-junior-aluminium-tennis-racket-purple-1631227.html,Babolat,69c673d7892a
Radical Junior 2025 Tennis Racket,£67.49,£100.00,Tennis Rackets,2026-10-07 16:39:16,Tennis Nuts,https://www.tennisnuts.com/shop/tennis/tennis-rackets/head-radical-junior-2025-tennis-racket-1693320.html,HEAD,1e7cf0875bca
Pure Strike 98 18x20 Gen4 Tennis Racket (2024) - White/Red/Black,£129.99,£245.00,Tennis Rackets,2026-10-07 16:39:16,Tennis Nuts,https://www.tennisnuts.com/shop/tennis/tennis-rackets/babolat-pure-strike-98-18x20-gen4-tennis-racket-2024-1652187.html,Babolat,b9a996a1f008
Pure Drive Junior 26 Gen 11 Tennis Racket - Blue,£83.99,£105.00,Tennis Rackets,2026-10-07 16:39:16,Tennis Nuts,https://www.tennisnuts.com/shop/tennis/tennis-rackets/babolat-pure-drive-junior-26-gen-11-tennis-racket-blue-1686951.html,Babolat,3a050107ca38
T-Fight 255 Tennis Racket 2025,£107.99,£180.00,Tennis Rackets,2026-10-07 16:39:16,Tennis Nuts,https://www.tennisnuts.com/shop/tennis/tennis-rackets/tecnifibre-t-fight-255-tennis-racket-2025-1693943.html,Tecnifibre,f3822f996074
Pure Strike 100 16x19 Gen 4 Tennis Racket (2025),£179.99,£240.00,Tennis Rackets,2026-10-07 16:39:16,Tennis Nuts,https://www.tennisnuts.com/shop/tennis/tennis-rackets/babolat-pure-strike-100-16x19-gen4-tennis-racket-2025-1731387.html,Babolat,4dac57a1c570
Paw 19 Inch Junior Tennis Racket 2025 - White,£20.99,£28.00,Tennis Rackets,2026-10-07 16:39:16,Tennis Nuts,https://www.tennisnuts.com/shop/tennis/tennis-rackets/head-paw-19-inch-junior-tennis-racket-2025-white-1731652.html,HEAD,dd4a9212f7c9
VCore 98 Plus Tennis Racket (2026) [Frame Only] - Ruby Red,£233.99,£270.00,Tennis Rackets,2026-10-07 16:39:16,Tennis Nuts,https://www.tennisnuts.com/shop/tennis/tennis-rackets/yonex-vcore-98-plus-tennis-racket-2026-frame-only-ruby-red-1750785.html,Yonex,a80a957af16e
Gravity MP Tennis Racket 2025,£169.99,£230.00,Tennis Rackets,2026-10-07 16:39:16,Tennis Nuts,https://www.tennisnuts.com/shop/tennis/tennis-rackets/head-gravity-mp-tennis-racket-2025-1684247.html,HEAD,462906f2fa7c
Pure Strike Team Gen4 Tennis Racket (2025),£164.99,£220.00,Tennis Rackets,2026-10-07 16:39:16,Tennis Nuts,https://www.tennisnuts.com/shop/tennis/tennis-rackets/babolat-pure-strike-team-gen4-tennis-racket-2025-1731388.html,Babolat,159c6ef5d622
Percept 97D Tennis Racket [Frame Only] 2025 - Midnight Navy,£203.99,£255.00,Tennis Rackets,2026-10-07 16:39:16,Tennis Nuts,https://www.tennisnuts.com/shop/tennis/tennis-rackets/yonex-percept-97d-tennis-racket-frame-only-2025-midnight-navy-1731561.html,Yonex,c4d73d031a59
Paw 17 Inch Junior Tennis Racket 2025 - Blue,£20.99,£28.00,Tennis Rackets,2026-10-07 16:39:16,Tennis Nuts,https://www.tennisnuts.com/shop/tennis/tennis-rackets/head-paw-17-inch-junior-tennis-racket-2025-blue-1731653.html,HEAD,73d48940aee7
VCore 98 Tour Tennis Racket (2026) [Frame Only] - Ruby Red,£233.99,£270.00,Tennis Rackets,2026-10-07 16:39:16,Tennis Nuts,https://www.tennisnuts.com/shop/tennis/tennis-rackets/yonex-vcore-98-tour-tennis-racket-2026-frame-only-ruby-red-1750786.html,Yonex,07df856b02d4
Radical Elite Tennis Racket 2025,£89.99,£140.00,Tennis Rackets,2026-10-07 16:39:16,Tennis Nuts,https://www.tennisnuts.com/shop/tennis/tennis-rackets/head-radical-elite-tennis-racket-2025-1693313.html,HEAD,9f12cf9ccc47
Gravity Junior Tennis Racket 2025,£79.99,£100.00,Tennis Rackets,2026-10-07 16:39:16,Tennis Nuts,https://www.tennisnuts.com/shop/tennis/tennis-rackets/head-gravity-junior-tennis-racket-2025-1685416.html,HEAD,5913adff5764
Paw 19 Inch Junior Tennis Racket 2025 - Blue,£20.99,£28.00,Tennis Rackets,2026-10-07 16:39:16,Tennis Nuts,https://www.tennisnuts.com/shop/tennis/tennis-rackets/head-paw-19-inch-junior-tennis-racket-2025-blue-1731651.html,HEAD,c9ca993ae3c4
Speed Jr 25 Tennis Racket (2026),£59.99,£80.00,Tennis Rackets,2026-10-07 16:39:16,Tennis Nuts,https://www.tennisnuts.com/shop/tennis/tennis-rackets/head-speed-jr-25-tennis-racket-2026-1754854.html,HEAD,6c67e0350a15
Boom Alternate 26 Inch Junior Tennis Racket (2026),£82.49,£110.00,Tennis Rackets,2026-10-07 16:39:16,Tennis Nuts,https://www.tennisnuts.com/shop/tennis/tennis-rackets/head-boom-alternate-26-inch-junior-tennis-racket-2026-1759075.html,HEAD,3d697933343a
Pure Drive 98 Tennis Racket (2025) [Frame Only] (Set of 2 - Matched Pair),£399.99,£510.00,Tennis Rackets,2026-10-07 16:39:16,Tennis Nuts,https://www.tennisnuts.com/shop/tennis/tennis-rackets/babolat-pure-drive-98-tennis-racket-2025-frame-only-set-of-2-matched-pair-1686594.html,Babolat,c0d978374e5d
Pure Strike 97 Gen4 Tennis Racket (2025) (Set of Two - Matched Pair),£339.99,£510.00,Tennis Rackets,2026-10-07 16:39:16,Tennis Nuts,https://www.tennisnuts.com/shop/tennis/tennis-rackets/babolat-pure-strike-97-gen4-tennis-racket-2025-set-of-two-matched-pair-1732784.html,Babolat,4b3df35d2b98
Pure Aero 98 Tennis Racket Gen9 (2026) [Frame Only] (Set of Two - Matched Pair),£458.99,£510.00,Tennis Rackets,2026-10-07 16:39:16,Tennis Nuts,https://www.tennisnuts.com/shop/tennis/tennis-rackets/babolat-pure-aero-98-tennis-racket-gen9-2026-frame-only-set-of-two-matched-pair-1755676.html,Babolat,549fca4933ff
Percept 97L Tennis Racket [Frame Only] 2025,£203.99,£270.00,Tennis Rackets,2026-10-07 16:39:16,Tennis Nuts,https://www.tennisnuts.com/shop/tennis/tennis-rackets/yonex-percept-97l-tennis-racket-frame-only-2025-1731565.html,Yonex,95116f0b01d3
Pure Drive Gen11 Spectra Edition Tennis Racket [Frame Only],£206.99,£230.00,Tennis Rackets,2026-10-07 16:39:16,Tennis Nuts,https://www.tennisnuts.com/shop/tennis/tennis-rackets/babolat-pure-drive-gen11-spectra-edition-tennis-racket-frame-only-1767798.html,Babolat,9e72e04768f7
Pure Drive Wimbledon (Frame Only) Tennis Racket (2026),£184.99,£230.00,Tennis Rackets,2026-10-07 16:39:16,Tennis Nuts,https://www.tennisnuts.com/shop/tennis/tennis-rackets/babolat-pure-drive-wimbledon-frame-only-tennis-racket-2026-1764890.html,Babolat,0c97cfab28ff
Paw 21 Inch Junior Tennis Racket 2025 - White,£20.99,£28.00,Tennis Rackets,2026-10-07 16:39:16,Tennis Nuts,https://www.tennisnuts.com/shop/tennis/tennis-rackets/head-paw-21-inch-junior-tennis-racket-2025-white-1731650.html,HEAD,efc886daf60f
Ballfighter 25 Inch Junior Tennis Racket - Blue,£24.74,£33.00,Tennis Rackets,2026-10-07 16:39:16,Tennis Nuts,https://www.tennisnuts.com/shop/tennis/tennis-rackets/babolat-ballfighter-25-inch-junior-tennis-racket-blue-1640018.html,Babolat,2bd00445e00e
Gravity MP L Tennis Racket 2025,£149.99,£200.00,Tennis Rackets,2026-10-07 16:39:16,Tennis Nuts,https://www.tennisnuts.com/shop/tennis/tennis-rackets/head-gravity-mp-l-tennis-racket-2025-1684249.html,HEAD,9ecc92c27307
Boom MP Neon Tennis Racket (2025),£139.99,£210.00,Tennis Rackets,2026-10-07 16:39:16,Tennis Nuts,https://www.tennisnuts.com/shop/tennis/tennis-rackets/head-boom-mp-neon-tennis-racket-2025-1726768.html,HEAD,ba02c61dc4a1
Percept 100L Tennis Racket [Frame Only] (2025) - Midnight Navy,£189.99,£270.00,Tennis Rackets,2026-10-07 16:39:16,Tennis Nuts,https://www.tennisnuts.com/shop/tennis/tennis-rackets/yonex-percept-100l-tennis-racket-frame-only-2025-midnight-navy-1731562.html,Yonex,54c0fdb71380
T-Fight Tour 26 Inch Junior Tennis Racket,£79.99,£100.00,Tennis Rackets,2026-10-07 16:39:16,Tennis Nuts,https://www.tennisnuts.com/shop/tennis/tennis-rackets/tecnifibre-t-fight-tour-26-inch-junior-tennis-racket-1750083.html,Tecnifibre,69fb70831e5e
VCore Alpha Tennis Racket (2026) - Ruby Red,£149.99,£180.00,Tennis Rackets,2026-10-07 16:39:16,Tennis Nuts,https://www.tennisnuts.com/shop/tennis/tennis-rackets/yonex-vcore-alpha-tennis-racket-2026-ruby-red-1758927.html,Yonex,47361c580fe9
Boom Alternate 25 Inch Junior Tennis Racket (2026),£67.50,£90.00,Tennis Rackets,2026-10-07 16:39:16,Tennis Nuts,https://www.tennisnuts.com/shop/tennis/tennis-rackets/head-boom-alternate-25-inch-junior-tennis-racket-2026-1759079.html,HEAD,e84ffce97bef
Coco 25 Junior Tennis Racket - Purple (2026),£25.49,£30.00,Tennis Rackets,2026-10-07 16:39:16,Tennis Nuts,https://www.tennisnuts.com/shop/tennis/tennis-rackets/head-coco-25-junior-tennis-racket-purple-2026-1769773.html,HEAD,7365efbf2174
Ballfighter 17 Inch Junior Tennis Racket - Blue/Red,£22.49,£30.00,Tennis Rackets,2026-10-07 16:39:16,Tennis Nuts,https://www.tennisnuts.com/shop/tennis/tennis-rackets/babolat-ballfighter-17-inch-junior-tennis-racket-blue-1631429.html,Babolat,683d68f711c3
Boom MP L Tennis Racket (2024),£127.99,£190.00,Tennis Rackets,2026-10-07 16:39:16,Tennis Nuts,https://www.tennisnuts.com/shop/tennis/tennis-rackets/head-boom-mp-l-tennis-racket-2024-1655658.html,HEAD,cfadbfb13e9b
Extreme Elite Tennis Racket 2024,£90.99,£130.00,Tennis Rackets,2026-10-07 16:39:16,Tennis Nuts,https://www.tennisnuts.com/shop/tennis/tennis-rackets/head-extreme-elite-tennis-racket-2024-1668445.html,HEAD,83c3dbf1be12
Gravity Team Tennis Racket 2025,£144.99,£200.00,Tennis Rackets,2026-10-07 16:39:16,Tennis Nuts,https://www.tennisnuts.com/shop/tennis/tennis-rackets/head-gravity-team-tennis-racket-2025-1684250.html,HEAD,1403eebc2f51
Junior 19 Tennis Racket - Ocean Blue,£24.99,£31.00,Tennis Rackets,2026-10-07 16:39:16,Tennis Nuts,https://www.tennisnuts.com/shop/tennis/tennis-rackets/yonex-junior-19-tennis-racket-ocean-blue-1695065.html,Yonex,4a426be23389
IG Speed Jr 24 Tennis Racket (2026),£37.49,£50.00,Tennis Rackets,2026-10-07 16:39:16,Tennis Nuts,https://www.tennisnuts.com/shop/tennis/tennis-rackets/head-ig-speed-jr-24-tennis-racket-2026-1754865.html,HEAD,c01a1928099d
Coco 23 Junior Tennis Racket - Purple (2026),£25.49,£30.00,Tennis Rackets,2026-10-07 16:39:16,Tennis Nuts,https://www.tennisnuts.com/shop/tennis/tennis-rackets/head-coco-23-junior-tennis-racket-purple-2026-1769775.html,HEAD,7538338c8870
B'Fly 25 Inch Junior Tennis Racket,£24.74,£33.00,Tennis Rackets,2026-10-07 16:39:16,Tennis Nuts,https://www.tennisnuts.com/shop/tennis/tennis-rackets/babolat-b-fly-25-inch-junior-tennis-racket-1642302.html,Babolat,2be6eabb77c9
Boom 26 Inch Junior Graphite Tennis Racket (2024),£84.99,£110.00,Tennis Rackets,2026-10-07 16:39:16,Tennis Nuts,https://www.tennisnuts.com/shop/tennis/tennis-rackets/head-boom-26-inch-junior-graphite-tennis-racket-2024-1655665.html,HEAD,d01691ccacf0
Tempo Iga 23 Inch Junior Tennis Racket,£25.59,£32.00,Tennis Rackets,2026-10-07 16:39:16,Tennis Nuts,https://www.tennisnuts.com/shop/tennis/tennis-rackets/tecnifibre-tempo-iga-23-inch-junior-tennis-racket-1671456.html,Tecnifibre,74d92880d325
Speed MP Lite Tennis Racket (2026),£149.99,£200.00,Tennis Rackets,2026-10-07 16:39:16,Tennis Nuts,https://www.tennisnuts.com/shop/tennis/tennis-rackets/head-speed-mp-lite-tennis-racket-2026-1754805.html,HEAD,521bf21d7b9f
IG Speed Jr 23 Tennis Racket (2026),£37.49,£50.00,Tennis Rackets,2026-10-07 16:39:16,Tennis Nuts,https://www.tennisnuts.com/shop/tennis/tennis-rackets/head-ig-speed-jr-23-tennis-racket-2026-1754867.html,HEAD,a888dc8f9567
Coco 21 Junior Tennis Racket - Purple (2026),£23.79,£28.00,Tennis Rackets,2026-10-07 16:39:16,Tennis Nuts,https://www.tennisnuts.com/shop/tennis/tennis-rackets/head-coco-21-junior-tennis-racket-purple-2026-1769779.html,HEAD,756ff1635d8c
B'Fly 19 Inch Junior Tennis Racket,£21.23,£30.00,Tennis Rackets,2026-10-07 16:39:16,Tennis Nuts,https://www.tennisnuts.com/shop/tennis/tennis-rackets/babolat-b-fly-19-inch-junior-tennis-racket-1631442.html,Babolat,cc8783f3e446
Novak 23 Inch Junior Aluminium Tennis Racket - Black (2024),£23.99,£30.00,Tennis Rackets,2026-10-07 16:39:16,Tennis Nuts,https://www.tennisnuts.com/shop/tennis/tennis-rackets/head-novak-23-inch-junior-aluminium-tennis-racket-black-2024-1652874.html,HEAD,cc9090574c17
Tempo Iga 25 Inch Junior Tennis Racket,£26.39,£33.00,Tennis Rackets,2026-10-07 16:39:16,Tennis Nuts,https://www.tennisnuts.com/shop/tennis/tennis-rackets/tecnifibre-tempo-iga-25-inch-junior-tennis-racket-1671457.html,Tecnifibre,88bacd742530
EZONE 100L Tennis Racket (2025) - Blast Blue [Frame Only],£228.94,£270.00,Tennis Rackets,2026-10-07 16:39:16,Tennis Nuts,https://www.tennisnuts.com/shop/tennis/tennis-rackets/yonex-ezone-100l-tennis-racket-2025-blast-blue-frame-only-1681213.html,Yonex,0e03843c9933
EZONE 115 2025 Tennis Racket - Blast Blue,£147.99,£190.00,Tennis Rackets,2026-10-07 16:39:16,Tennis Nuts,https://www.tennisnuts.com/shop/tennis/tennis-rackets/yonex-ezone-115-2025-tennis-racket-blast-blue-1693282.html,Yonex,f034f414310a
Radical Team L Tennis Racket 2025,£121.49,£190.00,Tennis Rackets,2026-10-07 16:39:16,Tennis Nuts,https://www.tennisnuts.com/shop/tennis/tennis-rackets/head-radical-team-l-tennis-racket-2025-1693310.html,HEAD,3f58c5ae3fbb
Tempo Iga 26 Inch Junior Tennis Racket,£79.99,£100.00,Tennis Rackets,2026-10-07 16:39:16,Tennis Nuts,https://www.tennisnuts.com/shop/tennis/tennis-rackets/tecnifibre-tempo-iga-26-inch-junior-tennis-racket-1671458.html,Tecnifibre,1f2d591271bf
Percept 100 Tennis Racket [Frame Only] (2025) - Midnight/Navy,£199.99,£270.00,Tennis Rackets,2026-10-07 16:39:16,Tennis Nuts,https://www.tennisnuts.com/shop/tennis/tennis-rackets/yonex-percept-100-tennis-racket-frame-only-2025-midnight-navy-1731557.html,Yonex,ddb8b4cbe957
Gravity Pro Tennis Racket 2025,£184.99,£240.00,Tennis Rackets,2026-10-07 16:39:16,Tennis Nuts,https://www.tennisnuts.com/shop/tennis/tennis-rackets/head-gravity-pro-tennis-racket-2025-1684242.html,HEAD,bab08f91a7ea
Drive Jr 24 Tennis Racket - White,£44.99,£60.00,Tennis Rackets,2026-10-07 16:39:16,Tennis Nuts,https://www.tennisnuts.com/shop/tennis/tennis-rackets/babolat-drive-jr-24-tennis-racket-white-1695303.html,Babolat,6d5df455ec41
Vcore 26 Inch Junior Tennis Racket - Ruby Red,£107.99,£120.00,Tennis Rackets,2026-10-07 16:39:16,Tennis Nuts,https://www.tennisnuts.com/shop/tennis/tennis-rackets/yonex-vcore-26-inch-junior-tennis-racket-ruby-red-1754063.html,Yonex,4c6e69302759
Ballfighter 23 Inch Junior Tennis Racket - Blue/Yellow,£23.39,£33.00,Tennis Rackets,2026-10-07 16:39:16,Tennis Nuts,https://www.tennisnuts.com/shop/tennis/tennis-rackets/babolat-ballfighter-23-inch-junior-tennis-racket-blue-1631231.html,Babolat,3249a3923004
Gravity IG 26 Tennis Racket 2025,£47.49,£60.00,Tennis Rackets,2026-10-07 16:39:16,Tennis Nuts,https://www.tennisnuts.com/shop/tennis/tennis-rackets/head-gravity-ig-26-tennis-racket-2025-1685417.html,HEAD,ae31d130b16e
EZONE 98 Tour Tennis Racket 2025 - Blast Blue [Frame Only],£215.99,£270.00,Tennis Rackets,2026-10-07 16:39:16,Tennis Nuts,https://www.tennisnuts.com/shop/tennis/tennis-rackets/yonex-ezone-98-tour-tennis-racket-2025-blast-blue-frame-only-1693267.html,Yonex,ae4cb0d9c901
Percept 100D Tennis Racket [Frame Only] (2025) - Midnight/Navy,£189.99,£270.00,Tennis Rackets,2026-10-07 16:39:16,Tennis Nuts,https://www.tennisnuts.com/shop/tennis/tennis-rackets/yonex-percept-100d-tennis-racket-frame-only-2025-midnight-navy-1731560.html,Yonex,d767f4e43071
B'Fly 23 Inch Junior Tennis Racket - Purple/Pink,£24.74,£33.00,Tennis Rackets,2026-10-07 16:39:16,Tennis Nuts,https://www.tennisnuts.com/shop/tennis/tennis-rackets/babolat-b-fly-23-inch-junior-tennis-racket-purple-1631233.html,Babolat,ac0d5108da5d
Pure Aero Rafa Tennis Racket (2023) [Frame Only],£251.99,£280.00,Tennis Rackets,2026-10-07 16:39:16,Tennis Nuts,https://www.tennisnuts.com/shop/tennis/tennis-rackets/babolat-pure-aero-rafa-frame-only-tennis-racket-2023-1634613.html,Babolat,e0b0c6f0d8f3
Gravity 23 Inch Junior Tennis Racket 2025,£39.99,£50.00,Tennis Rackets,2026-10-07 16:39:16,Tennis Nuts,https://www.tennisnuts.com/shop/tennis/tennis-rackets/head-gravity-23-inch-junior-tennis-racket-2025-1685575.html,HEAD,f2f92efea653
EZONE 98L Tennis Racket (2025) - Blast Blue [Frame Only],£215.99,£270.00,Tennis Rackets,2026-10-07 16:39:16,Tennis Nuts,https://www.tennisnuts.com/shop/tennis/tennis-rackets/yonex-ezone-98l-tennis-racket-2025-blast-blue-frame-only-1693268.html,Yonex,f182cee13924
Junior 21 Tennis Racket - Ocean Blue,£26.99,£33.00,Tennis Rackets,2026-10-07 16:39:16,Tennis Nuts,https://www.tennisnuts.com/shop/tennis/tennis-rackets/yonex-junior-21-tennis-racket-ocean-blue-1695060.html,Yonex,139708fc7172
Speed MP Legend Tennis Racket (2025),£170.00,£230.00,Tennis Rackets,2026-10-07 16:39:16,Tennis Nuts,https://www.tennisnuts.com/shop/tennis/tennis-rackets/head-speed-mp-legend-tennis-racket-2025-1731420.html,HEAD,b5b87e3ff1b6
Evo Aero Lite Tennis Racket,£84.99,£140.00,Tennis Rackets,2026-10-07 16:39:16,Tennis Nuts,https://www.tennisnuts.com/shop/tennis/tennis-rackets/babolat-evo-aero-lite-tennis-racket-1666474.html,Babolat,17fe45d966bb
VCore 98 Tennis Racket (2026) [Frame Only] - Ruby Red,£215.94,£270.00,Tennis Rackets,2026-10-07 16:39:16,Tennis Nuts,https://www.tennisnuts.com/shop/tennis/tennis-rackets/yonex-vcore-98-tennis-racket-2026-frame-only-ruby-red-1750784.html,Yonex,da1342226bcf
IG Speed Jr 26 Tennis Racket (2026),£47.49,£60.00,Tennis Rackets,2026-10-07 16:39:16,Tennis Nuts,https://www.tennisnuts.com/shop/tennis/tennis-rackets/head-ig-speed-jr-26-tennis-racket-2026-1754861.html,HEAD,ce9c235a52ca
Mens Iconic Bermuda - White,£45.89,£54.00,Tennis Clothing,2026-10-07 16:39:27,Tennis Nuts,https://www.tennisnuts.com/shop/tennis/tennis-clothing/mens-tennis-clothing/joma-mens-iconic-bermuda-white-1769019.html,Joma,c4e8b72ab2d6
Mens Faraon Sweatshirt - Royal Blue,£25.49,£30.00,Tennis Clothing,2026-10-07 16:39:27,Tennis Nuts,https://www.tennisnuts.com/shop/tennis/tennis-clothing/mens-tennis-clothing/joma-mens-faraon-sweatshirt-royal-blue-1769224.html,Joma,63fd9996e75d
Mens Open III Bermuda - White,£24.29,£27.00,Tennis Clothing,2026-10-07 16:39:27,Tennis Nuts,https://www.tennisnuts.com/shop/tennis/tennis-clothing/mens-tennis-clothing/joma-mens-open-iii-bermuda-white-1760899.html,Joma,b217ed383643
Mens Open III Bermuda - Navy,£24.29,£27.00,Tennis Clothing,2026-10-07 16:39:27,Tennis Nuts,https://www.tennisnuts.com/shop/tennis/tennis-clothing/mens-tennis-clothing/joma-mens-open-iii-bermuda-navy-1760904.html,Joma,d9d64dc873d1
Mens Club Bermuda Shorts - Black,£34.99,£45.00,Tennis Clothing,2026-10-07 16:39:27,Tennis Nuts,https://www.tennisnuts.com/shop/tennis/tennis-clothing/mens-tennis-clothing/head-mens-club-bermuda-shorts-black-1493636.html,HEAD,6e5da972a497
Unisex Aero Cotton Tee - Black,£19.99,£27.00,Tennis Clothing,2026-10-07 16:39:27,Tennis Nuts,https://www.tennisnuts.com/shop/tennis/tennis-clothing/mens-tennis-clothing/babolat-unisex-aero-cotton-tee-black-1757971.html,Babolat,ff25617f0920
Mens YTM13 T-Shirt - Red,£25.19,£28.00,Tennis Clothing,2026-10-07 16:39:27,Tennis Nuts,https://www.tennisnuts.com/shop/tennis/tennis-clothing/mens-tennis-clothing/yonex-mens-ytm13-t-shirt-red-1770890.html,Yonex,c226210ef9c3
Mens Versalles Short Sleeve Tee - Navy,£13.49,£15.00,Tennis Clothing,2026-10-07 16:39:27,Tennis Nuts,https://www.tennisnuts.com/shop/tennis/tennis-clothing/mens-tennis-clothing/joma-mens-versalles-short-sleeve-tee-navy-1760883.html,Joma,1f09ddd1dc2e
Mens Club Shorts - Red,£31.99,£40.00,Tennis Clothing,2026-10-07 16:39:27,Tennis Nuts,https://www.tennisnuts.com/shop/tennis/tennis-clothing/mens-tennis-clothing/head-mens-club-shorts-red-1455935.html,HEAD,ab5ab1c4e48a
Mens Versalles Short Sleeve Tee - Black,£13.49,£15.00,Tennis Clothing,2026-10-07 16:39:27,Tennis Nuts,https://www.tennisnuts.com/shop/tennis/tennis-clothing/mens-tennis-clothing/joma-mens-versalles-short-sleeve-tee-black-1760874.html,Joma,b644d4e674d4
Mens Tennis 7 Inch Shorts - Maroon,£38.25,£45.00,Tennis Clothing,2026-10-07 16:39:27,Tennis Nuts,https://www.tennisnuts.com/shop/tennis/tennis-clothing/mens-tennis-clothing/adidas-mens-tennis-7-inch-shorts-maroon-1771171.html,Adidas,f870eb806803
Mens Fitness Inspired T-Shirt- Sterling Blue,£27.99,£35.00,Tennis Clothing,2026-10-07 16:39:27,Tennis Nuts,https://www.tennisnuts.com/shop/tennis/tennis-clothing/mens-tennis-clothing/fila-mens-fitness-inspired-t-shirt-sterling-blue-1760768.html,Fila,8192ed632474
Mens Terra Short Sleeve T-Shirt - Dark Navy/Fluor Turquoise,£25.49,£30.00,Tennis Clothing,2026-10-07 16:39:27,Tennis Nuts,https://www.tennisnuts.com/shop/tennis/tennis-clothing/mens-tennis-clothing/joma-mens-terra-short-sleeve-t-shirt-dark-navy-fluor-turquoise-1769170.html,Joma,5e49e143f882
Mens Artoni Swim Short- Fila Navy,£27.99,£35.00,Tennis Clothing,2026-10-07 16:39:27,Tennis Nuts,https://www.tennisnuts.com/shop/tennis/tennis-clothing/mens-tennis-clothing/fila-mens-artoni-swim-short-fila-navy-1758336.html,Fila,1d959b732576
Mens Monte Velour Shorts- Maritime Blue/Mango Mint,£43.99,£55.00,Tennis Clothing,2026-10-07 16:39:27,Tennis Nuts,https://www.tennisnuts.com/shop/tennis/tennis-clothing/mens-tennis-clothing/sergio-tacchini-mens-monte-velour-shorts-maritime-blue-mango-mint-1760849.html,Sergio Tacchini,fce34ff2927e
Mens Quartier Shorts - Navy,£49.99,£60.00,Tennis Clothing,2026-10-07 16:39:27,Tennis Nuts,https://www.tennisnuts.com/shop/tennis/tennis-clothing/mens-tennis-clothing/lacoste-mens-quartier-shorts-1200063.html,Lacoste,bd8ef2d3669e
Mens Graphic T-Shirt- Fila Navy,£19.99,£25.00,Tennis Clothing,2026-10-07 16:39:27,Tennis Nuts,https://www.tennisnuts.com/shop/tennis/tennis-clothing/mens-tennis-clothing/fila-mens-graphic-t-shirt-fila-navy-1760772.html,Fila,e09a7cf8eac4
Mens Combi Pro Polo Short Sleeve Shirt - Royal Blue,£42.49,£50.00,Tennis Clothing,2026-10-07 16:39:27,Tennis Nuts,https://www.tennisnuts.com/shop/tennis/tennis-clothing/mens-tennis-clothing/joma-mens-combi-pro-polo-short-sleeve-shirt-royal-blue-1769225.html,Joma,bfcd5aba12fc
Mens YTM14 T-Shirt - Coral,£25.19,£28.00,Tennis Clothing,2026-10-07 16:39:27,Tennis Nuts,https://www.tennisnuts.com/shop/tennis/tennis-clothing/mens-tennis-clothing/yonex-mens-ytm14-t-shirt-coral-1770894.html,Yonex,7d5f90fb4236
Mens YTM12 T-Shirt - Teal,£25.19,£28.00,Tennis Clothing,2026-10-07 16:39:27,Tennis Nuts,https://www.tennisnuts.com/shop/tennis/tennis-clothing/mens-tennis-clothing/yonex-mens-ytm12-t-shirt-teal-1770883.html,Yonex,07f53cf7e921
Mens Play Crew Neck Tee - Cyan Blue,£18.99,£27.00,Tennis Clothing,2026-10-07 16:39:27,Tennis Nuts,https://www.tennisnuts.com/shop/tennis/tennis-clothing/mens-tennis-clothing/babolat-mens-play-crew-neck-tee-cyan-blue-1707064.html,Babolat,a2d455cd547d
Mens YTM12 T-Shirt - Dark Teal,£25.19,£28.00,Tennis Clothing,2026-10-07 16:39:27,Tennis Nuts,https://www.tennisnuts.com/shop/tennis/tennis-clothing/mens-tennis-clothing/yonex-mens-ytm12-t-shirt-dark-teal-1770886.html,Yonex,73859345c676
Mens Terra Short Sleeve T-Shirt - White/Royal Blue,£25.49,£30.00,Tennis Clothing,2026-10-07 16:39:27,Tennis Nuts,https://www.tennisnuts.com/shop/tennis/tennis-clothing/mens-tennis-clothing/joma-mens-terra-short-sleeve-t-shirt-white-royal-blue-1769810.html,Joma,b7e1ab1d18c2
Mens Tennis Category Graphic T-Shirt - Pure Turbo,£25.49,£30.00,Tennis Clothing,2026-10-07 16:39:27,Tennis Nuts,https://www.tennisnuts.com/shop/tennis/tennis-clothing/mens-tennis-clothing/adidas-mens-tennis-category-graphic-t-shirt-pure-turbo-1768578.html,Adidas,0066ef99b59d
Mens Play Short - Cherry Tomato,£32.49,£41.00,Tennis Clothing,2026-10-07 16:39:27,Tennis Nuts,https://www.tennisnuts.com/shop/tennis/tennis-clothing/mens-tennis-clothing/babolat-mens-play-short-cherry-tomato-1755662.html,Babolat,abbc036adde7
Mens Classics T-Shirt - White,£44.99,£50.00,Tennis Clothing,2026-10-07 16:39:27,Tennis Nuts,https://www.tennisnuts.com/shop/tennis/tennis-clothing/mens-tennis-clothing/adidas-mens-classics-t-shirt-white-1767345.html,Adidas,0e2f8013d886
Mens Club Stretch Woven 9 Inch Shorts - White,£29.69,£35.00,Tennis Clothing,2026-10-07 16:39:27,Tennis Nuts,https://www.tennisnuts.com/shop/tennis/tennis-clothing/mens-tennis-clothing/adidas-mens-club-stretch-woven-9-inch-shorts-white-1758043.html,Adidas,6f2d6bd07cb8
Mens Sunny 2 Essential Tee - Pale Lilac,£19.99,£25.00,Tennis Clothing,2026-10-07 16:39:27,Tennis Nuts,https://www.tennisnuts.com/shop/tennis/tennis-clothing/mens-tennis-clothing/fila-mens-sunny-2-essential-tee-pale-lilac-1762971.html,Fila,29de4e286164
Mens Classics T-Shirt - Maroon,£44.99,£50.00,Tennis Clothing,2026-10-07 16:39:27,Tennis Nuts,https://www.tennisnuts.com/shop/tennis/tennis-clothing/mens-tennis-clothing/adidas-mens-classics-t-shirt-maroon-1767346.html,Adidas,47c7bf0589d1
Mens YTM13 T-Shirt - Storm,£25.19,£28.00,Tennis Clothing,2026-10-07 16:39:27,Tennis Nuts,https://www.tennisnuts.com/shop/tennis/tennis-clothing/mens-tennis-clothing/yonex-mens-ytm13-t-shirt-storm-1770891.html,Yonex,0b2bb9c083fc
Mens Versalles Short Sleeve Tee - White,£13.49,£15.00,Tennis Clothing,2026-10-07 16:39:27,Tennis Nuts,https://www.tennisnuts.com/shop/tennis/tennis-clothing/mens-tennis-clothing/joma-mens-versalles-short-sleeve-tee-white-1760882.html,Joma,a75e353642e0
Mens Challenge Short Sleeve T-Shirt - White,£16.19,£18.00,Tennis Clothing,2026-10-07 16:39:27,Tennis Nuts,https://www.tennisnuts.com/shop/tennis/tennis-clothing/mens-tennis-clothing/joma-mens-challenge-short-sleeve-t-shirt-white-1760922.html,Joma,b2a194172624
Mens Sunny 2 Essential Tee - Skyway,£19.99,£25.00,Tennis Clothing,2026-10-07 16:39:27,Tennis Nuts,https://www.tennisnuts.com/shop/tennis/tennis-clothing/mens-tennis-clothing/fila-mens-sunny-2-essential-tee-skyway-1762972.html,Fila,c73b3b2e3178
Mens Vintage Eco Retro Sweatshirt - Grey/Black,£38.24,£45.00,Tennis Clothing,2026-10-07 16:39:27,Tennis Nuts,https://www.tennisnuts.com/shop/tennis/tennis-clothing/mens-tennis-clothing/joma-mens-vintage-eco-retro-sweatshirt-grey-black-1769007.html,Joma,d441b8c6b318
Mens Club Bermuda Shorts - White,£34.99,£45.00,Tennis Clothing,2026-10-07 16:39:27,Tennis Nuts,https://www.tennisnuts.com/shop/tennis/tennis-clothing/mens-tennis-clothing/head-mens-club-bermuda-shorts-white-1493638.html,HEAD,b52a2b735f0c
Mens Aero Short - Grey/Aero,£39.09,£46.00,Tennis Clothing,2026-10-07 16:39:27,Tennis Nuts,https://www.tennisnuts.com/shop/tennis/tennis-clothing/mens-tennis-clothing/babolat-mens-aero-short-grey-aero-1757968.html,Babolat,55f1a5c66d89
Mens Fitness Inspired T-Shirt- Black,£27.99,£35.00,Tennis Clothing,2026-10-07 16:39:27,Tennis Nuts,https://www.tennisnuts.com/shop/tennis/tennis-clothing/mens-tennis-clothing/fila-mens-fitness-inspired-t-shirt-black-1758722.html,Fila,ca668fbf2687
Mens Tennis T-Shirt - Maroon,£42.49,£50.00,Tennis Clothing,2026-10-07 16:39:27,Tennis Nuts,https://www.tennisnuts.com/shop/tennis/tennis-clothing/mens-tennis-clothing/adidas-mens-tennis-t-shirt-maroon-1771167.html,Adidas,ffd660e406a6
Mens Aero Crew Neck Tee - Grey/Aero,£34.99,£46.00,Tennis Clothing,2026-10-07 16:39:27,Tennis Nuts,https://www.tennisnuts.com/shop/tennis/tennis-clothing/mens-tennis-clothing/babolat-mens-aero-crew-neck-tee-grey-aero-1757970.html,Babolat,e4948988c52a
Mens Smash Short Sleeve T-Shirt - Navy Blue,£38.24,£45.00,Tennis Clothing,2026-10-07 16:39:27,Tennis Nuts,https://www.tennisnuts.com/shop/tennis/tennis-clothing/mens-tennis-clothing/joma-mens-smash-short-sleeve-t-shirt-navy-blue-1769009.html,Joma,388c81d1e951
Mens Tennis US Category Graphic T-Shirt - Black,£25.49,£30.00,Tennis Clothing,2026-10-07 16:39:27,Tennis Nuts,https://www.tennisnuts.com/shop/tennis/tennis-clothing/mens-tennis-clothing/adidas-mens-tennis-us-category-graphic-t-shirt-black-1769289.html,Adidas,15f6355d94ec
Mens Tennis T-Shirt - Distilled Pink,£42.49,£50.00,Tennis Clothing,2026-10-07 16:39:27,Tennis Nuts,https://www.tennisnuts.com/shop/tennis/tennis-clothing/mens-tennis-clothing/adidas-mens-tennis-t-shirt-distilled-pink-1771169.html,Adidas,eca11d950460
Mens Play Crew Neck Tee - Fiesta Red,£18.99,£27.00,Tennis Clothing,2026-10-07 16:39:27,Tennis Nuts,https://www.tennisnuts.com/shop/tennis/tennis-clothing/mens-tennis-clothing/babolat-mens-play-crew-neck-tee-fiesta-red-1661424.html,Babolat,89e344b80505
Mens Play Short - Cyan,£21.44,£33.00,Tennis Clothing,2026-10-07 16:39:27,Tennis Nuts,https://www.tennisnuts.com/shop/tennis/tennis-clothing/mens-tennis-clothing/babolat-mens-play-short-cyan-1698041.html,Babolat,cc22d56237b8
Mens Romolo Swim Shorts - Light Lilac/Black,£27.99,£35.00,Tennis Clothing,2026-10-07 16:39:27,Tennis Nuts,https://www.tennisnuts.com/shop/tennis/tennis-clothing/mens-tennis-clothing/sergio-tacchini-mens-romolo-swim-shorts-light-lilac-black-1759972.html,Sergio Tacchini,63fec692a829
Mens Freelift Polo Pro Shirt - Distilled Pink,£55.24,£65.00,Tennis Clothing,2026-10-07 16:39:27,Tennis Nuts,https://www.tennisnuts.com/shop/tennis/tennis-clothing/mens-tennis-clothing/adidas-mens-freelift-polo-pro-shirt-distilled-pink-1769301.html,Adidas,9a010f2028f9
Mens Club Pants - White,£34.99,£50.00,Tennis Clothing,2026-10-07 16:39:27,Tennis Nuts,https://www.tennisnuts.com/shop/tennis/tennis-clothing/mens-tennis-clothing/head-mens-club-pants-white-1455906.html,HEAD,2940bb957ea8
Mens Terri Tee - Fila Navy/ Skyway,£23.99,£30.00,Tennis Clothing,2026-10-07 16:39:27,Tennis Nuts,https://www.tennisnuts.com/shop/tennis/tennis-clothing/mens-tennis-clothing/fila-mens-terri-tee-fila-navy-skyway-1762962.html,Fila,02f3d6c19d69
Mens YTM12 T-Shirt - Black,£25.19,£28.00,Tennis Clothing,2026-10-07 16:39:27,Tennis Nuts,https://www.tennisnuts.com/shop/tennis/tennis-clothing/mens-tennis-clothing/yonex-mens-ytm12-t-shirt-black-1770887.html,Yonex,0972dd9243e6
Mens YTM12 T-Shirt - White,£25.19,£28.00,Tennis Clothing,2026-10-07 16:39:27,Tennis Nuts,https://www.tennisnuts.com/shop/tennis/tennis-clothing/mens-tennis-clothing/yonex-mens-ytm12-t-shirt-white-1770888.html,Yonex,9d50016c3bb2
Mens Exercise Message Tee - Black,£17.59,£22.00,Tennis Clothing,2026-10-07 16:39:27,Tennis Nuts,https://www.tennisnuts.com/shop/tennis/tennis-clothing/mens-tennis-clothing/babolat-mens-exercise-message-tee-black-1697127.html,Babolat,41ed6187487d
Mens Club 25 Tech Hoodie- Royal Blue/White,£49.59,£62.00,Tennis Clothing,2026-10-07 16:39:27,Tennis Nuts,https://www.tennisnuts.com/shop/tennis/tennis-clothing/mens-tennis-clothing/head-mens-club-25-tech-hoodie-royal-blue-white-1699404.html,HEAD,f6d0b5c3094b
Mens Rally Full-Zip Hoodie - Navy,£49.59,£62.00,Tennis Clothing,2026-10-07 16:39:27,Tennis Nuts,https://www.tennisnuts.com/shop/tennis/tennis-clothing/mens-tennis-clothing/head-mens-rally-full-zip-hoodie-navy-1764987.html,HEAD,710773833038
Mens Exercise Message Tee - Black,£17.59,£22.00,Tennis Clothing,2026-10-07 16:39:27,Tennis Nuts,https://www.tennisnuts.com/shop/tennis/tennis-clothing/mens-tennis-clothing/babolat-mens-exercise-message-tee-black-1755678.html,Babolat,416ca6fbf557
Mens Graphic T-Shirt- Gardenia,£19.99,£25.00,Tennis Clothing,2026-10-07 16:39:27,Tennis Nuts,https://www.tennisnuts.com/shop/tennis/tennis-clothing/mens-tennis-clothing/fila-mens-graphic-t-shirt-gardenia-1760770.html,Fila,aaa77752ef8c
Mens Vintage Eco Retro Sweatshirt - Black/Grey,£38.24,£45.00,Tennis Clothing,2026-10-07 16:39:27,Tennis Nuts,https://www.tennisnuts.com/shop/tennis/tennis-clothing/mens-tennis-clothing/joma-mens-vintage-eco-retro-sweatshirt-black-grey-1769005.html,Joma,9ca8d0b64fdd
Mens Game SS Top- Midnight,£39.99,£49.00,Tennis Clothing,2026-10-07 16:39:27,Tennis Nuts,https://www.tennisnuts.com/shop/tennis/tennis-clothing/mens-tennis-clothing/asics-mens-game-ss-top-midnight-1767134.html,ASICS,bddd064e4c44
Mens Vintage Eco Retro Sweatshirt - Sky Blue/Grey,£38.24,£45.00,Tennis Clothing,2026-10-07 16:39:27,Tennis Nuts,https://www.tennisnuts.com/shop/tennis/tennis-clothing/mens-tennis-clothing/joma-mens-vintage-eco-retro-sweatshirt-sky-blue-grey-1769008.html,Joma,2f20e63113d7
Mens Exercise Hood Sweat - Black,£39.99,£55.00,Tennis Clothing,2026-10-07 16:39:27,Tennis Nuts,https://www.tennisnuts.com/shop/tennis/tennis-clothing/mens-tennis-clothing/babolat-mens-exercise-hood-sweat-black-1697138.html,Babolat,d322a266bff8
Mens Open III Bermuda - Black,£24.29,£27.00,Tennis Clothing,2026-10-07 16:39:27,Tennis Nuts,https://www.tennisnuts.com/shop/tennis/tennis-clothing/mens-tennis-clothing/joma-mens-open-iii-bermuda-black-1760891.html,Joma,807ddfc6b568
Mens Club T-Shirt - Pure Turbo,£25.49,£30.00,Tennis Clothing,2026-10-07 16:39:27,Tennis Nuts,https://www.tennisnuts.com/shop/tennis/tennis-clothing/mens-tennis-clothing/adidas-mens-club-t-shirt-pure-turbo-1768505.html,Adidas,25bec12daa0f
Unisex YHD6 Hoodie - Storm,£53.99,£60.00,Tennis Clothing,2026-10-07 16:39:27,Tennis Nuts,https://www.tennisnuts.com/shop/tennis/tennis-clothing/mens-tennis-clothing/yonex-unisex-yhd6-hoodie-storm-1770897.html,Yonex,fe05246fa2f9
Men Heritage Graphic Crew Sweatshirt - Red,£34.99,£55.00,Tennis Clothing,2026-10-07 16:39:27,Tennis Nuts,https://www.tennisnuts.com/shop/tennis/tennis-clothing/mens-tennis-clothing/adidas-men-heritage-graphic-crew-sweatshirt-red-1760783.html,Adidas,8365c33a04ac
Mens Tennis US Category Graphic T-Shirt - Cream,£25.49,£30.00,Tennis Clothing,2026-10-07 16:39:27,Tennis Nuts,https://www.tennisnuts.com/shop/tennis/tennis-clothing/mens-tennis-clothing/adidas-mens-tennis-us-category-graphic-t-shirt-cream-1768507.html,Adidas,6db5387d8851
Mens BB1 Classic Vintage Striped Polo - Misty Lilac/ White/ Dawn Blue,£29.99,£45.00,Tennis Clothing,2026-10-07 16:39:27,Tennis Nuts,https://www.tennisnuts.com/shop/tennis/tennis-clothing/mens-tennis-clothing/fila-mens-bb1-classic-vintage-striped-polo-misty-lilac-white-dawn-blue-1758324.html,Fila,167df0765512
Mens Masters Tee - Navy/White- Tonal Ringer,£23.99,£30.00,Tennis Clothing,2026-10-07 16:39:27,Tennis Nuts,https://www.tennisnuts.com/shop/tennis/tennis-clothing/mens-tennis-clothing/sergio-tacchini-mens-masters-tee-navy-white-tonal-ringer-1760845.html,Sergio Tacchini,d1cd9501265f
Mens Sunny 2 Essential Tee - Skyway/Fila Navy,£19.99,£25.00,Tennis Clothing,2026-10-07 16:39:27,Tennis Nuts,https://www.tennisnuts.com/shop/tennis/tennis-clothing/mens-tennis-clothing/fila-mens-sunny-2-essential-tee-skyway-fila-navy-1762964.html,Fila,6a06ef1b35e1
Unisex YML6 1/4 Zip Midlayer - Storm,£40.49,£45.00,Tennis Clothing,2026-10-07 16:39:27,Tennis Nuts,https://www.tennisnuts.com/shop/tennis/tennis-clothing/mens-tennis-clothing/yonex-unisex-yml6-1-4-zip-midlayer-storm-1770900.html,Yonex,7885c80f28a7
Mens Club Shorts - Anthracite,£31.99,£40.00,Tennis Clothing,2026-10-07 16:39:27,Tennis Nuts,https://www.tennisnuts.com/shop/tennis/tennis-clothing/mens-tennis-clothing/head-mens-club-shorts-anthracite-1548336.html,HEAD,d7d7cf9e2738
Mens Club Stretch Woven 9 Inch Shorts - Black,£27.99,£35.00,Tennis Clothing,2026-10-07 16:39:27,Tennis Nuts,https://www.tennisnuts.com/shop/tennis/tennis-clothing/mens-tennis-clothing/adidas-mens-club-stretch-woven-9-inch-shorts-black-1758039.html,Adidas,51860c67a6f3
Mens Locchi Tee - Maritime Blue/White,£23.99,£30.00,Tennis Clothing,2026-10-07 16:39:27,Tennis Nuts,https://www.tennisnuts.com/shop/tennis/tennis-clothing/mens-tennis-clothing/sergio-tacchini-mens-locchi-tee-maritime-blue-white-1759933.html,Sergio Tacchini,61c30d54d055
Men's Magnifico Denim Track Top - Blue,£29.99,£70.00,Tennis Clothing,2026-10-07 16:39:27,Tennis Nuts,https://www.tennisnuts.com/shop/tennis/tennis-clothing/mens-tennis-clothing/ellesse-men-s-magnifico-denim-track-top-blue-1556473.html,Ellesse,6a1f27843fb1
Mens Challenge Short Sleeve T-Shirt - Navy Blue,£16.19,£18.00,Tennis Clothing,2026-10-07 16:39:27,Tennis Nuts,https://www.tennisnuts.com/shop/tennis/tennis-clothing/mens-tennis-clothing/joma-mens-challenge-short-sleeve-t-shirt-navy-blue-1760923.html,Joma,eb6adff7514d
Mens Classics Polo Shirt - White,£49.49,£55.00,Tennis Clothing,2026-10-07 16:39:27,Tennis Nuts,https://www.tennisnuts.com/shop/tennis/tennis-clothing/mens-tennis-clothing/adidas-mens-classics-polo-shirt-white-1767348.html,Adidas,7fd9f5f2e1d6
Mens Play Crew Neck Tee - Sodalite Blue,£18.99,£27.00,Tennis Clothing,2026-10-07 16:39:27,Tennis Nuts,https://www.tennisnuts.com/shop/tennis/tennis-clothing/mens-tennis-clothing/babolat-mens-play-crew-neck-tee-sodalite-blue-1661423.html,Babolat,92144fe443d0
Mens Team AP Club Woven Shorts - Black,£22.49,£30.00,Tennis Clothing,2026-10-07 16:39:27,Tennis Nuts,https://www.tennisnuts.com/shop/tennis/tennis-clothing/mens-tennis-clothing/dunlop-mens-team-ap-club-woven-shorts-black-1693352.html,Dunlop,03247822c32e
Mens Club Original Hoodie FZ - Navy,£49.59,£62.00,Tennis Clothing,2026-10-07 16:39:27,Tennis Nuts,https://www.tennisnuts.com/shop/tennis/tennis-clothing/mens-tennis-clothing/head-mens-club-original-hoodie-fz-navy-1696101.html,HEAD,06142559ac54
Men Heritage Graphic Crew Sweatshirt - White/Blue,£34.99,£55.00,Tennis Clothing,2026-10-07 16:39:27,Tennis Nuts,https://www.tennisnuts.com/shop/tennis/tennis-clothing/mens-tennis-clothing/adidas-men-heritage-graphic-crew-sweatshirt-white-blue-1760782.html,Adidas,36ffc019e4a3
Mens Club 25 Jacket - Royal/White,£39.99,£62.00,Tennis Clothing,2026-10-07 16:39:27,Tennis Nuts,https://www.tennisnuts.com/shop/tennis/tennis-clothing/mens-tennis-clothing/head-mens-club-25-jacket-royal-white-1764642.html,HEAD,d96f45d8f5fc
Mens Breaker Jacket - Airforce Blue,£57.99,£85.00,Tennis Clothing,2026-10-07 16:39:27,Tennis Nuts,https://www.tennisnuts.com/shop/tennis/tennis-clothing/mens-tennis-clothing/head-mens-breaker-jacket-airforce-blue-1764976.html,HEAD,a82b51e5f4dd
Mens Classics Polo Shirt - Black,£49.49,£55.00,Tennis Clothing,2026-10-07 16:39:27,Tennis Nuts,https://www.tennisnuts.com/shop/tennis/tennis-clothing/mens-tennis-clothing/adidas-mens-classics-polo-shirt-black-1767349.html,Adidas,05d4e9304cdf
Mens Rainbow T-Shirt - White,£28.79,£36.00,Tennis Clothing,2026-10-07 16:39:27,Tennis Nuts,https://www.tennisnuts.com/shop/tennis/tennis-clothing/mens-tennis-clothing/head-mens-rainbow-t-shirt-white-1764979.html,HEAD,e58169f57b8d
Mens Classics Polo Shirt - Maroon,£49.49,£55.00,Tennis Clothing,2026-10-07 16:39:27,Tennis Nuts,https://www.tennisnuts.com/shop/tennis/tennis-clothing/mens-tennis-clothing/adidas-mens-classics-polo-shirt-maroon-1767351.html,Adidas,b0147477bc9f
Mens Club T-Shirt - Better Scarlet,£25.49,£30.00,Tennis Clothing,2026-10-07 16:39:27,Tennis Nuts,https://www.tennisnuts.com/shop/tennis/tennis-clothing/mens-tennis-clothing/adidas-mens-club-t-shirt-better-scarlet-1768506.html,Adidas,9da36dc2df12
Unisex YHD7 Hoodie - Teal,£53.99,£60.00,Tennis Clothing,2026-10-07 16:39:27,Tennis Nuts,https://www.tennisnuts.com/shop/tennis/tennis-clothing/mens-tennis-clothing/yonex-unisex-yhd7-hoodie-teal-1770898.html,Yonex,7bc08eaa3396
Unisex YML7 1/4 Zip Midlayer - Teal,£40.49,£45.00,Tennis Clothing,2026-10-07 16:39:27,Tennis Nuts,https://www.tennisnuts.com/shop/tennis/tennis-clothing/mens-tennis-clothing/yonex-unisex-yml7-1-4-zip-midlayer-teal-1770899.html,Yonex,4748102b6ad4
Mens Club Pants - Anthracite,£39.99,£50.00,Tennis Clothing,2026-10-07 16:39:27,Tennis Nuts,https://www.tennisnuts.com/shop/tennis/tennis-clothing/mens-tennis-clothing/head-mens-club-pants-anthracite-1548335.html,HEAD,42b201d98158
Mens Club Bermuda Shorts - Navy,£34.99,£45.00,Tennis Clothing,2026-10-07 16:39:27,Tennis Nuts,https://www.tennisnuts.com/shop/tennis/tennis-clothing/mens-tennis-clothing/head-mens-club-bermuda-shorts-navy-1695308.html,HEAD,31231a70de6f
Mens Tennis Category Graphic T-Shirt - White/Black,£25.49,£30.00,Tennis Clothing,2026-10-07 16:39:27,Tennis Nuts,https://www.tennisnuts.com/shop/tennis/tennis-clothing/mens-tennis-clothing/adidas-mens-tennis-category-graphic-t-shirt-white-black-1767344.html,Adidas,bdcf7f313668
Mens Club T-Shirt - Black,£25.49,£30.00,Tennis Clothing,2026-10-07 16:39:27,Tennis Nuts,https://www.tennisnuts.com/shop/tennis/tennis-clothing/mens-tennis-clothing/adidas-mens-club-t-shirt-black-1767367.html,Adidas,d65c09c038ff
Mens Club Shorts - Navy,£29.99,£40.00,Tennis Clothing,2026-10-07 16:39:27,Tennis Nuts,https://www.tennisnuts.com/shop/tennis/tennis-clothing/mens-tennis-clothing/head-mens-club-shorts-navy-1660129.html,HEAD,37bacd132023
Mens Club 25 Tech T-Shirt - Royal White,£24.99,£36.00,Tennis Clothing,2026-10-07 16:39:27,Tennis Nuts,https://www.tennisnuts.com/shop/tennis/tennis-clothing/mens-tennis-clothing/head-mens-club-25-tech-t-shirt-royal-white-1695309.html,HEAD,effa7039922f
Men Supermac Polo - Black/ Light Lilac/ White,£29.99,£45.00,Tennis Clothing,2026-10-07 16:39:27,Tennis Nuts,https://www.tennisnuts.com/shop/tennis/tennis-clothing/mens-tennis-clothing/sergio-tacchini-men-supermac-polo-black-light-lilac-white-1759965.html,Sergio Tacchini,410884dbdfc5
Mens Masters Tee - Baltic Sea/Maritime Blue,£23.99,£30.00,Tennis Clothing,2026-10-07 16:39:27,Tennis Nuts,https://www.tennisnuts.com/shop/tennis/tennis-clothing/mens-tennis-clothing/sergio-tacchini-mens-masters-tee-baltic-sea-maritime-blue-1760848.html,Sergio Tacchini,977af4824397
Mens Climacool Freelift Pro Tee - Black,£49.49,£55.00,Tennis Clothing,2026-10-07 16:39:27,Tennis Nuts,https://www.tennisnuts.com/shop/tennis/tennis-clothing/mens-tennis-clothing/adidas-mens-climacool-freelift-pro-tee-black-1762867.html,Adidas,312ac53ced89
Mens Topspin T-Shirt - Turquoise/Print Vision,£34.99,£54.00,Tennis Clothing,2026-10-07 16:39:27,Tennis Nuts,https://www.tennisnuts.com/shop/tennis/tennis-clothing/mens-tennis-clothing/head-mens-topspin-t-shirt-turquoise-print-vision-1764963.html,HEAD,80db3339b78d
Mens Heritage Tee - Maroon,£26.99,£30.00,Tennis Clothing,2026-10-07 16:39:27,Tennis Nuts,https://www.tennisnuts.com/shop/tennis/tennis-clothing/mens-tennis-clothing/adidas-mens-heritage-tee-maroon-1767513.html,Adidas,440850e04a8b
Mens Climacool Freelift Pro Tee - Glow Blue,£49.49,£55.00,Tennis Clothing,2026-10-07 16:39:27,Tennis Nuts,https://www.tennisnuts.com/shop/tennis/tennis-clothing/mens-tennis-clothing/adidas-mens-climacool-freelift-pro-tee-glow-blue-1762878.html,Adidas,b7c9c4cd8fa2
Mens Rally Full-Zip Hoodie - Airforce Blue,£39.99,£62.00,Tennis Clothing,2026-10-07 16:39:27,Tennis Nuts,https://www.tennisnuts.com/shop/tennis/tennis-clothing/mens-tennis-clothing/head-mens-rally-full-zip-hoodie-airforce-blue-1764988.html,HEAD,3fde5d56cebd
Mens Topspin T-Shirt - Purple/Print Vision,£34.99,£54.00,Tennis Clothing,2026-10-07 16:39:27,Tennis Nuts,https://www.tennisnuts.com/shop/tennis/tennis-clothing/mens-tennis-clothing/head-mens-topspin-t-shirt-purple-print-vision-1764968.html,HEAD,3d50d3e17da3
Mens Crew Sweatshirt - Red,£24.99,£50.00,Tennis Clothing,2026-10-07 16:39:27,Tennis Nuts,https://www.tennisnuts.com/diadora-mens-crew-sweatshirt-red-1406705.html,Diadora,f19d9734e747
Mens Play Crew Neck Tee - Black,£18.99,£27.00,Tennis Clothing,2026-10-07 16:39:27,Tennis Nuts,https://www.tennisnuts.com/shop/tennis/tennis-clothing/mens-tennis-clothing/babolat-mens-play-crew-neck-tee-black-1661422.html,Babolat,82d78c4ada98
Mens Climacool Ergo Shorts - Legend Ink,£38.24,£45.00,Tennis Clothing,2026-10-07 16:39:27,Tennis Nuts,https://www.tennisnuts.com/shop/tennis/tennis-clothing/mens-tennis-clothing/adidas-mens-climacool-ergo-shorts-legend-ink-1760780.html,Adidas,24d0e519dd64
Mens Breaker Jacket - Navy,£57.99,£85.00,Tennis Clothing,2026-10-07 16:39:27,Tennis Nuts,https://www.tennisnuts.com/shop/tennis/tennis-clothing/mens-tennis-clothing/head-mens-breaker-jacket-navy-1764975.html,HEAD,1f62aeac269f
"Mens Match 7"" Shorts- Midnight",£49.99,£63.00,Tennis Clothing,2026-10-07 16:39:27,Tennis Nuts,https://www.tennisnuts.com/shop/tennis/tennis-clothing/mens-tennis-clothing/asics-mens-match-7-shorts-midnight-1767137.html,ASICS,af51ade561ba
Mens Master Tee - Quiet Green/Gardenia,£23.99,£30.00,Tennis Clothing,2026-10-07 16:39:27,Tennis Nuts,https://www.tennisnuts.com/shop/tennis/tennis-clothing/mens-tennis-clothing/sergio-tacchini-mens-master-tee-quiet-green-gardenia-1762954.html,Sergio Tacchini,09b459eb277b
Mens Match SS Top- Brilliant White,£49.99,£63.00,Tennis Clothing,2026-10-07 16:39:27,Tennis Nuts,https://www.tennisnuts.com/shop/tennis/tennis-clothing/mens-tennis-clothing/asics-mens-match-ss-top-brilliant-white-1767138.html,ASICS,07b8f0393996
Mens Felton Tee - Pansy,£19.99,£25.00,Tennis Clothing,2026-10-07 16:39:27,Tennis Nuts,https://www.tennisnuts.com/shop/tennis/tennis-clothing/mens-tennis-clothing/sergio-tacchini-mens-felton-tee-pansy-1759959.html,Sergio Tacchini,7e32c80eba33
Precision Training Lycra Shorts - White,£4.99,£10.00,Tennis Clothing,2026-10-07 16:39:27,Tennis Nuts,https://www.tennisnuts.com/shop/tennis/tennis-clothing/mens-tennis-clothing/precision-training-lycra-shorts-565566.html,,bfbfbac2dbdd
Mens Play Short - White,£21.44,£33.00,Tennis Clothing,2026-10-07 16:39:27,Tennis Nuts,https://www.tennisnuts.com/shop/tennis/tennis-clothing/mens-tennis-clothing/babolat-mens-play-short-white-1661428.html,Babolat,c9eef0b6c4c3
Mens Club Original T-Shirt - White,£18.99,£26.00,Tennis Clothing,2026-10-07 16:39:27,Tennis Nuts,https://www.tennisnuts.com/shop/tennis/tennis-clothing/mens-tennis-clothing/head-mens-club-original-t-shirt-white-1695319.html,HEAD,e5745eb685c6
Mens Club Original Hoodie FZ - Grey,£39.99,£62.00,Tennis Clothing,2026-10-07 16:39:27,Tennis Nuts,https://www.tennisnuts.com/shop/tennis/tennis-clothing/mens-tennis-clothing/head-mens-club-original-hoodie-fz-grey-1698071.html,HEAD,4ab929587e9b
Mens Felton Tee - Lilac,£19.99,£25.00,Tennis Clothing,2026-10-07 16:39:27,Tennis Nuts,https://www.tennisnuts.com/shop/tennis/tennis-clothing/mens-tennis-clothing/sergio-tacchini-mens-felton-tee-lilac-1759961.html,Sergio Tacchini,019c42864ef6
Mens Heritage Tee - Dark Blue,£19.99,£30.00,Tennis Clothing,2026-10-07 16:39:27,Tennis Nuts,https://www.tennisnuts.com/shop/tennis/tennis-clothing/mens-tennis-clothing/adidas-mens-heritage-tee-dark-blue-1760701.html,Adidas,3318870a1ed0
Mens Club T-Shirt - Royal Blue,£25.49,£30.00,Tennis Clothing,2026-10-07 16:39:27,Tennis Nuts,https://www.tennisnuts.com/shop/tennis/tennis-clothing/mens-tennis-clothing/adidas-mens-club-t-shirt-royal-blue-1767328.html,Adidas,b4243093f6c4
Mens Quartier Plain Shorts - Black,£49.99,£60.00,Tennis Clothing,2026-10-07 16:39:27,Tennis Nuts,https://www.tennisnuts.com/shop/tennis/tennis-clothing/mens-tennis-clothing/lacoste-mens-quartier-plain-shorts-725842.html,Lacoste,fca645a22fc5
Mens Nolish Fleece Shorts - Blue/White,£17.49,£35.00,Tennis Clothing,2026-10-07 16:39:27,Tennis Nuts,https://www.tennisnuts.com/shop/tennis/tennis-clothing/mens-tennis-clothing/ellesse-mens-nolish-fleece-shorts-blue-white-1558403.html,Ellesse,a981fc3bdea6
Mens Club Original Hoodie - Royal Blue,£39.99,£50.00,Tennis Clothing,2026-10-07 16:39:27,Tennis Nuts,https://www.tennisnuts.com/shop/tennis/tennis-clothing/mens-tennis-clothing/head-mens-club-original-hoodie-royal-blue-1698073.html,HEAD,6bd448e2eea0
Precision Training Lycra Shorts - Blue,£4.99,£10.00,Tennis Clothing,2026-10-07 16:39:27,Tennis Nuts,https://www.tennisnuts.com/shop/tennis/tennis-clothing/mens-tennis-clothing/precision-training-lycra-shorts-1134410.html,,eeb4cb505f9e
Mens Club Shorts - Royal Blue,£31.99,£40.00,Tennis Clothing,2026-10-07 16:39:27,Tennis Nuts,https://www.tennisnuts.com/shop/tennis/tennis-clothing/mens-tennis-clothing/head-mens-club-shorts-royal-blue-1455936.html,HEAD,3c67b7dde6e0
Mens Club Basic T-Shirt - White,£14.39,£18.00,Tennis Clothing,2026-10-07 16:39:27,Tennis Nuts,https://www.tennisnuts.com/shop/tennis/tennis-clothing/mens-tennis-clothing/head-mens-club-basic-t-shirt-white-1631465.html,HEAD,a5c9e86f982c
Mens Challenge Full Zip Jacket- Blue,£39.99,£45.00,Tennis Clothing,2026-10-07 16:39:27,Tennis Nuts,https://www.tennisnuts.com/shop/tennis/tennis-clothing/mens-tennis-clothing/joma-mens-challenge-full-zip-jacket-blue-1760920.html,Joma,39f7a5e17f76
Precision Training Lycra Shorts - Red,£4.99,£10.00,Tennis Clothing,2026-10-07 16:39:27,Tennis Nuts,https://www.tennisnuts.com/shop/tennis/tennis-clothing/mens-tennis-clothing/precision-training-lycra-shorts-1134434.html,,1307e09824e5
Mens Club Shorts - Black,£31.99,£40.00,Tennis Clothing,2026-10-07 16:39:27,Tennis Nuts,https://www.tennisnuts.com/shop/tennis/tennis-clothing/mens-tennis-clothing/head-mens-club-shorts-black-1455938.html,HEAD,0b95ea330ced
Mens Fleece Sweatpants - Black,£54.99,£85.00,Tennis Clothing,2026-10-07 16:39:27,Tennis Nuts,https://www.tennisnuts.com/shop/tennis/tennis-clothing/mens-tennis-clothing/lacoste-mens-fleece-sweatpants-black-1536635.html,Lacoste,5581e0b04adc
Mens Scacchi Fleece Shorts - Blue/White,£17.49,£35.00,Tennis Clothing,2026-10-07 16:39:27,Tennis Nuts,https://www.tennisnuts.com/shop/tennis/tennis-clothing/mens-tennis-clothing/ellesse-mens-scacchi-fleece-shorts-blue-white-1558408.html,Ellesse,44ef98bb41ac
Mens Sport Padded And Reversible Vest Jacket - Black/Blue,£59.99,£179.00,Tennis Clothing,2026-10-07 16:39:27,Tennis Nuts,https://www.tennisnuts.com/shop/tennis/tennis-clothing/mens-tennis-clothing/lacoste-mens-sport-padded-and-reversible-vest-jacket-black-blue-1617831.html,Lacoste,0ddb1bae7364
Mens Aprelvie T-Shirt - Black,£12.49,£25.00,Tennis Clothing,2026-10-07 16:39:27,Tennis Nuts,https://www.tennisnuts.com/shop/tennis/tennis-clothing/mens-tennis-clothing/ellesse-mens-aprelvie-t-shirt-black-1655186.html,Ellesse,75ce1a9375e9
Mens Exercise Message Tee - Yellow,£17.59,£22.00,Tennis Clothing,2026-10-07 16:39:27,Tennis Nuts,https://www.tennisnuts.com/shop/tennis/tennis-clothing/mens-tennis-clothing/babolat-mens-exercise-message-tee-yellow-1697128.html,Babolat,555df2141a5f
Mens Play Short - White/Orange,£26.39,£33.00,Tennis Clothing,2026-10-07 16:39:27,Tennis Nuts,https://www.tennisnuts.com/shop/tennis/tennis-clothing/mens-tennis-clothing/babolat-mens-play-short-white-orange-1705945.html,Babolat,db29aa6fe5f7
Men Supermac Polo - Gardenia/Pansy,£29.99,£45.00,Tennis Clothing,2026-10-07 16:39:27,Tennis Nuts,https://www.tennisnuts.com/shop/tennis/tennis-clothing/mens-tennis-clothing/sergio-tacchini-men-supermac-polo-gardenia-pansy-1759966.html,Sergio Tacchini,7f9923d986e5
Mens Topspin T-Shirt - Royal/Print Vision,£34.99,£54.00,Tennis Clothing,2026-10-07 16:39:27,Tennis Nuts,https://www.tennisnuts.com/shop/tennis/tennis-clothing/mens-tennis-clothing/head-mens-topspin-t-shirt-royal-print-vision-1764964.html,HEAD,33aafc3df60a
Mens Diavola Shorts - Black,£17.49,£35.00,Tennis Clothing,2026-10-07 16:39:27,Tennis Nuts,https://www.tennisnuts.com/shop/tennis/tennis-clothing/mens-tennis-clothing/ellesse-mens-diavola-shorts-black-1558438.html,Ellesse,5ed93deaf751
Mens Techfit Tight Shorts - Black,£16.79,£28.00,Tennis Clothing,2026-10-07 16:39:27,Tennis Nuts,https://www.tennisnuts.com/shop/tennis/tennis-clothing/mens-tennis-clothing/adidas-mens-techfit-tight-shorts-black-1621034.html,Adidas,cd89da0270e5
Mens Freelift Tee - Purple Burst,£29.99,£50.00,Tennis Clothing,2026-10-07 16:39:27,Tennis Nuts,https://www.tennisnuts.com/shop/tennis/tennis-clothing/mens-tennis-clothing/adidas-mens-freelift-tee-purple-burst-1668167.html,Adidas,171d63290da2
Mens Club 25 Tech Hoodie- Navy/White,£49.59,£62.00,Tennis Clothing,2026-10-07 16:39:27,Tennis Nuts,https://www.tennisnuts.com/shop/tennis/tennis-clothing/mens-tennis-clothing/head-mens-club-25-tech-hoodie-navy-white-1695313.html,HEAD,039b9cac4d99
Mens Exercise Message Tee - Blue,£18.69,£22.00,Tennis Clothing,2026-10-07 16:39:27,Tennis Nuts,https://www.tennisnuts.com/shop/tennis/tennis-clothing/mens-tennis-clothing/babolat-mens-exercise-message-tee-blue-1755679.html,Babolat,762108626553
Mens Dallas Track Top - Black/Light Lilac,£55.99,£70.00,Tennis Clothing,2026-10-07 16:39:27,Tennis Nuts,https://www.tennisnuts.com/shop/tennis/tennis-clothing/mens-tennis-clothing/sergio-tacchini-mens-dallas-track-top-black-light-lilac-1759967.html,Sergio Tacchini,e9ec1e15c135
Mens Club 25 Jacket- Navy/White,£49.59,£62.00,Tennis Clothing,2026-10-07 16:39:27,Tennis Nuts,https://www.tennisnuts.com/shop/tennis/tennis-clothing/mens-tennis-clothing/head-mens-club-25-jacket-navy-white-1695315.html,HEAD,a3f44a02b2f4
Tennis CLIMACOOL+ FREELIFT T-Shirt- Pure Orange,£46.99,£55.00,Tennis Clothing,2026-10-07 16:39:27,Tennis Nuts,https://www.tennisnuts.com/shop/tennis/tennis-clothing/mens-tennis-clothing/adidas-tennis-climacool-freelift-t-shirt-pure-orange-1754788.html,Adidas,ff2ec0eccbd5
Mens Graphic Tee - Black,£27.49,£36.00,Tennis Clothing,2026-10-07 16:39:27,Tennis Nuts,https://www.tennisnuts.com/shop/tennis/tennis-clothing/mens-tennis-clothing/babolat-mens-graphic-tee-black-1755680.html,Babolat,7a6d66f8d86b
Mens Club Climacool 3 Stripes Shorts - Blue,£27.99,£35.00,Tennis Clothing,2026-10-07 16:39:27,Tennis Nuts,https://www.tennisnuts.com/shop/tennis/tennis-clothing/mens-tennis-clothing/adidas-mens-club-climacool-3-stripes-shorts-blue-1758177.html,Adidas,44b44c0f79bf
Men Supermac Tee - White/Maritime Blue/Adrenaline Rush,£23.99,£30.00,Tennis Clothing,2026-10-07 16:39:27,Tennis Nuts,https://www.tennisnuts.com/shop/tennis/tennis-clothing/mens-tennis-clothing/sergio-tacchini-men-supermac-tee-white-maritime-blue-adrenaline-rush-1759950.html,Sergio Tacchini,64185efd202b
Mens Dallas Track Top - White/Maritime Blue/Adrenaline Rush,£44.99,£70.00,Tennis Clothing,2026-10-07 16:39:27,Tennis Nuts,https://www.tennisnuts.com/shop/tennis/tennis-clothing/mens-tennis-clothing/sergio-tacchini-mens-dallas-track-top-white-maritime-blue-adrenaline-rush-1759968.html,Sergio Tacchini,08c4def497a4
Mens Young Line Polo - Quiet Green/Gardenia,£35.99,£45.00,Tennis Clothing,2026-10-07 16:39:27,Tennis Nuts,https://www.tennisnuts.com/shop/tennis/tennis-clothing/mens-tennis-clothing/sergio-tacchini-mens-young-line-polo-quiet-green-gardenia-1762951.html,Sergio Tacchini,e4c0bbda7db0
Mens Club Basic T-Shirt - Black,£14.39,£18.00,Tennis Clothing,2026-10-07 16:39:27,Tennis Nuts,https://www.tennisnuts.com/shop/tennis/tennis-clothing/mens-tennis-clothing/head-mens-club-basic-t-shirt-black-1764640.html,HEAD,8edc26fa2306
Mens Squadra III 9 Inch Shorts - White,£14.99,£26.00,Tennis Clothing,2026-10-07 16:39:27,Tennis Nuts,https://www.tennisnuts.com/shop/tennis/tennis-clothing/mens-tennis-clothing/lotto-mens-squadra-iii-9-inch-shorts-white-1638890.html,Lotto,99f00f8d8456
Mens Backspin Shorts - Black,£24.99,£50.00,Tennis Clothing,2026-10-07 16:39:27,Tennis Nuts,https://www.tennisnuts.com/shop/tennis/tennis-clothing/mens-tennis-clothing/fila-mens-backspin-shorts-black-1647292.html,Fila,afbdfc1d053e
Unisex Exercise Hood Sweat - Illusion Blue,£39.99,£55.00,Tennis Clothing,2026-10-07 16:39:27,Tennis Nuts,https://www.tennisnuts.com/shop/tennis/tennis-clothing/mens-tennis-clothing/babolat-unisex-exercise-hood-sweat-illusion-blue-1755682.html,Babolat,859372089fa6
Mens Felton Tee - Harbour Blue,£19.99,£25.00,Tennis Clothing,2026-10-07 16:39:27,Tennis Nuts,https://www.tennisnuts.com/shop/tennis/tennis-clothing/mens-tennis-clothing/sergio-tacchini-mens-felton-tee-harbour-blue-1759958.html,Sergio Tacchini,af652ad7160e
Mens Power Shorts - Purple/White,£32.49,£54.00,Tennis Clothing,2026-10-07 16:39:27,Tennis Nuts,https://www.tennisnuts.com/shop/tennis/tennis-clothing/mens-tennis-clothing/head-mens-power-shorts-purple-white-1762109.html,HEAD,175159479bf8
Mens Quartier Taffeta Shorts - White,£49.99,£60.00,Tennis Clothing,2026-10-07 16:39:27,Tennis Nuts,https://www.tennisnuts.com/shop/tennis/tennis-clothing/mens-tennis-clothing/lacoste-mens-quartier-taffeta-545949.html,Lacoste,8d6a6746be92
Mens Fifth Tee - Black,£14.99,£30.00,Tennis Clothing,2026-10-07 16:39:27,Tennis Nuts,https://www.tennisnuts.com/shop/tennis/tennis-clothing/mens-tennis-clothing/ellesse-mens-fifth-tee-black-1642552.html,Ellesse,e0d8125452f5
Mens Club Ivan T-Shirt - Dark Blue,£14.99,£25.00,Tennis Clothing,2026-10-07 16:39:27,Tennis Nuts,https://www.tennisnuts.com/shop/tennis/tennis-clothing/mens-tennis-clothing/head-mens-club-ivan-t-shirt-dark-blue-1660107.html,HEAD,6f5bb24ae90e
Mens Club 25 Tech T-Shirt - Navy/White,£24.99,£36.00,Tennis Clothing,2026-10-07 16:39:27,Tennis Nuts,https://www.tennisnuts.com/shop/tennis/tennis-clothing/mens-tennis-clothing/head-mens-club-25-tech-t-shirt-navy-white-1695306.html,HEAD,35f238f76adf
Mens Club Climacool 3 Stripes Tee - Black,£24.99,£36.00,Tennis Clothing,2026-10-07 16:39:27,Tennis Nuts,https://www.tennisnuts.com/shop/tennis/tennis-clothing/mens-tennis-clothing/adidas-mens-club-climacool-3-stripes-tee-black-1758292.html,Adidas,c70f15efd62d
Mens Power Shorts - Airforce Blue/White,£32.49,£54.00,Tennis Clothing,2026-10-07 16:39:27,Tennis Nuts,https://www.tennisnuts.com/shop/tennis/tennis-clothing/mens-tennis-clothing/head-mens-power-shorts-airforce-blue-white-1762110.html,HEAD,16a7311dda2a
Mens Terri Tee- Skyway/Fila Navy,£23.99,£30.00,Tennis Clothing,2026-10-07 16:39:27,Tennis Nuts,https://www.tennisnuts.com/shop/tennis/tennis-clothing/mens-tennis-clothing/fila-mens-terri-tee-skyway-fila-navy-1762961.html,Fila,486fcb375ada
Mens Record III Short Sleeve T-Shirt - Royal Blue,£30.59,£34.00,Tennis Clothing,2026-10-07 16:39:27,Tennis Nuts,https://www.tennisnuts.com/shop/tennis/tennis-clothing/mens-tennis-clothing/joma-mens-record-iii-short-sleeve-t-shirt-royal-blue-1767257.html,Joma,e57ecc618157
Mens Terra Short Sleeve Polo Shirt - White/Royal Blue,£29.74,£35.00,Tennis Clothing,2026-10-07 16:39:27,Tennis Nuts,https://www.tennisnuts.com/shop/tennis/tennis-clothing/mens-tennis-clothing/joma-mens-terra-short-sleeve-polo-shirt-white-royal-blue-1769011.html,Joma,42214fb42e03
Mens Kandinsky Tee - Light Grey,£13.99,£28.00,Tennis Clothing,2026-10-07 16:39:27,Tennis Nuts,https://www.tennisnuts.com/shop/tennis/tennis-clothing/mens-tennis-clothing/ellesse-mens-kandinsky-tee-light-grey-1547413.html,Ellesse,7edef4dfda1e
Mens Vernon Tee - Light Grey,£14.99,£35.00,Tennis Clothing,2026-10-07 16:39:27,Tennis Nuts,https://www.tennisnuts.com/shop/tennis/tennis-clothing/mens-tennis-clothing/ellesse-mens-vernon-tee-light-grey-1642553.html,Ellesse,50b0b859bfa5
Mens Club Colin Tee (2024) - Black,£17.99,£30.00,Tennis Clothing,2026-10-07 16:39:27,Tennis Nuts,https://www.tennisnuts.com/shop/tennis/tennis-clothing/mens-tennis-clothing/head-mens-club-colin-tee-2024-black-1660126.html,HEAD,f2a3a094304d
Mens AP Club Pants - Navy,£33.79,£45.00,Tennis Clothing,2026-10-07 16:39:27,Tennis Nuts,https://www.tennisnuts.com/shop/tennis/tennis-clothing/mens-tennis-clothing/dunlop-mens-ap-club-pants-navy-1693938.html,Dunlop,4aa6e537a6f5
Mens Tristiano Textured Polo- Fila Navy,£29.99,£50.00,Tennis Clothing,2026-10-07 16:39:27,Tennis Nuts,https://www.tennisnuts.com/shop/tennis/tennis-clothing/mens-tennis-clothing/fila-mens-tristiano-textured-polo-fila-navy-1758323.html,Fila,3619aba7abae
Mens Pietrapertosa Retro Sports- Maritime Blue/White,£35.99,£45.00,Tennis Clothing,2026-10-07 16:39:27,Tennis Nuts,https://www.tennisnuts.com/shop/tennis/tennis-clothing/mens-tennis-clothing/sergio-tacchini-mens-pietrapertosa-retro-sports-maritime-blue-white-1760824.html,Sergio Tacchini,96d6d337970e
Mens Slice T-Shirt - Airforce Blue/White,£34.99,£50.00,Tennis Clothing,2026-10-07 16:39:27,Tennis Nuts,https://www.tennisnuts.com/shop/tennis/tennis-clothing/mens-tennis-clothing/head-mens-slice-t-shirt-airforce-blue-white-1764959.html,HEAD,4af15123a608
Mens Club Stretch Woven 9 Inch Shorts - Dark Blue,£29.69,£35.00,Tennis Clothing,2026-10-07 16:39:27,Tennis Nuts,https://www.tennisnuts.com/shop/tennis/tennis-clothing/mens-tennis-clothing/adidas-mens-club-stretch-woven-9-inch-shorts-dark-blue-1767358.html,Adidas,dd5390db3ede
Mens Pro Heritage Short Sleeve Polo - Green,£19.99,£55.00,Tennis Clothing,2026-10-07 16:39:27,Tennis Nuts,https://www.tennisnuts.com/shop/tennis/tennis-clothing/mens-tennis-clothing/fila-mens-pro-heritage-short-sleeve-polo-green-1642965.html,Fila,5162207933a3
Mens Exercise Tee - Black,£17.59,£22.00,Tennis Clothing,2026-10-07 16:39:27,Tennis Nuts,https://www.tennisnuts.com/shop/tennis/tennis-clothing/mens-tennis-clothing/babolat-mens-exercise-tee-black-1661517.html,Babolat,d2c3db8473d8
Mens AP Club Pants - Black,£33.79,£45.00,Tennis Clothing,2026-10-07 16:39:27,Tennis Nuts,https://www.tennisnuts.com/shop/tennis/tennis-clothing/mens-tennis-clothing/dunlop-mens-ap-club-pants-black-1693940.html,Dunlop,35d2e0e91c27
Mens Drive Cotton Tee - Blue,£17.59,£22.00,Tennis Clothing,2026-10-07 16:39:27,Tennis Nuts,https://www.tennisnuts.com/shop/tennis/tennis-clothing/mens-tennis-clothing/babolat-mens-drive-cotton-tee-blue-1697124.html,Babolat,d8fc025fd044
Mens Climacool Ergo Shorts - Black,£35.99,£45.00,Tennis Clothing,2026-10-07 16:39:27,Tennis Nuts,https://www.tennisnuts.com/shop/tennis/tennis-clothing/mens-tennis-clothing/adidas-mens-climacool-ergo-shorts-black-1758005.html,Adidas,2a772a506cfe
Mens Locchi Tee - Gardenia/Harbour Blue,£19.99,£30.00,Tennis Clothing,2026-10-07 16:39:27,Tennis Nuts,https://www.tennisnuts.com/shop/tennis/tennis-clothing/mens-tennis-clothing/sergio-tacchini-mens-locchi-tee-gardenia-harbour-blue-1759932.html,Sergio Tacchini,22785b5fa1b5
Mens Court Short Sleeve Tee - Sky Blue/ Navy/White,£21.59,£24.00,Tennis Clothing,2026-10-07 16:39:27,Tennis Nuts,https://www.tennisnuts.com/shop/tennis/tennis-clothing/mens-tennis-clothing/joma-mens-court-short-sleeve-tee-sky-blue-navy-white-1760918.html,Joma,d5794ee63c0b
Mens Club T-Shirt - Glow Blue,£25.49,£30.00,Tennis Clothing,2026-10-07 16:39:27,Tennis Nuts,https://www.tennisnuts.com/shop/tennis/tennis-clothing/mens-tennis-clothing/adidas-mens-club-t-shirt-glow-blue-1762839.html,Adidas,4d54d2a8819b
Mens Chevron T-Shirt - Bordeaux/White,£14.99,£43.00,Tennis Clothing,2026-10-07 16:39:27,Tennis Nuts,https://www.tennisnuts.com/shop/tennis/tennis-clothing/mens-tennis-clothing/sergio-tacchini-mens-chevron-t-shirt-bordeaux-white-1483077.html,Sergio Tacchini,ae55f00289ad
Mens Fleece Sweatpants - Grey Chine,£49.99,£85.00,Tennis Clothing,2026-10-07 16:39:27,Tennis Nuts,https://www.tennisnuts.com/shop/tennis/tennis-clothing/mens-tennis-clothing/lacoste-mens-fleece-sweatpants-grey-chine-1536611.html,Lacoste,a32c09a53866
Mens Cromatico Polo - Denim,£19.99,£45.00,Tennis Clothing,2026-10-07 16:39:27,Tennis Nuts,https://www.tennisnuts.com/shop/tennis/tennis-clothing/mens-tennis-clothing/ellesse-mens-cromatico-polo-denim-1558407.html,Ellesse,f4b0878b8753
Mens Exercise Tee - Sodalite Blue,£17.59,£22.00,Tennis Clothing,2026-10-07 16:39:27,Tennis Nuts,https://www.tennisnuts.com/shop/tennis/tennis-clothing/mens-tennis-clothing/babolat-mens-exercise-tee-sodalite-blue-1661519.html,Babolat,4756d5e1a4c8
Unisex Tee - Navy Blue,£29.99,£60.00,Tennis Clothing,2026-10-07 16:39:27,Tennis Nuts,https://www.tennisnuts.com/shop/tennis/tennis-clothing/mens-tennis-clothing/lacoste-unisex-tee-navy-blue-1693218.html,Lacoste,926228658f11
Mens Club T-Shirt - White,£25.49,£30.00,Tennis Clothing,2026-10-07 16:39:27,Tennis Nuts,https://www.tennisnuts.com/shop/tennis/tennis-clothing/mens-tennis-clothing/adidas-mens-club-t-shirt-white-1693989.html,Adidas,aced8961e4b1
Mens Hypercourt Mesh Crew 5 - Black,£24.99,£35.00,Tennis Clothing,2026-10-07 16:39:27,Tennis Nuts,https://www.tennisnuts.com/shop/tennis/tennis-clothing/mens-tennis-clothing/k-swiss-mens-hypercourt-mesh-crew-5-black-1758327.html,K-Swiss,16759aeffac6
Mens Sunny 2 Essential Tee- White,£19.99,£25.00,Tennis Clothing,2026-10-07 16:39:27,Tennis Nuts,https://www.tennisnuts.com/shop/tennis/tennis-clothing/mens-tennis-clothing/fila-mens-sunny-2-essential-tee-white-1762967.html,Fila,ea27a674b856
Mens Fargo T-Shirt - Navy/Capanula/Pink Yarrow,£15.99,£32.00,Tennis Clothing,2026-10-07 16:39:27,Tennis Nuts,https://www.tennisnuts.com/shop/tennis/tennis-clothing/mens-tennis-clothing/sergio-tacchini-mens-fargo-t-shirt-navy-capanula-pink-yarrow-1484005.html,Sergio Tacchini,fc02342a7046
Mens Essentials Tee - Navy/White,£11.99,£20.00,Tennis Clothing,2026-10-07 16:39:27,Tennis Nuts,https://www.tennisnuts.com/shop/tennis/tennis-clothing/mens-tennis-clothing/k-swiss-mens-essentials-tee-navy-white-1632108.html,K-Swiss,9be01f01ea59
Mens Hypercourt Pants - Navy,£34.99,£60.00,Tennis Clothing,2026-10-07 16:39:27,Tennis Nuts,https://www.tennisnuts.com/shop/tennis/tennis-clothing/mens-tennis-clothing/k-swiss-mens-hypercourt-pants-navy-1661663.html,K-Swiss,7f4587e6dbd7
Mens AP Club Crew T-Shirt - Black,£22.49,£30.00,Tennis Clothing,2026-10-07 16:39:27,Tennis Nuts,https://www.tennisnuts.com/shop/tennis/tennis-clothing/mens-tennis-clothing/dunlop-mens-ap-club-crew-t-shirt-black-1693334.html,Dunlop,a5394d4a63de
Mens Swim Shorts - Pink/Green,£29.99,£60.00,Tennis Clothing,2026-10-07 16:39:27,Tennis Nuts,https://www.tennisnuts.com/shop/tennis/tennis-clothing/mens-tennis-clothing/lacoste-mens-swim-shorts-pink-green-1694444.html,Lacoste,ec18c87f9a79
Mens Simple T-Shirt - Navy,£11.99,£15.00,Tennis Clothing,2026-10-07 16:39:27,Tennis Nuts,https://www.tennisnuts.com/shop/tennis/tennis-clothing/mens-tennis-clothing/head-mens-simple-t-shirt-navy-1695310.html,HEAD,8087f0fbae2e
Mens Locchi Track Top - Maritime Blue / White / Mango Mint,£49.99,£75.00,Tennis Clothing,2026-10-07 16:39:27,Tennis Nuts,https://www.tennisnuts.com/shop/tennis/tennis-clothing/mens-tennis-clothing/sergio-tacchini-mens-locchi-track-top-maritime-blue-white-mango-mint-1759935.html,Sergio Tacchini,365210dbb042
Mens Challenge Full Zip Jacket- Blue/Green,£39.99,£45.00,Tennis Clothing,2026-10-07 16:39:27,Tennis Nuts,https://www.tennisnuts.com/shop/tennis/tennis-clothing/mens-tennis-clothing/joma-mens-challenge-full-zip-jacket-blue-green-1760921.html,Joma,8be5df60466e
Mens Castle Tee - White,£17.49,£35.00,Tennis Clothing,2026-10-07 16:39:27,Tennis Nuts,https://www.tennisnuts.com/shop/tennis/tennis-clothing/mens-tennis-clothing/ellesse-mens-castle-tee-white-1459676.html,Ellesse,e385bda59f95
Mens Club Tech Tee - Red,£26.24,£35.00,Tennis Clothing,2026-10-07 16:39:27,Tennis Nuts,https://www.tennisnuts.com/shop/tennis/tennis-clothing/mens-tennis-clothing/head-mens-club-tech-tee-red-1541986.html,HEAD,2dc1a185e2e2
Mens Brig Raw Seam Graphic T-Shirt - Moonlit Ocean,£14.99,£30.00,Tennis Clothing,2026-10-07 16:39:27,Tennis Nuts,https://www.tennisnuts.com/shop/tennis/tennis-clothing/mens-tennis-clothing/fila-mens-brig-raw-seam-graphic-t-shirt-moonlit-ocean-1556479.html,Fila,7ce977ee2daa
Mens Sieda Tee - Navy,£13.99,£28.00,Tennis Clothing,2026-10-07 16:39:27,Tennis Nuts,https://www.tennisnuts.com/shop/tennis/tennis-clothing/mens-tennis-clothing/ellesse-mens-sieda-tee-navy-1638290.html,Ellesse,6eed0307990c
Mens Pro Heritage Pin Stripe Polo - Ecru/Navy,£24.99,£55.00,Tennis Clothing,2026-10-07 16:39:27,Tennis Nuts,https://www.tennisnuts.com/shop/tennis/tennis-clothing/mens-tennis-clothing/fila-mens-pro-heritage-pin-stripe-polo-ecru-navy-1645216.html,Fila,411104627338
Mens Zamora Shorts - Black,£17.49,£35.00,Tennis Clothing,2026-10-07 16:39:27,Tennis Nuts,https://www.tennisnuts.com/shop/tennis/tennis-clothing/mens-tennis-clothing/ellesse-mens-zamora-shorts-black-1655207.html,Ellesse,6549ce2d6965
Mens Play Crew Neck Tee - White/Blue,£18.99,£27.00,Tennis Clothing,2026-10-07 16:39:27,Tennis Nuts,https://www.tennisnuts.com/shop/tennis/tennis-clothing/mens-tennis-clothing/babolat-mens-play-crew-neck-tee-white-blue-1661421.html,Babolat,b276a19c72e0
Mens AP Club Polo T-Shirt - Navy,£26.29,£35.00,Tennis Clothing,2026-10-07 16:39:27,Tennis Nuts,https://www.tennisnuts.com/shop/tennis/tennis-clothing/mens-tennis-clothing/dunlop-mens-ap-club-polo-t-shirt-navy-1693347.html,Dunlop,cb1b7f1ae1e8
Men Heritage Graphic Crew Sweatshirt - Navy Blue,£35.99,£60.00,Tennis Clothing,2026-10-07 16:39:27,Tennis Nuts,https://www.tennisnuts.com/shop/tennis/tennis-clothing/mens-tennis-clothing/adidas-men-heritage-graphic-crew-sweatshirt-navy-blue-1695214.html,Adidas,b9ae72d8cd27
Mens Club 3 Striped Tee - Navy,£29.99,£36.00,Tennis Clothing,2026-10-07 16:39:27,Tennis Nuts,https://www.tennisnuts.com/shop/tennis/tennis-clothing/mens-tennis-clothing/adidas-mens-club-3-striped-tee-navy-1706802.html,Adidas,848948000fdd
Mens Excercise Message Tee - Pink,£14.99,£22.00,Tennis Clothing,2026-10-07 16:39:27,Tennis Nuts,https://www.tennisnuts.com/shop/tennis/tennis-clothing/mens-tennis-clothing/babolat-mens-excercise-message-tee-pink-1756934.html,Babolat,43b107d3fa96
Mens Club Climacool 3 Stripes Shorts - Black,£29.99,£35.00,Tennis Clothing,2026-10-07 16:39:27,Tennis Nuts,https://www.tennisnuts.com/shop/tennis/tennis-clothing/mens-tennis-clothing/adidas-mens-club-climacool-3-stripes-shorts-black-1758175.html,Adidas,41610685c761
Mens Hypercourt Basic Tee - Navy,£23.99,£30.00,Tennis Clothing,2026-10-07 16:39:27,Tennis Nuts,https://www.tennisnuts.com/shop/tennis/tennis-clothing/mens-tennis-clothing/k-swiss-mens-hypercourt-basic-tee-navy-1758718.html,K-Swiss,92b645e3746e
Mens Locchi Track Top - Gardenia/Harbor Blue/Maritime Blue,£49.99,£75.00,Tennis Clothing,2026-10-07 16:39:27,Tennis Nuts,https://www.tennisnuts.com/shop/tennis/tennis-clothing/mens-tennis-clothing/sergio-tacchini-mens-locchi-track-top-gardenia-harbor-blue-maritime-blue-1759936.html,Sergio Tacchini,eca7b28e0ce4
Mens Climacool Freelift Pro Tee - Legend Ink,£49.49,£55.00,Tennis Clothing,2026-10-07 16:39:27,Tennis Nuts,https://www.tennisnuts.com/shop/tennis/tennis-clothing/mens-tennis-clothing/adidas-mens-climacool-freelift-pro-tee-legend-ink-1762879.html,Adidas,ac1d95ed44a1
Mens Graff Tee - Navy Blue,£12.49,£25.00,Tennis Clothing,2026-10-07 16:39:27,Tennis Nuts,https://www.tennisnuts.com/shop/tennis/tennis-clothing/mens-tennis-clothing/ellesse-mens-graff-tee-navy-blue-1546727.html,Ellesse,928f4c76af4b
Mens Brig Raw Seam Graphic T-Shirt - Oatmeal,£14.99,£30.00,Tennis Clothing,2026-10-07 16:39:27,Tennis Nuts,https://www.tennisnuts.com/shop/tennis/tennis-clothing/mens-tennis-clothing/fila-mens-brig-raw-seam-graphic-t-shirt-oatmeal-1556480.html,Fila,8d3c7f5c4da6
Mens Motya Tee - White,£10.99,£22.00,Tennis Clothing,2026-10-07 16:39:27,Tennis Nuts,https://www.tennisnuts.com/shop/tennis/tennis-clothing/mens-tennis-clothing/ellesse-mens-motya-tee-white-1558457.html,Ellesse,e8abfe7bf8bc
Mens Solar Power Shorts - Colour Splash,£24.99,£60.00,Tennis Clothing,2026-10-07 16:39:27,Tennis Nuts,https://www.tennisnuts.com/shop/tennis/tennis-clothing/mens-tennis-clothing/fila-mens-solar-power-shorts-colour-splash-1624429.html,Fila,11c048fbda67
Mens Calari Swim Shorts - Grey,£14.99,£30.00,Tennis Clothing,2026-10-07 16:39:27,Tennis Nuts,https://www.tennisnuts.com/shop/tennis/tennis-clothing/mens-tennis-clothing/ellesse-mens-calari-swim-shorts-grey-1638291.html,Ellesse,c5052dff9e14
Mens Crantock T-Shirt - Black,£12.49,£25.00,Tennis Clothing,2026-10-07 16:39:27,Tennis Nuts,https://www.tennisnuts.com/shop/tennis/tennis-clothing/mens-tennis-clothing/ellesse-mens-crantock-t-shirt-black-1655223.html,Ellesse,15baa16cbee0
Mens Power Shorts - White,£32.49,£54.00,Tennis Clothing,2026-10-07 16:39:27,Tennis Nuts,https://www.tennisnuts.com/shop/tennis/tennis-clothing/mens-tennis-clothing/head-mens-power-shorts-white-1695295.html,HEAD,76d63b88f987
Mens Drive Crew Tee - Blue,£26.29,£35.00,Tennis Clothing,2026-10-07 16:39:27,Tennis Nuts,https://www.tennisnuts.com/shop/tennis/tennis-clothing/mens-tennis-clothing/babolat-mens-drive-crew-tee-blue-1697130.html,Babolat,446aeaacf9fa
Mens Heritage Tee - Chalk White/Aurora Plum,£22.49,£32.00,Tennis Clothing,2026-10-07 16:39:27,Tennis Nuts,https://www.tennisnuts.com/shop/tennis/tennis-clothing/mens-tennis-clothing/adidas-mens-heritage-tee-chalk-white-aurora-plum-1706803.html,Adidas,b84c4e2af2b0
Mens Farina Hoodie - Red,£24.99,£55.00,Tennis Clothing,2026-10-07 16:39:27,Tennis Nuts,https://www.tennisnuts.com/shop/tennis/tennis-clothing/mens-tennis-clothing/ellesse-mens-farina-hoodie-red-1472679.html,Ellesse,650354ee81ee
Mens Team 19 Track Pants - Black,£22.79,£38.00,Tennis Clothing,2026-10-07 16:39:27,Tennis Nuts,https://www.tennisnuts.com/shop/tennis/tennis-clothing/mens-tennis-clothing/adidas-mens-team-19-track-pants-black-1496401.html,Adidas,4db2cb70a31b
Mens Graff Tee - White,£12.49,£25.00,Tennis Clothing,2026-10-07 16:39:27,Tennis Nuts,https://www.tennisnuts.com/shop/tennis/tennis-clothing/mens-tennis-clothing/ellesse-mens-graff-tee-white-1546732.html,Ellesse,915d89bb648f
Hugo Track Top - Night Sky,£24.99,£60.00,Tennis Clothing,2026-10-07 16:39:27,Tennis Nuts,https://www.tennisnuts.com/shop/tennis/tennis-clothing/mens-tennis-clothing/sergio-tacchini-hugo-track-top-night-sky-1557051.html,Sergio Tacchini,3c1c822db1c2
Mens Freelift Paris Polo - White,£19.99,£60.00,Tennis Clothing,2026-10-07 16:39:27,Tennis Nuts,https://www.tennisnuts.com/shop/tennis/tennis-clothing/mens-tennis-clothing/adidas-mens-freelift-paris-polo-white-1559267.html,Adidas,0484ec154f2f
Mens Crantock T-Shirt - White,£12.49,£25.00,Tennis Clothing,2026-10-07 16:39:27,Tennis Nuts,https://www.tennisnuts.com/shop/tennis/tennis-clothing/mens-tennis-clothing/ellesse-mens-crantock-t-shirt-white-1655228.html,Ellesse,e50b9dc679a8
Mens Ultra Dry Shorts - White,£29.99,£60.00,Tennis Clothing,2026-10-07 16:39:27,Tennis Nuts,https://www.tennisnuts.com/shop/tennis/tennis-clothing/mens-tennis-clothing/lacoste-mens-ultra-dry-shorts-white-1685800.html,Lacoste,ff93b14aae7c
Mens Club 25 Tech Polo Shirt - White,£35.99,£45.00,Tennis Clothing,2026-10-07 16:39:27,Tennis Nuts,https://www.tennisnuts.com/shop/tennis/tennis-clothing/mens-tennis-clothing/head-mens-club-25-tech-polo-shirt-white-1695300.html,HEAD,199219903d10
Mens Club 25 Original Tee - Black,£20.79,£26.00,Tennis Clothing,2026-10-07 16:39:27,Tennis Nuts,https://www.tennisnuts.com/shop/tennis/tennis-clothing/mens-tennis-clothing/head-mens-club-25-original-tee-black-1695317.html,HEAD,025a5d4fe77e
Men Heritage Graphic Crew Sweatshirt - Aurora Plum,£35.99,£55.00,Tennis Clothing,2026-10-07 16:39:27,Tennis Nuts,https://www.tennisnuts.com/shop/tennis/tennis-clothing/mens-tennis-clothing/adidas-men-heritage-graphic-crew-sweatshirt-aurora-plum-1707054.html,Adidas,44e8b615d81a
Mens Club Climacool 3 Stripes Tee - White,£24.99,£36.00,Tennis Clothing,2026-10-07 16:39:27,Tennis Nuts,https://www.tennisnuts.com/shop/tennis/tennis-clothing/mens-tennis-clothing/adidas-mens-club-climacool-3-stripes-tee-white-1758221.html,Adidas,3e6e86fea42c
Mens Pin Tuck Shorts- Gardenia,£24.99,£40.00,Tennis Clothing,2026-10-07 16:39:27,Tennis Nuts,https://www.tennisnuts.com/shop/tennis/tennis-clothing/mens-tennis-clothing/fila-mens-pin-tuck-shorts-gardenia-1758724.html,Fila,bd0f2c88c863
Mens Romolo Swim Shorts - Maritime Blue/White,£27.99,£35.00,Tennis Clothing,2026-10-07 16:39:27,Tennis Nuts,https://www.tennisnuts.com/shop/tennis/tennis-clothing/mens-tennis-clothing/sergio-tacchini-mens-romolo-swim-shorts-maritime-blue-white-1759969.html,Sergio Tacchini,df3cb2454800
Mens Lucchese Tee - Red,£12.49,£25.00,Tennis Clothing,2026-10-07 16:39:27,Tennis Nuts,https://www.tennisnuts.com/shop/tennis/tennis-clothing/mens-tennis-clothing/ellesse-mens-lucchese-tee-red-1473005.html,Ellesse,99dcd963a658
Mens Sicoli Polo - Dark Red,£19.99,£40.00,Tennis Clothing,2026-10-07 16:39:27,Tennis Nuts,https://www.tennisnuts.com/shop/tennis/tennis-clothing/mens-tennis-clothing/ellesse-mens-sicoli-polo-dark-red-1517672.html,Ellesse,d9a9aad946c5
Mens Haesten Track Pants - Black,£22.49,£45.00,Tennis Clothing,2026-10-07 16:39:27,Tennis Nuts,https://www.tennisnuts.com/shop/tennis/tennis-clothing/mens-tennis-clothing/ellesse-mens-haesten-track-pants-black-1547405.html,Ellesse,1ef6e4462def
Mens Dri-FIT Superset Top - Blue,£22.49,£33.00,Tennis Clothing,2026-10-07 16:39:27,Tennis Nuts,https://www.tennisnuts.com/shop/tennis/tennis-clothing/mens-tennis-clothing/nike-mens-dri-fit-superset-top-blue-1557169.html,Nike,9e8c6318d5ca
Mens Clubhouse Hoodie - Bliss Blue,£29.99,£60.00,Tennis Clothing,2026-10-07 16:39:27,Tennis Nuts,https://www.tennisnuts.com/shop/tennis/tennis-clothing/mens-tennis-clothing/adidas-mens-clubhouse-hoodie-bliss-blue-1562451.html,Adidas,38e68eb3642a
Mens Exercise Vintage Tee - Heather Black,£14.99,£22.00,Tennis Clothing,2026-10-07 16:39:27,Tennis Nuts,https://www.tennisnuts.com/shop/tennis/tennis-clothing/mens-tennis-clothing/babolat-mens-exercise-vintage-tee-heather-black-1626218.html,Babolat,f1f3823d1b89
Mens Exercise Jogger Pants - High Rise Heather,£33.75,£45.00,Tennis Clothing,2026-10-07 16:39:27,Tennis Nuts,https://www.tennisnuts.com/shop/tennis/tennis-clothing/mens-tennis-clothing/babolat-mens-exercise-jogger-pants-high-rise-heather-1647414.html,Babolat,d7a283ff5300
Men Supermac Tee - Blue,£19.99,£30.00,Tennis Clothing,2026-10-07 16:39:27,Tennis Nuts,https://www.tennisnuts.com/shop/tennis/tennis-clothing/mens-tennis-clothing/sergio-tacchini-men-supermac-tee-blue-1692568.html,Sergio Tacchini,28a115530d50
Mens 150 Polo - Cannoli Cream,£24.99,£47.00,Tennis Clothing,2026-10-07 16:39:27,Tennis Nuts,https://www.tennisnuts.com/shop/tennis/tennis-clothing/mens-tennis-clothing/babolat-mens-150-polo-cannoli-cream-1697001.html,Babolat,2a0c17cfc07c
Mens Velour Straight Leg Jogger with Zip- Fila Navy/Gardenia,£34.99,£60.00,Tennis Clothing,2026-10-07 16:39:27,Tennis Nuts,https://www.tennisnuts.com/shop/tennis/tennis-clothing/mens-tennis-clothing/fila-mens-velour-straight-leg-jogger-with-zip-fila-navy-gardenia-1758725.html,Fila,a34a4d9bddc1
Mens Slice T-Shirt - White/Purple,£34.99,£50.00,Tennis Clothing,2026-10-07 16:39:27,Tennis Nuts,https://www.tennisnuts.com/shop/tennis/tennis-clothing/mens-tennis-clothing/head-mens-slice-t-shirt-white-purple-1764958.html,HEAD,48ba790e8809
Mens Luca Woven Tee - Chinese Red,£14.99,£30.00,Tennis Clothing,2026-10-07 16:39:27,Tennis Nuts,https://www.tennisnuts.com/shop/tennis/tennis-clothing/mens-tennis-clothing/fila-mens-luca-woven-tee-chinese-red-1473876.html,Fila,514a8705b8a0
Mens Sicoli Polo - Off White,£14.99,£40.00,Tennis Clothing,2026-10-07 16:39:27,Tennis Nuts,https://www.tennisnuts.com/shop/tennis/tennis-clothing/mens-tennis-clothing/ellesse-mens-sicoli-polo-off-white-1517674.html,Ellesse,b9c7ae3cfd22
Mens Polo Classica Top -Blue Indigo /Bright White,£14.99,£30.00,Tennis Clothing,2026-10-07 16:39:27,Tennis Nuts,https://www.tennisnuts.com/shop/tennis/tennis-clothing/mens-tennis-clothing/lotto-mens-polo-classica-top-blue-indigo-bright-white-1563284.html,Lotto,0dd0632f2fa7
Mens Orion Shorts - Black,£19.99,£45.00,Tennis Clothing,2026-10-07 16:39:27,Tennis Nuts,https://www.tennisnuts.com/shop/tennis/tennis-clothing/mens-tennis-clothing/sergio-tacchini-mens-orion-shorts-black-1692588.html,Sergio Tacchini,28477ad359cc
Mens Club 25 Tech T-Shirt - Red/White,£24.99,£36.00,Tennis Clothing,2026-10-07 16:39:27,Tennis Nuts,https://www.tennisnuts.com/shop/tennis/tennis-clothing/mens-tennis-clothing/head-mens-club-25-tech-t-shirt-red-white-1695307.html,HEAD,409cb05b330a
Mens 150 Cotton Tee - Cream,£19.99,£32.00,Tennis Clothing,2026-10-07 16:39:27,Tennis Nuts,https://www.tennisnuts.com/shop/tennis/tennis-clothing/mens-tennis-clothing/babolat-mens-150-cotton-tee-cream-1697006.html,Babolat,661c2bb8ee92
Mens Club T-Shirt - Navy,£22.49,£30.00,Tennis Clothing,2026-10-07 16:39:27,Tennis Nuts,https://www.tennisnuts.com/shop/tennis/tennis-clothing/mens-tennis-clothing/adidas-mens-club-t-shirt-navy-1722371.html,Adidas,6e83427225da
Mens Aero Tech Jacket- Grey/Aero,£72.99,£86.00,Tennis Clothing,2026-10-07 16:39:27,Tennis Nuts,https://www.tennisnuts.com/shop/tennis/tennis-clothing/mens-tennis-clothing/babolat-mens-aero-tech-jacket-grey-aero-1757973.html,Babolat,37ae8f84647a
Mens Clay Is Not Graphic T-Shirt - Dark Blue,£24.99,£30.00,Tennis Clothing,2026-10-07 16:39:27,Tennis Nuts,https://www.tennisnuts.com/shop/tennis/tennis-clothing/mens-tennis-clothing/adidas-mens-clay-is-not-graphic-t-shirt-dark-blue-1762793.html,Adidas,5ea3493a9804
Mens Rainbow T-Shirt - Navy,£28.79,£36.00,Tennis Clothing,2026-10-07 16:39:27,Tennis Nuts,https://www.tennisnuts.com/shop/tennis/tennis-clothing/mens-tennis-clothing/head-mens-rainbow-t-shirt-navy-1764982.html,HEAD,dfc7a41a37ea
Mens Club Colin Tee (2024) - Royal Blue,£17.99,£30.00,Tennis Clothing,2026-10-07 16:39:27,Tennis Nuts,https://www.tennisnuts.com/shop/tennis/tennis-clothing/mens-tennis-clothing/head-mens-club-colin-tee-2024-royal-blue-1660127.html,HEAD,46820d287a3f
Cotton Jersey Block T-shirt - Blue,£29.99,£60.00,Tennis Clothing,2026-10-07 16:39:27,Tennis Nuts,https://www.tennisnuts.com/shop/tennis/tennis-clothing/mens-tennis-clothing/lacoste-cotton-jersey-block-t-shirt-blue-1693143.html,Lacoste,06b9ae24da8d
Mens Club Original Hoodie - Navy,£39.99,£50.00,Tennis Clothing,2026-10-07 16:39:27,Tennis Nuts,https://www.tennisnuts.com/shop/tennis/tennis-clothing/mens-tennis-clothing/head-mens-club-original-hoodie-navy-1695321.html,HEAD,6abde72f7765
Mens Play Crew Neck Tee - Illusion Blue,£30.39,£38.00,Tennis Clothing,2026-10-07 16:39:27,Tennis Nuts,https://www.tennisnuts.com/shop/tennis/tennis-clothing/mens-tennis-clothing/babolat-mens-play-crew-neck-tee-illusion-blue-1755661.html,Babolat,b070a3ae4571
Men Supermac Polo - Maritime Blue/Adrenaline Rush,£35.99,£45.00,Tennis Clothing,2026-10-07 16:39:27,Tennis Nuts,https://www.tennisnuts.com/shop/tennis/tennis-clothing/mens-tennis-clothing/sergio-tacchini-men-supermac-polo-maritime-blue-adrenaline-rush-1759962.html,Sergio Tacchini,829b57665194
Mens Club Climacool 3 Stripes Shorts - White,£24.99,£35.00,Tennis Clothing,2026-10-07 16:39:27,Tennis Nuts,https://www.tennisnuts.com/shop/tennis/tennis-clothing/mens-tennis-clothing/adidas-mens-club-climacool-3-stripes-shorts-white-1760708.html,Adidas,c11667569817
Mens Topspin T-Shirt - Navy/Print Vision,£34.99,£54.00,Tennis Clothing,2026-10-07 16:39:27,Tennis Nuts,https://www.tennisnuts.com/shop/tennis/tennis-clothing/mens-tennis-clothing/head-mens-topspin-t-shirt-navy-print-vision-1764961.html,HEAD,b86f6fa58966
Mens Slice T-Shirt - Turquoise/Airforce Blue,£34.99,£50.00,Tennis Clothing,2026-10-07 16:39:27,Tennis Nuts,https://www.tennisnuts.com/shop/tennis/tennis-clothing/mens-tennis-clothing/head-mens-slice-t-shirt-turquoise-airforce-blue-1764986.html,HEAD,b131d785ce4e
Mens Terra Short Sleeve Polo Shirt - Dark Navy/Fluor Turquoise,£29.74,£35.00,Tennis Clothing,2026-10-07 16:39:27,Tennis Nuts,https://www.tennisnuts.com/shop/tennis/tennis-clothing/mens-tennis-clothing/joma-mens-terra-short-sleeve-polo-shirt-dark-navy-fluor-turquoise-1769169.html,Joma,fdc69295ebb3
Mens Iconic Bermuda - Navy Blue,£45.89,£54.00,Tennis Clothing,2026-10-07 16:39:27,Tennis Nuts,https://www.tennisnuts.com/shop/tennis/tennis-clothing/mens-tennis-clothing/joma-mens-iconic-bermuda-navy-blue-1769003.html,Joma,0e836ec45b88
Womens Griled Skirt - White,£17.49,£35.00,Tennis Clothing,2026-10-07 16:39:27,Tennis Nuts,https://www.tennisnuts.com/shop/tennis/tennis-clothing/womens-tennis-clothing/ellesse-womens-griled-skirt-white-1546692.html,Ellesse,14439df488e8
Womens Play Skirt - White/Grey,£23.99,£32.00,Tennis Clothing,2026-10-07 16:39:27,Tennis Nuts,https://www.tennisnuts.com/shop/tennis/tennis-clothing/womens-tennis-clothing/babolat-womens-play-skirt-white-grey-1480501.html,Babolat,5b8f5cd814e6
Womens Victory Skirt (Plus Size) - White,£14.99,£35.00,Tennis Clothing,2026-10-07 16:39:27,Tennis Nuts,https://www.tennisnuts.com/shop/tennis/tennis-clothing/womens-tennis-clothing/nike-womens-victory-skirt-plus-size-white-1506668.html,Nike,2280447ddcb6
Womens Side Slit Victory Tennis Skirt - White,£14.99,£35.00,Tennis Clothing,2026-10-07 16:39:27,Tennis Nuts,https://www.tennisnuts.com/shop/tennis/tennis-clothing/womens-tennis-clothing/nike-womens-side-slit-victory-tennis-skirt-white-1513038.html,Nike,60065fa69f89
Womens Club 25 Dress - White,£44.99,£70.00,Tennis Clothing,2026-10-07 16:39:27,Tennis Nuts,https://www.tennisnuts.com/shop/tennis/tennis-clothing/womens-tennis-clothing/head-womens-club-25-dress-white-1695274.html,HEAD,794cacbdcad0
Womens Flouncy Victory Skirt (Plus Size) - White,£17.49,£40.00,Tennis Clothing,2026-10-07 16:39:27,Tennis Nuts,https://www.tennisnuts.com/shop/tennis/tennis-clothing/womens-tennis-clothing/nike-womens-flouncy-victory-skirt-plus-size-white-1509150.html,Nike,eb03064bcb2a
Womens Core Team Skort - White,£24.99,£35.00,Tennis Clothing,2026-10-07 16:39:27,Tennis Nuts,https://www.tennisnuts.com/shop/tennis/tennis-clothing/womens-tennis-clothing/k-swiss-womens-core-team-skort-white-1546069.html,K-Swiss,91fa2b01fa5b
Womens Dri-FIT Victory Tennis Skirt - White,£19.99,£45.00,Tennis Clothing,2026-10-07 16:39:27,Tennis Nuts,https://www.tennisnuts.com/shop/tennis/tennis-clothing/womens-tennis-clothing/nike-womens-dri-fit-victory-tennis-skirt-white-1544769.html,Nike,f62b8d92411c
Womens Victory Tank (Plus Size) - White,£12.49,£32.00,Tennis Clothing,2026-10-07 16:39:27,Tennis Nuts,https://www.tennisnuts.com/shop/tennis/tennis-clothing/womens-tennis-clothing/nike-womens-victory-tank-plus-size-white-1506659.html,Nike,6acf396327d2
Womens Club 3/4 Tights Skapri - White,£46.39,£58.00,Tennis Clothing,2026-10-07 16:39:27,Tennis Nuts,https://www.tennisnuts.com/shop/tennis/tennis-clothing/womens-tennis-clothing/head-womens-club-3-4-tights-skapri-white-1454905.html,HEAD,9774f5fd8ae3
Womens Gameset Y-Tank Top - White,£19.99,£43.00,Tennis Clothing,2026-10-07 16:39:27,Tennis Nuts,https://www.tennisnuts.com/shop/tennis/tennis-clothing/womens-tennis-clothing/adidas-womens-gameset-y-tank-top-white-1480122.html,Adidas,6c7a1660084e
Womens Match Tennis Skirt - White,£19.99,£45.00,Tennis Clothing,2026-10-07 16:39:27,Tennis Nuts,https://www.tennisnuts.com/shop/tennis/tennis-clothing/womens-tennis-clothing/adidas-womens-match-tennis-skirt-white-1627054.html,Adidas,a6d93a61f672
Womens Tennis Engineered Match Skirt - White,£19.99,£43.00,Tennis Clothing,2026-10-07 16:39:27,Tennis Nuts,https://www.tennisnuts.com/shop/tennis/tennis-clothing/womens-tennis-clothing/adidas-womens-tennis-engineered-match-skirt-white-1526882.html,Adidas,35246776c0a3
Womens Club Skirt - Brilliant White,£19.99,£35.00,Tennis Clothing,2026-10-07 16:39:27,Tennis Nuts,https://www.tennisnuts.com/shop/tennis/tennis-clothing/womens-tennis-clothing/asics-womens-club-skirt-brilliant-white-1454262.html,ASICS,8684fc327166
Womens Ascalone Skort - White,£19.99,£45.00,Tennis Clothing,2026-10-07 16:39:27,Tennis Nuts,https://www.tennisnuts.com/shop/tennis/tennis-clothing/womens-tennis-clothing/ellesse-womens-ascalone-skort-white-1638295.html,Ellesse,05d347f70f99
Womens Tennis Racerback - White,£20.99,£35.00,Tennis Clothing,2026-10-07 16:39:27,Tennis Nuts,https://www.tennisnuts.com/shop/tennis/tennis-clothing/womens-tennis-clothing/adidas-womens-tennis-racerback-white-1624814.html,Adidas,b583a369c4d3
Womens Hypercourt Skort 5 - White,£23.99,£40.00,Tennis Clothing,2026-10-07 16:39:27,Tennis Nuts,https://www.tennisnuts.com/shop/tennis/tennis-clothing/womens-tennis-clothing/k-swiss-womens-hypercourt-skort-5-white-1661719.html,K-Swiss,6cb43dc91b6e
Womens Hypercourt Skort - White,£19.99,£35.00,Tennis Clothing,2026-10-07 16:39:27,Tennis Nuts,https://www.tennisnuts.com/shop/tennis/tennis-clothing/womens-tennis-clothing/k-swiss-womens-hypercourt-skort-white-1546047.html,K-Swiss,06c9d6bef84f
Womens Dri-FIT Tennis Skirt - White/Black,£19.99,£40.00,Tennis Clothing,2026-10-07 16:39:27,Tennis Nuts,https://www.tennisnuts.com/shop/tennis/tennis-clothing/womens-tennis-clothing/nike-womens-dri-fit-tennis-skirt-white-black-1445661.html,Nike,374330c8b02a
Womens Club Basic Skort - White,£31.99,£40.00,Tennis Clothing,2026-10-07 16:39:27,Tennis Nuts,https://www.tennisnuts.com/shop/tennis/tennis-clothing/womens-tennis-clothing/head-womens-club-basic-skort-white-1454815.html,HEAD,8ce338dbc85d
Womens Griled Skirt - Black,£17.49,£35.00,Tennis Clothing,2026-10-07 16:39:27,Tennis Nuts,https://www.tennisnuts.com/shop/tennis/tennis-clothing/womens-tennis-clothing/ellesse-womens-griled-skirt-black-1546687.html,Ellesse,eb009012d325
Womens Impeto Shorts - Blue/White,£9.99,£25.00,Tennis Clothing,2026-10-07 16:39:27,Tennis Nuts,https://www.tennisnuts.com/shop/tennis/tennis-clothing/womens-tennis-clothing/ellesse-womens-impeto-shorts-blue-white-1525714.html,Ellesse,4ebaf6190f48
Womens Club Pocket Skirt - White,£29.74,£35.00,Tennis Clothing,2026-10-07 16:39:27,Tennis Nuts,https://www.tennisnuts.com/shop/tennis/tennis-clothing/womens-tennis-clothing/adidas-womens-club-pocket-skirt-white-1767369.html,Adidas,68c66ef0fcc6
Womens Victory Tee (Plus Size) - Navy Blue,£17.49,£40.00,Tennis Clothing,2026-10-07 16:39:27,Tennis Nuts,https://www.tennisnuts.com/shop/tennis/tennis-clothing/womens-tennis-clothing/nike-womens-victory-tee-plus-size-navy-blue-1506673.html,Nike,42892ffb1448
Womens Club 25 Dress - Navy,£44.99,£70.00,Tennis Clothing,2026-10-07 16:39:27,Tennis Nuts,https://www.tennisnuts.com/shop/tennis/tennis-clothing/womens-tennis-clothing/head-womens-club-25-dress-navy-1695275.html,HEAD,3cc1b21b85fc
Womens Dynamic Skort - Navy/White,£29.99,£54.00,Tennis Clothing,2026-10-07 16:39:27,Tennis Nuts,https://www.tennisnuts.com/shop/tennis/tennis-clothing/womens-tennis-clothing/head-womens-dynamic-skort-navy-white-1764969.html,HEAD,dfcecc95a247
Womens Play Skirt - White/Orange,£27.49,£36.00,Tennis Clothing,2026-10-07 16:39:27,Tennis Nuts,https://www.tennisnuts.com/shop/tennis/tennis-clothing/womens-tennis-clothing/babolat-womens-play-skirt-white-orange-1706322.html,Babolat,ab3886a0e9af
Womens Rally Full Zip Hoodie - Light Blue,£49.59,£62.00,Tennis Clothing,2026-10-07 16:39:27,Tennis Nuts,https://www.tennisnuts.com/shop/tennis/tennis-clothing/womens-tennis-clothing/head-womens-rally-full-zip-hoodie-light-blue-1765056.html,HEAD,c6431826722b
Womens Club Original Hoodie - Navy,£39.99,£50.00,Tennis Clothing,2026-10-07 16:39:27,Tennis Nuts,https://www.tennisnuts.com/shop/tennis/tennis-clothing/womens-tennis-clothing/head-womens-club-original-hoodie-navy-1764633.html,HEAD,572314310643
Womens Club 25 Tech Hoodie - Royal Blue/White,£49.59,£62.00,Tennis Clothing,2026-10-07 16:39:27,Tennis Nuts,https://www.tennisnuts.com/shop/tennis/tennis-clothing/womens-tennis-clothing/head-womens-club-25-tech-hoodie-royal-blue-white-1698065.html,HEAD,bc3ec49febe5
Womens Tie Break II T-Shirt - Apricot/Print Vision,£29.99,£54.00,Tennis Clothing,2026-10-07 16:39:27,Tennis Nuts,https://www.tennisnuts.com/shop/tennis/tennis-clothing/womens-tennis-clothing/head-womens-tie-break-ii-t-shirt-apricot-print-vision-1764951.html,HEAD,08674b68205d
Womens Ascalone Skort - Pink,£19.99,£45.00,Tennis Clothing,2026-10-07 16:39:27,Tennis Nuts,https://www.tennisnuts.com/shop/tennis/tennis-clothing/womens-tennis-clothing/ellesse-womens-ascalone-skort-pink-1638294.html,Ellesse,915674f68b56
Womens Club Jacket - Navy,£49.59,£62.00,Tennis Clothing,2026-10-07 16:39:27,Tennis Nuts,https://www.tennisnuts.com/shop/tennis/tennis-clothing/womens-tennis-clothing/head-womens-club-jacket-navy-1695273.html,HEAD,347f2996d61f
Womens Barricade Code Tank - Red,£19.99,£43.00,Tennis Clothing,2026-10-07 16:39:27,Tennis Nuts,https://www.tennisnuts.com/shop/tennis/tennis-clothing/womens-tennis-clothing/adidas-womens-barricade-code-tank-red-1428982.html,Adidas,1dd23f04a7b1
Womens Victory Tee (Plus Size) - White,£24.99,£40.00,Tennis Clothing,2026-10-07 16:39:27,Tennis Nuts,https://www.tennisnuts.com/shop/tennis/tennis-clothing/womens-tennis-clothing/nike-womens-victory-tee-plus-size-white-1506672.html,Nike,ce9be76a2a08
Womens Play Cap Sleeve Top - Illusion Blue,£30.59,£36.00,Tennis Clothing,2026-10-07 16:39:27,Tennis Nuts,https://www.tennisnuts.com/shop/tennis/tennis-clothing/womens-tennis-clothing/babolat-womens-play-cap-sleeve-top-illusion-blue-1755665.html,Babolat,38618ea79ac1
Womens Play Skirt - White,£24.99,£36.00,Tennis Clothing,2026-10-07 16:39:27,Tennis Nuts,https://www.tennisnuts.com/shop/tennis/tennis-clothing/womens-tennis-clothing/babolat-womens-play-skirt-white-1661569.html,Babolat,adaa94ed633c
Womens Dry Tennis Skirt - White/Black,£17.49,£35.00,Tennis Clothing,2026-10-07 16:39:27,Tennis Nuts,https://www.tennisnuts.com/shop/tennis/tennis-clothing/womens-tennis-clothing/nike-womens-dry-tennis-skirt-white-black-1445662.html,Nike,5df7706e2756
Womens Hypercourt Pleated Skort - White,£23.99,£40.00,Tennis Clothing,2026-10-07 16:39:27,Tennis Nuts,https://www.tennisnuts.com/shop/tennis/tennis-clothing/womens-tennis-clothing/k-swiss-womens-hypercourt-pleated-skort-white-1546057.html,K-Swiss,e4f5afee60bc
Womens Club 25 Tech Tee - Royal Blue/White,£19.99,£36.00,Tennis Clothing,2026-10-07 16:39:27,Tennis Nuts,https://www.tennisnuts.com/shop/tennis/tennis-clothing/womens-tennis-clothing/head-womens-club-25-tech-tee-royal-blue-white-1698061.html,HEAD,dea0c106a92e
Womens Lilli Leggings - Peacoat,£19.99,£45.00,Tennis Clothing,2026-10-07 16:39:27,Tennis Nuts,https://www.tennisnuts.com/shop/tennis/tennis-clothing/womens-tennis-clothing/fila-womens-lilli-leggings-peacoat-1537925.html,Fila,b79c44f2332e
Lucky in Love Womens Baseline Tank - White,£24.99,£64.00,Tennis Clothing,2026-10-07 16:39:27,Tennis Nuts,https://www.tennisnuts.com/shop/tennis/tennis-clothing/womens-tennis-clothing/lucky-in-love-womens-baseline-tank-white-1621767.html,,b9cc1251347d
Womens Club Tennis Skirt - White (2023),£22.79,£38.00,Tennis Clothing,2026-10-07 16:39:27,Tennis Nuts,https://www.tennisnuts.com/shop/tennis/tennis-clothing/womens-tennis-clothing/adidas-womens-club-tennis-skirt-white-2023-1623759.html,Adidas,56d29f95aa17
Womens Club Pleated Skirt - Maroon,£33.99,£40.00,Tennis Clothing,2026-10-07 16:39:27,Tennis Nuts,https://www.tennisnuts.com/shop/tennis/tennis-clothing/womens-tennis-clothing/adidas-womens-club-pleated-skirt-maroon-1769299.html,Adidas,5c632e545d1b
Womens Impeto Shorts - White,£9.99,£25.00,Tennis Clothing,2026-10-07 16:39:27,Tennis Nuts,https://www.tennisnuts.com/shop/tennis/tennis-clothing/womens-tennis-clothing/ellesse-womens-impeto-shorts-white-1525717.html,Ellesse,ed0d41cd4ee9
Womens Club 25 Tech Tee - Navy,£19.99,£36.00,Tennis Clothing,2026-10-07 16:39:27,Tennis Nuts,https://www.tennisnuts.com/shop/tennis/tennis-clothing/womens-tennis-clothing/head-womens-club-25-tech-tee-navy-1695267.html,HEAD,ef387b3117c1
Womens Perf Padel Tank Top - White,£19.99,£33.00,Tennis Clothing,2026-10-07 16:39:27,Tennis Nuts,https://www.tennisnuts.com/shop/tennis/tennis-clothing/womens-tennis-clothing/babolat-womens-perf-padel-tank-top-white-1755477.html,Babolat,cb7f2a093bee
Womens Club Tank V-Neck - Black,£25.49,£30.00,Tennis Clothing,2026-10-07 16:39:27,Tennis Nuts,https://www.tennisnuts.com/shop/tennis/tennis-clothing/womens-tennis-clothing/adidas-womens-club-tank-v-neck-black-1762952.html,Adidas,0aaa06d5e689
Womens Classics Skirt - White,£39.49,£55.00,Tennis Clothing,2026-10-07 16:39:27,Tennis Nuts,https://www.tennisnuts.com/shop/tennis/tennis-clothing/womens-tennis-clothing/adidas-womens-classics-skirt-white-1767270.html,Adidas,39b585abc2c0
Womens Perf Padel Tank Top - Black,£19.99,£33.00,Tennis Clothing,2026-10-07 16:39:27,Tennis Nuts,https://www.tennisnuts.com/shop/tennis/tennis-clothing/womens-tennis-clothing/babolat-womens-perf-padel-tank-top-black-1755480.html,Babolat,3ea1a51dd18a
Womens Dry Print Tennis Tank - Purple/Red,£14.99,£35.00,Tennis Clothing,2026-10-07 16:39:27,Tennis Nuts,https://www.tennisnuts.com/shop/tennis/tennis-clothing/womens-tennis-clothing/nike-womens-dry-print-tennis-tank-purple-red-1501614.html,Nike,d139d31e66d2
Womens Fireball Tee - Light Pink,£8.99,£18.00,Tennis Clothing,2026-10-07 16:39:27,Tennis Nuts,https://www.tennisnuts.com/shop/tennis/tennis-clothing/womens-tennis-clothing/ellesse-womens-fireball-tee-light-pink-1524343.html,Ellesse,7bf902f5009f
Womens Perf Padel Tank Top - Sun Kissed Coral,£19.99,£33.00,Tennis Clothing,2026-10-07 16:39:27,Tennis Nuts,https://www.tennisnuts.com/shop/tennis/tennis-clothing/womens-tennis-clothing/babolat-womens-perf-padel-tank-top-sun-kissed-coral-1755482.html,Babolat,cf5cb56c0262
Womens Club 3/4 Pants - Black,£14.99,£48.00,Tennis Clothing,2026-10-07 16:39:27,Tennis Nuts,https://www.tennisnuts.com/shop/tennis/tennis-clothing/womens-tennis-clothing/head-womens-club-3-4-pants-black-1454814.html,HEAD,4eab31c0953a
Womens Victory Tank (Plus Size) - Black,£24.99,£32.00,Tennis Clothing,2026-10-07 16:39:27,Tennis Nuts,https://www.tennisnuts.com/shop/tennis/tennis-clothing/womens-tennis-clothing/nike-womens-victory-tank-plus-size-black-1506671.html,Nike,07f9b4c8a133
Womens Victory Tennis Skirt - White (2022),£19.99,£45.00,Tennis Clothing,2026-10-07 16:39:27,Tennis Nuts,https://www.tennisnuts.com/shop/tennis/tennis-clothing/womens-tennis-clothing/nike-womens-victory-tennis-skirt-white-2022-1622072.html,Nike,bddadd25348e
Womens Exercise Padded Jacket - Dark Blue,£74.99,£109.00,Tennis Clothing,2026-10-07 16:39:27,Tennis Nuts,https://www.tennisnuts.com/shop/tennis/tennis-clothing/womens-tennis-clothing/babolat-womens-exercise-padded-jacket-dark-blue-1756951.html,Babolat,21ca591e8bde
Womens Agility Tank Top - Apricot/Print Vison,£29.99,£50.00,Tennis Clothing,2026-10-07 16:39:27,Tennis Nuts,https://www.tennisnuts.com/shop/tennis/tennis-clothing/womens-tennis-clothing/head-womens-agility-tank-top-apricot-print-vison-1764955.html,HEAD,81368c97d424
Womens Match Tank Top Pro - Violet Tone,£33.99,£40.00,Tennis Clothing,2026-10-07 16:39:27,Tennis Nuts,https://www.tennisnuts.com/shop/tennis/tennis-clothing/womens-tennis-clothing/adidas-womens-match-tank-top-pro-violet-tone-1768480.html,Adidas,a6acca0a7c8a
Womens Club Tennis Skirt - Pink Strata,£19.99,£38.00,Tennis Clothing,2026-10-07 16:39:27,Tennis Nuts,https://www.tennisnuts.com/shop/tennis/tennis-clothing/womens-tennis-clothing/adidas-womens-club-tennis-skirt-pink-strata-1640326.html,Adidas,46ca079b15d8
Womens Rally Full Zip Hoodie - Navy,£49.59,£62.00,Tennis Clothing,2026-10-07 16:39:27,Tennis Nuts,https://www.tennisnuts.com/shop/tennis/tennis-clothing/womens-tennis-clothing/head-womens-rally-full-zip-hoodie-navy-1765055.html,HEAD,9d9dbd2741ef
Womens Club Pleat Tennis Skirt - White,£19.99,£40.00,Tennis Clothing,2026-10-07 16:39:27,Tennis Nuts,https://www.tennisnuts.com/shop/tennis/tennis-clothing/womens-tennis-clothing/adidas-womens-club-pleat-tennis-skirt-white-1627217.html,Adidas,4811d7d66d92
Womens Tennis Y-Tank Top - Black,£22.49,£45.00,Tennis Clothing,2026-10-07 16:39:27,Tennis Nuts,https://www.tennisnuts.com/shop/tennis/tennis-clothing/womens-tennis-clothing/adidas-womens-tennis-y-tank-top-black-1638606.html,Adidas,99dffd349b06
Womens Play Tank Top- Forever Blue,£30.59,£36.00,Tennis Clothing,2026-10-07 16:39:27,Tennis Nuts,https://www.tennisnuts.com/shop/tennis/tennis-clothing/womens-tennis-clothing/babolat-womens-play-tank-top-forever-blue-1755666.html,Babolat,adadcfbc5862
Womens Club Tank - Pure Turbo,£25.49,£30.00,Tennis Clothing,2026-10-07 16:39:27,Tennis Nuts,https://www.tennisnuts.com/shop/tennis/tennis-clothing/womens-tennis-clothing/adidas-womens-club-tank-pure-turbo-1769292.html,Adidas,f59b3de51bb8
Womens Melbourne Printed Tennis Skirt - White/Wonder Mauve,£19.99,£55.00,Tennis Clothing,2026-10-07 16:39:27,Tennis Nuts,https://www.tennisnuts.com/shop/tennis/tennis-clothing/womens-tennis-clothing/adidas-womens-melbourne-printed-tennis-skirt-white-wonder-mauve-1540602.html,Adidas,c51313b05098
Lucky in Love Womens Neon Lights Tank - Blue,£24.99,£72.00,Tennis Clothing,2026-10-07 16:39:27,Tennis Nuts,https://www.tennisnuts.com/shop/tennis/tennis-clothing/womens-tennis-clothing/lucky-in-love-womens-neon-lights-tank-blue-1620887.html,,6f04060edb41
Womens Club Tennis Skirt - Black,£19.99,£38.00,Tennis Clothing,2026-10-07 16:39:27,Tennis Nuts,https://www.tennisnuts.com/shop/tennis/tennis-clothing/womens-tennis-clothing/adidas-womens-club-tennis-skirt-black-1623758.html,Adidas,c7c9f16e636b
Womens Racerback Polo - Palm Beach,£24.99,£74.00,Tennis Clothing,2026-10-07 16:39:27,Tennis Nuts,https://www.tennisnuts.com/shop/tennis/tennis-clothing/womens-tennis-clothing/sofibella-womens-racerback-polo-palm-beach-1662925.html,Sofibella,0c3a69a78b50
Womens Tie Break Tee - Light Blue/White,£29.99,£54.00,Tennis Clothing,2026-10-07 16:39:27,Tennis Nuts,https://www.tennisnuts.com/shop/tennis/tennis-clothing/womens-tennis-clothing/head-womens-tie-break-tee-light-blue-white-1764947.html,HEAD,05fea695dc9c
Womens Club Tank - Maroon,£25.49,£30.00,Tennis Clothing,2026-10-07 16:39:27,Tennis Nuts,https://www.tennisnuts.com/shop/tennis/tennis-clothing/womens-tennis-clothing/adidas-womens-club-tank-maroon-1769298.html,Adidas,c450412e2375
Womens Impeto Shorts - Navy,£9.99,£25.00,Tennis Clothing,2026-10-07 16:39:27,Tennis Nuts,https://www.tennisnuts.com/shop/tennis/tennis-clothing/womens-tennis-clothing/ellesse-womens-impeto-shorts-navy-1525716.html,Ellesse,6a623f501cc3
Womens Racerback Polo - Lavender,£24.99,£74.00,Tennis Clothing,2026-10-07 16:39:27,Tennis Nuts,https://www.tennisnuts.com/shop/tennis/tennis-clothing/womens-tennis-clothing/sofibella-womens-racerback-polo-lavender-1662926.html,Sofibella,921536dc9f43
Womens Spirit Tank Top Print Vision - Celery Green,£19.99,£50.00,Tennis Clothing,2026-10-07 16:39:27,Tennis Nuts,https://www.tennisnuts.com/shop/tennis/tennis-clothing/womens-tennis-clothing/head-womens-spirit-tank-top-print-vision-celery-green-1695247.html,HEAD,9c1d9673d4d9
Womens Rainbow T-Shirt - Navy,£28.79,£36.00,Tennis Clothing,2026-10-07 16:39:27,Tennis Nuts,https://www.tennisnuts.com/shop/tennis/tennis-clothing/womens-tennis-clothing/head-womens-rainbow-t-shirt-navy-1695263.html,HEAD,b8524e184e86
Womens Play Pants - Red,£29.99,£66.99,Tennis Clothing,2026-10-07 16:39:27,Tennis Nuts,https://www.tennisnuts.com/shop/tennis/tennis-clothing/womens-tennis-clothing/babolat-womens-play-pants-red-1697066.html,Babolat,2fcf86a9be74
Womens Classics Tank Top - White,£35.99,£40.00,Tennis Clothing,2026-10-07 16:39:27,Tennis Nuts,https://www.tennisnuts.com/shop/tennis/tennis-clothing/womens-tennis-clothing/adidas-womens-classics-tank-top-white-1767520.html,Adidas,5984ffb435f5
Womens Palleggio Jog Pants - White,£19.99,£40.00,Tennis Clothing,2026-10-07 16:39:27,Tennis Nuts,https://www.tennisnuts.com/shop/tennis/tennis-clothing/womens-tennis-clothing/ellesse-womens-palleggio-jog-pants-white-1643428.html,Ellesse,72e1efff04a5
Womens Knitted Pants - Navy,£33.79,£45.00,Tennis Clothing,2026-10-07 16:39:27,Tennis Nuts,https://www.tennisnuts.com/shop/tennis/tennis-clothing/womens-tennis-clothing/dunlop-womens-knitted-pants-navy-1693952.html,Dunlop,17de86a9a3ee
Womens Club 25 Tech Hoodie - Navy Blue/White,£49.59,£62.00,Tennis Clothing,2026-10-07 16:39:27,Tennis Nuts,https://www.tennisnuts.com/shop/tennis/tennis-clothing/womens-tennis-clothing/head-womens-club-25-tech-hoodie-navy-blue-white-1698064.html,HEAD,6f43f2086056
Womens Classics Skirt - Distilled Pink,£39.49,£55.00,Tennis Clothing,2026-10-07 16:39:27,Tennis Nuts,https://www.tennisnuts.com/shop/tennis/tennis-clothing/womens-tennis-clothing/adidas-womens-classics-skirt-distilled-pink-1767368.html,Adidas,4e7025ca5316
Womens Classics Skirt - Maroon,£39.49,£55.00,Tennis Clothing,2026-10-07 16:39:27,Tennis Nuts,https://www.tennisnuts.com/shop/tennis/tennis-clothing/womens-tennis-clothing/adidas-womens-classics-skirt-maroon-1767522.html,Adidas,806f51266d54
Womens Mondae Dress - Navy,£19.99,£40.00,Tennis Clothing,2026-10-07 16:39:27,Tennis Nuts,https://www.tennisnuts.com/shop/tennis/tennis-clothing/womens-tennis-clothing/ellesse-womens-mondae-dress-navy-1525733.html,Ellesse,c73a80e5ec44
Womens Tennis Y-Tank - White,£19.99,£45.00,Tennis Clothing,2026-10-07 16:39:27,Tennis Nuts,https://www.tennisnuts.com/shop/tennis/tennis-clothing/womens-tennis-clothing/adidas-womens-tennis-y-tank-white-1539876.html,Adidas,ac4e17d01fc2
AP Womens Club Skort - Black,£22.49,£30.00,Tennis Clothing,2026-10-07 16:39:27,Tennis Nuts,https://www.tennisnuts.com/shop/tennis/tennis-clothing/womens-tennis-clothing/dunlop-ap-womens-club-skort-black-1693955.html,Dunlop,a21fdd560a3d
Womens Club Original T-Shirt - Royal,£21.59,£27.00,Tennis Clothing,2026-10-07 16:39:27,Tennis Nuts,https://www.tennisnuts.com/shop/tennis/tennis-clothing/womens-tennis-clothing/head-womens-club-original-t-shirt-royal-1764638.html,HEAD,82e9c47bd488
Womens Acqua Sole Open Hole Tank - Green,£19.99,£50.00,Tennis Clothing,2026-10-07 16:39:27,Tennis Nuts,https://www.tennisnuts.com/shop/tennis/tennis-clothing/womens-tennis-clothing/fila-womens-acqua-sole-open-hole-tank-green-1478014.html,Fila,518e431dd1f0
Womens Play Pants - Estate Blue,£19.99,£42.00,Tennis Clothing,2026-10-07 16:39:27,Tennis Nuts,https://www.tennisnuts.com/shop/tennis/tennis-clothing/womens-tennis-clothing/babolat-womens-play-pants-estate-blue-1480500.html,Babolat,8ccedc6e726e
Womens Dri-FIT Printed Tennis Skirt - Blue/White,£21.49,£43.00,Tennis Clothing,2026-10-07 16:39:27,Tennis Nuts,https://www.tennisnuts.com/shop/tennis/tennis-clothing/womens-tennis-clothing/nike-womens-dri-fit-printed-tennis-skirt-blue-white-1501629.html,Nike,0b33fb4be9f8
Womens Slam Tennis Tank - Mint Foam,£19.99,£65.00,Tennis Clothing,2026-10-07 16:39:27,Tennis Nuts,https://www.tennisnuts.com/shop/tennis/tennis-clothing/womens-tennis-clothing/nike-womens-slam-tennis-tank-mint-foam-1559548.html,Nike,93f73546f44a
Lucky in Love Womens Ruche Crop Tank - Black,£24.99,£62.00,Tennis Clothing,2026-10-07 16:39:27,Tennis Nuts,https://www.tennisnuts.com/shop/tennis/tennis-clothing/womens-tennis-clothing/lucky-in-love-womens-ruche-crop-tank-black-1620884.html,,5b4c76a3d41c
Lucky in Love Womens Paisley For You Tie Back Tank - Black,£24.99,£84.00,Tennis Clothing,2026-10-07 16:39:27,Tennis Nuts,https://www.tennisnuts.com/shop/tennis/tennis-clothing/womens-tennis-clothing/lucky-in-love-womens-paisley-for-you-tie-back-tank-black-1647823.html,,20212e7a5b7d
Womens Kynance Skort - White,£20.00,£40.00,Tennis Clothing,2026-10-07 16:39:27,Tennis Nuts,https://www.tennisnuts.com/shop/tennis/tennis-clothing/womens-tennis-clothing/ellesse-womens-kynance-skort-white-1655227.html,Ellesse,0218e43fef33
Womens Club Rosie Hoodie - Royal Blue,£28.79,£48.00,Tennis Clothing,2026-10-07 16:39:27,Tennis Nuts,https://www.tennisnuts.com/shop/tennis/tennis-clothing/womens-tennis-clothing/head-womens-club-rosie-hoodie-royal-blue-1660103.html,HEAD,9209089e57e7
Womens Tennis Gameset Y-Tank - Spark,£22.49,£45.00,Tennis Clothing,2026-10-07 16:39:27,Tennis Nuts,https://www.tennisnuts.com/shop/tennis/tennis-clothing/womens-tennis-clothing/adidas-womens-tennis-gameset-y-tank-spark-1661868.html,Adidas,698767ecb477
Womens AP Club Tank Top - White,£18.79,£25.00,Tennis Clothing,2026-10-07 16:39:27,Tennis Nuts,https://www.tennisnuts.com/shop/tennis/tennis-clothing/womens-tennis-clothing/dunlop-womens-ap-club-tank-top-white-1693946.html,Dunlop,88ce47f3ccd4
Womens Play Tank Top - White/Orange/Blue,£19.99,£26.00,Tennis Clothing,2026-10-07 16:39:27,Tennis Nuts,https://www.tennisnuts.com/shop/tennis/tennis-clothing/womens-tennis-clothing/babolat-womens-play-tank-top-white-orange-blue-1697122.html,Babolat,c7552990cda8
Womens Club 25 Dress - Navy/White,£44.99,£70.00,Tennis Clothing,2026-10-07 16:39:27,Tennis Nuts,https://www.tennisnuts.com/shop/tennis/tennis-clothing/womens-tennis-clothing/head-womens-club-25-dress-navy-white-1698066.html,HEAD,60dacac20229
Womens Gameset Y-Tank Top - Black,£19.99,£43.00,Tennis Clothing,2026-10-07 16:39:27,Tennis Nuts,https://www.tennisnuts.com/shop/tennis/tennis-clothing/womens-tennis-clothing/adidas-womens-gameset-y-tank-top-black-1502922.html,Adidas,59c6f2984ef9
Womens Club Tennis Skirt - White,£19.99,£35.00,Tennis Clothing,2026-10-07 16:39:27,Tennis Nuts,https://www.tennisnuts.com/shop/tennis/tennis-clothing/womens-tennis-clothing/adidas-womens-club-tennis-skirt-white-1511988.html,Adidas,888f158f556c
Lucky in Love Womens Laced Up Tank - Black,£24.99,£70.00,Tennis Clothing,2026-10-07 16:39:27,Tennis Nuts,https://www.tennisnuts.com/shop/tennis/tennis-clothing/womens-tennis-clothing/lucky-in-love-womens-laced-up-tank-black-1539898.html,,7c326ab05e66
Womens Club Tech Polo - Black,£19.99,£42.00,Tennis Clothing,2026-10-07 16:39:27,Tennis Nuts,https://www.tennisnuts.com/shop/tennis/tennis-clothing/womens-tennis-clothing/head-womens-club-tech-polo-black-1542916.html,HEAD,b18091021335
Lucky in Love Womens My Lucky Tie Back Tank  - White,£24.99,£72.00,Tennis Clothing,2026-10-07 16:39:27,Tennis Nuts,https://www.tennisnuts.com/shop/tennis/tennis-clothing/womens-tennis-clothing/lucky-in-love-womens-my-lucky-tie-back-tank-white-1563237.html,,50e6992dc58b
Lucky in Love Womens Glow Up Tank - Black/Electric Blue,£24.99,£72.00,Tennis Clothing,2026-10-07 16:39:27,Tennis Nuts,https://www.tennisnuts.com/shop/tennis/tennis-clothing/womens-tennis-clothing/lucky-in-love-womens-glow-up-tank-black-electric-blue-1620885.html,,aa8707246f56
Womens Paola Cuff Joggers - White,£24.99,£50.00,Tennis Clothing,2026-10-07 16:39:27,Tennis Nuts,https://www.tennisnuts.com/shop/tennis/tennis-clothing/womens-tennis-clothing/sergio-tacchini-womens-paola-cuff-joggers-white-1695027.html,Sergio Tacchini,ebdc2c8435ed
Womens Tie Break Tee - Navy/White,£29.99,£54.00,Tennis Clothing,2026-10-07 16:39:27,Tennis Nuts,https://www.tennisnuts.com/shop/tennis/tennis-clothing/womens-tennis-clothing/head-womens-tie-break-tee-navy-white-1764945.html,HEAD,a07bcbf5ec16
Womens Blur Tank Top - Royal/Print Vision II,£24.99,£45.00,Tennis Clothing,2026-10-07 16:39:27,Tennis Nuts,https://www.tennisnuts.com/shop/tennis/tennis-clothing/womens-tennis-clothing/head-womens-blur-tank-top-royal-print-vision-ii-1764962.html,HEAD,e647dc0a65c7
Womens Match Tank Top Pro - White,£33.99,£40.00,Tennis Clothing,2026-10-07 16:39:27,Tennis Nuts,https://www.tennisnuts.com/shop/tennis/tennis-clothing/womens-tennis-clothing/adidas-womens-match-tank-top-pro-white-1767372.html,Adidas,00ffdb8815d4
Womens Elite XI Full-Zip Sweatshirt - Navy Blue/White,£50.99,£60.00,Tennis Clothing,2026-10-07 16:39:27,Tennis Nuts,https://www.tennisnuts.com/shop/tennis/tennis-clothing/womens-tennis-clothing/joma-womens-elite-xi-full-zip-sweatshirt-navy-blue-white-1769174.html,Joma,72840cb236ad
Womens Club Pants - White,£29.99,£48.00,Tennis Clothing,2026-10-07 16:39:27,Tennis Nuts,https://www.tennisnuts.com/shop/tennis/tennis-clothing/womens-tennis-clothing/head-womens-club-pants-white-1454775.html,HEAD,e338bc767d10
Womens Club Basic Skort - Black,£31.99,£40.00,Tennis Clothing,2026-10-07 16:39:27,Tennis Nuts,https://www.tennisnuts.com/shop/tennis/tennis-clothing/womens-tennis-clothing/head-womens-club-basic-skort-black-1454816.html,HEAD,411f456fb0f2
Womens Game Skirt - Blanc/Sky,£19.99,£40.00,Tennis Clothing,2026-10-07 16:39:27,Tennis Nuts,https://www.tennisnuts.com/shop/tennis/tennis-clothing/womens-tennis-clothing/sergio-tacchini-womens-game-skirt-blanc-sky-1524898.html,Sergio Tacchini,087d81cefe2c
Womens Club Tennis Skirt - White,£24.99,£60.00,Tennis Clothing,2026-10-07 16:39:27,Tennis Nuts,https://www.tennisnuts.com/shop/tennis/tennis-clothing/womens-tennis-clothing/nike-womens-club-tennis-skirt-white-1568060.html,Nike,b399c5bb0f3c
Womens Tank - Palm Beach,£29.99,£66.00,Tennis Clothing,2026-10-07 16:39:27,Tennis Nuts,https://www.tennisnuts.com/shop/tennis/tennis-clothing/womens-tennis-clothing/sofibella-womens-tank-palm-beach-1662924.html,Sofibella,a5bb131567ab
Womens Tank - Diamond Rush,£29.99,£68.00,Tennis Clothing,2026-10-07 16:39:27,Tennis Nuts,https://www.tennisnuts.com/shop/tennis/tennis-clothing/womens-tennis-clothing/sofibella-womens-tank-diamond-rush-1663074.html,Sofibella,ea8152c9c979
Womens Club Climacool Skirt - White,£20.99,£35.00,Tennis Clothing,2026-10-07 16:39:27,Tennis Nuts,https://www.tennisnuts.com/shop/tennis/tennis-clothing/womens-tennis-clothing/adidas-womens-club-climacool-skirt-white-1694068.html,Adidas,80d71fb9a9c4
Womens Dynamic Skort (2025) - White,£24.99,£54.00,Tennis Clothing,2026-10-07 16:39:27,Tennis Nuts,https://www.tennisnuts.com/shop/tennis/tennis-clothing/womens-tennis-clothing/head-womens-dynamic-skort-2025-white-1695259.html,HEAD,eb97b8c03ec3
Womens Sammy Tee - Dark Blue/White/Mint,£19.99,£40.00,Tennis Clothing,2026-10-07 16:39:27,Tennis Nuts,https://www.tennisnuts.com/shop/tennis/tennis-clothing/womens-tennis-clothing/head-womens-sammy-tee-dark-blue-white-mint-1519987.html,HEAD,f865fe7edb78
Womens Club Rosie Hoodie - Black/White,£19.99,£48.00,Tennis Clothing,2026-10-07 16:39:27,Tennis Nuts,https://www.tennisnuts.com/shop/tennis/tennis-clothing/womens-tennis-clothing/head-womens-club-rosie-hoodie-black-white-1542969.html,HEAD,72fa79133f6a
Womens US Series Crop Top - Clear Pink,£22.49,£55.00,Tennis Clothing,2026-10-07 16:39:27,Tennis Nuts,https://www.tennisnuts.com/shop/tennis/tennis-clothing/womens-tennis-clothing/adidas-womens-us-series-crop-top-clear-pink-1563914.html,Adidas,b260471ca517
Womens Club Tennis Skirt - Collegiate Navy,£19.99,£38.00,Tennis Clothing,2026-10-07 16:39:27,Tennis Nuts,https://www.tennisnuts.com/shop/tennis/tennis-clothing/womens-tennis-clothing/adidas-womens-club-tennis-skirt-collegiate-navy-1627218.html,Adidas,20d3da3b2c00
Womens Hypercourt Skort 4 - White,£23.99,£40.00,Tennis Clothing,2026-10-07 16:39:27,Tennis Nuts,https://www.tennisnuts.com/shop/tennis/tennis-clothing/womens-tennis-clothing/k-swiss-womens-hypercourt-skort-4-white-1632935.html,K-Swiss,775f7a320921
Lucky in Love Womens Bralette Tank - Lilac,£24.99,£64.00,Tennis Clothing,2026-10-07 16:39:27,Tennis Nuts,https://www.tennisnuts.com/shop/tennis/tennis-clothing/womens-tennis-clothing/lucky-in-love-womens-bralette-tank-lilac-1640329.html,,311342acd57d
Womens Magic Lights Tank - Black,£24.99,£68.00,Tennis Clothing,2026-10-07 16:39:27,Tennis Nuts,https://www.tennisnuts.com/shop/tennis/tennis-clothing/womens-tennis-clothing/sofibella-womens-magic-lights-tank-black-1647844.html,Sofibella,1f7a78087605
Womens Dynamic Skort - White,£19.99,£45.00,Tennis Clothing,2026-10-07 16:39:27,Tennis Nuts,https://www.tennisnuts.com/shop/tennis/tennis-clothing/womens-tennis-clothing/head-womens-dynamic-skort-white-1542687.html,HEAD,b24c451f4824
Womens Club Tennis Tee - Wonder Mauve,£12.49,£38.00,Tennis Clothing,2026-10-07 16:39:27,Tennis Nuts,https://www.tennisnuts.com/shop/tennis/tennis-clothing/womens-tennis-clothing/adidas-womens-club-tennis-tee-wonder-mauve-1555026.html,Adidas,6711afbc7aa9
Womens Linea Leggings - Grey Marl,£12.49,£25.00,Tennis Clothing,2026-10-07 16:39:27,Tennis Nuts,https://www.tennisnuts.com/shop/tennis/tennis-clothing/womens-tennis-clothing/ellesse-womens-linea-leggings-grey-marl-1643417.html,Ellesse,9580191abba9
Womens Tampere T-Shirt - Grey,£17.49,£35.00,Tennis Clothing,2026-10-07 16:39:27,Tennis Nuts,https://www.tennisnuts.com/shop/tennis/tennis-clothing/womens-tennis-clothing/ellesse-womens-tampere-t-shirt-grey-1655208.html,Ellesse,e45334ffa42e
13 Inch Womens Skort - Diamond Rush,£24.99,£74.00,Tennis Clothing,2026-10-07 16:39:27,Tennis Nuts,https://www.tennisnuts.com/sofibella-13-inch-womens-skort-diamond-rush-1663081.html,Sofibella,cf11993858e4
Womens 25 Inch Tank - White/Navy,£29.99,£80.00,Tennis Clothing,2026-10-07 16:39:27,Tennis Nuts,https://www.tennisnuts.com/shop/tennis/tennis-clothing/womens-tennis-clothing/sofibella-womens-25-inch-tank-white-navy-1696043.html,Sofibella,96f1021d44cb
Womens Move Skort - White,£29.99,£50.00,Tennis Clothing,2026-10-07 16:39:27,Tennis Nuts,https://www.tennisnuts.com/shop/tennis/tennis-clothing/womens-tennis-clothing/head-womens-move-skort-white-1765028.html,HEAD,b926a7945d92
Womens Classics Tank Top - Distilled Pink,£35.99,£40.00,Tennis Clothing,2026-10-07 16:39:27,Tennis Nuts,https://www.tennisnuts.com/shop/tennis/tennis-clothing/womens-tennis-clothing/adidas-womens-classics-tank-top-distilled-pink-1767381.html,Adidas,c8ce779842d4
Womens Top IV Tank 1 Tee - White/All Black,£17.49,£35.00,Tennis Clothing,2026-10-07 16:39:27,Tennis Nuts,https://www.tennisnuts.com/shop/tennis/tennis-clothing/womens-tennis-clothing/lotto-womens-top-iv-tank-1-tee-white-all-black-1555057.html,Lotto,c23371b4cf7f
Womens Club Pleat Tennis Skirt - Almost Blue,£25.79,£43.00,Tennis Clothing,2026-10-07 16:39:27,Tennis Nuts,https://www.tennisnuts.com/shop/tennis/tennis-clothing/womens-tennis-clothing/adidas-womens-club-pleat-tennis-skirt-almost-blue-1562507.html,Adidas,09afa3f4cfc2
Womens Occitania Skort - Black,£19.99,£40.00,Tennis Clothing,2026-10-07 16:39:27,Tennis Nuts,https://www.tennisnuts.com/shop/tennis/tennis-clothing/womens-tennis-clothing/ellesse-womens-occitania-skort-black-1655213.html,Ellesse,0d93a374374b
Womens 14 Inch High Waist Skort - Diamond Rush,£29.99,£74.00,Tennis Clothing,2026-10-07 16:39:27,Tennis Nuts,https://www.tennisnuts.com/sofibella-womens-14-inch-high-waist-skort-diamond-rush-1663088.html,Sofibella,6c53605752d5
AP Womens Club Skort - White,£22.49,£30.00,Tennis Clothing,2026-10-07 16:39:27,Tennis Nuts,https://www.tennisnuts.com/shop/tennis/tennis-clothing/womens-tennis-clothing/dunlop-ap-womens-club-skort-white-1693951.html,Dunlop,6c1897b59f4d
Womens Spirit Tank Top - White/Purple,£39.99,£50.00,Tennis Clothing,2026-10-07 16:39:27,Tennis Nuts,https://www.tennisnuts.com/shop/tennis/tennis-clothing/womens-tennis-clothing/head-womens-spirit-tank-top-white-purple-1764949.html,HEAD,d9b59e048089
Womens Move Skort - Navy,£29.99,£50.00,Tennis Clothing,2026-10-07 16:39:27,Tennis Nuts,https://www.tennisnuts.com/shop/tennis/tennis-clothing/womens-tennis-clothing/head-womens-move-skort-navy-1765029.html,HEAD,41e28181f705
Womens 3-Stripes Club Tee - White,£14.99,£35.00,Tennis Clothing,2026-10-07 16:39:27,Tennis Nuts,https://www.tennisnuts.com/shop/tennis/tennis-clothing/womens-tennis-clothing/adidas-womens-3-stripes-club-tee-white-1494714.html,Adidas,3f7c22ae9159
Womens Victory Tee (Plus Size) - Black,£19.99,£40.00,Tennis Clothing,2026-10-07 16:39:27,Tennis Nuts,https://www.tennisnuts.com/shop/tennis/tennis-clothing/womens-tennis-clothing/nike-womens-victory-tee-plus-size-black-1506660.html,Nike,bda269130e21
Womens Fireball Tee - Grey Marl,£8.99,£18.00,Tennis Clothing,2026-10-07 16:39:27,Tennis Nuts,https://www.tennisnuts.com/shop/tennis/tennis-clothing/womens-tennis-clothing/ellesse-womens-fireball-tee-grey-marl-1524342.html,Ellesse,e04105728f2e
Womens Mondae Dress - White,£19.99,£40.00,Tennis Clothing,2026-10-07 16:39:27,Tennis Nuts,https://www.tennisnuts.com/shop/tennis/tennis-clothing/womens-tennis-clothing/ellesse-womens-mondae-dress-white-1525732.html,Ellesse,5cbe9445e6d7
Womens Club Graphic Skort - Grey Six/Acid Red,£19.99,£43.00,Tennis Clothing,2026-10-07 16:39:27,Tennis Nuts,https://www.tennisnuts.com/shop/tennis/tennis-clothing/womens-tennis-clothing/adidas-womens-club-graphic-skort-grey-six-acid-red-1539558.html,Adidas,5cbf797dc3c2
Womens Pep Tights - Dark Blue/White,£24.99,£58.00,Tennis Clothing,2026-10-07 16:39:27,Tennis Nuts,https://www.tennisnuts.com/shop/tennis/tennis-clothing/womens-tennis-clothing/head-womens-pep-tights-dark-blue-white-1542692.html,HEAD,c6191c59fb57
Womens Heritage Halter Tank Top - Magenta Purple,£19.99,£50.00,Tennis Clothing,2026-10-07 16:39:27,Tennis Nuts,https://www.tennisnuts.com/shop/tennis/tennis-clothing/womens-tennis-clothing/fila-womens-heritage-halter-tank-top-magenta-purple-1566945.html,Fila,22c9af554953
Womens Graphic Tank - White,£12.49,£25.00,Tennis Clothing,2026-10-07 16:39:27,Tennis Nuts,https://www.tennisnuts.com/shop/tennis/tennis-clothing/womens-tennis-clothing/adidas-womens-graphic-tank-white-1627254.html,Adidas,eedd07bea8cc
Womens Diamond Rush Tank - Lemonade,£24.99,£68.00,Tennis Clothing,2026-10-07 16:39:27,Tennis Nuts,https://www.tennisnuts.com/shop/tennis/tennis-clothing/womens-tennis-clothing/sofibella-womens-diamond-rush-tank-lemonade-1654676.html,Sofibella,615405549021
Womens Club Basic Skort - Navy,£31.99,£40.00,Tennis Clothing,2026-10-07 16:39:27,Tennis Nuts,https://www.tennisnuts.com/shop/tennis/tennis-clothing/womens-tennis-clothing/head-womens-club-basic-skort-navy-1660071.html,HEAD,0cf3390fec22
Womens AP Club T-Shirt - Navy,£22.49,£30.00,Tennis Clothing,2026-10-07 16:39:27,Tennis Nuts,https://www.tennisnuts.com/shop/tennis/tennis-clothing/womens-tennis-clothing/dunlop-womens-ap-club-t-shirt-navy-1693944.html,Dunlop,1819a775ade2
Womens Federic Legging - Blue,£24.99,£40.00,Tennis Clothing,2026-10-07 16:39:27,Tennis Nuts,https://www.tennisnuts.com/shop/tennis/tennis-clothing/womens-tennis-clothing/sergio-tacchini-womens-federic-legging-blue-1694720.html,Sergio Tacchini,d2863cc1946e
Womens Move Skort - Purple,£29.99,£50.00,Tennis Clothing,2026-10-07 16:39:27,Tennis Nuts,https://www.tennisnuts.com/shop/tennis/tennis-clothing/womens-tennis-clothing/head-womens-move-skort-purple-1765032.html,HEAD,be20d7f7b2d3
Womens Heritage Shorts - Navy,£17.49,£35.00,Tennis Clothing,2026-10-07 16:39:27,Tennis Nuts,https://www.tennisnuts.com/shop/tennis/tennis-clothing/womens-tennis-clothing/k-swiss-womens-heritage-shorts-navy-1453765.html,K-Swiss,76fe481a06d9
Womens Short Sleeve - Palm Beach,£29.99,£70.00,Tennis Clothing,2026-10-07 16:39:27,Tennis Nuts,https://www.tennisnuts.com/shop/tennis/tennis-clothing/womens-tennis-clothing/sofibella-womens-short-sleeve-palm-beach-1662936.html,Sofibella,5b547f2fd960
Womens Play Pants - Blue,£29.99,£66.99,Tennis Clothing,2026-10-07 16:39:27,Tennis Nuts,https://www.tennisnuts.com/shop/tennis/tennis-clothing/womens-tennis-clothing/babolat-womens-play-pants-blue-1697068.html,Babolat,9515cee60ee8
Womens Move Skort - Light Blue,£29.99,£50.00,Tennis Clothing,2026-10-07 16:39:27,Tennis Nuts,https://www.tennisnuts.com/shop/tennis/tennis-clothing/womens-tennis-clothing/head-womens-move-skort-light-blue-1765033.html,HEAD,0a3e115028b2
Womens Classics Polo Shirt - Black,£35.99,£40.00,Tennis Clothing,2026-10-07 16:39:27,Tennis Nuts,https://www.tennisnuts.com/shop/tennis/tennis-clothing/womens-tennis-clothing/adidas-womens-classics-polo-shirt-black-1767524.html,Adidas,78f7c6473d61
Womens Pro Short Sleeve Crop Top - Black/White,£24.99,£32.00,Tennis Clothing,2026-10-07 16:39:27,Tennis Nuts,https://www.tennisnuts.com/shop/tennis/tennis-clothing/womens-tennis-clothing/nike-womens-pro-short-sleeve-crop-top-black-white-1455990.html,Nike,d5217424ca4b
Womens Banchina Track Pants - White,£19.99,£45.00,Tennis Clothing,2026-10-07 16:39:27,Tennis Nuts,https://www.tennisnuts.com/shop/tennis/tennis-clothing/womens-tennis-clothing/ellesse-womens-banchina-track-pants-white-1525744.html,Ellesse,8a0bb9f3c069
Womens Hypercourt Advantage Tank 2 - Cherry Blossom,£17.49,£35.00,Tennis Clothing,2026-10-07 16:39:27,Tennis Nuts,https://www.tennisnuts.com/shop/tennis/tennis-clothing/womens-tennis-clothing/k-swiss-womens-hypercourt-advantage-tank-2-cherry-blossom-1546026.html,K-Swiss,408af785afce
Womens Top IV Shorts 2.0 - Blue,£12.49,£30.00,Tennis Clothing,2026-10-07 16:39:27,Tennis Nuts,https://www.tennisnuts.com/shop/tennis/tennis-clothing/womens-tennis-clothing/lotto-womens-top-iv-shorts-2-0-blue-1558390.html,Lotto,d786a3c74ca6
Womens Heritage Halter Tank Top - Deep Teal,£19.99,£50.00,Tennis Clothing,2026-10-07 16:39:27,Tennis Nuts,https://www.tennisnuts.com/shop/tennis/tennis-clothing/womens-tennis-clothing/fila-womens-heritage-halter-tank-top-deep-teal-1567313.html,Fila,f885990cd87a
Womens Bliss Skort - Light Grey,£19.99,£45.00,Tennis Clothing,2026-10-07 16:39:27,Tennis Nuts,https://www.tennisnuts.com/shop/tennis/tennis-clothing/womens-tennis-clothing/ellesse-womens-bliss-skort-light-grey-1642566.html,Ellesse,76859dc3b343
Womens Tennis HEAT.RDY Tank Top - Lucid Cyan,£19.99,£55.00,Tennis Clothing,2026-10-07 16:39:27,Tennis Nuts,https://www.tennisnuts.com/shop/tennis/tennis-clothing/womens-tennis-clothing/adidas-womens-tennis-heat-rdy-tank-top-lucid-cyan-1643485.html,Adidas,849e5b5d70e5
Womens Bella Primavera Tank - Denim,£24.99,£70.00,Tennis Clothing,2026-10-07 16:39:27,Tennis Nuts,https://www.tennisnuts.com/shop/tennis/tennis-clothing/womens-tennis-clothing/sofibella-womens-bella-primavera-tank-denim-1654681.html,Sofibella,dab32a5edd5f
13 Inch Womens Skort - Palm Beach,£24.99,£74.00,Tennis Clothing,2026-10-07 16:39:27,Tennis Nuts,https://www.tennisnuts.com/sofibella-13-inch-womens-skort-palm-beach-1663062.html,Sofibella,a22be0a7c0d7
Womens Tech II Tank - White,£19.99,£44.00,Tennis Clothing,2026-10-07 16:39:27,Tennis Nuts,https://www.tennisnuts.com/shop/tennis/tennis-clothing/womens-tennis-clothing/lotto-womens-tech-ii-tank-white-1665304.html,Lotto,889ecba35ebb
Womens Sleeveless Tank - White,£29.99,£80.00,Tennis Clothing,2026-10-07 16:39:27,Tennis Nuts,https://www.tennisnuts.com/shop/tennis/tennis-clothing/womens-tennis-clothing/sofibella-womens-sleeveless-tank-white-1696048.html,Sofibella,ec31c9db0bac
Womens Rainbow T-Shirt - Light Blue,£19.99,£36.00,Tennis Clothing,2026-10-07 16:39:27,Tennis Nuts,https://www.tennisnuts.com/shop/tennis/tennis-clothing/womens-tennis-clothing/head-womens-rainbow-t-shirt-light-blue-1765054.html,HEAD,7a43d202c7d2
Womens Club Lisa T-Shirt - White,£9.99,£27.00,Tennis Clothing,2026-10-07 16:39:27,Tennis Nuts,https://www.tennisnuts.com/shop/tennis/tennis-clothing/womens-tennis-clothing/head-womens-club-lisa-t-shirt-white-1454863.html,HEAD,8c854b982072
Womens Performance Polo Shirt - Black/White,£14.99,£70.00,Tennis Clothing,2026-10-07 16:39:27,Tennis Nuts,https://www.tennisnuts.com/shop/tennis/tennis-clothing/womens-tennis-clothing/head-womens-performance-polo-shirt-black-white-1456054.html,HEAD,2a525460586f
Womens Racer Back Tank - Navy/Ecru,£24.99,£55.00,Tennis Clothing,2026-10-07 16:39:27,Tennis Nuts,https://www.tennisnuts.com/shop/tennis/tennis-clothing/womens-tennis-clothing/fila-womens-racer-back-tank-navy-ecru-1498341.html,Fila,554569c64c3a
Womens Victory Tee (Plus Size) - Dark Purple Dust,£19.99,£40.00,Tennis Clothing,2026-10-07 16:39:27,Tennis Nuts,https://www.tennisnuts.com/shop/tennis/tennis-clothing/womens-tennis-clothing/nike-womens-victory-tee-plus-size-dark-purple-dust-1524638.html,Nike,b9702a2f0d0a
Womens Printed Tennis Skirt - Sage,£24.99,£50.00,Tennis Clothing,2026-10-07 16:39:27,Tennis Nuts,https://www.tennisnuts.com/shop/tennis/tennis-clothing/womens-tennis-clothing/nike-womens-printed-tennis-skirt-sage-1559611.html,Nike,bc5e66d8814a
Womens Missy Half Zip - Navy,£19.99,£58.00,Tennis Clothing,2026-10-07 16:39:27,Tennis Nuts,https://www.tennisnuts.com/shop/tennis/tennis-clothing/womens-tennis-clothing/head-womens-missy-half-zip-navy-1631412.html,HEAD,a9fd2b9288f6
Womens Exercise Hood Sweat - Sodalite Blue,£41.25,£55.00,Tennis Clothing,2026-10-07 16:39:27,Tennis Nuts,https://www.tennisnuts.com/shop/tennis/tennis-clothing/womens-tennis-clothing/babolat-womens-exercise-hood-sweat-sodalite-blue-1661556.html,Babolat,96a7b20cf9a8
Womens Isla Bonita Racerback Tank - Island Palm,£24.99,£68.00,Tennis Clothing,2026-10-07 16:39:27,Tennis Nuts,https://www.tennisnuts.com/shop/tennis/tennis-clothing/womens-tennis-clothing/sofibella-womens-isla-bonita-racerback-tank-island-palm-1667281.html,Sofibella,af866342fddb
Womens 20763EX Tank - Indigo Marine,£19.99,£45.00,Tennis Clothing,2026-10-07 16:39:27,Tennis Nuts,https://www.tennisnuts.com/shop/tennis/tennis-clothing/womens-tennis-clothing/yonex-womens-20763ex-tank-indigo-marine-1670838.html,Yonex,d1294fcc8f79
Womens Pleated Skirt - Red,£31.99,£40.00,Tennis Clothing,2026-10-07 16:39:27,Tennis Nuts,https://www.tennisnuts.com/shop/tennis/tennis-clothing/womens-tennis-clothing/adidas-womens-pleated-skirt-red-1694064.html,Adidas,069bf1b78d18
Womens Club original Hoodie - Grey,£24.99,£50.00,Tennis Clothing,2026-10-07 16:39:27,Tennis Nuts,https://www.tennisnuts.com/shop/tennis/tennis-clothing/womens-tennis-clothing/head-womens-club-original-hoodie-grey-1698067.html,HEAD,12b98d820613
Womens Club Climacool Tennis Skirt - Black,£29.99,£35.00,Tennis Clothing,2026-10-07 16:39:27,Tennis Nuts,https://www.tennisnuts.com/shop/tennis/tennis-clothing/womens-tennis-clothing/adidas-womens-club-climacool-tennis-skirt-black-1758049.html,Adidas,bd73f2b851ac
Womens Compete Tank Top - White/Vivacious Red,£17.49,£35.00,Tennis Clothing,2026-10-07 16:39:27,Tennis Nuts,https://www.tennisnuts.com/shop/tennis/tennis-clothing/womens-tennis-clothing/babolat-womens-compete-tank-top-white-vivacious-red-1480472.html,Babolat,7f1ce53fb3a4
Womens Full Coverage Tank - Navy/Ecru,£14.99,£45.00,Tennis Clothing,2026-10-07 16:39:27,Tennis Nuts,https://www.tennisnuts.com/shop/tennis/tennis-clothing/womens-tennis-clothing/fila-womens-full-coverage-tank-navy-ecru-1498342.html,Fila,f8eed8fd6813
Womens ZNE Jacket - Legend Ink,£24.99,£80.00,Tennis Clothing,2026-10-07 16:39:27,Tennis Nuts,https://www.tennisnuts.com/shop/tennis/tennis-clothing/womens-tennis-clothing/adidas-womens-zne-jacket-legend-ink-1502929.html,Adidas,567cc8cbfd2f
Womens Y-Tank Tokyo Top - White,£19.99,£50.00,Tennis Clothing,2026-10-07 16:39:27,Tennis Nuts,https://www.tennisnuts.com/shop/tennis/tennis-clothing/womens-tennis-clothing/adidas-womens-y-tank-tokyo-top-white-1525763.html,Adidas,5ad265df5c4c
Lucky in Love Womens Bralette Tank - Orange Glow,£19.99,£78.00,Tennis Clothing,2026-10-07 16:39:27,Tennis Nuts,https://www.tennisnuts.com/shop/tennis/tennis-clothing/womens-tennis-clothing/lucky-in-love-womens-bralette-tank-orange-glow-1559718.html,,dbe7c7cc76cb
Lucky in Love Womens My Lucky Tie Back Tank  - Black,£24.99,£72.00,Tennis Clothing,2026-10-07 16:39:27,Tennis Nuts,https://www.tennisnuts.com/shop/tennis/tennis-clothing/womens-tennis-clothing/lucky-in-love-womens-my-lucky-tie-back-tank-black-1563238.html,,a1adaafd8600
Womens Tennis Y-Tank - Coral,£19.99,£45.00,Tennis Clothing,2026-10-07 16:39:27,Tennis Nuts,https://www.tennisnuts.com/shop/tennis/tennis-clothing/womens-tennis-clothing/adidas-womens-tennis-y-tank-coral-1623664.html,Adidas,c3ee4d6ecdfc
Womens Club Pleat Tennis Skirt - Shadow Navy,£24.99,£40.00,Tennis Clothing,2026-10-07 16:39:27,Tennis Nuts,https://www.tennisnuts.com/shop/tennis/tennis-clothing/womens-tennis-clothing/adidas-womens-club-pleat-tennis-skirt-shadow-navy-1640327.html,Adidas,6aa794da2d25
Womens Heritage Pleated Skort - Multicoloured,£24.99,£60.00,Tennis Clothing,2026-10-07 16:39:27,Tennis Nuts,https://www.tennisnuts.com/shop/tennis/tennis-clothing/womens-tennis-clothing/fila-womens-heritage-pleated-skort-multicoloured-1642973.html,Fila,85e252750e8e
Womens High-Waist Magic Lights Skort - Black,£29.99,£74.00,Tennis Clothing,2026-10-07 16:39:27,Tennis Nuts,https://www.tennisnuts.com/sofibella-womens-high-waist-magic-lights-skort-black-1647843.html,Sofibella,bc38c90992f3
Womens Skort - Denim Blue,£24.99,£74.00,Tennis Clothing,2026-10-07 16:39:27,Tennis Nuts,https://www.tennisnuts.com/sofibella-womens-skort-denim-blue-1654705.html,Sofibella,b19ac0aefa46
Womens Tie Break II T-Shirt - Royal Blue,£14.99,£48.00,Tennis Clothing,2026-10-07 16:39:27,Tennis Nuts,https://www.tennisnuts.com/shop/tennis/tennis-clothing/womens-tennis-clothing/head-womens-tie-break-ii-t-shirt-royal-blue-1660863.html,HEAD,f5d9595a391e
13 Inch Isla Bonita Womens Skort - Island Palm,£24.99,£72.00,Tennis Clothing,2026-10-07 16:39:27,Tennis Nuts,https://www.tennisnuts.com/sofibella-13-inch-isla-bonita-womens-skort-island-palm-1667293.html,Sofibella,ebddf93b9aea
Womens Club Basic Skort Long - Navy,£35.99,£45.00,Tennis Clothing,2026-10-07 16:39:27,Tennis Nuts,https://www.tennisnuts.com/shop/tennis/tennis-clothing/womens-tennis-clothing/head-womens-club-basic-skort-long-navy-1672652.html,HEAD,5423576d86b0
Womens 24 Inch Racerback - White,£39.99,£80.00,Tennis Clothing,2026-10-07 16:39:27,Tennis Nuts,https://www.tennisnuts.com/shop/tennis/tennis-clothing/womens-tennis-clothing/sofibella-womens-24-inch-racerback-white-1696080.html,Sofibella,e84a248d6a08
14 Inch Womens Skort - Navy/White,£39.99,£80.00,Tennis Clothing,2026-10-07 16:39:27,Tennis Nuts,https://www.tennisnuts.com/sofibella-14-inch-womens-skort-navy-white-1698058.html,Sofibella,f79b303bec86
Womens Tie Break Tee - White/Purple,£29.99,£54.00,Tennis Clothing,2026-10-07 16:39:27,Tennis Nuts,https://www.tennisnuts.com/shop/tennis/tennis-clothing/womens-tennis-clothing/head-womens-tie-break-tee-white-purple-1764946.html,HEAD,17e977488c63
Womens Melbourne Tank Top - Chalk Blue/Semi Frozen Yellow,£14.99,£40.00,Tennis Clothing,2026-10-07 16:39:27,Tennis Nuts,https://www.tennisnuts.com/shop/tennis/tennis-clothing/womens-tennis-clothing/adidas-womens-melbourne-tank-top-chalk-blue-semi-frozen-yellow-1406158.html,Adidas,1a8a3513815f
Womens Club Pants - Red,£19.99,£48.00,Tennis Clothing,2026-10-07 16:39:27,Tennis Nuts,https://www.tennisnuts.com/shop/tennis/tennis-clothing/womens-tennis-clothing/head-womens-club-pants-red-1454777.html,HEAD,0893c9acb164
Womens Club Lisa T-Shirt - Black,£9.99,£27.00,Tennis Clothing,2026-10-07 16:39:27,Tennis Nuts,https://www.tennisnuts.com/shop/tennis/tennis-clothing/womens-tennis-clothing/head-womens-club-lisa-t-shirt-black-1454869.html,HEAD,28eecbfc7b58
Womens Compete 13 Inch Skirt - White,£19.99,£40.00,Tennis Clothing,2026-10-07 16:39:27,Tennis Nuts,https://www.tennisnuts.com/shop/tennis/tennis-clothing/womens-tennis-clothing/babolat-womens-compete-13-inch-skirt-white-1480479.html,Babolat,0a9fca6977b9
Womens Spin Tights - Dark Blue,£19.99,£52.00,Tennis Clothing,2026-10-07 16:39:27,Tennis Nuts,https://www.tennisnuts.com/shop/tennis/tennis-clothing/womens-tennis-clothing/head-womens-spin-tights-dark-blue-1493732.html,HEAD,21e0e0e02b42
Womens Performance Polo Shirt - Dark Blue,£14.99,£60.00,Tennis Clothing,2026-10-07 16:39:27,Tennis Nuts,https://www.tennisnuts.com/shop/tennis/tennis-clothing/womens-tennis-clothing/head-womens-performance-polo-shirt-dark-blue-1503071.html,HEAD,e41a27bfff9b
Womens Primeblue Y-Tank Top - Acid Yellow,£19.99,£55.00,Tennis Clothing,2026-10-07 16:39:27,Tennis Nuts,https://www.tennisnuts.com/shop/tennis/tennis-clothing/womens-tennis-clothing/adidas-womens-primeblue-y-tank-top-acid-yellow-1508117.html,Adidas,b51cc27c633b
Womens Noreo Hoodie - White,£19.99,£45.00,Tennis Clothing,2026-10-07 16:39:27,Tennis Nuts,https://www.tennisnuts.com/shop/tennis/tennis-clothing/womens-tennis-clothing/ellesse-womens-noreo-hoodie-white-1558472.html,Ellesse,df7f6d4a3fda
Womens Paris Y-Tank - White/Black,£19.99,£55.00,Tennis Clothing,2026-10-07 16:39:27,Tennis Nuts,https://www.tennisnuts.com/shop/tennis/tennis-clothing/womens-tennis-clothing/adidas-womens-paris-y-tank-white-black-1560086.html,Adidas,c3b802e1da08
Womens Dynamic Skort (2024) - White,£19.99,£48.00,Tennis Clothing,2026-10-07 16:39:27,Tennis Nuts,https://www.tennisnuts.com/shop/tennis/tennis-clothing/womens-tennis-clothing/head-womens-dynamic-skort-2024-white-1660951.html,HEAD,6d4b00644295
Womens Spirit Tank Top Print Vision - Alight Lilac,£24.99,£50.00,Tennis Clothing,2026-10-07 16:39:27,Tennis Nuts,https://www.tennisnuts.com/shop/tennis/tennis-clothing/womens-tennis-clothing/head-womens-spirit-tank-top-print-vision-alight-lilac-1695245.html,HEAD,4f2126accacc
Womens Tank Pro - Pure Orange,£42.49,£50.00,Tennis Clothing,2026-10-07 16:39:27,Tennis Nuts,https://www.tennisnuts.com/shop/tennis/tennis-clothing/womens-tennis-clothing/adidas-womens-tank-pro-pure-orange-1754794.html,Adidas,89fce8decebf
Womens Club Skirt - Glow Blue,£31.49,£35.00,Tennis Clothing,2026-10-07 16:39:27,Tennis Nuts,https://www.tennisnuts.com/shop/tennis/tennis-clothing/womens-tennis-clothing/adidas-womens-club-skirt-glow-blue-1760705.html,Adidas,4afe16232df0
Womens Dynamic Skort - Light Blue/White,£29.99,£54.00,Tennis Clothing,2026-10-07 16:39:27,Tennis Nuts,https://www.tennisnuts.com/shop/tennis/tennis-clothing/womens-tennis-clothing/head-womens-dynamic-skort-light-blue-white-1764972.html,HEAD,5884764b7a6b
Womens Pro Short Sleeve Crop Top - Gunsmoke/Heather,£24.99,£32.00,Tennis Clothing,2026-10-07 16:39:27,Tennis Nuts,https://www.tennisnuts.com/shop/tennis/tennis-clothing/womens-tennis-clothing/nike-womens-pro-short-sleeve-crop-top-gunsmoke-heather-1452549.html,Nike,9a652b9566df
Womens Club Ann Shorts - Black,£14.99,£30.00,Tennis Clothing,2026-10-07 16:39:27,Tennis Nuts,https://www.tennisnuts.com/shop/tennis/tennis-clothing/womens-tennis-clothing/head-womens-club-ann-shorts-black-1454845.html,HEAD,b4c184718470
Womens Dri-FIT Tennis Tank - Pastel Yellow,£22.49,£32.00,Tennis Clothing,2026-10-07 16:39:27,Tennis Nuts,https://www.tennisnuts.com/shop/tennis/tennis-clothing/womens-tennis-clothing/nike-womens-dri-fit-tennis-tank-pastel-yellow-1499981.html,Nike,196883cab495
Womens Dri-FIT Get Fit Top - Chile Red,£22.49,£45.00,Tennis Clothing,2026-10-07 16:39:27,Tennis Nuts,https://www.tennisnuts.com/shop/tennis/tennis-clothing/womens-tennis-clothing/nike-womens-dri-fit-get-fit-top-chile-red-1508900.html,Nike,aa90503e4262
Womens Club Tennis Skirt - Beam Pink,£19.99,£38.00,Tennis Clothing,2026-10-07 16:39:27,Tennis Nuts,https://www.tennisnuts.com/shop/tennis/tennis-clothing/womens-tennis-clothing/adidas-womens-club-tennis-skirt-beam-pink-1562495.html,Adidas,2a1f8bfc2d69
Womens Tennis Y-Tank - Impact Orange/Black,£19.99,£45.00,Tennis Clothing,2026-10-07 16:39:27,Tennis Nuts,https://www.tennisnuts.com/shop/tennis/tennis-clothing/womens-tennis-clothing/adidas-womens-tennis-y-tank-impact-orange-black-1566155.html,Adidas,366c4fda03a7
Womens Club Tennis T-Shirt - Collegiate Navy,£22.79,£38.00,Tennis Clothing,2026-10-07 16:39:27,Tennis Nuts,https://www.tennisnuts.com/shop/tennis/tennis-clothing/womens-tennis-clothing/adidas-womens-club-tennis-t-shirt-collegiate-navy-1627230.html,Adidas,45bf1fe3aa0f
Womens Fall Club Tank - Pulse Lime,£19.99,£35.00,Tennis Clothing,2026-10-07 16:39:27,Tennis Nuts,https://www.tennisnuts.com/shop/tennis/tennis-clothing/womens-tennis-clothing/adidas-womens-fall-club-tank-pulse-lime-1640506.html,Adidas,0df5a0c39571
Womens T19 Woven Pants - White,£22.79,£38.00,Tennis Clothing,2026-10-07 16:39:27,Tennis Nuts,https://www.tennisnuts.com/shop/tennis/tennis-clothing/womens-tennis-clothing/adidas-womens-t19-woven-pants-white-1646193.html,Adidas,16f6729fb6e5
Womens Hypercourt Singlet 3 - White,£20.99,£35.00,Tennis Clothing,2026-10-07 16:39:27,Tennis Nuts,https://www.tennisnuts.com/shop/tennis/tennis-clothing/womens-tennis-clothing/k-swiss-womens-hypercourt-singlet-3-white-1661715.html,K-Swiss,63700f874f95
"Womens24"" Pullover - Aurora Sky",£49.99,£95.00,Tennis Clothing,2026-10-07 16:39:27,Tennis Nuts,https://www.tennisnuts.com/shop/tennis/tennis-clothing/womens-tennis-clothing/sofibella-womens24-pullover-aurora-sky-1696100.html,Sofibella,3a3a88fc4eed
Womens Club 25 Tech Tank Top - Navy/White,£25.59,£32.00,Tennis Clothing,2026-10-07 16:39:27,Tennis Nuts,https://www.tennisnuts.com/shop/tennis/tennis-clothing/womens-tennis-clothing/head-womens-club-25-tech-tank-top-navy-white-1698062.html,HEAD,5f5bd317f0a7
Womens Club Tank V-Neck - White,£25.49,£30.00,Tennis Clothing,2026-10-07 16:39:27,Tennis Nuts,https://www.tennisnuts.com/shop/tennis/tennis-clothing/womens-tennis-clothing/adidas-womens-club-tank-v-neck-white-1762946.html,Adidas,3b00c23b544b
Womens Spirit Tank Top - Navy/White,£39.99,£50.00,Tennis Clothing,2026-10-07 16:39:27,Tennis Nuts,https://www.tennisnuts.com/shop/tennis/tennis-clothing/womens-tennis-clothing/head-womens-spirit-tank-top-navy-white-1764948.html,HEAD,adbf4753716e
Womens Club Tech T-Shirt - White/Dark Blue,£19.79,£33.00,Tennis Clothing,2026-10-07 16:39:27,Tennis Nuts,https://www.tennisnuts.com/shop/tennis/tennis-clothing/womens-tennis-clothing/head-womens-club-tech-t-shirt-white-dark-blue-1454792.html,HEAD,be65a5bac484
Womens Club Skirt - White/Matte Silver,£19.99,£35.00,Tennis Clothing,2026-10-07 16:39:27,Tennis Nuts,https://www.tennisnuts.com/shop/tennis/tennis-clothing/womens-tennis-clothing/adidas-womens-club-skirt-white-matte-silver-1494669.html,Adidas,7230c28fa0f2
Womens Victory Skirt (Plus Size) - Black,£19.99,£40.00,Tennis Clothing,2026-10-07 16:39:27,Tennis Nuts,https://www.tennisnuts.com/shop/tennis/tennis-clothing/womens-tennis-clothing/nike-womens-victory-skirt-plus-size-black-1509149.html,Nike,c8f0dbd73e77
Womens Lodotat OH Hoodie - Black,£29.99,£60.00,Tennis Clothing,2026-10-07 16:39:27,Tennis Nuts,https://www.tennisnuts.com/shop/tennis/tennis-clothing/womens-tennis-clothing/ellesse-womens-lodotat-oh-hoodie-black-1517665.html,Ellesse,576afb5c85be
Womens Fireball Tee - Black,£8.99,£18.00,Tennis Clothing,2026-10-07 16:39:27,Tennis Nuts,https://www.tennisnuts.com/shop/tennis/tennis-clothing/womens-tennis-clothing/ellesse-womens-fireball-tee-black-1524341.html,Ellesse,c43ae40ba57f
Womens Dynamic 3/4 Skapri - Dark Blue,£14.99,£65.00,Tennis Clothing,2026-10-07 16:39:27,Tennis Nuts,https://www.tennisnuts.com/shop/tennis/tennis-clothing/womens-tennis-clothing/head-womens-dynamic-3-4-skapri-dark-blue-1542688.html,HEAD,6b0f947370e8
Lucky in Love Womens Cut Out Crop Tank - Black,£24.99,£94.00,Tennis Clothing,2026-10-07 16:39:27,Tennis Nuts,https://www.tennisnuts.com/shop/tennis/tennis-clothing/womens-tennis-clothing/lucky-in-love-womens-cut-out-crop-tank-black-1621769.html,,892c93d0ca57
Womens Club Tennis T-Shirt - White/Black,£22.79,£38.00,Tennis Clothing,2026-10-07 16:39:27,Tennis Nuts,https://www.tennisnuts.com/shop/tennis/tennis-clothing/womens-tennis-clothing/adidas-womens-club-tennis-t-shirt-white-black-1624813.html,Adidas,784ae52894b1
Womens Palleggio Jog Pants - Grey Marl,£19.99,£40.00,Tennis Clothing,2026-10-07 16:39:27,Tennis Nuts,https://www.tennisnuts.com/shop/tennis/tennis-clothing/womens-tennis-clothing/ellesse-womens-palleggio-jog-pants-grey-marl-1643427.html,Ellesse,4ef324f8c140
Womens Backspin Racerback Tank Top - Peach Canary,£19.99,£55.00,Tennis Clothing,2026-10-07 16:39:27,Tennis Nuts,https://www.tennisnuts.com/shop/tennis/tennis-clothing/womens-tennis-clothing/fila-womens-backspin-racerback-tank-top-peach-canary-1647282.html,Fila,3221f7375021
Womens Tampere T-Shirt - Black,£17.49,£35.00,Tennis Clothing,2026-10-07 16:39:27,Tennis Nuts,https://www.tennisnuts.com/shop/tennis/tennis-clothing/womens-tennis-clothing/ellesse-womens-tampere-t-shirt-black-1661233.html,Ellesse,f8c21daf6a77
Womens Hypercourt Singlet 3 - Navy,£20.99,£35.00,Tennis Clothing,2026-10-07 16:39:27,Tennis Nuts,https://www.tennisnuts.com/shop/tennis/tennis-clothing/womens-tennis-clothing/k-swiss-womens-hypercourt-singlet-3-navy-1661717.html,K-Swiss,a0180a6bc712
Womens Racerback - Palm Beach,£24.99,£68.00,Tennis Clothing,2026-10-07 16:39:27,Tennis Nuts,https://www.tennisnuts.com/shop/tennis/tennis-clothing/womens-tennis-clothing/sofibella-womens-racerback-palm-beach-1662927.html,Sofibella,52210eb6ca0f
Womens Hi-Low Tank - White/Navy,£29.99,£80.00,Tennis Clothing,2026-10-07 16:39:27,Tennis Nuts,https://www.tennisnuts.com/shop/tennis/tennis-clothing/womens-tennis-clothing/sofibella-womens-hi-low-tank-white-navy-1696044.html,Sofibella,76b380da342a
Womens Club 25 Tech Tank Top - Royal Blue/White,£25.59,£32.00,Tennis Clothing,2026-10-07 16:39:27,Tennis Nuts,https://www.tennisnuts.com/shop/tennis/tennis-clothing/womens-tennis-clothing/head-womens-club-25-tech-tank-top-royal-blue-white-1698063.html,HEAD,9f6e4f71999d
Womens Melbourne Skirt - Mystery Blue/Glow Orange,£14.99,£35.00,Tennis Clothing,2026-10-07 16:39:27,Tennis Nuts,https://www.tennisnuts.com/shop/tennis/tennis-clothing/womens-tennis-clothing/adidas-womens-melbourne-skirt-1288979.html,Adidas,19b8d1a0711d
Womens Lucy T-Shirt - Black/White,£6.99,£19.00,Tennis Clothing,2026-10-07 16:39:27,Tennis Nuts,https://www.tennisnuts.com/shop/tennis/tennis-clothing/womens-tennis-clothing/head-womens-lucy-t-shirt-black-white-1454859.html,HEAD,941252e3e124
Womens Club Basic Skort Long - Black,£35.99,£45.00,Tennis Clothing,2026-10-07 16:39:27,Tennis Nuts,https://www.tennisnuts.com/shop/tennis/tennis-clothing/womens-tennis-clothing/head-womens-club-basic-skort-long-black-1454902.html,HEAD,b6de91df5539
Womens Exercise Shorts - White,£17.49,£34.00,Tennis Clothing,2026-10-07 16:39:27,Tennis Nuts,https://www.tennisnuts.com/shop/tennis/tennis-clothing/womens-tennis-clothing/babolat-womens-exercise-shorts-white-1480527.html,Babolat,899ce7eeba06
Womens Club Tennis Skirt - Aluminium,£24.99,£60.00,Tennis Clothing,2026-10-07 16:39:27,Tennis Nuts,https://www.tennisnuts.com/shop/tennis/tennis-clothing/womens-tennis-clothing/nike-womens-club-tennis-skirt-aluminium-1535048.html,Nike,a2fcaa514964
Lucky in Love Womens Long Glow Up Skirt - Electric Blue,£24.99,£78.00,Tennis Clothing,2026-10-07 16:39:27,Tennis Nuts,https://www.tennisnuts.com/shop/tennis/tennis-clothing/womens-tennis-clothing/lucky-in-love-womens-long-glow-up-skirt-electric-blue-1620870.html,,7c6db4154311
Womens Woodside Tank - Grey,£19.99,£40.00,Tennis Clothing,2026-10-07 16:39:27,Tennis Nuts,https://www.tennisnuts.com/shop/tennis/tennis-clothing/womens-tennis-clothing/ellesse-womens-woodside-tank-grey-1642548.html,Ellesse,d7af0599fde3
Womens 20760 Tank - White,£19.99,£45.00,Tennis Clothing,2026-10-07 16:39:27,Tennis Nuts,https://www.tennisnuts.com/shop/tennis/tennis-clothing/womens-tennis-clothing/yonex-womens-20760-tank-white-1663185.html,Yonex,9040311a0d2b
14 Inch UV Colours Womens Skort - Elias,£24.99,£70.00,Tennis Clothing,2026-10-07 16:39:27,Tennis Nuts,https://www.tennisnuts.com/shop/tennis/tennis-clothing/womens-tennis-clothing/sofibella-14-inch-uv-colours-womens-skort-elias-1667530.html,Sofibella,f54bd89675e7
Womens Spirit II Tank Top - Green/White,£19.99,£45.00,Tennis Clothing,2026-10-07 16:39:27,Tennis Nuts,https://www.tennisnuts.com/shop/tennis/tennis-clothing/womens-tennis-clothing/head-womens-spirit-ii-tank-top-green-white-1695249.html,HEAD,53ce7b72eafd
Womens Club 25 Tech Tank Top - Navy,£25.59,£32.00,Tennis Clothing,2026-10-07 16:39:27,Tennis Nuts,https://www.tennisnuts.com/shop/tennis/tennis-clothing/womens-tennis-clothing/head-womens-club-25-tech-tank-top-navy-1695271.html,HEAD,d59b17c329ce
14 Inch Womens Skort - Arabian Nights,£39.99,£80.00,Tennis Clothing,2026-10-07 16:39:27,Tennis Nuts,https://www.tennisnuts.com/sofibella-14-inch-womens-skort-arabian-nights-1696046.html,Sofibella,524fc1e6fbfb
Womens Exercise Message Tee - Cannoli Cream,£18.69,£22.00,Tennis Clothing,2026-10-07 16:39:27,Tennis Nuts,https://www.tennisnuts.com/shop/tennis/tennis-clothing/womens-tennis-clothing/babolat-womens-exercise-message-tee-cannoli-cream-1755703.html,Babolat,d9219b7a83c6
Womens Spirit Tank Top - Light Blue/White,£29.99,£50.00,Tennis Clothing,2026-10-07 16:39:27,Tennis Nuts,https://www.tennisnuts.com/shop/tennis/tennis-clothing/womens-tennis-clothing/head-womens-spirit-tank-top-light-blue-white-1764950.html,HEAD,f37540c4adb7
Womens Lucy T-Shirt - Red/Dark Blue,£6.99,£19.00,Tennis Clothing,2026-10-07 16:39:27,Tennis Nuts,https://www.tennisnuts.com/shop/tennis/tennis-clothing/womens-tennis-clothing/head-womens-lucy-t-shirt-red-dark-blue-1454860.html,HEAD,543800afa17d
Womens Play Pants - White,£19.99,£42.00,Tennis Clothing,2026-10-07 16:39:27,Tennis Nuts,https://www.tennisnuts.com/shop/tennis/tennis-clothing/womens-tennis-clothing/babolat-womens-play-pants-white-1480498.html,Babolat,bdc004ff6d59
Womens Pep Tights - Dark Blue,£24.99,£58.00,Tennis Clothing,2026-10-07 16:39:27,Tennis Nuts,https://www.tennisnuts.com/shop/tennis/tennis-clothing/womens-tennis-clothing/head-womens-pep-tights-dark-blue-1542693.html,HEAD,e192e71c3f2f
Womens Tennis Crop Top - Multicolour,£17.49,£55.00,Tennis Clothing,2026-10-07 16:39:27,Tennis Nuts,https://www.tennisnuts.com/shop/tennis/tennis-clothing/womens-tennis-clothing/adidas-womens-tennis-crop-top-multicolour-1627033.html,Adidas,6cdc72551d83
Womens Bliss Skort - Multicolour,£22.49,£45.00,Tennis Clothing,2026-10-07 16:39:27,Tennis Nuts,https://www.tennisnuts.com/shop/tennis/tennis-clothing/womens-tennis-clothing/ellesse-womens-bliss-skort-multicolour-1642565.html,Ellesse,72ce4c25ccb6
Womens AP Club T-Shirt - White,£22.49,£30.00,Tennis Clothing,2026-10-07 16:39:27,Tennis Nuts,https://www.tennisnuts.com/shop/tennis/tennis-clothing/womens-tennis-clothing/dunlop-womens-ap-club-t-shirt-white-1693945.html,Dunlop,427e615e8a9d
Womens Paola Cuff Joggers - Pool Blue,£22.49,£50.00,Tennis Clothing,2026-10-07 16:39:27,Tennis Nuts,https://www.tennisnuts.com/shop/tennis/tennis-clothing/womens-tennis-clothing/sergio-tacchini-womens-paola-cuff-joggers-pool-blue-1694721.html,Sergio Tacchini,cc09cdfe8b72
Womens Club Jacket - White,£49.59,£62.00,Tennis Clothing,2026-10-07 16:39:27,Tennis Nuts,https://www.tennisnuts.com/shop/tennis/tennis-clothing/womens-tennis-clothing/head-womens-club-jacket-white-1695272.html,HEAD,ca91ab13034e
Womens Vision Shorts - Grey Melange,£9.99,£35.00,Tennis Clothing,2026-10-07 16:39:27,Tennis Nuts,https://www.tennisnuts.com/shop/tennis/tennis-clothing/womens-tennis-clothing/head-womens-vision-shorts-grey-melange-1385672.html,HEAD,24af65fc0f85
Womens Stella McCartney Q3 Tank - Coffee,£19.99,£60.00,Tennis Clothing,2026-10-07 16:39:27,Tennis Nuts,https://www.tennisnuts.com/shop/tennis/tennis-clothing/womens-tennis-clothing/adidas-womens-stella-mccartney-q3-tank-coffee-1426086.html,Adidas,f9580262ed97
Womens Lucy T-Shirt - Royal Blue/White,£6.99,£19.00,Tennis Clothing,2026-10-07 16:39:27,Tennis Nuts,https://www.tennisnuts.com/shop/tennis/tennis-clothing/womens-tennis-clothing/head-womens-lucy-t-shirt-royal-blue-white-1454861.html,HEAD,3a3ec3efd47b
Womens Reynolds Vest - Off White,£12.49,£30.00,Tennis Clothing,2026-10-07 16:39:27,Tennis Nuts,https://www.tennisnuts.com/shop/tennis/tennis-clothing/womens-tennis-clothing/ellesse-womens-reynolds-vest-off-white-1482428.html,Ellesse,a680937b9122
Womens Racer Back Tank - Ecru/Navy,£19.99,£55.00,Tennis Clothing,2026-10-07 16:39:27,Tennis Nuts,https://www.tennisnuts.com/shop/tennis/tennis-clothing/womens-tennis-clothing/fila-womens-racer-back-tank-ecru-navy-1498340.html,Fila,328cd3501651
Womens Club Tennis Skirt - Crimson Blissa,£29.99,£60.00,Tennis Clothing,2026-10-07 16:39:27,Tennis Nuts,https://www.tennisnuts.com/shop/tennis/tennis-clothing/womens-tennis-clothing/nike-womens-club-tennis-skirt-crimson-blissa-1511946.html,Nike,b639fdba9a02
Womens T19 Tennis Skirt - Black,£19.99,£35.00,Tennis Clothing,2026-10-07 16:39:27,Tennis Nuts,https://www.tennisnuts.com/shop/tennis/tennis-clothing/womens-tennis-clothing/adidas-womens-t19-tennis-skirt-black-1518177.html,Adidas,f2bc115491b8
Womens Triome Sweatshirt - Grey Marl,£19.99,£40.00,Tennis Clothing,2026-10-07 16:39:27,Tennis Nuts,https://www.tennisnuts.com/shop/tennis/tennis-clothing/womens-tennis-clothing/ellesse-womens-triome-sweatshirt-grey-marl-1524349.html,Ellesse,ee13dca6ab87
Womens Victory Tennis Skirt - White,£19.99,£40.00,Tennis Clothing,2026-10-07 16:39:27,Tennis Nuts,https://www.tennisnuts.com/shop/tennis/tennis-clothing/womens-tennis-clothing/nike-womens-victory-tennis-skirt-white-1536305.html,Nike,f7c84336c0e0
Lucky in Love Women Pleat Of The Movement Short Sleeve Tee - Grey,£24.99,£60.00,Tennis Clothing,2026-10-07 16:39:27,Tennis Nuts,https://www.tennisnuts.com/shop/tennis/tennis-clothing/womens-tennis-clothing/lucky-in-love-women-pleat-of-the-movement-short-sleeve-tee-grey-1539897.html,,0f3f1d4b8732
Womens Breaker Jacket - Dark Blue,£24.99,£80.00,Tennis Clothing,2026-10-07 16:39:27,Tennis Nuts,https://www.tennisnuts.com/shop/tennis/tennis-clothing/womens-tennis-clothing/head-womens-breaker-jacket-dark-blue-1542694.html,HEAD,2faa482cde72
Womens Lucy T-Shirt - Black,£6.99,£19.00,Tennis Clothing,2026-10-07 16:39:27,Tennis Nuts,https://www.tennisnuts.com/shop/tennis/tennis-clothing/womens-tennis-clothing/head-womens-lucy-t-shirt-black-1542957.html,HEAD,9f23d78438d3
Womens Match Tennis Skirt - Black,£26.99,£45.00,Tennis Clothing,2026-10-07 16:39:27,Tennis Nuts,https://www.tennisnuts.com/shop/tennis/tennis-clothing/womens-tennis-clothing/adidas-womens-match-tennis-skirt-black-1627045.html,Adidas,b6876cb00c7a
Womens Freden Vest - Black,£17.49,£35.00,Tennis Clothing,2026-10-07 16:39:27,Tennis Nuts,https://www.tennisnuts.com/shop/tennis/tennis-clothing/womens-tennis-clothing/ellesse-womens-freden-vest-black-1628329.html,Ellesse,3b77418c212d
Womens Squadra III Jacket - Blue,£24.99,£50.00,Tennis Clothing,2026-10-07 16:39:27,Tennis Nuts,https://www.tennisnuts.com/shop/tennis/tennis-clothing/womens-tennis-clothing/lotto-womens-squadra-iii-jacket-blue-1638901.html,Lotto,91d1d1cb48f6
Womens Exercise Tee - White/Blue,£16.50,£22.00,Tennis Clothing,2026-10-07 16:39:27,Tennis Nuts,https://www.tennisnuts.com/shop/tennis/tennis-clothing/womens-tennis-clothing/babolat-womens-exercise-tee-white-blue-1661534.html,Babolat,77b95018071a
Womens Club Tank Top - Pink,£17.99,£30.00,Tennis Clothing,2026-10-07 16:39:27,Tennis Nuts,https://www.tennisnuts.com/shop/tennis/tennis-clothing/womens-tennis-clothing/adidas-womens-club-tank-top-pink-1667760.html,Adidas,a97240da920d
Womens Pleated Skirt - White,£19.99,£40.00,Tennis Clothing,2026-10-07 16:39:27,Tennis Nuts,https://www.tennisnuts.com/shop/tennis/tennis-clothing/womens-tennis-clothing/adidas-womens-pleated-skirt-white-1694062.html,Adidas,d0eb0926f310
Womens Filomena Cropped Hoodie - Maritime Blue,£29.99,£50.00,Tennis Clothing,2026-10-07 16:39:27,Tennis Nuts,https://www.tennisnuts.com/shop/tennis/tennis-clothing/womens-tennis-clothing/sergio-tacchini-womens-filomena-cropped-hoodie-maritime-blue-1694722.html,Sergio Tacchini,c8d4c0087d86
Womens Spirit II Tank Top - Grapefruit/White,£19.99,£45.00,Tennis Clothing,2026-10-07 16:39:27,Tennis Nuts,https://www.tennisnuts.com/shop/tennis/tennis-clothing/womens-tennis-clothing/head-womens-spirit-ii-tank-top-grapefruit-white-1695254.html,HEAD,2b109d1eeebd
Womens Play Skirt - Cyan,£27.99,£36.00,Tennis Clothing,2026-10-07 16:39:27,Tennis Nuts,https://www.tennisnuts.com/shop/tennis/tennis-clothing/womens-tennis-clothing/babolat-womens-play-skirt-cyan-1697059.html,Babolat,f16d5f07cb2e
"Womens 23"" Tank Top - White/Navy",£39.99,£80.00,Tennis Clothing,2026-10-07 16:39:27,Tennis Nuts,https://www.tennisnuts.com/shop/tennis/tennis-clothing/womens-tennis-clothing/sofibella-womens-23-tank-top-white-navy-1698053.html,Sofibella,96b8e89e135b
Womens Club 25 Tech Polo - White,£35.99,£45.00,Tennis Clothing,2026-10-07 16:39:27,Tennis Nuts,https://www.tennisnuts.com/shop/tennis/tennis-clothing/womens-tennis-clothing/head-womens-club-25-tech-polo-white-1764909.html,HEAD,03edf3ce8056
Womens Core Club Polo - Drive Blue,£12.49,£32.50,Tennis Clothing,2026-10-07 16:39:27,Tennis Nuts,https://www.tennisnuts.com/shop/tennis/tennis-clothing/womens-tennis-clothing/babolat-womens-core-club-polo-drive-blue-1393801.html,Babolat,9a7df3bfb62e
Womens Mia T-Shirt - Sky Blue/Black,£17.99,£39.00,Tennis Clothing,2026-10-07 16:39:27,Tennis Nuts,https://www.tennisnuts.com/shop/tennis/tennis-clothing/womens-tennis-clothing/head-womens-mia-t-shirt-sky-blue-black-1454637.html,HEAD,723d3c99cfc8
Womens Performance Jumpsuit - Dark Blue,£29.99,£145.00,Tennis Clothing,2026-10-07 16:39:27,Tennis Nuts,https://www.tennisnuts.com/shop/tennis/tennis-clothing/womens-tennis-clothing/head-womens-performance-jumpsuit-dark-blue-1493699.html,HEAD,fed170ee2838
Womens Performance 3/4 Tights - Dark Blue,£19.99,£65.00,Tennis Clothing,2026-10-07 16:39:27,Tennis Nuts,https://www.tennisnuts.com/shop/tennis/tennis-clothing/womens-tennis-clothing/head-womens-performance-3-4-tights-dark-blue-1519688.html,HEAD,2bc12b3f9e47
Womens Caletta Skirt - White,£17.49,£35.00,Tennis Clothing,2026-10-07 16:39:27,Tennis Nuts,https://www.tennisnuts.com/shop/tennis/tennis-clothing/womens-tennis-clothing/ellesse-womens-caletta-skirt-white-1525748.html,Ellesse,86e36d2802bb
Womens Slam Tennis Tank - White/Black,£29.99,£50.00,Tennis Clothing,2026-10-07 16:39:27,Tennis Nuts,https://www.tennisnuts.com/shop/tennis/tennis-clothing/womens-tennis-clothing/nike-womens-slam-tennis-tank-white-black-1536404.html,Nike,8f59e92f2707
Womens Lucy T-Shirt - Dark Blue,£8.99,£19.00,Tennis Clothing,2026-10-07 16:39:27,Tennis Nuts,https://www.tennisnuts.com/shop/tennis/tennis-clothing/womens-tennis-clothing/head-womens-lucy-t-shirt-dark-blue-1542960.html,HEAD,9970d73c845f
Womens Stupendo Track Top - Denim,£24.99,£65.00,Tennis Clothing,2026-10-07 16:39:27,Tennis Nuts,https://www.tennisnuts.com/shop/tennis/tennis-clothing/womens-tennis-clothing/ellesse-womens-stupendo-track-top-denim-1558469.html,Ellesse,8cbb9224fab9
Womens Heritage Track Pant - Fila Navy,£29.99,£70.00,Tennis Clothing,2026-10-07 16:39:27,Tennis Nuts,https://www.tennisnuts.com/shop/tennis/tennis-clothing/womens-tennis-clothing/fila-womens-heritage-track-pant-fila-navy-1567316.html,Fila,860756733206
Womens Tennis Racerback Tank - Collegiate Navy,£14.99,£35.00,Tennis Clothing,2026-10-07 16:39:27,Tennis Nuts,https://www.tennisnuts.com/shop/tennis/tennis-clothing/womens-tennis-clothing/adidas-womens-tennis-racerback-tank-collegiate-navy-1623663.html,Adidas,84885fba31ac
Womens Chrissy Shorts - Grey,£9.99,£25.00,Tennis Clothing,2026-10-07 16:39:27,Tennis Nuts,https://www.tennisnuts.com/shop/tennis/tennis-clothing/womens-tennis-clothing/ellesse-womens-chrissy-shorts-grey-1642721.html,Ellesse,76c5abd9033d
Womens Tennis Y-Tank Top - Shadow Violet,£19.99,£45.00,Tennis Clothing,2026-10-07 16:39:27,Tennis Nuts,https://www.tennisnuts.com/shop/tennis/tennis-clothing/womens-tennis-clothing/adidas-womens-tennis-y-tank-top-shadow-violet-1643493.html,Adidas,e0b17a55e3a0
Womens Magic Light Tank - White,£24.99,£68.00,Tennis Clothing,2026-10-07 16:39:27,Tennis Nuts,https://www.tennisnuts.com/shop/tennis/tennis-clothing/womens-tennis-clothing/sofibella-womens-magic-light-tank-white-1647836.html,Sofibella,934dd66ee06a
Womens UV Staples Skort - Denim Blue,£24.99,£74.00,Tennis Clothing,2026-10-07 16:39:27,Tennis Nuts,https://www.tennisnuts.com/sofibella-womens-uv-staples-skort-denim-blue-1654703.html,Sofibella,b0c70744417c
Womens Tennis Gameset Y-Tank - Black,£19.99,£45.00,Tennis Clothing,2026-10-07 16:39:27,Tennis Nuts,https://www.tennisnuts.com/shop/tennis/tennis-clothing/womens-tennis-clothing/adidas-womens-tennis-gameset-y-tank-black-1655643.html,Adidas,66a0e83e1469
Womens Tie Break T-Shirt (2024) - Navy,£19.99,£48.00,Tennis Clothing,2026-10-07 16:39:27,Tennis Nuts,https://www.tennisnuts.com/shop/tennis/tennis-clothing/womens-tennis-clothing/head-womens-tie-break-t-shirt-2024-navy-1660859.html,HEAD,bc35ca7f71d8
Womens Match Tennis Skirt - Spark,£19.99,£50.00,Tennis Clothing,2026-10-07 16:39:27,Tennis Nuts,https://www.tennisnuts.com/shop/tennis/tennis-clothing/womens-tennis-clothing/adidas-womens-match-tennis-skirt-spark-1661869.html,Adidas,87b65c4b21f2
14 Inch Womens Skort - Palm Beach,£24.99,£74.00,Tennis Clothing,2026-10-07 16:39:27,Tennis Nuts,https://www.tennisnuts.com/shop/tennis/tennis-clothing/womens-tennis-clothing/sofibella-14-inch-womens-skort-palm-beach-1663070.html,Sofibella,393ae91e5b0b
Womens AP Club Tank Top - Navy,£18.79,£25.00,Tennis Clothing,2026-10-07 16:39:27,Tennis Nuts,https://www.tennisnuts.com/shop/tennis/tennis-clothing/womens-tennis-clothing/dunlop-womens-ap-club-tank-top-navy-1693947.html,Dunlop,e57bf75e8bfc
Womens Spirit Dress - White,£29.99,£80.00,Tennis Clothing,2026-10-07 16:39:27,Tennis Nuts,https://www.tennisnuts.com/shop/tennis/tennis-clothing/womens-tennis-clothing/head-womens-spirit-dress-white-1695256.html,HEAD,f133b367e9ac
Womens Sleeveless Top - Lilac,£29.99,£60.00,Tennis Clothing,2026-10-07 16:39:27,Tennis Nuts,https://www.tennisnuts.com/shop/tennis/tennis-clothing/womens-tennis-clothing/sofibella-womens-sleeveless-top-lilac-1696079.html,Sofibella,cbcd13205d7a
Womens Play Jacket - Black,£24.99,£53.00,Tennis Clothing,2026-10-07 16:39:27,Tennis Nuts,https://www.tennisnuts.com/shop/tennis/tennis-clothing/womens-tennis-clothing/babolat-womens-play-jacket-black-1697060.html,Babolat,09dc50334d5d
15 Inch Womens Skort - White,£39.99,£80.00,Tennis Clothing,2026-10-07 16:39:27,Tennis Nuts,https://www.tennisnuts.com/sofibella-15-inch-womens-skort-white-1698057.html,Sofibella,afd243bf94cb
Womens Club 3/4 Tights Skapri - Navy,£46.39,£58.00,Tennis Clothing,2026-10-07 16:39:27,Tennis Nuts,https://www.tennisnuts.com/shop/tennis/tennis-clothing/womens-tennis-clothing/head-womens-club-3-4-tights-skapri-navy-1749359.html,HEAD,7649efbf1325
Womens Advantage Skirt - White,£19.79,£33.00,Tennis Clothing,2026-10-07 16:39:27,Tennis Nuts,https://www.tennisnuts.com/shop/tennis/tennis-clothing/womens-tennis-clothing/adidas-womens-advantage-skirt-white-1406106.html,Adidas,f4f543014627
Womens Club Lisa T-Shirt - Dark Blue,£12.49,£30.00,Tennis Clothing,2026-10-07 16:39:27,Tennis Nuts,https://www.tennisnuts.com/shop/tennis/tennis-clothing/womens-tennis-clothing/head-womens-club-lisa-t-shirt-dark-blue-1454864.html,HEAD,17df9914eaf7
Womens Eternity Tank Top - Fiesta Orange,£17.49,£35.00,Tennis Clothing,2026-10-07 16:39:27,Tennis Nuts,https://www.tennisnuts.com/shop/tennis/tennis-clothing/womens-tennis-clothing/k-swiss-womens-eternity-tank-top-fiesta-orange-1456753.html,K-Swiss,19dd4dc4c68d
Womens Play Skirt - Black,£19.99,£32.00,Tennis Clothing,2026-10-07 16:39:27,Tennis Nuts,https://www.tennisnuts.com/shop/tennis/tennis-clothing/womens-tennis-clothing/babolat-womens-play-skirt-black-1480502.html,Babolat,3a546760fe62
Womens Stance Shorts - White/Black,£21.99,£44.00,Tennis Clothing,2026-10-07 16:39:27,Tennis Nuts,https://www.tennisnuts.com/shop/tennis/tennis-clothing/womens-tennis-clothing/head-womens-stance-shorts-white-black-1493729.html,HEAD,c49ef411693c
Womens Sammy Tee - Dark Blue/White/Yellow,£14.99,£40.00,Tennis Clothing,2026-10-07 16:39:27,Tennis Nuts,https://www.tennisnuts.com/shop/tennis/tennis-clothing/womens-tennis-clothing/head-womens-sammy-tee-dark-blue-white-yellow-1519986.html,HEAD,f14f74cadc03
Womens Dri-FIT Victory Tennis Skirt - Purple,£19.99,£45.00,Tennis Clothing,2026-10-07 16:39:27,Tennis Nuts,https://www.tennisnuts.com/shop/tennis/tennis-clothing/womens-tennis-clothing/nike-womens-dri-fit-victory-tennis-skirt-purple-1540273.html,Nike,0210495b3231
Womens Club Tech Polo - Dark Blue,£19.99,£42.00,Tennis Clothing,2026-10-07 16:39:27,Tennis Nuts,https://www.tennisnuts.com/shop/tennis/tennis-clothing/womens-tennis-clothing/head-womens-club-tech-polo-dark-blue-1542917.html,HEAD,5fb78e34616d
Womens Lucy T-Shirt - Blue,£6.99,£19.00,Tennis Clothing,2026-10-07 16:39:27,Tennis Nuts,https://www.tennisnuts.com/shop/tennis/tennis-clothing/womens-tennis-clothing/head-womens-lucy-t-shirt-blue-1542962.html,HEAD,55fd36ad3c67
Womens Hypercourt Skort - Cherry Blossom,£19.99,£35.00,Tennis Clothing,2026-10-07 16:39:27,Tennis Nuts,https://www.tennisnuts.com/shop/tennis/tennis-clothing/womens-tennis-clothing/k-swiss-womens-hypercourt-skort-cherry-blossom-1546056.html,K-Swiss,36ab279e300c
Womens Chrissy Shorts - Pink,£15.99,£20.00,Tennis Clothing,2026-10-07 16:39:27,Tennis Nuts,https://www.tennisnuts.com/shop/tennis/tennis-clothing/womens-tennis-clothing/ellesse-womens-chrissy-shorts-pink-1546693.html,Ellesse,e27d08e9bda3
Womens Triome Sweatshirt - Black,£19.99,£40.00,Tennis Clothing,2026-10-07 16:39:27,Tennis Nuts,https://www.tennisnuts.com/shop/tennis/tennis-clothing/womens-tennis-clothing/ellesse-womens-triome-sweatshirt-black-1558470.html,Ellesse,a6616179bba7
Lucky in Love Womens Crossover Tank - Electric Blue,£24.99,£66.00,Tennis Clothing,2026-10-07 16:39:27,Tennis Nuts,https://www.tennisnuts.com/shop/tennis/tennis-clothing/womens-tennis-clothing/lucky-in-love-womens-crossover-tank-electric-blue-1620886.html,,a6f3f61663fa
Womens Pleated Dynamic Skort - Black (2023),£22.49,£45.00,Tennis Clothing,2026-10-07 16:39:27,Tennis Nuts,https://www.tennisnuts.com/shop/tennis/tennis-clothing/womens-tennis-clothing/head-womens-pleated-dynamic-skort-black-2023-1632052.html,HEAD,02cdd4e96b0e
Womens Match Tennis Skirt - Green Spark,£24.99,£50.00,Tennis Clothing,2026-10-07 16:39:27,Tennis Nuts,https://www.tennisnuts.com/shop/tennis/tennis-clothing/womens-tennis-clothing/adidas-womens-match-tennis-skirt-green-spark-1655647.html,Adidas,ace3eac431bd
Womens Club Skirt - Navy Blue,£14.99,£35.00,Tennis Clothing,2026-10-07 16:39:27,Tennis Nuts,https://www.tennisnuts.com/shop/tennis/tennis-clothing/womens-tennis-clothing/adidas-womens-club-skirt-navy-blue-1695212.html,Adidas,35784e1a0372
Womens Play Logo Jacket - Blue,£29.99,£77.00,Tennis Clothing,2026-10-07 16:39:27,Tennis Nuts,https://www.tennisnuts.com/shop/tennis/tennis-clothing/womens-tennis-clothing/babolat-womens-play-logo-jacket-blue-1697061.html,Babolat,62c7f177dd8e
Womens Original Club Pants - Black,£19.99,£50.00,Tennis Clothing,2026-10-07 16:39:27,Tennis Nuts,https://www.tennisnuts.com/shop/tennis/tennis-clothing/womens-tennis-clothing/head-womens-original-club-pants-black-1698068.html,HEAD,e21a8d0923c0
Womens Match Skirt Pro - White,£46.99,£55.00,Tennis Clothing,2026-10-07 16:39:27,Tennis Nuts,https://www.tennisnuts.com/shop/tennis/tennis-clothing/womens-tennis-clothing/adidas-womens-match-skirt-pro-white-1754792.html,Adidas,11b1f17ee261
Womens Match Tank Top Pro - Aurora Ink,£33.99,£40.00,Tennis Clothing,2026-10-07 16:39:27,Tennis Nuts,https://www.tennisnuts.com/shop/tennis/tennis-clothing/womens-tennis-clothing/adidas-womens-match-tank-top-pro-aurora-ink-1767376.html,Adidas,31bee7cf0f19
Womens Club Tank Top - Dark Blue,£12.49,£29.00,Tennis Clothing,2026-10-07 16:39:27,Tennis Nuts,https://www.tennisnuts.com/shop/tennis/tennis-clothing/womens-tennis-clothing/head-womens-club-tank-top-dark-blue-1454837.html,HEAD,a81f3980b0c7
Womens Exercise Hood Sweat - Red Rose,£22.49,£45.00,Tennis Clothing,2026-10-07 16:39:27,Tennis Nuts,https://www.tennisnuts.com/shop/tennis/tennis-clothing/womens-tennis-clothing/babolat-womens-exercise-hood-sweat-red-rose-1480508.html,Babolat,7d9b4415115e
Womens Dri-FIT Slam Tennis Tank - Guava Ice,£19.99,£55.00,Tennis Clothing,2026-10-07 16:39:27,Tennis Nuts,https://www.tennisnuts.com/shop/tennis/tennis-clothing/womens-tennis-clothing/nike-womens-dri-fit-slam-tennis-tank-guava-ice-1498949.html,Nike,0f6b8cb2d0ed
Womens Chrissy Shorts- Off White/Light Green,£9.99,£22.00,Tennis Clothing,2026-10-07 16:39:27,Tennis Nuts,https://www.tennisnuts.com/shop/tennis/tennis-clothing/womens-tennis-clothing/ellesse-womens-chrissy-shorts-off-white-light-green-1517650.html,Ellesse,214550f2c131
Womens Pia Sleeveless Polo - Peacoat,£24.99,£50.00,Tennis Clothing,2026-10-07 16:39:27,Tennis Nuts,https://www.tennisnuts.com/shop/tennis/tennis-clothing/womens-tennis-clothing/fila-womens-pia-sleeveless-polo-peacoat-1537924.html,Fila,b51c99ef9889
Womens Club Tech Polo - White/Dark Blue,£19.99,£42.00,Tennis Clothing,2026-10-07 16:39:27,Tennis Nuts,https://www.tennisnuts.com/shop/tennis/tennis-clothing/womens-tennis-clothing/head-womens-club-tech-polo-white-dark-blue-1542919.html,HEAD,2db557f31987
Womens Lightweight Fleece Jogging Pant - Blue,£39.99,£75.00,Tennis Clothing,2026-10-07 16:39:27,Tennis Nuts,https://www.tennisnuts.com/shop/tennis/tennis-clothing/womens-tennis-clothing/lacoste-womens-lightweight-fleece-jogging-pant-blue-1547357.html,Lacoste,cf723dada2cd
Womens Club Tennis Skirt - Pinksicle,£24.99,£65.00,Tennis Clothing,2026-10-07 16:39:27,Tennis Nuts,https://www.tennisnuts.com/shop/tennis/tennis-clothing/womens-tennis-clothing/nike-womens-club-tennis-skirt-pinksicle-1568061.html,Nike,a9730413d269
Womens Tennis Paris Match Skirt - Wonder Taupe,£19.99,£55.00,Tennis Clothing,2026-10-07 16:39:27,Tennis Nuts,https://www.tennisnuts.com/shop/tennis/tennis-clothing/womens-tennis-clothing/adidas-womens-tennis-paris-match-skirt-wonder-taupe-1638609.html,Adidas,3a8538e4a271
Womens Heritage Short Sleeve T-Shirt - Fila Navy,£24.99,£55.00,Tennis Clothing,2026-10-07 16:39:27,Tennis Nuts,https://www.tennisnuts.com/shop/tennis/tennis-clothing/womens-tennis-clothing/fila-womens-heritage-short-sleeve-t-shirt-fila-navy-1642974.html,Fila,1ad68d4842be
Womens Racerback Tank - Denim Blue,£24.99,£68.00,Tennis Clothing,2026-10-07 16:39:27,Tennis Nuts,https://www.tennisnuts.com/shop/tennis/tennis-clothing/womens-tennis-clothing/sofibella-womens-racerback-tank-denim-blue-1654711.html,Sofibella,3af6836fe7a8
Womens Club Tennis Graphic Tank - Black,£20.99,£35.00,Tennis Clothing,2026-10-07 16:39:27,Tennis Nuts,https://www.tennisnuts.com/shop/tennis/tennis-clothing/womens-tennis-clothing/adidas-womens-club-tennis-graphic-tank-black-1655683.html,Adidas,dcea82ce51e4
Womens Play Skirt - Black,£24.99,£36.00,Tennis Clothing,2026-10-07 16:39:27,Tennis Nuts,https://www.tennisnuts.com/shop/tennis/tennis-clothing/womens-tennis-clothing/babolat-womens-play-skirt-black-1661572.html,Babolat,6d90d9fbb428
Womens Twist Back Tank - Diamond Rush,£29.99,£68.00,Tennis Clothing,2026-10-07 16:39:27,Tennis Nuts,https://www.tennisnuts.com/shop/tennis/tennis-clothing/womens-tennis-clothing/sofibella-womens-twist-back-tank-diamond-rush-1663080.html,Sofibella,4f52ffdc24de
Womens Isla Bonita Racerback Tank - White,£29.99,£68.00,Tennis Clothing,2026-10-07 16:39:27,Tennis Nuts,https://www.tennisnuts.com/shop/tennis/tennis-clothing/womens-tennis-clothing/sofibella-womens-isla-bonita-racerback-tank-white-1667294.html,Sofibella,a76fe3ed9b38
Womens YTL5 T-Shirt - Royal / Navy,£14.99,£25.00,Tennis Clothing,2026-10-07 16:39:27,Tennis Nuts,https://www.tennisnuts.com/shop/tennis/tennis-clothing/womens-tennis-clothing/yonex-womens-ytl5-t-shirt-royal-navy-1680702.html,Yonex,c53a2bada37a
Womens Club Ladies Knitted Jacket - White,£41.49,£55.00,Tennis Clothing,2026-10-07 16:39:27,Tennis Nuts,https://www.tennisnuts.com/shop/tennis/tennis-clothing/womens-tennis-clothing/dunlop-womens-club-ladies-knitted-jacket-white-1693949.html,Dunlop,908e8fe11223
Womens Tennis Climacool Tank Top - White,£17.99,£30.00,Tennis Clothing,2026-10-07 16:39:27,Tennis Nuts,https://www.tennisnuts.com/shop/tennis/tennis-clothing/womens-tennis-clothing/adidas-womens-tennis-climacool-tank-top-white-1694070.html,Adidas,b8f845000786
Womens Dynamic Skort (2025) - Navy,£29.99,£54.00,Tennis Clothing,2026-10-07 16:39:27,Tennis Nuts,https://www.tennisnuts.com/shop/tennis/tennis-clothing/womens-tennis-clothing/head-womens-dynamic-skort-2025-navy-1695262.html,HEAD,3384fc8a18e5
Womens Short Sleeve Polo - Palm Beach,£24.99,£80.00,Tennis Clothing,2026-10-07 16:39:27,Tennis Nuts,https://www.tennisnuts.com/shop/tennis/tennis-clothing/womens-tennis-clothing/sofibella-womens-short-sleeve-polo-palm-beach-1696087.html,Sofibella,c7322511f82c
Womens Play Logo Jacket - Black,£29.99,£77.00,Tennis Clothing,2026-10-07 16:39:27,Tennis Nuts,https://www.tennisnuts.com/shop/tennis/tennis-clothing/womens-tennis-clothing/babolat-womens-play-logo-jacket-black-1697064.html,Babolat,3c1232cad402
Womens Pro Climacool Match Tank Top - Black,£19.99,£55.00,Tennis Clothing,2026-10-07 16:39:27,Tennis Nuts,https://www.tennisnuts.com/shop/tennis/tennis-clothing/womens-tennis-clothing/adidas-womens-pro-climacool-match-tank-top-black-1699671.html,Adidas,c430dc120bfb
Womens Combi Short Sleeve T-Shirt - Royal Blue,£13.49,£15.00,Tennis Clothing,2026-10-07 16:39:27,Tennis Nuts,https://www.tennisnuts.com/shop/tennis/tennis-clothing/womens-tennis-clothing/joma-womens-combi-short-sleeve-t-shirt-royal-blue-1767251.html,Joma,44767e6bb930
Womens Club Pleated Skirt - Violet Tone,£33.99,£40.00,Tennis Clothing,2026-10-07 16:39:27,Tennis Nuts,https://www.tennisnuts.com/shop/tennis/tennis-clothing/womens-tennis-clothing/adidas-womens-club-pleated-skirt-violet-tone-1767379.html,Adidas,104650e6b8f7
Womens Barricade Tee - Red,£26.99,£45.00,Tennis Clothing,2026-10-07 16:39:27,Tennis Nuts,https://www.tennisnuts.com/shop/tennis/tennis-clothing/womens-tennis-clothing/adidas-womens-barricade-tee-red-1412994.html,Adidas,33f114f43fc0
Womens Club Tech Polo - Black (2021),£19.99,£38.00,Tennis Clothing,2026-10-07 16:39:27,Tennis Nuts,https://www.tennisnuts.com/shop/tennis/tennis-clothing/womens-tennis-clothing/head-womens-club-tech-polo-black-2021-1454784.html,HEAD,6e6b3beb7cc2
Womens Club Rosie Hoodie - Black/Red,£19.99,£48.00,Tennis Clothing,2026-10-07 16:39:27,Tennis Nuts,https://www.tennisnuts.com/shop/tennis/tennis-clothing/womens-tennis-clothing/head-womens-club-rosie-hoodie-black-red-1454875.html,HEAD,c209c48527b7
Womens Acqua Sole Open Hole Tank - Green/Blue,£19.99,£50.00,Tennis Clothing,2026-10-07 16:39:27,Tennis Nuts,https://www.tennisnuts.com/shop/tennis/tennis-clothing/womens-tennis-clothing/fila-womens-acqua-sole-open-hole-tank-green-blue-1470643.html,Fila,5d6954b6023f
Womens Play Tank Top - White,£9.99,£20.00,Tennis Clothing,2026-10-07 16:39:27,Tennis Nuts,https://www.tennisnuts.com/shop/tennis/tennis-clothing/womens-tennis-clothing/babolat-womens-play-tank-top-white-1480492.html,Babolat,3fd90a5b7e4b
Womens Exercise Hood Jacket - Estate Blue Heather,£19.99,£50.00,Tennis Clothing,2026-10-07 16:39:27,Tennis Nuts,https://www.tennisnuts.com/shop/tennis/tennis-clothing/womens-tennis-clothing/babolat-womens-exercise-hood-jacket-estate-blue-heather-1480509.html,Babolat,f0b6c04d6596
Womens Lizzy Jacket - White,£24.99,£52.00,Tennis Clothing,2026-10-07 16:39:27,Tennis Nuts,https://www.tennisnuts.com/shop/tennis/tennis-clothing/womens-tennis-clothing/head-womens-lizzy-jacket-white-1493753.html,HEAD,5cdc563b2244
Womens T19 Hoodie - Black,£26.99,£45.00,Tennis Clothing,2026-10-07 16:39:27,Tennis Nuts,https://www.tennisnuts.com/shop/tennis/tennis-clothing/womens-tennis-clothing/adidas-womens-t19-hoodie-black-1506229.html,Adidas,5ddc234f47a7
Womens Pep Tights - Dark Blue,£19.99,£52.00,Tennis Clothing,2026-10-07 16:39:27,Tennis Nuts,https://www.tennisnuts.com/shop/tennis/tennis-clothing/womens-tennis-clothing/head-womens-pep-tights-dark-blue-1520001.html,HEAD,2e8fb0a9fedd
Lucky in Love Womens Going Wild Strappy Tank - Greystone,£24.99,£60.00,Tennis Clothing,2026-10-07 16:39:27,Tennis Nuts,https://www.tennisnuts.com/shop/tennis/tennis-clothing/womens-tennis-clothing/lucky-in-love-womens-going-wild-strappy-tank-greystone-1526463.html,,df4745dfeddd
Womens Club Tech Tee - Black,£12.49,£35.00,Tennis Clothing,2026-10-07 16:39:27,Tennis Nuts,https://www.tennisnuts.com/shop/tennis/tennis-clothing/womens-tennis-clothing/head-womens-club-tech-tee-black-1542920.html,HEAD,144e73ce90fd
Womens Club Rosie Hoodie - Dark Blue,£19.99,£48.00,Tennis Clothing,2026-10-07 16:39:27,Tennis Nuts,https://www.tennisnuts.com/shop/tennis/tennis-clothing/womens-tennis-clothing/head-womens-club-rosie-hoodie-dark-blue-1542971.html,HEAD,ab9cddde58b4
Womens Core Team Tank - French Blue,£17.99,£30.00,Tennis Clothing,2026-10-07 16:39:27,Tennis Nuts,https://www.tennisnuts.com/shop/tennis/tennis-clothing/womens-tennis-clothing/k-swiss-womens-core-team-tank-french-blue-1546067.html,K-Swiss,da25dbd35a58
Womens Paris Y-Dress - Black/Magic Lime,£39.99,£85.00,Tennis Clothing,2026-10-07 16:39:27,Tennis Nuts,https://www.tennisnuts.com/shop/tennis/tennis-clothing/womens-tennis-clothing/adidas-womens-paris-y-dress-black-magic-lime-1559378.html,Adidas,7de506ae9d82
Womens T19 Skirt - White,£22.95,£27.00,Tennis Clothing,2026-10-07 16:39:27,Tennis Nuts,https://www.tennisnuts.com/shop/tennis/tennis-clothing/womens-tennis-clothing/adidas-womens-t19-skirt-white-1616047.html,Adidas,11e88f9874ae
Womens Hypercourt Singlet 2 - White,£17.49,£35.00,Tennis Clothing,2026-10-07 16:39:27,Tennis Nuts,https://www.tennisnuts.com/shop/tennis/tennis-clothing/womens-tennis-clothing/k-swiss-womens-hypercourt-singlet-2-white-1632961.html,K-Swiss,90022d215b81
Womens Paris Y-Tank - Carbon,£19.99,£55.00,Tennis Clothing,2026-10-07 16:39:27,Tennis Nuts,https://www.tennisnuts.com/shop/tennis/tennis-clothing/womens-tennis-clothing/adidas-womens-paris-y-tank-carbon-1638636.html,Adidas,5ce04d98bbae
Womens Love Match Dress - Black,£29.99,£92.00,Tennis Clothing,2026-10-07 16:39:27,Tennis Nuts,https://www.tennisnuts.com/sofibella-womens-love-match-dress-black-1647848.html,Sofibella,1d5e122d3ba2
Womens 20766EX Tank - Light Blue,£19.99,£40.00,Tennis Clothing,2026-10-07 16:39:27,Tennis Nuts,https://www.tennisnuts.com/shop/tennis/tennis-clothing/womens-tennis-clothing/yonex-womens-20766ex-tank-light-blue-1659954.html,Yonex,1e6f3603617a
Womens Play Tech Uni T-Shirt - Navy,£29.99,£56.00,Tennis Clothing,2026-10-07 16:39:27,Tennis Nuts,https://www.tennisnuts.com/shop/tennis/tennis-clothing/womens-tennis-clothing/head-womens-play-tech-uni-t-shirt-navy-1660955.html,HEAD,12b27ff050f4
13 Inch UV Colors Womens Skort - Elias,£24.99,£70.00,Tennis Clothing,2026-10-07 16:39:27,Tennis Nuts,https://www.tennisnuts.com/shop/tennis/tennis-clothing/womens-tennis-clothing/sofibella-13-inch-uv-colors-womens-skort-elias-1667528.html,Sofibella,7c5dd06d846d
Womens Tennis Pro Climacool+ Print Skirt - White,£24.99,£55.00,Tennis Clothing,2026-10-07 16:39:27,Tennis Nuts,https://www.tennisnuts.com/shop/tennis/tennis-clothing/womens-tennis-clothing/adidas-womens-tennis-pro-climacool-print-skirt-white-1686248.html,Adidas,ac91e78066b2
Womens Club Ladies Knitted Jacket - Navy,£32.99,£55.00,Tennis Clothing,2026-10-07 16:39:27,Tennis Nuts,https://www.tennisnuts.com/shop/tennis/tennis-clothing/womens-tennis-clothing/dunlop-womens-club-ladies-knitted-jacket-navy-1693950.html,Dunlop,5e7ddb7f36b4
Womens Play Cap Sleeve Top - Red,£14.99,£27.00,Tennis Clothing,2026-10-07 16:39:27,Tennis Nuts,https://www.tennisnuts.com/shop/tennis/tennis-clothing/womens-tennis-clothing/babolat-womens-play-cap-sleeve-top-red-1697065.html,Babolat,48b8591576d5
Womens Tank Pro - White,£42.49,£50.00,Tennis Clothing,2026-10-07 16:39:27,Tennis Nuts,https://www.tennisnuts.com/shop/tennis/tennis-clothing/womens-tennis-clothing/adidas-womens-tank-pro-white-1754795.html,Adidas,a66aadb39e10
Womens Record III Short Sleeve T-Shirt - Royal Blue,£30.59,£34.00,Tennis Clothing,2026-10-07 16:39:27,Tennis Nuts,https://www.tennisnuts.com/shop/tennis/tennis-clothing/womens-tennis-clothing/joma-womens-record-iii-short-sleeve-t-shirt-royal-blue-1767260.html,Joma,f1e3abb464d0
Womens Core Crop Tank Top - White,£16.49,£33.00,Tennis Clothing,2026-10-07 16:39:27,Tennis Nuts,https://www.tennisnuts.com/shop/tennis/tennis-clothing/womens-tennis-clothing/babolat-womens-core-crop-tank-1236419.html,Babolat,6084ebacdb76
Womens Speed Tank Top - White,£17.49,£35.00,Tennis Clothing,2026-10-07 16:39:27,Tennis Nuts,https://www.tennisnuts.com/shop/tennis/tennis-clothing/womens-tennis-clothing/k-swiss-womens-speed-tank-top-white-1416104.html,K-Swiss,2c16fd3a8372
Womens Club Skirt - Black,£20.99,£35.00,Tennis Clothing,2026-10-07 16:39:27,Tennis Nuts,https://www.tennisnuts.com/shop/tennis/tennis-clothing/womens-tennis-clothing/adidas-womens-club-skirt-black-1452918.html,Adidas,2069c1c5ff66
Womens Club Ann Shorts - Magenta,£14.99,£30.00,Tennis Clothing,2026-10-07 16:39:27,Tennis Nuts,https://www.tennisnuts.com/shop/tennis/tennis-clothing/womens-tennis-clothing/head-womens-club-ann-shorts-magenta-1454852.html,HEAD,935c1c50638c
Womens Club Basic Skort Long - White,£35.99,£45.00,Tennis Clothing,2026-10-07 16:39:27,Tennis Nuts,https://www.tennisnuts.com/shop/tennis/tennis-clothing/womens-tennis-clothing/head-womens-club-basic-skort-long-white-1454898.html,HEAD,2907e3f9f892
Womens Varsity Pants - Black,£29.99,£60.00,Tennis Clothing,2026-10-07 16:39:27,Tennis Nuts,https://www.tennisnuts.com/shop/tennis/tennis-clothing/womens-tennis-clothing/adidas-womens-varsity-pants-black-1471822.html,Adidas,63df7c0461ab
Womens Play Tank Top - Blue Aster,£9.99,£20.00,Tennis Clothing,2026-10-07 16:39:27,Tennis Nuts,https://www.tennisnuts.com/shop/tennis/tennis-clothing/womens-tennis-clothing/babolat-womens-play-tank-top-blue-aster-1480493.html,Babolat,2f1b4f1de10b
Womens Exercise Hood Jacket - High Rise Heather,£24.99,£50.00,Tennis Clothing,2026-10-07 16:39:27,Tennis Nuts,https://www.tennisnuts.com/shop/tennis/tennis-clothing/womens-tennis-clothing/babolat-womens-exercise-hood-jacket-high-rise-heather-1480510.html,Babolat,4e8d21964c7e
Womens Practice Shorts - Coral,£12.49,£30.00,Tennis Clothing,2026-10-07 16:39:27,Tennis Nuts,https://www.tennisnuts.com/shop/tennis/tennis-clothing/womens-tennis-clothing/asics-womens-practice-shorts-coral-1501183.html,ASICS,c9321ccae4c3
Womens Club Tennis Tank Top - White/Grey Two,£19.79,£33.00,Tennis Clothing,2026-10-07 16:39:27,Tennis Nuts,https://www.tennisnuts.com/shop/tennis/tennis-clothing/womens-tennis-clothing/adidas-womens-club-tennis-tank-top-white-grey-two-1538159.html,Adidas,eead6076477f
Womens Club Tech Tee - Red,£19.99,£35.00,Tennis Clothing,2026-10-07 16:39:27,Tennis Nuts,https://www.tennisnuts.com/shop/tennis/tennis-clothing/womens-tennis-clothing/head-womens-club-tech-tee-red-1542924.html,HEAD,c05ff3e31e87
Womens Club Rosie Pant - Black,£14.99,£46.00,Tennis Clothing,2026-10-07 16:39:27,Tennis Nuts,https://www.tennisnuts.com/shop/tennis/tennis-clothing/womens-tennis-clothing/head-womens-club-rosie-pant-black-1542973.html,HEAD,bb733478516d
Lucky in Love Womens Instinct Tank - Eclipse/Orange Glow,£24.99,£65.00,Tennis Clothing,2026-10-07 16:39:27,Tennis Nuts,https://www.tennisnuts.com/shop/tennis/tennis-clothing/womens-tennis-clothing/lucky-in-love-womens-instinct-tank-eclipse-orange-glow-1559385.html,,ee9c1faf41e5
Womens Match Tennis Skirt - Impact Orange,£22.49,£45.00,Tennis Clothing,2026-10-07 16:39:27,Tennis Nuts,https://www.tennisnuts.com/shop/tennis/tennis-clothing/womens-tennis-clothing/adidas-womens-match-tennis-skirt-impact-orange-1566156.html,Adidas,f8f690158cd8
Lucky in Love Womens Scallop Skirt - Electric Blue,£24.99,£70.00,Tennis Clothing,2026-10-07 16:39:27,Tennis Nuts,https://www.tennisnuts.com/shop/tennis/tennis-clothing/womens-tennis-clothing/lucky-in-love-womens-scallop-skirt-electric-blue-1620864.html,,a0412a38466c
Womens Graphic Tank - Black,£12.49,£25.00,Tennis Clothing,2026-10-07 16:39:27,Tennis Nuts,https://www.tennisnuts.com/shop/tennis/tennis-clothing/womens-tennis-clothing/adidas-womens-graphic-tank-black-1627253.html,Adidas,4c77372c2049
Womens Hypercourt Polo Tank - Peach,£22.49,£45.00,Tennis Clothing,2026-10-07 16:39:27,Tennis Nuts,https://www.tennisnuts.com/shop/tennis/tennis-clothing/womens-tennis-clothing/k-swiss-womens-hypercourt-polo-tank-peach-1633001.html,K-Swiss,46a91838e789
Womens Paris Y-Tank - Bold Gold,£19.99,£55.00,Tennis Clothing,2026-10-07 16:39:27,Tennis Nuts,https://www.tennisnuts.com/shop/tennis/tennis-clothing/womens-tennis-clothing/adidas-womens-paris-y-tank-bold-gold-1638637.html,Adidas,a6ed3a26b1a6
Womens Gameset Tennis Y-Tank Top - Lucid Lemon,£19.99,£45.00,Tennis Clothing,2026-10-07 16:39:27,Tennis Nuts,https://www.tennisnuts.com/shop/tennis/tennis-clothing/womens-tennis-clothing/adidas-womens-gameset-tennis-y-tank-top-lucid-lemon-1641708.html,Adidas,63c219461332
Womens Magic Lights Skort - Black,£29.99,£74.00,Tennis Clothing,2026-10-07 16:39:27,Tennis Nuts,https://www.tennisnuts.com/sofibella-womens-magic-lights-skort-black-1647849.html,Sofibella,6de049aa0886
Womens 26125EX Skort - Light Blue,£19.99,£40.00,Tennis Clothing,2026-10-07 16:39:27,Tennis Nuts,https://www.tennisnuts.com/shop/tennis/tennis-clothing/womens-tennis-clothing/yonex-womens-26125ex-skort-light-blue-1659975.html,Yonex,819897d0f347
14 Inch UV Colours Womens Skort - Jardin,£24.99,£70.00,Tennis Clothing,2026-10-07 16:39:27,Tennis Nuts,https://www.tennisnuts.com/sofibella-14-inch-uv-colours-womens-skort-jardin-1667529.html,Sofibella,3a0ad63739ba
Womens Tennis Pro Climacool Y Tank Top- Red,£19.99,£55.00,Tennis Clothing,2026-10-07 16:39:27,Tennis Nuts,https://www.tennisnuts.com/shop/tennis/tennis-clothing/womens-tennis-clothing/adidas-womens-tennis-pro-climacool-y-tank-top-red-1686250.html,Adidas,8ce89bf85d64
Womens Filomena Cropped Hoodie - Pool Blue,£24.99,£50.00,Tennis Clothing,2026-10-07 16:39:27,Tennis Nuts,https://www.tennisnuts.com/shop/tennis/tennis-clothing/womens-tennis-clothing/sergio-tacchini-womens-filomena-cropped-hoodie-pool-blue-1694719.html,Sergio Tacchini,c9b2b725d34f
Womens 150 Skirt - Rose 2025,£19.99,£47.00,Tennis Clothing,2026-10-07 16:39:27,Tennis Nuts,https://www.tennisnuts.com/shop/tennis/tennis-clothing/womens-tennis-clothing/babolat-womens-150-skirt-rose-2025-1697004.html,Babolat,4abe9c07f34f
Womens Exercise Cotton Tank Top - Peacock Pink,£18.69,£22.00,Tennis Clothing,2026-10-07 16:39:27,Tennis Nuts,https://www.tennisnuts.com/shop/tennis/tennis-clothing/womens-tennis-clothing/babolat-womens-exercise-cotton-tank-top-peacock-pink-1755702.html,Babolat,95d26b221697
Womens Zonal Cooling Slam Tank - Glacier Blue/White,£19.99,£48.00,Tennis Clothing,2026-10-07 16:39:27,Tennis Nuts,https://www.tennisnuts.com/shop/tennis/tennis-clothing/womens-tennis-clothing/nike-womens-zonal-cooling-slam-tank-glacier-blue-white-1419478.html,Nike,31cd689632b6
Womens Club Skirt - White,£20.99,£35.00,Tennis Clothing,2026-10-07 16:39:27,Tennis Nuts,https://www.tennisnuts.com/shop/tennis/tennis-clothing/womens-tennis-clothing/adidas-womens-club-skirt-white-1452932.html,Adidas,6a74883f082d
Womens Harmony Vest Top - Pink,£9.99,£28.00,Tennis Clothing,2026-10-07 16:39:27,Tennis Nuts,https://www.tennisnuts.com/shop/tennis/tennis-clothing/womens-tennis-clothing/ellesse-womens-harmony-vest-top-pink-1475668.html,Ellesse,dda58d17d7a7
Womens Play Jacket - Estate Blue,£24.99,£53.00,Tennis Clothing,2026-10-07 16:39:27,Tennis Nuts,https://www.tennisnuts.com/shop/tennis/tennis-clothing/womens-tennis-clothing/babolat-womens-play-jacket-estate-blue-1480497.html,Babolat,92da4b6235be
Womens Dry Print Tennis Tank - Obsidian/White,£17.49,£35.00,Tennis Clothing,2026-10-07 16:39:27,Tennis Nuts,https://www.tennisnuts.com/shop/tennis/tennis-clothing/womens-tennis-clothing/nike-womens-dry-print-tennis-tank-obsidian-white-1501613.html,Nike,9c8c192fc091
Womens Primeblue Match Tennis Skirt - Scarlet,£26.99,£45.00,Tennis Clothing,2026-10-07 16:39:27,Tennis Nuts,https://www.tennisnuts.com/shop/tennis/tennis-clothing/womens-tennis-clothing/adidas-womens-primeblue-match-tennis-skirt-scarlet-1517797.html,Adidas,76464c8eb6a1
Womens Club Tech Tee - Royal Blue,£26.24,£35.00,Tennis Clothing,2026-10-07 16:39:27,Tennis Nuts,https://www.tennisnuts.com/shop/tennis/tennis-clothing/womens-tennis-clothing/head-womens-club-tech-tee-royal-blue-1542925.html,HEAD,015b7ea48c33
Womens Match Flared Tennis Skirt - White,£22.49,£45.00,Tennis Clothing,2026-10-07 16:39:27,Tennis Nuts,https://www.tennisnuts.com/shop/tennis/tennis-clothing/womens-tennis-clothing/adidas-womens-match-flared-tennis-skirt-white-1543272.html,Adidas,a27011e00ebd
Womens Core Team Skort - Navy,£20.99,£35.00,Tennis Clothing,2026-10-07 16:39:27,Tennis Nuts,https://www.tennisnuts.com/shop/tennis/tennis-clothing/womens-tennis-clothing/k-swiss-womens-core-team-skort-navy-1546070.html,K-Swiss,359331284680
Womens Top IV Tennis Dress - White/All Black,£19.99,£55.00,Tennis Clothing,2026-10-07 16:39:27,Tennis Nuts,https://www.tennisnuts.com/shop/tennis/tennis-clothing/womens-tennis-clothing/lotto-womens-top-iv-tennis-dress-white-all-black-1555063.html,Lotto,ffb9d9fb3871
Womens Slam Tennis Tank - Obsidian/Light Zitron/White,£24.99,£65.00,Tennis Clothing,2026-10-07 16:39:27,Tennis Nuts,https://www.tennisnuts.com/shop/tennis/tennis-clothing/womens-tennis-clothing/nike-womens-slam-tennis-tank-obsidian-light-zitron-white-1559537.html,Nike,c7e671579360
Womens London Crop Top - White,£19.99,£63.00,Tennis Clothing,2026-10-07 16:39:27,Tennis Nuts,https://www.tennisnuts.com/shop/tennis/tennis-clothing/womens-tennis-clothing/adidas-womens-london-crop-top-white-1562716.html,Adidas,7dcd0c33c8d9
Lucky in Love Womens Crossover Tank - Crimson,£24.99,£66.00,Tennis Clothing,2026-10-07 16:39:27,Tennis Nuts,https://www.tennisnuts.com/shop/tennis/tennis-clothing/womens-tennis-clothing/lucky-in-love-womens-crossover-tank-crimson-1621771.html,,02d76bd29ea7
Lucky in Love Womens Garden Party Long Sleeve Top - White,£24.99,£80.00,Tennis Clothing,2026-10-07 16:39:27,Tennis Nuts,https://www.tennisnuts.com/shop/tennis/tennis-clothing/womens-tennis-clothing/lucky-in-love-womens-garden-party-long-sleeve-top-white-1634158.html,,e61e24cfcb19
Womens Tennis Squadra III Dress - Black,£26.99,£45.00,Tennis Clothing,2026-10-07 16:39:27,Tennis Nuts,https://www.tennisnuts.com/shop/tennis/tennis-clothing/womens-tennis-clothing/lotto-womens-tennis-squadra-iii-dress-black-1638869.html,Lotto,a0aa31a7ba1b
Womens Backspin Racerback Tank Top - Black/Sunset,£19.99,£55.00,Tennis Clothing,2026-10-07 16:39:27,Tennis Nuts,https://www.tennisnuts.com/shop/tennis/tennis-clothing/womens-tennis-clothing/fila-womens-backspin-racerback-tank-top-black-sunset-1647284.html,Fila,a274d1f5cdb0
Womens Constantine T-Shirt - Black,£19.99,£40.00,Tennis Clothing,2026-10-07 16:39:27,Tennis Nuts,https://www.tennisnuts.com/shop/tennis/tennis-clothing/womens-tennis-clothing/ellesse-womens-constantine-t-shirt-black-1655224.html,Ellesse,5166da7f8b88
Womens Play Cap Sleeve Tee - White,£20.25,£27.00,Tennis Clothing,2026-10-07 16:39:27,Tennis Nuts,https://www.tennisnuts.com/shop/tennis/tennis-clothing/womens-tennis-clothing/babolat-womens-play-cap-sleeve-tee-white-1661467.html,Babolat,873b3c0cbf5a
Womens Hypercourt Singlet 3 - White/Navy,£19.99,£35.00,Tennis Clothing,2026-10-07 16:39:27,Tennis Nuts,https://www.tennisnuts.com/shop/tennis/tennis-clothing/womens-tennis-clothing/k-swiss-womens-hypercourt-singlet-3-white-navy-1661718.html,K-Swiss,a26902c6409e
Womens Overlay Tank - Palm Beach,£24.99,£68.00,Tennis Clothing,2026-10-07 16:39:27,Tennis Nuts,https://www.tennisnuts.com/shop/tennis/tennis-clothing/womens-tennis-clothing/sofibella-womens-overlay-tank-palm-beach-1662930.html,Sofibella,24290b6d995a
Womens 150 Tank Top - Cream,£19.99,£44.99,Tennis Clothing,2026-10-07 16:39:27,Tennis Nuts,https://www.tennisnuts.com/shop/tennis/tennis-clothing/womens-tennis-clothing/babolat-womens-150-tank-top-cream-1697005.html,Babolat,a556fc71f047
Womens Play Tank Top - Red,£18.19,£26.00,Tennis Clothing,2026-10-07 16:39:27,Tennis Nuts,https://www.tennisnuts.com/shop/tennis/tennis-clothing/womens-tennis-clothing/babolat-womens-play-tank-top-red-1697067.html,Babolat,f7199a03bb9b
Womens Long Sleeve - White/Navy,£29.99,£85.00,Tennis Clothing,2026-10-07 16:39:27,Tennis Nuts,https://www.tennisnuts.com/shop/tennis/tennis-clothing/womens-tennis-clothing/sofibella-womens-long-sleeve-white-navy-1698051.html,Sofibella,4726f34b229c
Womens Performance Dress - White,£24.99,£70.00,Tennis Clothing,2026-10-07 16:39:27,Tennis Nuts,https://www.tennisnuts.com/shop/tennis/tennis-clothing/womens-tennis-clothing/head-womens-performance-dress-white-1385406.html,HEAD,8b5d74699cf9
Womens Rule #9 Seasonal Skirt - White,£22.79,£38.00,Tennis Clothing,2026-10-07 16:39:27,Tennis Nuts,https://www.tennisnuts.com/shop/tennis/tennis-clothing/womens-tennis-clothing/adidas-womens-rule-9-seasonal-skirt-white-1423508.html,Adidas,d95dda20b030
Womens Club Tech T-Shirt - Magenta,£19.79,£33.00,Tennis Clothing,2026-10-07 16:39:27,Tennis Nuts,https://www.tennisnuts.com/shop/tennis/tennis-clothing/womens-tennis-clothing/head-womens-club-tech-t-shirt-magenta-1454800.html,HEAD,8fc8bcc73a23
Womens Dri-FIT Training Hoodie - Carbon Heather,£19.99,£45.00,Tennis Clothing,2026-10-07 16:39:27,Tennis Nuts,https://www.tennisnuts.com/shop/tennis/tennis-clothing/womens-tennis-clothing/nike-womens-dri-fit-training-hoodie-carbon-heather-1476423.html,Nike,085285623be6
Womens Exercise Shorts - Black,£19.99,£34.00,Tennis Clothing,2026-10-07 16:39:27,Tennis Nuts,https://www.tennisnuts.com/shop/tennis/tennis-clothing/womens-tennis-clothing/babolat-womens-exercise-shorts-black-1480528.html,Babolat,4be798809c29
Womens Exercise Hood Sweat - High Rise/Heather,£24.99,£45.00,Tennis Clothing,2026-10-07 16:39:27,Tennis Nuts,https://www.tennisnuts.com/shop/tennis/tennis-clothing/womens-tennis-clothing/babolat-womens-exercise-hood-sweat-high-rise-heather-1497719.html,Babolat,2fcd8be1953a
Womens Club Pleated Tennis Skirt - White,£19.99,£60.00,Tennis Clothing,2026-10-07 16:39:27,Tennis Nuts,https://www.tennisnuts.com/shop/tennis/tennis-clothing/womens-tennis-clothing/nike-womens-club-pleated-tennis-skirt-white-1511942.html,Nike,335c96c868ae
Womens Victory Tennis Skirt - Elemental Pink,£17.49,£35.00,Tennis Clothing,2026-10-07 16:39:27,Tennis Nuts,https://www.tennisnuts.com/shop/tennis/tennis-clothing/womens-tennis-clothing/nike-womens-victory-tennis-skirt-elemental-pink-1517823.html,Nike,3275f0f67168
Womens Slam Tennis Skirt - White,£19.99,£60.00,Tennis Clothing,2026-10-07 16:39:27,Tennis Nuts,https://www.tennisnuts.com/shop/tennis/tennis-clothing/womens-tennis-clothing/nike-womens-slam-tennis-skirt-white-1536143.html,Nike,6c365536b9ae
Womens Club Basic Skort - Anthracite,£31.99,£40.00,Tennis Clothing,2026-10-07 16:39:27,Tennis Nuts,https://www.tennisnuts.com/shop/tennis/tennis-clothing/womens-tennis-clothing/head-womens-club-basic-skort-anthracite-1542956.html,HEAD,706d3566af5b
Womens Soft Cotton Polo - Navy Blue,£49.99,£95.00,Tennis Clothing,2026-10-07 16:39:27,Tennis Nuts,https://www.tennisnuts.com/shop/tennis/tennis-clothing/womens-tennis-clothing/lacoste-womens-soft-cotton-polo-navy-blue-1546091.html,Lacoste,e40e2e968402
Womens Top IV Skirt 1 - White/Black,£19.99,£40.00,Tennis Clothing,2026-10-07 16:39:27,Tennis Nuts,https://www.tennisnuts.com/shop/tennis/tennis-clothing/womens-tennis-clothing/lotto-womens-top-iv-skirt-1-white-black-1555691.html,Lotto,a3de4017b774
Womens Slam Tennis Tank - White,£24.99,£65.00,Tennis Clothing,2026-10-07 16:39:27,Tennis Nuts,https://www.tennisnuts.com/shop/tennis/tennis-clothing/womens-tennis-clothing/nike-womens-slam-tennis-tank-white-1559538.html,Nike,511180eba764
Womens Frilled Slam Tennis Skirt - White,£24.99,£75.00,Tennis Clothing,2026-10-07 16:39:27,Tennis Nuts,https://www.tennisnuts.com/shop/tennis/tennis-clothing/womens-tennis-clothing/nike-womens-frilled-slam-tennis-skirt-white-1562802.html,Nike,6b869dee0ddb
Womens Heritage Signature Skort - White,£19.99,£55.00,Tennis Clothing,2026-10-07 16:39:27,Tennis Nuts,https://www.tennisnuts.com/shop/tennis/tennis-clothing/womens-tennis-clothing/fila-womens-heritage-signature-skort-white-1567311.html,Fila,58ae73f40f23
Lucky in Love Womens Neon Lights Skirt - Black/Blue,£24.99,£76.00,Tennis Clothing,2026-10-07 16:39:27,Tennis Nuts,https://www.tennisnuts.com/shop/tennis/tennis-clothing/womens-tennis-clothing/lucky-in-love-womens-neon-lights-skirt-black-blue-1620872.html,,957e38e76274
Lucky in Love Womens Tech It Out Tank - Black,£24.99,£72.00,Tennis Clothing,2026-10-07 16:39:27,Tennis Nuts,https://www.tennisnuts.com/shop/tennis/tennis-clothing/womens-tennis-clothing/lucky-in-love-womens-tech-it-out-tank-black-1621772.html,,6dede9549f4d
Womens Chrissy Shorts - White/Black,£9.99,£25.00,Tennis Clothing,2026-10-07 16:39:27,Tennis Nuts,https://www.tennisnuts.com/shop/tennis/tennis-clothing/womens-tennis-clothing/ellesse-womens-chrissy-shorts-white-black-1628323.html,Ellesse,973bc0fecace
Womens Chrissy Shorts - Light Pink,£9.99,£22.00,Tennis Clothing,2026-10-07 16:39:27,Tennis Nuts,https://www.tennisnuts.com/shop/tennis/tennis-clothing/womens-tennis-clothing/ellesse-womens-chrissy-shorts-light-pink-1638037.html,Ellesse,7996864b7a76
Womens Squadra III Tennis Skirt - Black,£17.99,£30.00,Tennis Clothing,2026-10-07 16:39:27,Tennis Nuts,https://www.tennisnuts.com/shop/tennis/tennis-clothing/womens-tennis-clothing/lotto-womens-squadra-iii-tennis-skirt-black-1638871.html,Lotto,2dbebb0cc6b2
Womens Reversible AEROREADY Match Skirt - Grey One,£19.99,£55.00,Tennis Clothing,2026-10-07 16:39:27,Tennis Nuts,https://www.tennisnuts.com/shop/tennis/tennis-clothing/womens-tennis-clothing/adidas-womens-reversible-aeroready-match-skirt-grey-one-1643484.html,Adidas,61f9e6e4a51b
Lucky in Love Womens High Waist Boxer Skirt - Silver,£24.99,£78.00,Tennis Clothing,2026-10-07 16:39:27,Tennis Nuts,https://www.tennisnuts.com/shop/tennis/tennis-clothing/womens-tennis-clothing/lucky-in-love-womens-high-waist-boxer-skirt-silver-1647781.html,,988307f4ec3f
Womens Diamond Rush Tank - Denim,£24.99,£68.00,Tennis Clothing,2026-10-07 16:39:27,Tennis Nuts,https://www.tennisnuts.com/shop/tennis/tennis-clothing/womens-tennis-clothing/sofibella-womens-diamond-rush-tank-denim-1654679.html,Sofibella,d820de657a9f
Womens Kynance Skort - Black,£20.00,£40.00,Tennis Clothing,2026-10-07 16:39:27,Tennis Nuts,https://www.tennisnuts.com/shop/tennis/tennis-clothing/womens-tennis-clothing/ellesse-womens-kynance-skort-black-1655226.html,Ellesse,23ae1cc2a706
Womens 21 Linda Long Sleeve Shirt - White,£19.99,£40.00,Tennis Clothing,2026-10-07 16:39:27,Tennis Nuts,https://www.tennisnuts.com/shop/tennis/tennis-clothing/womens-tennis-clothing/head-womens-21-linda-long-sleeve-shirt-white-1660102.html,HEAD,99cdf33e6efc
Womens Play Tank Top - Black,£18.19,£26.00,Tennis Clothing,2026-10-07 16:39:27,Tennis Nuts,https://www.tennisnuts.com/shop/tennis/tennis-clothing/womens-tennis-clothing/babolat-womens-play-tank-top-black-1661474.html,Babolat,a5ff619f1c35
Womens Tech II D2 Tee - Blue,£19.99,£44.00,Tennis Clothing,2026-10-07 16:39:27,Tennis Nuts,https://www.tennisnuts.com/shop/tennis/tennis-clothing/womens-tennis-clothing/lotto-womens-tech-ii-d2-tee-blue-1665298.html,Lotto,70c8d5ddf1df
14 Inch On The Dot Womens Skort - White,£24.99,£72.00,Tennis Clothing,2026-10-07 16:39:27,Tennis Nuts,https://www.tennisnuts.com/shop/tennis/tennis-clothing/womens-tennis-clothing/sofibella-14-inch-on-the-dot-womens-skort-white-1667531.html,Sofibella,35e4ec043be3
Womens Spirit II Tank Top - White,£19.99,£45.00,Tennis Clothing,2026-10-07 16:39:27,Tennis Nuts,https://www.tennisnuts.com/shop/tennis/tennis-clothing/womens-tennis-clothing/head-womens-spirit-ii-tank-top-white-1695253.html,HEAD,4027a2e94669
Womens Play Pants - Black,£49.99,£66.99,Tennis Clothing,2026-10-07 16:39:27,Tennis Nuts,https://www.tennisnuts.com/shop/tennis/tennis-clothing/womens-tennis-clothing/babolat-womens-play-pants-black-1697058.html,Babolat,45ca9b7b695f
13 Inch Womens Skort - White/Navy,£29.99,£80.00,Tennis Clothing,2026-10-07 16:39:27,Tennis Nuts,https://www.tennisnuts.com/sofibella-13-inch-womens-skort-white-navy-1698052.html,Sofibella,6c4670b1bba7
Womens Exercise Message Tee - Blue Tint,£18.69,£22.00,Tennis Clothing,2026-10-07 16:39:27,Tennis Nuts,https://www.tennisnuts.com/shop/tennis/tennis-clothing/womens-tennis-clothing/babolat-womens-exercise-message-tee-blue-tint-1755704.html,Babolat,6eb919ee0254
Womens Club Original FZ - Navy,£29.99,£62.00,Tennis Clothing,2026-10-07 16:39:27,Tennis Nuts,https://www.tennisnuts.com/shop/tennis/tennis-clothing/womens-tennis-clothing/head-womens-club-original-fz-navy-1695276.html,HEAD,31209a03a6c2
Womens Club Tech T-Shirt - Royal Blue,£19.79,£33.00,Tennis Clothing,2026-10-07 16:39:27,Tennis Nuts,https://www.tennisnuts.com/shop/tennis/tennis-clothing/womens-tennis-clothing/head-womens-club-tech-t-shirt-royal-blue-1454799.html,HEAD,63916502335f
Womens Urban Waterproof Jacket - Black,£49.99,£160.00,Tennis Clothing,2026-10-07 16:39:27,Tennis Nuts,https://www.tennisnuts.com/shop/tennis/tennis-clothing/womens-tennis-clothing/adidas-womens-urban-waterproof-jacket-black-1536998.html,Adidas,58da1570cb60
Womens Filomena Cropped Hoodie - White,£19.99,£50.00,Tennis Clothing,2026-10-07 16:39:27,Tennis Nuts,https://www.tennisnuts.com/shop/tennis/tennis-clothing/womens-tennis-clothing/sergio-tacchini-womens-filomena-cropped-hoodie-white-1694718.html,Sergio Tacchini,f388f7c93818
Boys Club Bermudas Shorts - White,£21.49,£32.00,Tennis Clothing,2026-10-07 16:39:27,Tennis Nuts,https://www.tennisnuts.com/shop/tennis/tennis-clothing/boys-tennis-clothing/head-boys-club-bermudas-shorts-white-1454917.html,HEAD,aa62b9a2ad18
Boys Club 25 Tech T-Shirt - White,£21.99,£32.00,Tennis Clothing,2026-10-07 16:39:27,Tennis Nuts,https://www.tennisnuts.com/shop/tennis/tennis-clothing/boys-tennis-clothing/head-boys-club-25-tech-t-shirt-white-1695322.html,HEAD,4a9b7e1c8747
Kids YTJ3 T-Shirt - White,£9.99,£19.00,Tennis Clothing,2026-10-07 16:39:27,Tennis Nuts,https://www.tennisnuts.com/shop/tennis/tennis-clothing/boys-tennis-clothing/yonex-kids-ytj3-t-shirt-white-1557211.html,Yonex,61318f8ccf59
Kids Corvist Tee - White,£8.99,£18.00,Tennis Clothing,2026-10-07 16:39:27,Tennis Nuts,https://www.tennisnuts.com/shop/tennis/tennis-clothing/boys-tennis-clothing/ellesse-kids-corvist-tee-white-1524732.html,Ellesse,615499c009b2
Kids Club Pants - White,£19.99,£40.00,Tennis Clothing,2026-10-07 16:39:27,Tennis Nuts,https://www.tennisnuts.com/shop/tennis/tennis-clothing/boys-tennis-clothing/head-kids-club-pants-white-1454957.html,HEAD,dee7ccf4c906
Boys Club 25 Tech T-Shirt - Red/ White,£22.49,£32.00,Tennis Clothing,2026-10-07 16:39:27,Tennis Nuts,https://www.tennisnuts.com/shop/tennis/tennis-clothing/boys-tennis-clothing/head-boys-club-25-tech-t-shirt-red-white-1695324.html,HEAD,19dfb021d1fb
Boys Sportswear T-Shirt - White/Black,£9.99,£20.00,Tennis Clothing,2026-10-07 16:39:27,Tennis Nuts,https://www.tennisnuts.com/shop/tennis/tennis-clothing/boys-tennis-clothing/nike-boys-sportswear-t-shirt-white-black-1507672.html,Nike,477c5f923ff5
Boys Malia Tee - White Marl,£8.99,£18.00,Tennis Clothing,2026-10-07 16:39:27,Tennis Nuts,https://www.tennisnuts.com/shop/tennis/tennis-clothing/boys-tennis-clothing/ellesse-boys-malia-tee-white-marl-1524386.html,Ellesse,33585f93bf33
Kids Club Original T-Shirt - White,£17.59,£22.00,Tennis Clothing,2026-10-07 16:39:27,Tennis Nuts,https://www.tennisnuts.com/shop/tennis/tennis-clothing/boys-tennis-clothing/head-kids-club-original-t-shirt-white-1698074.html,HEAD,671cb06ffd4c
Kids Rainbow T-Shirt - White,£16.79,£28.00,Tennis Clothing,2026-10-07 16:39:27,Tennis Nuts,https://www.tennisnuts.com/shop/tennis/tennis-clothing/boys-tennis-clothing/head-kids-rainbow-t-shirt-white-1660961.html,HEAD,f6df6f8c0af2
Boys Exercise Tee - White,£13.59,£16.00,Tennis Clothing,2026-10-07 16:39:27,Tennis Nuts,https://www.tennisnuts.com/shop/tennis/tennis-clothing/boys-tennis-clothing/babolat-boys-exercise-tee-white-1755643.html,Babolat,409965025edc
Boys Classics T-Shirt - White,£22.49,£25.00,Tennis Clothing,2026-10-07 16:39:27,Tennis Nuts,https://www.tennisnuts.com/shop/tennis/tennis-clothing/boys-tennis-clothing/adidas-boys-classics-t-shirt-white-1767338.html,Adidas,571af1ca15b5
Boys Club Bermudas Shorts - Red,£25.59,£32.00,Tennis Clothing,2026-10-07 16:39:27,Tennis Nuts,https://www.tennisnuts.com/shop/tennis/tennis-clothing/boys-tennis-clothing/head-boys-club-bermudas-shorts-red-1454920.html,HEAD,4c36473ddf3b
Boys Classics T-Shirt - Dark Blue,£22.49,£25.00,Tennis Clothing,2026-10-07 16:39:27,Tennis Nuts,https://www.tennisnuts.com/shop/tennis/tennis-clothing/boys-tennis-clothing/adidas-boys-classics-t-shirt-dark-blue-1767336.html,Adidas,27694ca5a5ee
Kids Club Pants - Navy,£24.99,£40.00,Tennis Clothing,2026-10-07 16:39:27,Tennis Nuts,https://www.tennisnuts.com/shop/tennis/tennis-clothing/boys-tennis-clothing/head-kids-club-pants-navy-1698069.html,HEAD,73f6e5eaad53
Boys Club Bermudas Shorts - Black,£25.59,£32.00,Tennis Clothing,2026-10-07 16:39:27,Tennis Nuts,https://www.tennisnuts.com/shop/tennis/tennis-clothing/boys-tennis-clothing/head-boys-club-bermudas-shorts-black-1454924.html,HEAD,27af1673e8cb
Boys Club T-Shirt - Pure Ruby,£15.29,£18.00,Tennis Clothing,2026-10-07 16:39:27,Tennis Nuts,https://www.tennisnuts.com/shop/tennis/tennis-clothing/boys-tennis-clothing/adidas-boys-club-t-shirt-pure-ruby-1767331.html,Adidas,76fe1c246d16
Boys Club Bermudas Shorts - Navy,£25.59,£32.00,Tennis Clothing,2026-10-07 16:39:27,Tennis Nuts,https://www.tennisnuts.com/shop/tennis/tennis-clothing/boys-tennis-clothing/head-boys-club-bermudas-shorts-navy-1454923.html,HEAD,cbe9d24378c5
Boys Club T-Shirt - Bahia Blue,£15.29,£18.00,Tennis Clothing,2026-10-07 16:39:27,Tennis Nuts,https://www.tennisnuts.com/shop/tennis/tennis-clothing/boys-tennis-clothing/adidas-boys-club-t-shirt-bahia-blue-1767332.html,Adidas,9dd268e21c1d
Boys Club Bermudas Shorts - Anthracite,£25.59,£32.00,Tennis Clothing,2026-10-07 16:39:27,Tennis Nuts,https://www.tennisnuts.com/shop/tennis/tennis-clothing/boys-tennis-clothing/head-boys-club-bermudas-shorts-anthracite-1543105.html,HEAD,308763b068b3
Boys Classics Polo - White,£31.49,£35.00,Tennis Clothing,2026-10-07 16:39:27,Tennis Nuts,https://www.tennisnuts.com/shop/tennis/tennis-clothing/boys-tennis-clothing/adidas-boys-classics-polo-white-1767223.html,Adidas,58a4228a5f84
Boys Classics Polo - Bahia Blue,£31.49,£35.00,Tennis Clothing,2026-10-07 16:39:27,Tennis Nuts,https://www.tennisnuts.com/shop/tennis/tennis-clothing/boys-tennis-clothing/adidas-boys-classics-polo-bahia-blue-1771203.html,Adidas,b50f7c6aa173
Boys Velos Junior Tee,£9.99,£20.00,Tennis Clothing,2026-10-07 16:39:27,Tennis Nuts,https://www.tennisnuts.com/shop/tennis/tennis-clothing/boys-tennis-clothing/ellesse-boys-velos-junior-tee-1546164.html,Ellesse,9377788962e2
Boys Malia Tee - Grey Marl,£8.99,£18.00,Tennis Clothing,2026-10-07 16:39:27,Tennis Nuts,https://www.tennisnuts.com/shop/tennis/tennis-clothing/boys-tennis-clothing/ellesse-boys-malia-tee-grey-marl-1524391.html,Ellesse,a20e50df9de8
Boys Jero Hoodie - Black,£19.99,£40.00,Tennis Clothing,2026-10-07 16:39:27,Tennis Nuts,https://www.tennisnuts.com/shop/tennis/tennis-clothing/boys-tennis-clothing/ellesse-boys-jero-hoodie-black-1524403.html,Ellesse,81c8b9dd672a
Boys Club 25 Tech T-Shirt - Navy,£19.99,£32.00,Tennis Clothing,2026-10-07 16:39:27,Tennis Nuts,https://www.tennisnuts.com/shop/tennis/tennis-clothing/boys-tennis-clothing/head-boys-club-25-tech-t-shirt-navy-1695333.html,HEAD,7a541ace91d9
Kids Club Original Hoodie -Navy,£24.99,£45.00,Tennis Clothing,2026-10-07 16:39:27,Tennis Nuts,https://www.tennisnuts.com/shop/tennis/tennis-clothing/boys-tennis-clothing/head-kids-club-original-hoodie-navy-1695326.html,HEAD,8041d485d74c
Kids Club Pants - Black,£24.99,£40.00,Tennis Clothing,2026-10-07 16:39:27,Tennis Nuts,https://www.tennisnuts.com/shop/tennis/tennis-clothing/boys-tennis-clothing/head-kids-club-pants-black-1454968.html,HEAD,d8bb3e7adc3c
Boys Club Tennis Tee - Collegiate Navy,£17.99,£23.00,Tennis Clothing,2026-10-07 16:39:27,Tennis Nuts,https://www.tennisnuts.com/shop/tennis/tennis-clothing/boys-tennis-clothing/adidas-boys-club-tennis-tee-collegiate-navy-1627225.html,Adidas,a41a2a8cc1bd
Kids Club Original T-Shirt - Navy,£17.59,£22.00,Tennis Clothing,2026-10-07 16:39:27,Tennis Nuts,https://www.tennisnuts.com/shop/tennis/tennis-clothing/boys-tennis-clothing/head-kids-club-original-t-shirt-navy-1698075.html,HEAD,4127e7ac70d6
Boys Exercise Tee - Forever Blue,£20.39,£24.00,Tennis Clothing,2026-10-07 16:39:27,Tennis Nuts,https://www.tennisnuts.com/shop/tennis/tennis-clothing/boys-tennis-clothing/babolat-boys-exercise-tee-forever-blue-1755669.html,Babolat,a85e09022814
Kids Tracksuit Pant - Black,£19.99,£37.00,Tennis Clothing,2026-10-07 16:39:27,Tennis Nuts,https://www.tennisnuts.com/shop/tennis/tennis-clothing/boys-tennis-clothing/yonex-kids-tracksuit-pant-black-1559265.html,Yonex,6399b1e1bd02
Kids YTP323JEX Track Pants - Black,£20.79,£26.00,Tennis Clothing,2026-10-07 16:39:27,Tennis Nuts,https://www.tennisnuts.com/shop/tennis/tennis-clothing/boys-tennis-clothing/yonex-kids-ytp323jex-track-pants-black-1646242.html,Yonex,06cbe8eb54f9
Kids YTJ13 T-Shirt - Red,£23.39,£26.00,Tennis Clothing,2026-10-07 16:39:27,Tennis Nuts,https://www.tennisnuts.com/shop/tennis/tennis-clothing/boys-tennis-clothing/yonex-kids-ytj13-t-shirt-red-1770892.html,Yonex,e4c6b759f456
Kids YTJ13 T-Shirt - Storm,£23.39,£26.00,Tennis Clothing,2026-10-07 16:39:27,Tennis Nuts,https://www.tennisnuts.com/shop/tennis/tennis-clothing/boys-tennis-clothing/yonex-kids-ytj13-t-shirt-storm-1770893.html,Yonex,863f78c420ac
Boys Club Pants - Anthracite,£24.99,£40.00,Tennis Clothing,2026-10-07 16:39:27,Tennis Nuts,https://www.tennisnuts.com/shop/tennis/tennis-clothing/boys-tennis-clothing/head-boys-club-pants-anthracite-1543214.html,HEAD,8ae1f0408cfc
Kids AP Club T-Shirt - Red,£10.49,£14.00,Tennis Clothing,2026-10-07 16:39:27,Tennis Nuts,https://www.tennisnuts.com/shop/tennis/tennis-clothing/boys-tennis-clothing/dunlop-kids-ap-club-t-shirt-red-1693961.html,Dunlop,2bc68fcec1a8
Boys Colourblock Tee - Black,£19.99,£35.00,Tennis Clothing,2026-10-07 16:39:27,Tennis Nuts,https://www.tennisnuts.com/shop/tennis/tennis-clothing/boys-tennis-clothing/lacoste-boys-colourblock-tee-black-1394449.html,Lacoste,84b304220240
Boys Club Bermudas Shorts - Royal Blue,£25.59,£32.00,Tennis Clothing,2026-10-07 16:39:27,Tennis Nuts,https://www.tennisnuts.com/shop/tennis/tennis-clothing/boys-tennis-clothing/head-boys-club-bermudas-shorts-royal-blue-1454922.html,HEAD,3f8828393e26
Kids Heritage Peter Pant - Peacoat,£19.99,£35.00,Tennis Clothing,2026-10-07 16:39:27,Tennis Nuts,https://www.tennisnuts.com/shop/tennis/tennis-clothing/boys-tennis-clothing/fila-kids-heritage-peter-pant-peacoat-1538021.html,Fila,c4e4d2399162
Kids Rainbow T-Shirt - Navy,£16.79,£28.00,Tennis Clothing,2026-10-07 16:39:27,Tennis Nuts,https://www.tennisnuts.com/shop/tennis/tennis-clothing/boys-tennis-clothing/head-kids-rainbow-t-shirt-navy-1660959.html,HEAD,21674f6f1572
Boys Club Ivan T-Shirt - Red/Blue,£9.99,£16.00,Tennis Clothing,2026-10-07 16:39:27,Tennis Nuts,https://www.tennisnuts.com/shop/tennis/tennis-clothing/boys-tennis-clothing/head-boys-club-ivan-t-shirt-red-blue-1475869.html,HEAD,e3830e6e8901
Boys Malia Tee - Navy,£8.99,£18.00,Tennis Clothing,2026-10-07 16:39:27,Tennis Nuts,https://www.tennisnuts.com/shop/tennis/tennis-clothing/boys-tennis-clothing/ellesse-boys-malia-tee-navy-1524389.html,Ellesse,be5c4380e25c
Kids Club Pants - Royal Blue,£24.99,£38.00,Tennis Clothing,2026-10-07 16:39:27,Tennis Nuts,https://www.tennisnuts.com/shop/tennis/tennis-clothing/boys-tennis-clothing/head-kids-club-pants-royal-blue-1454963.html,HEAD,052ace7b40ca
Boys Malia Tee - Black,£8.99,£18.00,Tennis Clothing,2026-10-07 16:39:27,Tennis Nuts,https://www.tennisnuts.com/shop/tennis/tennis-clothing/boys-tennis-clothing/ellesse-boys-malia-tee-black-1524390.html,Ellesse,b410be049797
Boys Club 25 Tech T-Shirt - Royal Blue,£21.99,£32.00,Tennis Clothing,2026-10-07 16:39:27,Tennis Nuts,https://www.tennisnuts.com/shop/tennis/tennis-clothing/boys-tennis-clothing/head-boys-club-25-tech-t-shirt-royal-blue-1698037.html,HEAD,2648a39867c2
Boys Club Tech Polo Shirt - Black,£19.99,£30.00,Tennis Clothing,2026-10-07 16:39:27,Tennis Nuts,https://www.tennisnuts.com/shop/tennis/tennis-clothing/boys-tennis-clothing/head-boys-club-tech-polo-shirt-black-1454897.html,HEAD,73090ffb16da
Kids Club Ivan T-Shirt - Black/Red,£9.99,£16.00,Tennis Clothing,2026-10-07 16:39:27,Tennis Nuts,https://www.tennisnuts.com/shop/tennis/tennis-clothing/boys-tennis-clothing/head-kids-club-ivan-t-shirt-black-red-1454975.html,HEAD,63e699d16044
Kids Club Original Hoodie - Grey,£24.99,£45.00,Tennis Clothing,2026-10-07 16:39:27,Tennis Nuts,https://www.tennisnuts.com/shop/tennis/tennis-clothing/boys-tennis-clothing/head-kids-club-original-hoodie-grey-1695329.html,HEAD,8abbd715dec9
Kids Club Colin Tee - Black,£17.99,£27.00,Tennis Clothing,2026-10-07 16:39:27,Tennis Nuts,https://www.tennisnuts.com/shop/tennis/tennis-clothing/boys-tennis-clothing/head-kids-club-colin-tee-black-1543202.html,HEAD,0a92303b22e8
Boys Club Byron Pants - Dark Blue,£22.49,£44.00,Tennis Clothing,2026-10-07 16:39:27,Tennis Nuts,https://www.tennisnuts.com/shop/tennis/tennis-clothing/boys-tennis-clothing/head-boys-club-byron-pants-dark-blue-1543230.html,HEAD,09e5dde5aeb0
Kids YTJ1 T-Shirt - Black,£9.99,£15.00,Tennis Clothing,2026-10-07 16:39:27,Tennis Nuts,https://www.tennisnuts.com/shop/tennis/tennis-clothing/boys-tennis-clothing/yonex-kids-ytj1-t-shirt-black-1471521.html,Yonex,909228657e7b
Kids Club Colin Tee - Dark Blue,£17.99,£27.00,Tennis Clothing,2026-10-07 16:39:27,Tennis Nuts,https://www.tennisnuts.com/shop/tennis/tennis-clothing/boys-tennis-clothing/head-kids-club-colin-tee-dark-blue-1543203.html,HEAD,76f09cfedf80
Kids AP Club T-Shirt - Royal Blue,£10.49,£14.00,Tennis Clothing,2026-10-07 16:39:27,Tennis Nuts,https://www.tennisnuts.com/shop/tennis/tennis-clothing/boys-tennis-clothing/dunlop-kids-ap-club-t-shirt-royal-blue-1693959.html,Dunlop,dba4d8acfc6b
Club Boys Crew Tee - Black,£18.79,£25.00,Tennis Clothing,2026-10-07 16:39:27,Tennis Nuts,https://www.tennisnuts.com/shop/tennis/tennis-clothing/boys-tennis-clothing/dunlop-club-boys-crew-tee-black-1693960.html,Dunlop,56a6bcdef348
Kids Corvist Tee - Blue,£8.99,£18.00,Tennis Clothing,2026-10-07 16:39:27,Tennis Nuts,https://www.tennisnuts.com/shop/tennis/tennis-clothing/boys-tennis-clothing/ellesse-kids-corvist-tee-blue-1524728.html,Ellesse,3ff1b5d88b4e
Boys Club 25 Tech T-Shirt - Navy White,£21.99,£32.00,Tennis Clothing,2026-10-07 16:39:27,Tennis Nuts,https://www.tennisnuts.com/shop/tennis/tennis-clothing/boys-tennis-clothing/head-boys-club-25-tech-t-shirt-navy-white-1698038.html,HEAD,6945f10ac241
Kids Baby Dragon CNY2024 T-Shirt - Red,£9.99,£25.00,Tennis Clothing,2026-10-07 16:39:27,Tennis Nuts,https://www.tennisnuts.com/shop/tennis/tennis-clothing/boys-tennis-clothing/yonex-kids-baby-dragon-cny2024-t-shirt-red-1653659.html,Yonex,0db0acafc3ae
Boys Club Woven Shorts - Black,£18.79,£25.00,Tennis Clothing,2026-10-07 16:39:27,Tennis Nuts,https://www.tennisnuts.com/shop/tennis/tennis-clothing/boys-tennis-clothing/dunlop-boys-club-woven-shorts-black-1693963.html,Dunlop,2f4d9184ed1c
Boys Crew Neck Lettered Bands Cotton T-Shirt - Red/Navy,£17.99,£30.00,Tennis Clothing,2026-10-07 16:39:27,Tennis Nuts,https://www.tennisnuts.com/shop/tennis/tennis-clothing/boys-tennis-clothing/lacoste-boys-crew-neck-lettered-bands-cotton-t-shirt-red-navy-1543045.html,Lacoste,a1abc50e089c
Boys Club Tech Polo Shirt - Dark Blue,£19.99,£30.00,Tennis Clothing,2026-10-07 16:39:27,Tennis Nuts,https://www.tennisnuts.com/shop/tennis/tennis-clothing/boys-tennis-clothing/head-boys-club-tech-polo-shirt-dark-blue-1454903.html,HEAD,9cb1224e53c9
Kids Club Ivan T-Shirt - Royal Blue/Red,£11.99,£16.00,Tennis Clothing,2026-10-07 16:39:27,Tennis Nuts,https://www.tennisnuts.com/shop/tennis/tennis-clothing/boys-tennis-clothing/head-kids-club-ivan-t-shirt-royal-blue-red-1493778.html,HEAD,7f6270c4ce6e
Kids Club Byron Pants - Black,£22.49,£44.00,Tennis Clothing,2026-10-07 16:39:27,Tennis Nuts,https://www.tennisnuts.com/shop/tennis/tennis-clothing/boys-tennis-clothing/head-kids-club-byron-pants-black-1543228.html,HEAD,d06e32fb226c
Boys Club Tech T-Shirt - White,£18.74,£25.00,Tennis Clothing,2026-10-07 16:39:27,Tennis Nuts,https://www.tennisnuts.com/shop/tennis/tennis-clothing/boys-tennis-clothing/head-boys-club-tech-t-shirt-white-1454904.html,HEAD,ed03837dc2df
Kids Round Neck T-Shirt - Clear Red,£14.99,£20.00,Tennis Clothing,2026-10-07 16:39:27,Tennis Nuts,https://www.tennisnuts.com/shop/tennis/tennis-clothing/boys-tennis-clothing/yonex-kids-round-neck-t-shirt-clear-red-1628840.html,Yonex,a8a34fcf6762
Kids AP Club T-Shirt - Yellow,£10.49,£14.00,Tennis Clothing,2026-10-07 16:39:27,Tennis Nuts,https://www.tennisnuts.com/shop/tennis/tennis-clothing/boys-tennis-clothing/dunlop-kids-ap-club-t-shirt-yellow-1693957.html,Dunlop,728325465b77
Boys Club Technical Polo - Black,£18.74,£25.00,Tennis Clothing,2026-10-07 16:39:27,Tennis Nuts,https://www.tennisnuts.com/shop/tennis/tennis-clothing/boys-tennis-clothing/head-boys-club-technical-polo-1191364.html,HEAD,d97f98c5bbc5
Boys Club Tech T-Shirt - Black,£18.74,£25.00,Tennis Clothing,2026-10-07 16:39:27,Tennis Nuts,https://www.tennisnuts.com/shop/tennis/tennis-clothing/boys-tennis-clothing/head-boys-club-tech-t-shirt-black-1454909.html,HEAD,ecf9c141c0da
Boys Club Techical Polo - Black,£22.49,£30.00,Tennis Clothing,2026-10-07 16:39:27,Tennis Nuts,https://www.tennisnuts.com/shop/tennis/tennis-clothing/boys-tennis-clothing/head-boys-club-techical-polo-black-1385010.html,HEAD,804939782016
Boys Club Tech T-Shirt - Red,£18.74,£25.00,Tennis Clothing,2026-10-07 16:39:27,Tennis Nuts,https://www.tennisnuts.com/shop/tennis/tennis-clothing/boys-tennis-clothing/head-boys-club-tech-t-shirt-red-1454911.html,HEAD,daf4568908ba
Kids Rainbow T-Shirt - Red,£16.79,£28.00,Tennis Clothing,2026-10-07 16:39:27,Tennis Nuts,https://www.tennisnuts.com/shop/tennis/tennis-clothing/boys-tennis-clothing/head-kids-rainbow-t-shirt-red-1660960.html,HEAD,6ee40ea18fe5
Kids YTJ5 T-Shirt - Red / Black,£17.59,£22.00,Tennis Clothing,2026-10-07 16:39:27,Tennis Nuts,https://www.tennisnuts.com/shop/tennis/tennis-clothing/boys-tennis-clothing/yonex-kids-ytj5-t-shirt-red-black-1680706.html,Yonex,7be9c7e265e5
Boys Club Tech T-Shirt - Dark Blue,£18.74,£25.00,Tennis Clothing,2026-10-07 16:39:27,Tennis Nuts,https://www.tennisnuts.com/shop/tennis/tennis-clothing/boys-tennis-clothing/head-boys-club-tech-t-shirt-dark-blue-1454914.html,HEAD,ad726f3688cd
Kids Club Colin Tee - Royal Blue,£14.99,£27.00,Tennis Clothing,2026-10-07 16:39:27,Tennis Nuts,https://www.tennisnuts.com/shop/tennis/tennis-clothing/boys-tennis-clothing/head-kids-club-colin-tee-royal-blue-1543206.html,HEAD,dd5ed791bab1
Boys Play Shorts - White/Orange,£19.99,£26.00,Tennis Clothing,2026-10-07 16:39:27,Tennis Nuts,https://www.tennisnuts.com/shop/tennis/tennis-clothing/boys-tennis-clothing/babolat-boys-play-shorts-white-orange-1755647.html,Babolat,294a1439e005
Boys Club Tech Polo Shirt - White,£19.99,£30.00,Tennis Clothing,2026-10-07 16:39:27,Tennis Nuts,https://www.tennisnuts.com/shop/tennis/tennis-clothing/boys-tennis-clothing/head-boys-club-tech-polo-shirt-white-1454893.html,HEAD,bee1cf76008e
Boys T19 Jersey Tennis Tee - Navy,£18.69,£22.00,Tennis Clothing,2026-10-07 16:39:27,Tennis Nuts,https://www.tennisnuts.com/shop/tennis/tennis-clothing/boys-tennis-clothing/adidas-boys-t19-jersey-tennis-tee-navy-1616046.html,Adidas,c68dffee1afe
Kids ENT22 Hoodie - Black,£17.99,£30.00,Tennis Clothing,2026-10-07 16:39:27,Tennis Nuts,https://www.tennisnuts.com/shop/tennis/tennis-clothing/boys-tennis-clothing/adidas-kids-ent22-hoodie-black-1651995.html,Adidas,ed8ede27fda3
Kids YTJ5 T-Shirt - Royal/Navy,£14.99,£22.00,Tennis Clothing,2026-10-07 16:39:27,Tennis Nuts,https://www.tennisnuts.com/shop/tennis/tennis-clothing/boys-tennis-clothing/yonex-kids-ytj5-t-shirt-royal-navy-1680708.html,Yonex,2a303d2deb78
Boys Play Crew Neck Tee - Illusion Blue,£14.99,£25.00,Tennis Clothing,2026-10-07 16:39:27,Tennis Nuts,https://www.tennisnuts.com/shop/tennis/tennis-clothing/boys-tennis-clothing/babolat-boys-play-crew-neck-tee-illusion-blue-1755648.html,Babolat,8ede77ad25ea
Boys Sport Tennis Polo - Navy Blue,£22.49,£55.00,Tennis Clothing,2026-10-07 16:39:27,Tennis Nuts,https://www.tennisnuts.com/shop/tennis/tennis-clothing/boys-tennis-clothing/lacoste-boys-sport-tennis-polo-navy-blue-1517194.html,Lacoste,959cd467d413
Boys Colino Jog Pant - Grey Marl,£13.99,£28.00,Tennis Clothing,2026-10-07 16:39:27,Tennis Nuts,https://www.tennisnuts.com/shop/tennis/tennis-clothing/boys-tennis-clothing/ellesse-boys-colino-jog-pant-grey-marl-1524392.html,Ellesse,632a054182e3
Kids Club Byron Hoodie - Black,£19.99,£44.00,Tennis Clothing,2026-10-07 16:39:27,Tennis Nuts,https://www.tennisnuts.com/shop/tennis/tennis-clothing/boys-tennis-clothing/head-kids-club-byron-hoodie-black-1543223.html,HEAD,ef969447dc93
Kids YP1003JEX Polo Shirt - Royal Blue,£13.64,£21.00,Tennis Clothing,2026-10-07 16:39:27,Tennis Nuts,https://www.tennisnuts.com/shop/tennis/tennis-clothing/boys-tennis-clothing/yonex-kids-yp1003jex-polo-shirt-royal-blue-1546717.html,Yonex,83e058a8e229
Boys Pro Tennis Shorts - Semi Flash Aqua,£14.99,£33.00,Tennis Clothing,2026-10-07 16:39:27,Tennis Nuts,https://www.tennisnuts.com/shop/tennis/tennis-clothing/boys-tennis-clothing/adidas-boys-pro-tennis-shorts-semi-flash-aqua-1644088.html,Adidas,adf21947dc5b
Kids YTJ5 T-Shirt - Shadow/Black,£13.49,£22.00,Tennis Clothing,2026-10-07 16:39:27,Tennis Nuts,https://www.tennisnuts.com/shop/tennis/tennis-clothing/boys-tennis-clothing/yonex-kids-ytj5-t-shirt-shadow-black-1680709.html,Yonex,66838d672593
Boys Topspin T-Shirt - Turquiose/Print Vision,£24.99,£40.00,Tennis Clothing,2026-10-07 16:39:27,Tennis Nuts,https://www.tennisnuts.com/shop/tennis/tennis-clothing/boys-tennis-clothing/head-boys-topspin-t-shirt-turquiose-print-vision-1764931.html,HEAD,9d3fc8d3fa43
Boys Club Tech Polo Shirt - Royal Blue,£19.99,£30.00,Tennis Clothing,2026-10-07 16:39:27,Tennis Nuts,https://www.tennisnuts.com/shop/tennis/tennis-clothing/boys-tennis-clothing/head-boys-club-tech-polo-shirt-royal-blue-1454901.html,HEAD,3d4266d56457
Kids Club Ivan T-Shirt - Dark Blue/Yellow,£11.99,£16.00,Tennis Clothing,2026-10-07 16:39:27,Tennis Nuts,https://www.tennisnuts.com/shop/tennis/tennis-clothing/boys-tennis-clothing/head-kids-club-ivan-t-shirt-dark-blue-yellow-1455015.html,HEAD,8e51e41a8dca
Boys Chevron Junior Polo - Navy/White,£19.99,£52.00,Tennis Clothing,2026-10-07 16:39:27,Tennis Nuts,https://www.tennisnuts.com/shop/tennis/tennis-clothing/boys-tennis-clothing/sergio-tacchini-boys-chevron-junior-polo-navy-white-1483162.html,Sergio Tacchini,23490f83b5e8
Boys Freelift Primeblue Polo - Purple,£17.99,£30.00,Tennis Clothing,2026-10-07 16:39:27,Tennis Nuts,https://www.tennisnuts.com/shop/tennis/tennis-clothing/boys-tennis-clothing/adidas-boys-freelift-primeblue-polo-purple-1517846.html,Adidas,865db7d5b677
Kids Club Byron Hoodie - Royal Blue,£21.99,£44.00,Tennis Clothing,2026-10-07 16:39:27,Tennis Nuts,https://www.tennisnuts.com/shop/tennis/tennis-clothing/boys-tennis-clothing/head-kids-club-byron-hoodie-royal-blue-1543226.html,HEAD,a7b280cbd545
Kids YTJ3 T-Shirt - Black,£12.49,£19.00,Tennis Clothing,2026-10-07 16:39:27,Tennis Nuts,https://www.tennisnuts.com/shop/tennis/tennis-clothing/boys-tennis-clothing/yonex-kids-ytj3-t-shirt-black-1557204.html,Yonex,3b9db4e11869
Kids Baby Dragon CNY2024 T-Shirt - White,£9.99,£25.00,Tennis Clothing,2026-10-07 16:39:27,Tennis Nuts,https://www.tennisnuts.com/shop/tennis/tennis-clothing/boys-tennis-clothing/yonex-kids-baby-dragon-cny2024-t-shirt-white-1653660.html,Yonex,bef91cc685fe
Boys Ultra Dry Piqué T-shirt- Black/Green,£22.49,£40.00,Tennis Clothing,2026-10-07 16:39:27,Tennis Nuts,https://www.tennisnuts.com/shop/tennis/tennis-clothing/boys-tennis-clothing/lacoste-boys-ultra-dry-pique-t-shirt-black-green-1693222.html,Lacoste,9c676fe0088a
Boys Topspin T-Shirt - Turquiose/Print Vision,£24.99,£40.00,Tennis Clothing,2026-10-07 16:39:27,Tennis Nuts,https://www.tennisnuts.com/shop/tennis/tennis-clothing/boys-tennis-clothing/head-boys-topspin-t-shirt-turquiose-print-vision-1764935.html,HEAD,527df378373e
Boys Jero Hoodie - Navy,£19.99,£40.00,Tennis Clothing,2026-10-07 16:39:27,Tennis Nuts,https://www.tennisnuts.com/shop/tennis/tennis-clothing/boys-tennis-clothing/ellesse-boys-jero-hoodie-navy-1524405.html,Ellesse,9e1eb7b580d4
Kids Round Neck T-Shirt - Navy Blue,£14.99,£20.00,Tennis Clothing,2026-10-07 16:39:27,Tennis Nuts,https://www.tennisnuts.com/shop/tennis/tennis-clothing/boys-tennis-clothing/yonex-kids-round-neck-t-shirt-navy-blue-1628839.html,Yonex,a6bc46a6e87b
Boys Exercise Hoodie - Sodalite Blue,£19.99,£40.00,Tennis Clothing,2026-10-07 16:39:27,Tennis Nuts,https://www.tennisnuts.com/shop/tennis/tennis-clothing/boys-tennis-clothing/babolat-boys-exercise-hoodie-sodalite-blue-1661563.html,Babolat,2d6d4d8a46f4
Club Boys Crew Tee - Navy,£18.79,£25.00,Tennis Clothing,2026-10-07 16:39:27,Tennis Nuts,https://www.tennisnuts.com/shop/tennis/tennis-clothing/boys-tennis-clothing/dunlop-club-boys-crew-tee-navy-1693954.html,Dunlop,71fc7f286037
Kids Play Pants - Black,£19.99,£38.00,Tennis Clothing,2026-10-07 16:39:27,Tennis Nuts,https://www.tennisnuts.com/shop/tennis/tennis-clothing/boys-tennis-clothing/babolat-kids-play-pants-black-1697022.html,Babolat,d80cc5557e80
Boys Freelift Tennis T-Shirt - Scarlet,£17.99,£35.00,Tennis Clothing,2026-10-07 16:39:27,Tennis Nuts,https://www.tennisnuts.com/shop/tennis/tennis-clothing/boys-tennis-clothing/adidas-boys-freelift-tennis-t-shirt-scarlet-1531588.html,Adidas,801d2c3d8430
Boys Club Tech Tee - Red,£19.99,£30.00,Tennis Clothing,2026-10-07 16:39:27,Tennis Nuts,https://www.tennisnuts.com/shop/tennis/tennis-clothing/boys-tennis-clothing/head-boys-club-tech-tee-red-1543152.html,HEAD,af35a86e7644
Boys Squadra III Tee - Blue,£13.19,£22.00,Tennis Clothing,2026-10-07 16:39:27,Tennis Nuts,https://www.tennisnuts.com/shop/tennis/tennis-clothing/boys-tennis-clothing/lotto-boys-squadra-iii-tee-blue-1661750.html,Lotto,cb0f394ed9a6
Kids Play Junior Pants - Black,£19.99,£38.00,Tennis Clothing,2026-10-07 16:39:27,Tennis Nuts,https://www.tennisnuts.com/shop/tennis/tennis-clothing/boys-tennis-clothing/babolat-kids-play-junior-pants-black-1697025.html,Babolat,b89a54fd16cd
Boys Malia Tee - Light Blue,£8.99,£18.00,Tennis Clothing,2026-10-07 16:39:27,Tennis Nuts,https://www.tennisnuts.com/shop/tennis/tennis-clothing/boys-tennis-clothing/ellesse-boys-malia-tee-light-blue-1524387.html,Ellesse,f19c2172fe2d
Boys Club Tech Tee - White,£19.99,£30.00,Tennis Clothing,2026-10-07 16:39:27,Tennis Nuts,https://www.tennisnuts.com/shop/tennis/tennis-clothing/boys-tennis-clothing/head-boys-club-tech-tee-white-1543156.html,HEAD,df67eaa8c5be
Boys Core Team Tennis Tee - Blue,£14.99,£25.00,Tennis Clothing,2026-10-07 16:39:27,Tennis Nuts,https://www.tennisnuts.com/shop/tennis/tennis-clothing/boys-tennis-clothing/k-swiss-boys-core-team-tennis-tee-blue-1632140.html,K-Swiss,352b97f2b1b6
Club Boys Crew Tee - White,£18.79,£25.00,Tennis Clothing,2026-10-07 16:39:27,Tennis Nuts,https://www.tennisnuts.com/shop/tennis/tennis-clothing/boys-tennis-clothing/dunlop-club-boys-crew-tee-white-1693958.html,Dunlop,45c1f36b7884
Boys Tracksuit - Black/Pink,£19.99,£40.00,Tennis Clothing,2026-10-07 16:39:27,Tennis Nuts,https://www.tennisnuts.com/shop/tennis/tennis-clothing/boys-tennis-clothing/nike-boys-tracksuit-black-pink-1508901.html,Nike,c68b66bb7b34
Kids Logo T-Shirt - Peacoat,£12.99,£20.00,Tennis Clothing,2026-10-07 16:39:27,Tennis Nuts,https://www.tennisnuts.com/shop/tennis/tennis-clothing/boys-tennis-clothing/fila-kids-logo-t-shirt-peacoat-1538024.html,Fila,1352916cd009
Kids Club Colin Tee - Red,£17.99,£27.00,Tennis Clothing,2026-10-07 16:39:27,Tennis Nuts,https://www.tennisnuts.com/shop/tennis/tennis-clothing/boys-tennis-clothing/head-kids-club-colin-tee-red-1543204.html,HEAD,ea5d78e5a80a
Boys Crew Neck Crocodile Lettering T-Shirt - Navy Blue,£17.99,£30.00,Tennis Clothing,2026-10-07 16:39:27,Tennis Nuts,https://www.tennisnuts.com/shop/tennis/tennis-clothing/boys-tennis-clothing/lacoste-boys-crew-neck-crocodile-lettering-t-shirt-navy-blue-1546511.html,Lacoste,619f1bcc91f7
Boys Core Team Tennis Tee - Navy,£14.99,£25.00,Tennis Clothing,2026-10-07 16:39:27,Tennis Nuts,https://www.tennisnuts.com/shop/tennis/tennis-clothing/boys-tennis-clothing/k-swiss-boys-core-team-tennis-tee-navy-1632141.html,K-Swiss,2779c8acdd42
Kids YTP323JEX Track Pants - Navy,£20.79,£26.00,Tennis Clothing,2026-10-07 16:39:27,Tennis Nuts,https://www.tennisnuts.com/shop/tennis/tennis-clothing/boys-tennis-clothing/yonex-kids-ytp323jex-track-pants-navy-1646243.html,Yonex,1b2d814c5ec2
Kids Mandola Tee - White,£8.99,£18.00,Tennis Clothing,2026-10-07 16:39:27,Tennis Nuts,https://www.tennisnuts.com/shop/tennis/tennis-clothing/boys-tennis-clothing/ellesse-kids-mandola-tee-white-1524662.html,Ellesse,f1280bf3aeea
Kids YP1003JEX Polo Shirt - Red,£13.64,£21.00,Tennis Clothing,2026-10-07 16:39:27,Tennis Nuts,https://www.tennisnuts.com/shop/tennis/tennis-clothing/boys-tennis-clothing/yonex-kids-yp1003jex-polo-shirt-red-1546711.html,Yonex,cc5fdee04c08
Kids YTJ5 T-Shirt - Turquoise/Black,£9.99,£22.00,Tennis Clothing,2026-10-07 16:39:27,Tennis Nuts,https://www.tennisnuts.com/shop/tennis/tennis-clothing/boys-tennis-clothing/yonex-kids-ytj5-t-shirt-turquoise-black-1680707.html,Yonex,3d28e7b33a8e
Boys Club T-Shirt - Signal Blue,£15.29,£18.00,Tennis Clothing,2026-10-07 16:39:27,Tennis Nuts,https://www.tennisnuts.com/shop/tennis/tennis-clothing/boys-tennis-clothing/adidas-boys-club-t-shirt-signal-blue-1760699.html,Adidas,5f79ee61cb2c
Boys Play Shorts - Cherry Tomato,£19.99,£28.00,Tennis Clothing,2026-10-07 16:39:27,Tennis Nuts,https://www.tennisnuts.com/shop/tennis/tennis-clothing/boys-tennis-clothing/babolat-boys-play-shorts-cherry-tomato-1755649.html,Babolat,d0cfbbe24f61
Boys Pro Tee - Black,£22.49,£35.00,Tennis Clothing,2026-10-07 16:39:27,Tennis Nuts,https://www.tennisnuts.com/shop/tennis/tennis-clothing/boys-tennis-clothing/adidas-boys-pro-tee-black-1699672.html,Adidas,a276dfe4d5d5
Girls Club Basic Skort - White,£19.99,£32.00,Tennis Clothing,2026-10-07 16:39:27,Tennis Nuts,https://www.tennisnuts.com/shop/tennis/tennis-clothing/girls-tennis-clothing/head-girls-club-basic-skort-white-1454936.html,HEAD,c0631706357a
Girls Tennis Victory Skirt - White,£19.99,£30.00,Tennis Clothing,2026-10-07 16:39:27,Tennis Nuts,https://www.tennisnuts.com/shop/tennis/tennis-clothing/girls-tennis-clothing/nike-girls-tennis-victory-skirt-white-1563879.html,Nike,7c3e8f0c991c
Girls Play Cap Sleeve Tee - White,£13.99,£20.00,Tennis Clothing,2026-10-07 16:39:27,Tennis Nuts,https://www.tennisnuts.com/shop/tennis/tennis-clothing/girls-tennis-clothing/babolat-girls-play-cap-sleeve-tee-white-1661477.html,Babolat,ea4eccec0854
Girls Club Shorts - White,£25.49,£30.00,Tennis Clothing,2026-10-07 16:39:27,Tennis Nuts,https://www.tennisnuts.com/shop/tennis/tennis-clothing/girls-tennis-clothing/adidas-girls-club-shorts-white-1760709.html,Adidas,a14b7ebadb5e
Girls Agility Tank Top - White/Green,£14.99,£36.00,Tennis Clothing,2026-10-07 16:39:27,Tennis Nuts,https://www.tennisnuts.com/shop/tennis/tennis-clothing/girls-tennis-clothing/head-girls-agility-tank-top-white-green-1543036.html,HEAD,790b6e0afed3
Girls Club 25 Tank Top - White,£21.99,£32.00,Tennis Clothing,2026-10-07 16:39:27,Tennis Nuts,https://www.tennisnuts.com/shop/tennis/tennis-clothing/girls-tennis-clothing/head-girls-club-25-tank-top-white-1695325.html,HEAD,a3f84f5eaf67
Girls Club Tank Top - White/Dark Blue,£17.49,£26.00,Tennis Clothing,2026-10-07 16:39:27,Tennis Nuts,https://www.tennisnuts.com/shop/tennis/tennis-clothing/girls-tennis-clothing/head-girls-club-tank-top-white-dark-blue-1454956.html,HEAD,b259b6d22e55
Girls Club Tank - White/Dark Blue,£14.99,£28.00,Tennis Clothing,2026-10-07 16:39:27,Tennis Nuts,https://www.tennisnuts.com/shop/tennis/tennis-clothing/girls-tennis-clothing/head-girls-club-tank-white-dark-blue-1543168.html,HEAD,17090eddd4f2
Kids YTJ3 T-Shirt - White,£9.99,£19.00,Tennis Clothing,2026-10-07 16:39:27,Tennis Nuts,https://www.tennisnuts.com/shop/tennis/tennis-clothing/girls-tennis-clothing/yonex-kids-ytj3-t-shirt-white-1557211.html,Yonex,7e23870f4282
Girls Nicky Crop Tee - White,£7.49,£15.00,Tennis Clothing,2026-10-07 16:39:27,Tennis Nuts,https://www.tennisnuts.com/shop/tennis/tennis-clothing/girls-tennis-clothing/ellesse-girls-nicky-crop-tee-white-1524587.html,Ellesse,ed3eed1284cc
Girls Club Tank - White,£21.24,£25.00,Tennis Clothing,2026-10-07 16:39:27,Tennis Nuts,https://www.tennisnuts.com/shop/tennis/tennis-clothing/girls-tennis-clothing/adidas-girls-club-tank-white-1760704.html,Adidas,c903d3ec7465
Girls Club Tank Top - Black,£14.99,£26.00,Tennis Clothing,2026-10-07 16:39:27,Tennis Nuts,https://www.tennisnuts.com/shop/tennis/tennis-clothing/girls-tennis-clothing/head-girls-club-tank-top-black-1454953.html,HEAD,56446446d51e
Girls Club Tank Top - Dark Blue,£17.49,£26.00,Tennis Clothing,2026-10-07 16:39:27,Tennis Nuts,https://www.tennisnuts.com/shop/tennis/tennis-clothing/girls-tennis-clothing/head-girls-club-tank-top-dark-blue-1454952.html,HEAD,040060841b16
Girls Club Basic Skort - Red,£19.99,£32.00,Tennis Clothing,2026-10-07 16:39:27,Tennis Nuts,https://www.tennisnuts.com/shop/tennis/tennis-clothing/girls-tennis-clothing/head-girls-club-basic-skort-red-1454940.html,HEAD,9b4fbe473874
Girls Club Tank - Distilled Pink,£21.24,£25.00,Tennis Clothing,2026-10-07 16:39:27,Tennis Nuts,https://www.tennisnuts.com/shop/tennis/tennis-clothing/girls-tennis-clothing/adidas-girls-club-tank-distilled-pink-1767517.html,Adidas,7405b9a07301
Kids Club Pants - Navy,£24.99,£40.00,Tennis Clothing,2026-10-07 16:39:27,Tennis Nuts,https://www.tennisnuts.com/shop/tennis/tennis-clothing/girls-tennis-clothing/head-kids-club-pants-navy-1698069.html,HEAD,8579d4ddd76a
Girls Club Basic Skort - Magenta,£19.99,£32.00,Tennis Clothing,2026-10-07 16:39:27,Tennis Nuts,https://www.tennisnuts.com/shop/tennis/tennis-clothing/girls-tennis-clothing/head-girls-club-basic-skort-magenta-1454944.html,HEAD,8b47b1a1a696
Girls Smash Skort - Magenta/Royal Blue,£14.99,£32.00,Tennis Clothing,2026-10-07 16:39:27,Tennis Nuts,https://www.tennisnuts.com/shop/tennis/tennis-clothing/girls-tennis-clothing/head-girls-smash-skort-magenta-royal-blue-1493771.html,HEAD,c5898daca591
Girls Club Basic Skort - Black,£19.99,£32.00,Tennis Clothing,2026-10-07 16:39:27,Tennis Nuts,https://www.tennisnuts.com/shop/tennis/tennis-clothing/girls-tennis-clothing/head-girls-club-basic-skort-black-1454938.html,HEAD,ff39b0751b63
Girls Club Basic Skort - Royal Blue,£19.99,£32.00,Tennis Clothing,2026-10-07 16:39:27,Tennis Nuts,https://www.tennisnuts.com/shop/tennis/tennis-clothing/girls-tennis-clothing/head-girls-club-basic-skort-royal-blue-1454942.html,HEAD,603ea6807cf1
Girls Classics T-Shirt - Dark Blue,£22.49,£25.00,Tennis Clothing,2026-10-07 16:39:27,Tennis Nuts,https://www.tennisnuts.com/shop/tennis/tennis-clothing/girls-tennis-clothing/adidas-girls-classics-t-shirt-dark-blue-1767340.html,Adidas,a2f6465a5d8e
Girls Club 25 Tank Top - Navy/ White,£21.99,£32.00,Tennis Clothing,2026-10-07 16:39:27,Tennis Nuts,https://www.tennisnuts.com/shop/tennis/tennis-clothing/girls-tennis-clothing/head-girls-club-25-tank-top-navy-white-1698076.html,HEAD,f6b1c2846882
Girls Spring Club Tank - Pink,£25.49,£30.00,Tennis Clothing,2026-10-07 16:39:27,Tennis Nuts,https://www.tennisnuts.com/shop/tennis/tennis-clothing/girls-tennis-clothing/adidas-girls-spring-club-tank-pink-1758037.html,Adidas,234655ce2d1f
Girls Club Tech Polo Shirt - Black,£17.49,£30.00,Tennis Clothing,2026-10-07 16:39:27,Tennis Nuts,https://www.tennisnuts.com/shop/tennis/tennis-clothing/girls-tennis-clothing/head-girls-club-tech-polo-shirt-black-1454935.html,HEAD,1b449226c894
Girls Club Basic Skort - Anthracite,£19.99,£32.00,Tennis Clothing,2026-10-07 16:39:27,Tennis Nuts,https://www.tennisnuts.com/shop/tennis/tennis-clothing/girls-tennis-clothing/head-girls-club-basic-skort-anthracite-1543184.html,HEAD,5c1b317432e4
Girls Classics Polo - Distilled Pink,£31.49,£35.00,Tennis Clothing,2026-10-07 16:39:27,Tennis Nuts,https://www.tennisnuts.com/shop/tennis/tennis-clothing/girls-tennis-clothing/adidas-girls-classics-polo-distilled-pink-1767268.html,Adidas,8b6ae6398f58
Girls Club Tank - Dark Blue,£14.00,£28.00,Tennis Clothing,2026-10-07 16:39:27,Tennis Nuts,https://www.tennisnuts.com/shop/tennis/tennis-clothing/girls-tennis-clothing/head-girls-club-tank-dark-blue-1543162.html,HEAD,42ddcea551d6
Girls Play Skirt - Red,£19.99,£28.00,Tennis Clothing,2026-10-07 16:39:27,Tennis Nuts,https://www.tennisnuts.com/shop/tennis/tennis-clothing/girls-tennis-clothing/babolat-girls-play-skirt-red-1755660.html,Babolat,9bf4877078a9
Girls Club Tech Polo Shirt - Dark Blue,£17.49,£30.00,Tennis Clothing,2026-10-07 16:39:27,Tennis Nuts,https://www.tennisnuts.com/shop/tennis/tennis-clothing/girls-tennis-clothing/head-girls-club-tech-polo-shirt-dark-blue-1454933.html,HEAD,b54dc61de2f6
Girls Play Cap Sleeve Tee - Sodalite Blue,£13.99,£20.00,Tennis Clothing,2026-10-07 16:39:27,Tennis Nuts,https://www.tennisnuts.com/shop/tennis/tennis-clothing/girls-tennis-clothing/babolat-girls-play-cap-sleeve-tee-sodalite-blue-1661480.html,Babolat,1433c863c10a
Kids Club Original Hoodie -Navy,£24.99,£45.00,Tennis Clothing,2026-10-07 16:39:27,Tennis Nuts,https://www.tennisnuts.com/shop/tennis/tennis-clothing/girls-tennis-clothing/head-kids-club-original-hoodie-navy-1695326.html,HEAD,6a221b415e0a
Girls Play Cap Sleeve Tee - Illusion blue,£19.99,£25.00,Tennis Clothing,2026-10-07 16:39:27,Tennis Nuts,https://www.tennisnuts.com/shop/tennis/tennis-clothing/girls-tennis-clothing/babolat-girls-play-cap-sleeve-tee-illusion-blue-1755656.html,Babolat,1d738dfc2b6c
Girls Club Shorts - Black,£19.99,£30.00,Tennis Clothing,2026-10-07 16:39:27,Tennis Nuts,https://www.tennisnuts.com/shop/tennis/tennis-clothing/girls-tennis-clothing/adidas-girls-club-shorts-black-1760710.html,Adidas,b5ff8f42d1b5
Girls Agility Tank Top - Dark Blue,£19.99,£36.00,Tennis Clothing,2026-10-07 16:39:27,Tennis Nuts,https://www.tennisnuts.com/shop/tennis/tennis-clothing/girls-tennis-clothing/head-girls-agility-tank-top-dark-blue-1543035.html,HEAD,1af38657997e
Girls Club T-Shirt - Distilled Pink,£21.24,£25.00,Tennis Clothing,2026-10-07 16:39:27,Tennis Nuts,https://www.tennisnuts.com/shop/tennis/tennis-clothing/girls-tennis-clothing/adidas-girls-club-t-shirt-distilled-pink-1767339.html,Adidas,eae738a01a14
Girls Club Basic Skort - Navy,£19.99,£32.00,Tennis Clothing,2026-10-07 16:39:27,Tennis Nuts,https://www.tennisnuts.com/shop/tennis/tennis-clothing/girls-tennis-clothing/head-girls-club-basic-skort-navy-1454946.html,HEAD,24eb5d3c8446
Girls Club Tank Top - Magenta,£17.49,£26.00,Tennis Clothing,2026-10-07 16:39:27,Tennis Nuts,https://www.tennisnuts.com/shop/tennis/tennis-clothing/girls-tennis-clothing/head-girls-club-tank-top-magenta-1454958.html,HEAD,6156d90cb8a4
Kids YTJ13 T-Shirt - Red,£23.39,£26.00,Tennis Clothing,2026-10-07 16:39:27,Tennis Nuts,https://www.tennisnuts.com/shop/tennis/tennis-clothing/girls-tennis-clothing/yonex-kids-ytj13-t-shirt-red-1770892.html,Yonex,11c467a9c96e
Kids Club Pants - Black,£24.99,£40.00,Tennis Clothing,2026-10-07 16:39:27,Tennis Nuts,https://www.tennisnuts.com/shop/tennis/tennis-clothing/girls-tennis-clothing/head-kids-club-pants-black-1454968.html,HEAD,e92954037f6a
Kids YTJ13 T-Shirt - Storm,£23.39,£26.00,Tennis Clothing,2026-10-07 16:39:27,Tennis Nuts,https://www.tennisnuts.com/shop/tennis/tennis-clothing/girls-tennis-clothing/yonex-kids-ytj13-t-shirt-storm-1770893.html,Yonex,fa3323b7a0d1
Kids Tracksuit Pant - Black,£19.99,£37.00,Tennis Clothing,2026-10-07 16:39:27,Tennis Nuts,https://www.tennisnuts.com/shop/tennis/tennis-clothing/girls-tennis-clothing/yonex-kids-tracksuit-pant-black-1559265.html,Yonex,3463e109f5c5
Girls Vision Graphic T-Shirt - Magenta,£14.99,£30.00,Tennis Clothing,2026-10-07 16:39:27,Tennis Nuts,https://www.tennisnuts.com/shop/tennis/tennis-clothing/girls-tennis-clothing/head-girls-vision-graphic-t-shirt-magenta-1411597.html,HEAD,eedf368fe8e7
Girls Club Tank - Magenta,£14.99,£28.00,Tennis Clothing,2026-10-07 16:39:27,Tennis Nuts,https://www.tennisnuts.com/shop/tennis/tennis-clothing/girls-tennis-clothing/head-girls-club-tank-magenta-1543163.html,HEAD,6951209cf706
Girls Club Tech Polo - Dark Blue,£17.49,£30.00,Tennis Clothing,2026-10-07 16:39:27,Tennis Nuts,https://www.tennisnuts.com/shop/tennis/tennis-clothing/girls-tennis-clothing/head-girls-club-tech-polo-dark-blue-1519862.html,HEAD,9ab789ff6526
Girls Tennis Victory Skirt - Black,£17.49,£30.00,Tennis Clothing,2026-10-07 16:39:27,Tennis Nuts,https://www.tennisnuts.com/shop/tennis/tennis-clothing/girls-tennis-clothing/nike-girls-tennis-victory-skirt-black-1622071.html,Nike,76b6d2f533a2
Kids Club Pants - Royal Blue,£24.99,£38.00,Tennis Clothing,2026-10-07 16:39:27,Tennis Nuts,https://www.tennisnuts.com/shop/tennis/tennis-clothing/girls-tennis-clothing/head-kids-club-pants-royal-blue-1454963.html,HEAD,e973716dfbfb
Girls Play Skirt 2025 - Black,£18.89,£27.00,Tennis Clothing,2026-10-07 16:39:27,Tennis Nuts,https://www.tennisnuts.com/shop/tennis/tennis-clothing/girls-tennis-clothing/babolat-girls-play-skirt-2025-black-1661508.html,Babolat,702769ad68c4
Kids AP Club T-Shirt - Red,£10.49,£14.00,Tennis Clothing,2026-10-07 16:39:27,Tennis Nuts,https://www.tennisnuts.com/shop/tennis/tennis-clothing/girls-tennis-clothing/dunlop-kids-ap-club-t-shirt-red-1693961.html,Dunlop,6d0b6e88d7ec
Kids Heritage Peter Pant - Peacoat,£19.99,£35.00,Tennis Clothing,2026-10-07 16:39:27,Tennis Nuts,https://www.tennisnuts.com/shop/tennis/tennis-clothing/girls-tennis-clothing/fila-kids-heritage-peter-pant-peacoat-1538021.html,Fila,ea0c096bf1de
Girls Club Tank - Black,£14.99,£28.00,Tennis Clothing,2026-10-07 16:39:27,Tennis Nuts,https://www.tennisnuts.com/shop/tennis/tennis-clothing/girls-tennis-clothing/head-girls-club-tank-black-1543160.html,HEAD,09b9fad86f11
Kids Rainbow T-Shirt - Navy,£16.79,£28.00,Tennis Clothing,2026-10-07 16:39:27,Tennis Nuts,https://www.tennisnuts.com/shop/tennis/tennis-clothing/girls-tennis-clothing/head-kids-rainbow-t-shirt-navy-1660959.html,HEAD,b604028d2f62
Girls AP Club Crew Tee - Navy,£18.79,£25.00,Tennis Clothing,2026-10-07 16:39:27,Tennis Nuts,https://www.tennisnuts.com/shop/tennis/tennis-clothing/girls-tennis-clothing/dunlop-girls-ap-club-crew-tee-navy-1693976.html,Dunlop,1eb88a27bb4f
Girls Club Tank - Royal Blue,£14.99,£28.00,Tennis Clothing,2026-10-07 16:39:27,Tennis Nuts,https://www.tennisnuts.com/shop/tennis/tennis-clothing/girls-tennis-clothing/head-girls-club-tank-royal-blue-1543164.html,HEAD,9ff48391f4b3
Kids YTJ1 T-Shirt - Black,£9.99,£15.00,Tennis Clothing,2026-10-07 16:39:27,Tennis Nuts,https://www.tennisnuts.com/shop/tennis/tennis-clothing/girls-tennis-clothing/yonex-kids-ytj1-t-shirt-black-1471521.html,Yonex,6c032f31b2d5
Girls Club Basic Skort - Dark Blue,£19.99,£32.00,Tennis Clothing,2026-10-07 16:39:27,Tennis Nuts,https://www.tennisnuts.com/shop/tennis/tennis-clothing/girls-tennis-clothing/head-girls-club-basic-skort-dark-blue-1696090.html,HEAD,04ca328debc1
Kids AP Club T-Shirt - Royal Blue,£10.49,£14.00,Tennis Clothing,2026-10-07 16:39:27,Tennis Nuts,https://www.tennisnuts.com/shop/tennis/tennis-clothing/girls-tennis-clothing/dunlop-kids-ap-club-t-shirt-royal-blue-1693959.html,Dunlop,173217f7d7de
Girls Tech T-Shirt - Sky Blue,£12.49,£25.00,Tennis Clothing,2026-10-07 16:39:27,Tennis Nuts,https://www.tennisnuts.com/shop/tennis/tennis-clothing/girls-tennis-clothing/head-girls-tech-t-shirt-sky-blue-1411578.html,HEAD,8b4a08da17f1
Girls Play Cap Sleeve Top - Estate Blue,£11.99,£20.00,Tennis Clothing,2026-10-07 16:39:27,Tennis Nuts,https://www.tennisnuts.com/shop/tennis/tennis-clothing/girls-tennis-clothing/babolat-girls-play-cap-sleeve-top-estate-blue-1480579.html,Babolat,68df93c6c825
Kids Club Colin Tee - Black,£17.99,£27.00,Tennis Clothing,2026-10-07 16:39:27,Tennis Nuts,https://www.tennisnuts.com/shop/tennis/tennis-clothing/girls-tennis-clothing/head-kids-club-colin-tee-black-1543202.html,HEAD,663ffe11de23
Girls Tech T-Shirt - White,£12.49,£25.00,Tennis Clothing,2026-10-07 16:39:27,Tennis Nuts,https://www.tennisnuts.com/shop/tennis/tennis-clothing/girls-tennis-clothing/head-girls-tech-t-shirt-white-1411580.html,HEAD,e2f9a6d6f369
Kids Club Ivan T-Shirt - Black/Red,£9.99,£16.00,Tennis Clothing,2026-10-07 16:39:27,Tennis Nuts,https://www.tennisnuts.com/shop/tennis/tennis-clothing/girls-tennis-clothing/head-kids-club-ivan-t-shirt-black-red-1454975.html,HEAD,f37c96bd9e84
Girls Pullover Hoodie - Pink,£19.79,£33.00,Tennis Clothing,2026-10-07 16:39:27,Tennis Nuts,https://www.tennisnuts.com/shop/tennis/tennis-clothing/girls-tennis-clothing/nike-girls-pullover-hoodie-pink-1508960.html,Nike,f73349c2aefa
Kids Club Colin Tee - Dark Blue,£17.99,£27.00,Tennis Clothing,2026-10-07 16:39:27,Tennis Nuts,https://www.tennisnuts.com/shop/tennis/tennis-clothing/girls-tennis-clothing/head-kids-club-colin-tee-dark-blue-1543203.html,HEAD,d6f2b00d9593
Girls Club Tank - Better Scarlett,£17.49,£25.00,Tennis Clothing,2026-10-07 16:39:27,Tennis Nuts,https://www.tennisnuts.com/shop/tennis/tennis-clothing/girls-tennis-clothing/adidas-girls-club-tank-better-scarlett-1655641.html,Adidas,6d1af2f4b35f
Girls Play Skirt - Sodalite Blue,£18.89,£27.00,Tennis Clothing,2026-10-07 16:39:27,Tennis Nuts,https://www.tennisnuts.com/shop/tennis/tennis-clothing/girls-tennis-clothing/babolat-girls-play-skirt-sodalite-blue-1661509.html,Babolat,246174023f8d
Girls AP Club Crew Tee - White,£18.79,£25.00,Tennis Clothing,2026-10-07 16:39:27,Tennis Nuts,https://www.tennisnuts.com/shop/tennis/tennis-clothing/girls-tennis-clothing/dunlop-girls-ap-club-crew-tee-white-1693972.html,Dunlop,1812a891f7d1
Girls Sportwear Pants - Black,£14.99,£25.00,Tennis Clothing,2026-10-07 16:39:27,Tennis Nuts,https://www.tennisnuts.com/shop/tennis/tennis-clothing/girls-tennis-clothing/nike-girls-sportwear-pants-black-1509143.html,Nike,72e2f2e1bf7d
Kids Club Original Hoodie - Grey,£24.99,£45.00,Tennis Clothing,2026-10-07 16:39:27,Tennis Nuts,https://www.tennisnuts.com/shop/tennis/tennis-clothing/girls-tennis-clothing/head-kids-club-original-hoodie-grey-1695329.html,HEAD,7383cf4312c3
Kids Rainbow T-Shirt - White,£16.79,£28.00,Tennis Clothing,2026-10-07 16:39:27,Tennis Nuts,https://www.tennisnuts.com/shop/tennis/tennis-clothing/girls-tennis-clothing/head-kids-rainbow-t-shirt-white-1660961.html,HEAD,1a580ac4beba
Girls Club Technical Polo - Red,£19.99,£30.00,Tennis Clothing,2026-10-07 16:39:27,Tennis Nuts,https://www.tennisnuts.com/shop/tennis/tennis-clothing/girls-tennis-clothing/head-girls-club-technical-polo-red-1385386.html,HEAD,a815bd70a51e
Kids Club Ivan T-Shirt - Royal Blue/Red,£11.99,£16.00,Tennis Clothing,2026-10-07 16:39:27,Tennis Nuts,https://www.tennisnuts.com/shop/tennis/tennis-clothing/girls-tennis-clothing/head-kids-club-ivan-t-shirt-royal-blue-red-1493778.html,HEAD,ddfed4a63188
Girls Core Team Tennis Skirt - White,£14.99,£30.00,Tennis Clothing,2026-10-07 16:39:27,Tennis Nuts,https://www.tennisnuts.com/shop/tennis/tennis-clothing/girls-tennis-clothing/k-swiss-girls-core-team-tennis-skirt-white-1633392.html,K-Swiss,309161432625
Girls Tank - Pink,£22.49,£40.00,Tennis Clothing,2026-10-07 16:39:27,Tennis Nuts,https://www.tennisnuts.com/shop/tennis/tennis-clothing/girls-tennis-clothing/adidas-girls-tank-pink-1667767.html,Adidas,e31a3d2d9746
Girls Club Tank Top - White,£14.99,£26.00,Tennis Clothing,2026-10-07 16:39:27,Tennis Nuts,https://www.tennisnuts.com/shop/tennis/tennis-clothing/girls-tennis-clothing/head-girls-club-tank-top-white-1454950.html,HEAD,d93052f270f7
Girls Club Ann Shorts - Black,£14.99,£30.00,Tennis Clothing,2026-10-07 16:39:27,Tennis Nuts,https://www.tennisnuts.com/shop/tennis/tennis-clothing/girls-tennis-clothing/head-girls-club-ann-shorts-black-1454960.html,HEAD,053429cbe0bf
Girls Core Team Tennis Skirt - Navy,£14.99,£30.00,Tennis Clothing,2026-10-07 16:39:27,Tennis Nuts,https://www.tennisnuts.com/shop/tennis/tennis-clothing/girls-tennis-clothing/k-swiss-girls-core-team-tennis-skirt-navy-1633393.html,K-Swiss,6d6df766b3e6
Kids YTJ5 T-Shirt - Red / Black,£17.59,£22.00,Tennis Clothing,2026-10-07 16:39:27,Tennis Nuts,https://www.tennisnuts.com/shop/tennis/tennis-clothing/girls-tennis-clothing/yonex-kids-ytj5-t-shirt-red-black-1680706.html,Yonex,854afc17feb9
Kids Club Byron Pants - Black,£22.49,£44.00,Tennis Clothing,2026-10-07 16:39:27,Tennis Nuts,https://www.tennisnuts.com/shop/tennis/tennis-clothing/girls-tennis-clothing/head-kids-club-byron-pants-black-1543228.html,HEAD,4a80748bb33e
Kids Baby Dragon CNY2024 T-Shirt - Red,£9.99,£25.00,Tennis Clothing,2026-10-07 16:39:27,Tennis Nuts,https://www.tennisnuts.com/shop/tennis/tennis-clothing/girls-tennis-clothing/yonex-kids-baby-dragon-cny2024-t-shirt-red-1653659.html,Yonex,00cecb526095
Girls Play Cap Sleeve Tee - Fiesta Red,£13.99,£20.00,Tennis Clothing,2026-10-07 16:39:27,Tennis Nuts,https://www.tennisnuts.com/shop/tennis/tennis-clothing/girls-tennis-clothing/babolat-girls-play-cap-sleeve-tee-fiesta-red-1661481.html,Babolat,c09c751e770d
Girls Club Tank Top - White/Red,£19.49,£26.00,Tennis Clothing,2026-10-07 16:39:27,Tennis Nuts,https://www.tennisnuts.com/shop/tennis/tennis-clothing/girls-tennis-clothing/head-girls-club-tank-top-white-red-1454954.html,HEAD,262640e72e51
Girls Play Polo - Estate Blue,£14.99,£25.00,Tennis Clothing,2026-10-07 16:39:27,Tennis Nuts,https://www.tennisnuts.com/shop/tennis/tennis-clothing/girls-tennis-clothing/babolat-girls-play-polo-estate-blue-1480588.html,Babolat,b93a73b93fd0
Kids Round Neck T-Shirt - Clear Red,£14.99,£20.00,Tennis Clothing,2026-10-07 16:39:27,Tennis Nuts,https://www.tennisnuts.com/shop/tennis/tennis-clothing/girls-tennis-clothing/yonex-kids-round-neck-t-shirt-clear-red-1628840.html,Yonex,68467a4fd43d
Girls Club Tank Top - White/Royal Blue,£14.99,£26.00,Tennis Clothing,2026-10-07 16:39:27,Tennis Nuts,https://www.tennisnuts.com/shop/tennis/tennis-clothing/girls-tennis-clothing/head-girls-club-tank-top-white-royal-blue-1454955.html,HEAD,a71c9d9eee9c
Girls Club Tank Top - Navy,£18.74,£25.00,Tennis Clothing,2026-10-07 16:39:27,Tennis Nuts,https://www.tennisnuts.com/shop/tennis/tennis-clothing/girls-tennis-clothing/head-girls-club-tank-top-navy-1411730.html,HEAD,4f126ceeeeab
Kids Club Colin Tee - Royal Blue,£14.99,£27.00,Tennis Clothing,2026-10-07 16:39:27,Tennis Nuts,https://www.tennisnuts.com/shop/tennis/tennis-clothing/girls-tennis-clothing/head-kids-club-colin-tee-royal-blue-1543206.html,HEAD,0ef01965b0a8
Girls ENT22 Skort - Black/White,£12.49,£25.00,Tennis Clothing,2026-10-07 16:39:27,Tennis Nuts,https://www.tennisnuts.com/shop/tennis/tennis-clothing/girls-tennis-clothing/adidas-girls-ent22-skort-black-white-1647430.html,Adidas,d815cd17d4f8
Kids Rainbow T-Shirt - Red,£16.79,£28.00,Tennis Clothing,2026-10-07 16:39:27,Tennis Nuts,https://www.tennisnuts.com/shop/tennis/tennis-clothing/girls-tennis-clothing/head-kids-rainbow-t-shirt-red-1660960.html,HEAD,bc21444c01a1
Girls Core Team Tennis Tee - Blue,£14.99,£30.00,Tennis Clothing,2026-10-07 16:39:27,Tennis Nuts,https://www.tennisnuts.com/shop/tennis/tennis-clothing/girls-tennis-clothing/k-swiss-girls-core-team-tennis-tee-blue-1633391.html,K-Swiss,4a602e643c77
Kids AP Club T-Shirt - Yellow,£10.49,£14.00,Tennis Clothing,2026-10-07 16:39:27,Tennis Nuts,https://www.tennisnuts.com/shop/tennis/tennis-clothing/girls-tennis-clothing/dunlop-kids-ap-club-t-shirt-yellow-1693957.html,Dunlop,af415aed8e45
Girls Emma Skort - Royal Blue,£17.99,£30.00,Tennis Clothing,2026-10-07 16:39:27,Tennis Nuts,https://www.tennisnuts.com/shop/tennis/tennis-clothing/girls-tennis-clothing/head-girls-emma-skort-royal-blue-1454926.html,HEAD,bf82ef42a0b6
Girls Spirit Dress - Dark Blue,£19.99,£58.00,Tennis Clothing,2026-10-07 16:39:27,Tennis Nuts,https://www.tennisnuts.com/shop/tennis/tennis-clothing/girls-tennis-clothing/head-girls-spirit-dress-dark-blue-1543037.html,HEAD,b22d84f9d38a
Girls Club Tank - White,£18.99,£28.00,Tennis Clothing,2026-10-07 16:39:27,Tennis Nuts,https://www.tennisnuts.com/shop/tennis/tennis-clothing/girls-tennis-clothing/head-girls-club-tank-white-1543167.html,HEAD,524790bf1d08
Kids Club Byron Hoodie - Black,£19.99,£44.00,Tennis Clothing,2026-10-07 16:39:27,Tennis Nuts,https://www.tennisnuts.com/shop/tennis/tennis-clothing/girls-tennis-clothing/head-kids-club-byron-hoodie-black-1543223.html,HEAD,8d45b2761cc2
Kids YP1003JEX Polo Shirt - Royal Blue,£13.64,£21.00,Tennis Clothing,2026-10-07 16:39:27,Tennis Nuts,https://www.tennisnuts.com/shop/tennis/tennis-clothing/girls-tennis-clothing/yonex-kids-yp1003jex-polo-shirt-royal-blue-1546717.html,Yonex,d85fd2bd4172
Girls Club Pleated Skirt - Pink,£17.99,£30.00,Tennis Clothing,2026-10-07 16:39:27,Tennis Nuts,https://www.tennisnuts.com/shop/tennis/tennis-clothing/girls-tennis-clothing/adidas-girls-club-pleated-skirt-pink-1694069.html,Adidas,355a0d8c618e
Girls Play Tank Top - White/Blue,£14.99,£18.00,Tennis Clothing,2026-10-07 16:39:27,Tennis Nuts,https://www.tennisnuts.com/shop/tennis/tennis-clothing/girls-tennis-clothing/babolat-girls-play-tank-top-white-blue-1756302.html,Babolat,e0435f15f2fa
Girls Jena Tee - White,£8.99,£18.00,Tennis Clothing,2026-10-07 16:39:27,Tennis Nuts,https://www.tennisnuts.com/shop/tennis/tennis-clothing/girls-tennis-clothing/ellesse-girls-jena-tee-white-1524408.html,Ellesse,2e32b44723f8
Girls Fabi Leggings - Grey Marl,£8.99,£18.00,Tennis Clothing,2026-10-07 16:39:27,Tennis Nuts,https://www.tennisnuts.com/shop/tennis/tennis-clothing/girls-tennis-clothing/ellesse-girls-fabi-leggings-grey-marl-1526337.html,Ellesse,279c570cfe7b
Kids Club Byron Hoodie - Royal Blue,£21.99,£44.00,Tennis Clothing,2026-10-07 16:39:27,Tennis Nuts,https://www.tennisnuts.com/shop/tennis/tennis-clothing/girls-tennis-clothing/head-kids-club-byron-hoodie-royal-blue-1543226.html,HEAD,8e11164602e3
Kids YTJ3 T-Shirt - Black,£12.49,£19.00,Tennis Clothing,2026-10-07 16:39:27,Tennis Nuts,https://www.tennisnuts.com/shop/tennis/tennis-clothing/girls-tennis-clothing/yonex-kids-ytj3-t-shirt-black-1557204.html,Yonex,db44350e69fc
Girls Club Racerback Tank - White,£14.99,£25.00,Tennis Clothing,2026-10-07 16:39:27,Tennis Nuts,https://www.tennisnuts.com/shop/tennis/tennis-clothing/girls-tennis-clothing/adidas-girls-club-racerback-tank-white-1627220.html,Adidas,a05e4b2164dc
Kids Play Pants - Black,£19.99,£38.00,Tennis Clothing,2026-10-07 16:39:27,Tennis Nuts,https://www.tennisnuts.com/shop/tennis/tennis-clothing/girls-tennis-clothing/babolat-kids-play-pants-black-1697022.html,Babolat,01cab7c42b66
Girls Tech T-Shirt - Navy,£12.49,£25.00,Tennis Clothing,2026-10-07 16:39:27,Tennis Nuts,https://www.tennisnuts.com/shop/tennis/tennis-clothing/girls-tennis-clothing/head-girls-tech-t-shirt-navy-1411572.html,HEAD,2dbcf59ef211
Girls Tennis Skort - Game Royal/White,£15.99,£32.00,Tennis Clothing,2026-10-07 16:39:27,Tennis Nuts,https://www.tennisnuts.com/shop/tennis/tennis-clothing/girls-tennis-clothing/nike-girls-tennis-skort-game-royal-white-1479405.html,Nike,16e3e06d7fff
Girls Siobhen Sweatshirt - White Marl,£15.99,£32.00,Tennis Clothing,2026-10-07 16:39:27,Tennis Nuts,https://www.tennisnuts.com/shop/tennis/tennis-clothing/girls-tennis-clothing/ellesse-girls-siobhen-sweatshirt-white-marl-1524411.html,Ellesse,7863719f7150
Girls Nicky Crop Tee - Grey Marl,£7.49,£15.00,Tennis Clothing,2026-10-07 16:39:27,Tennis Nuts,https://www.tennisnuts.com/shop/tennis/tennis-clothing/girls-tennis-clothing/ellesse-girls-nicky-crop-tee-grey-marl-1526549.html,Ellesse,563615b2115a
Girls Club Racerback Tank - Collegiate Navy,£14.99,£25.00,Tennis Clothing,2026-10-07 16:39:27,Tennis Nuts,https://www.tennisnuts.com/shop/tennis/tennis-clothing/girls-tennis-clothing/adidas-girls-club-racerback-tank-collegiate-navy-1640504.html,Adidas,650602243ab9
Kids YTJ5 T-Shirt - Turquoise/Black,£9.99,£22.00,Tennis Clothing,2026-10-07 16:39:27,Tennis Nuts,https://www.tennisnuts.com/shop/tennis/tennis-clothing/girls-tennis-clothing/yonex-kids-ytj5-t-shirt-turquoise-black-1680707.html,Yonex,2e136aaf458a
Kids Play Junior Pants - Black,£19.99,£38.00,Tennis Clothing,2026-10-07 16:39:27,Tennis Nuts,https://www.tennisnuts.com/shop/tennis/tennis-clothing/girls-tennis-clothing/babolat-kids-play-junior-pants-black-1697025.html,Babolat,da9e83572890
Kids Round Neck T-Shirt - Navy Blue,£14.99,£20.00,Tennis Clothing,2026-10-07 16:39:27,Tennis Nuts,https://www.tennisnuts.com/shop/tennis/tennis-clothing/girls-tennis-clothing/yonex-kids-round-neck-t-shirt-navy-blue-1628839.html,Yonex,d69c9a3d73a8
Kids Baby Dragon CNY2024 T-Shirt - White,£9.99,£25.00,Tennis Clothing,2026-10-07 16:39:27,Tennis Nuts,https://www.tennisnuts.com/shop/tennis/tennis-clothing/girls-tennis-clothing/yonex-kids-baby-dragon-cny2024-t-shirt-white-1653660.html,Yonex,cc712fcdd67f
Kids YTJ5 T-Shirt - Royal/Navy,£14.99,£22.00,Tennis Clothing,2026-10-07 16:39:27,Tennis Nuts,https://www.tennisnuts.com/shop/tennis/tennis-clothing/girls-tennis-clothing/yonex-kids-ytj5-t-shirt-royal-navy-1680708.html,Yonex,bd0db6882b79
Kids YTJ5 T-Shirt - Shadow/Black,£13.49,£22.00,Tennis Clothing,2026-10-07 16:39:27,Tennis Nuts,https://www.tennisnuts.com/shop/tennis/tennis-clothing/girls-tennis-clothing/yonex-kids-ytj5-t-shirt-shadow-black-1680709.html,Yonex,e8e23cdbe6d1
Girls Play Cap Sleeve Tee - White/Blue,£14.99,£20.00,Tennis Clothing,2026-10-07 16:39:27,Tennis Nuts,https://www.tennisnuts.com/shop/tennis/tennis-clothing/girls-tennis-clothing/babolat-girls-play-cap-sleeve-tee-white-blue-1755651.html,Babolat,54bca4d9b212
Kids Club Ivan T-Shirt - Dark Blue/Yellow,£11.99,£16.00,Tennis Clothing,2026-10-07 16:39:27,Tennis Nuts,https://www.tennisnuts.com/shop/tennis/tennis-clothing/girls-tennis-clothing/head-kids-club-ivan-t-shirt-dark-blue-yellow-1455015.html,HEAD,49b48685cbd4
Kids Logo T-Shirt - Peacoat,£12.99,£20.00,Tennis Clothing,2026-10-07 16:39:27,Tennis Nuts,https://www.tennisnuts.com/shop/tennis/tennis-clothing/girls-tennis-clothing/fila-kids-logo-t-shirt-peacoat-1538024.html,Fila,3cedb211bef8
Kids Club Colin Tee - Red,£17.99,£27.00,Tennis Clothing,2026-10-07 16:39:27,Tennis Nuts,https://www.tennisnuts.com/shop/tennis/tennis-clothing/girls-tennis-clothing/head-kids-club-colin-tee-red-1543204.html,HEAD,a22856557478
Girls Top IV Tee 2 - Blue Atoll/Navy Blue,£14.99,£31.99,Tennis Clothing,2026-10-07 16:39:27,Tennis Nuts,https://www.tennisnuts.com/shop/tennis/tennis-clothing/girls-tennis-clothing/lotto-girls-top-iv-tee-2-blue-atoll-navy-blue-1562800.html,Lotto,c6d6d2cc60c4
Girls Club Skirt - Navy,£18.79,£25.00,Tennis Clothing,2026-10-07 16:39:27,Tennis Nuts,https://www.tennisnuts.com/shop/tennis/tennis-clothing/girls-tennis-clothing/dunlop-girls-club-skirt-navy-1693975.html,Dunlop,8d992d253da5
Girls Performance Cap Sleeve Top - Horizon Blue,£14.99,£30.00,Tennis Clothing,2026-10-07 16:39:27,Tennis Nuts,https://www.tennisnuts.com/shop/tennis/tennis-clothing/girls-tennis-clothing/babolat-girls-performance-cap-sleeve-top-horizon-blue-1456593.html,Babolat,98298a130e14
Kids YP1003JEX Polo Shirt - Red,£13.64,£21.00,Tennis Clothing,2026-10-07 16:39:27,Tennis Nuts,https://www.tennisnuts.com/shop/tennis/tennis-clothing/girls-tennis-clothing/yonex-kids-yp1003jex-polo-shirt-red-1546711.html,Yonex,0b1424f3e23a
Girls Exercise Shorts - Black,£19.19,£24.00,Tennis Clothing,2026-10-07 16:39:27,Tennis Nuts,https://www.tennisnuts.com/shop/tennis/tennis-clothing/girls-tennis-clothing/babolat-girls-exercise-shorts-black-1661568.html,Babolat,2cc5385ab316
Girls Club Technical Polo - Navy,£17.49,£30.00,Tennis Clothing,2026-10-07 16:39:27,Tennis Nuts,https://www.tennisnuts.com/shop/tennis/tennis-clothing/girls-tennis-clothing/head-girls-club-technical-polo-navy-1385385.html,HEAD,58ab7e8da873
Girls Core Flag Club Tee - Estate Blue,£14.99,£25.00,Tennis Clothing,2026-10-07 16:39:27,Tennis Nuts,https://www.tennisnuts.com/shop/tennis/tennis-clothing/girls-tennis-clothing/babolat-girls-core-flag-club-tee-estate-blue-1447641.html,Babolat,f47ecc751816
Girls ENT22 Skort - Navy/White,£14.99,£25.00,Tennis Clothing,2026-10-07 16:39:27,Tennis Nuts,https://www.tennisnuts.com/shop/tennis/tennis-clothing/girls-tennis-clothing/adidas-girls-ent22-skort-navy-white-1647431.html,Adidas,9d27019d9ca2
Girls Club Skirt - White,£18.79,£25.00,Tennis Clothing,2026-10-07 16:39:27,Tennis Nuts,https://www.tennisnuts.com/shop/tennis/tennis-clothing/girls-tennis-clothing/dunlop-girls-club-skirt-white-1693977.html,Dunlop,e7003da4c48b
Mens GEL-Resolution X Tennis Shoes - Night Sky/Illuminate Mint,£97.99,£140.00,Tennis Shoes,2026-10-07 16:40:09,Tennis Nuts,https://www.tennisnuts.com/shop/tennis/shoes-socks/asics-mens-gel-resolution-x-tennis-shoes-night-sky-illuminate-mint-1766455.html,ASICS,e68a8b4a6f86
Mens Barricade 14 Tennis Shoes - Cloud White/Cyber Metallic/Dark Blue,£89.94,£140.00,Tennis Shoes,2026-10-07 16:40:09,Tennis Nuts,https://www.tennisnuts.com/shop/tennis/shoes-socks/adidas-mens-barricade-14-tennis-shoes-cloud-white-cyber-metallic-dark-blue-1762463.html,Adidas,343c6080e57b
Mens Slip-ins Relaxed Fit: Viper Court Reload - White/Navy/Light Blue,£79.99,£90.00,Tennis Shoes,2026-10-07 16:40:09,Tennis Nuts,https://www.tennisnuts.com/shop/tennis/shoes-socks/skechers-mens-slip-ins-relaxed-fit-viper-court-reload-white-navy-light-blue-1767265.html,Skechers,7a18ff681d03
Mens Slip-ins Relaxed Fit: Viper Court Reload - Navy/Yellow,£79.99,£90.00,Tennis Shoes,2026-10-07 16:40:09,Tennis Nuts,https://www.tennisnuts.com/shop/tennis/shoes-socks/skechers-mens-slip-ins-relaxed-fit-viper-court-reload-navy-yellow-1766927.html,Skechers,2c688e89fcc8
Mens Viper Court Pro 2.0 - Aqua/Multi,£99.99,£115.00,Tennis Shoes,2026-10-07 16:40:09,Tennis Nuts,https://www.tennisnuts.com/shop/tennis/shoes-socks/skechers-mens-viper-court-pro-2-0-aqua-multi-1765050.html,Skechers,4d80b558d429
Mens Viper Court Pro 2.0 - Grey/Yellow,£99.99,£115.00,Tennis Shoes,2026-10-07 16:40:09,Tennis Nuts,https://www.tennisnuts.com/shop/tennis/shoes-socks/skechers-mens-viper-court-pro-2-0-grey-yellow-1764960.html,Skechers,2867b84e269c
Womens Viper Court Reload Slip-ins Relaxed Fit - White/Light Blue/Pink,£79.99,£90.00,Tennis Shoes,2026-10-07 16:40:09,Tennis Nuts,https://www.tennisnuts.com/shop/tennis/shoes-socks/skechers-womens-viper-court-reload-slip-ins-relaxed-fit-white-light-blue-pink-1764665.html,Skechers,3ca2bf58b0fa
Womens Viper Court Pro 2.0 - Light Pink,£99.99,£115.00,Tennis Shoes,2026-10-07 16:40:09,Tennis Nuts,https://www.tennisnuts.com/shop/tennis/shoes-socks/skechers-womens-viper-court-pro-2-0-light-pink-1764402.html,Skechers,c7305f7a5bf2
Womens Viper Court Reload Slip-ins Relaxed Fit - White/Navy/Pink,£79.99,£90.00,Tennis Shoes,2026-10-07 16:40:09,Tennis Nuts,https://www.tennisnuts.com/shop/tennis/shoes-socks/skechers-womens-viper-court-reload-slip-ins-relaxed-fit-white-navy-pink-1764401.html,Skechers,28a9308760d9
Womens Viper Court Reload Slip-ins Relaxed Fit - White,£79.99,£90.00,Tennis Shoes,2026-10-07 16:40:09,Tennis Nuts,https://www.tennisnuts.com/shop/tennis/shoes-socks/skechers-womens-viper-court-reload-slip-ins-relaxed-fit-white-1764382.html,Skechers,1695ea986bcb
Mens Sprint Pro 3.0 Grass Tennis Shoes - White/Green,£69.99,£115.00,Tennis Shoes,2026-10-07 16:40:09,Tennis Nuts,https://www.tennisnuts.com/shop/tennis/shoes-socks/head-mens-sprint-pro-3-0-grass-tennis-shoes-white-green-1494474.html,HEAD,fdf399c4a8f8
Womens Sprint Pro 3.0 Grass Tennis Shoes - White/Grey,£69.99,£115.00,Tennis Shoes,2026-10-07 16:40:09,Tennis Nuts,https://www.tennisnuts.com/shop/tennis/shoes-socks/head-womens-sprint-pro-3-0-grass-tennis-shoes-white-grey-1494482.html,HEAD,77c80e0065f7
Mens GEL-Dedicate 9 Tennis Shoes - Midnight/Oatmeal,£55.24,£65.00,Tennis Shoes,2026-10-07 16:40:09,Tennis Nuts,https://www.tennisnuts.com/shop/tennis/shoes-socks/asics-mens-gel-dedicate-9-tennis-shoes-midnight-oatmeal-1765262.html,ASICS,ea276884f822
Mens Defier RS Tennis Shoes - White/Blue,£94.89,£125.00,Tennis Shoes,2026-10-07 16:40:09,Tennis Nuts,https://www.tennisnuts.com/shop/tennis/shoes-socks/k-swiss-mens-defier-rs-tennis-1241222.html,K-Swiss,3e17627d7bb2
Mens Barricade 14 Tennis Shoes - Lucid Orange/Core Black/Pure Orange,£89.94,£140.00,Tennis Shoes,2026-10-07 16:40:09,Tennis Nuts,https://www.tennisnuts.com/shop/tennis/shoes-socks/adidas-mens-barricade-14-tennis-shoes-lucid-orange-core-black-pure-orange-1755081.html,Adidas,b5f089935171
Mens Solution Speed FF 4 Night Energy Tennis Shoes - Graphite Grey/Pure Silver,£114.99,£140.00,Tennis Shoes,2026-10-07 16:40:09,Tennis Nuts,https://www.tennisnuts.com/shop/tennis/shoes-socks/asics-mens-solution-speed-ff-4-night-energy-tennis-shoes-graphite-grey-pure-1767305.html,ASICS,6a2f9866ff61
Womens Defier RS Tennis Shoes - White,£94.49,£125.00,Tennis Shoes,2026-10-07 16:40:09,Tennis Nuts,https://www.tennisnuts.com/shop/tennis/shoes-socks/k-swiss-womens-defier-rs-tennis-shoes-white-1456865.html,K-Swiss,71c6c52d472d
Mens Propulse Storm All Court Tennis Shoes - Black/Blue,£87.99,£110.00,Tennis Shoes,2026-10-07 16:40:09,Tennis Nuts,https://www.tennisnuts.com/shop/tennis/shoes-socks/babolat-mens-propulse-storm-all-court-tennis-shoes-black-blue-1767577.html,Babolat,3f9304cf9cd1
Mens Courtjam Control 3 Tennis Shoes - Dark Blue/Zero Metallic/Cloud White,£63.99,£80.00,Tennis Shoes,2026-10-07 16:40:09,Tennis Nuts,https://www.tennisnuts.com/shop/tennis/shoes-socks/adidas-mens-courtjam-control-3-tennis-shoes-dark-blue-zero-metallic-cloud-white-1762833.html,Adidas,8435f797bf53
Boys Propulse 3 Junior All Court Tennis Shoes - Yellow/Sunset,£42.39,£53.00,Tennis Shoes,2026-10-07 16:40:09,Tennis Nuts,https://www.tennisnuts.com/shop/tennis/shoes-socks/babolat-boys-propulse-3-junior-all-court-tennis-shoes-yellow-sunset-1767608.html,Babolat,e925cf04b626
Mens Hypercourt Express 3 Tennis Shoes - Blanc De Blanc/Carbon/Baltic,£99.99,£125.00,Tennis Shoes,2026-10-07 16:40:09,Tennis Nuts,https://www.tennisnuts.com/shop/tennis/shoes-socks/k-swiss-mens-hypercourt-express-3-tennis-shoes-blanc-de-blanc-carbon-baltic-1767521.html,K-Swiss,587d6a0a198e
Womens Game FF Tennis Shoes - White/Independence Blue,£64.99,£80.00,Tennis Shoes,2026-10-07 16:40:09,Tennis Nuts,https://www.tennisnuts.com/shop/tennis/shoes-socks/asics-womens-game-ff-tennis-shoes-white-independence-blue-1765265.html,ASICS,4a051cd89ca4
Womens GEL-Dedicate 9 Tennis Shoes - Independence Blue/White,£55.24,£65.00,Tennis Shoes,2026-10-07 16:40:09,Tennis Nuts,https://www.tennisnuts.com/shop/tennis/shoes-socks/asics-womens-gel-dedicate-9-tennis-shoes-independence-blue-white-1765270.html,ASICS,94cbf3daf9f5
Mens Viper Court Pro 2.0 - White/Blue/Light Pink,£99.99,£115.00,Tennis Shoes,2026-10-07 16:40:09,Tennis Nuts,https://www.tennisnuts.com/shop/tennis/shoes-socks/skechers-mens-viper-court-pro-2-0-white-blue-light-pink-1773379.html,Skechers,5cbf00a1e08d
Mens Propulse Storm All Court Tennis Shoes - White/Dark Blue,£87.99,£110.00,Tennis Shoes,2026-10-07 16:40:09,Tennis Nuts,https://www.tennisnuts.com/shop/tennis/shoes-socks/babolat-mens-propulse-storm-all-court-tennis-shoes-white-dark-blue-1767576.html,Babolat,0dd1727263d1
Womens GEL-Resolution X Night Energy Tennis Shoes - Blue Fade/Gunmetal,£114.99,£140.00,Tennis Shoes,2026-10-07 16:40:09,Tennis Nuts,https://www.tennisnuts.com/shop/tennis/shoes-socks/asics-womens-gel-resolution-x-night-energy-tennis-shoes-blue-fade-gunmetal-1767308.html,ASICS,2a3e44c7421c
Mens Court Express 2 Carpet Tennis Shoes - Carbon/White/Baltic,£59.49,£70.00,Tennis Shoes,2026-10-07 16:40:09,Tennis Nuts,https://www.tennisnuts.com/shop/tennis/shoes-socks/k-swiss-mens-court-express-2-carpet-tennis-shoes-carbon-white-baltic-1769780.html,K-Swiss,b674e5f8b941
Mens GEL-Challenger 15 Tennis Shoes - Oat Meal/Midnight,£89.24,£105.00,Tennis Shoes,2026-10-07 16:40:09,Tennis Nuts,https://www.tennisnuts.com/shop/tennis/shoes-socks/asics-mens-gel-challenger-15-tennis-shoes-oat-meal-midnight-1766150.html,ASICS,0093bd8fee10
Womens Court FF 3 Tennis Shoes - Soft Oat/Dusty Mauve,£137.49,£170.00,Tennis Shoes,2026-10-07 16:40:09,Tennis Nuts,https://www.tennisnuts.com/shop/tennis/shoes-socks/asics-womens-court-ff-3-tennis-shoes-soft-oat-dusty-mauve-1766154.html,ASICS,029be8425164
Mens Sprint Pro 4.0 Carpet Tennis Shoes - Blueberry/Teal,£89.99,£110.00,Tennis Shoes,2026-10-07 16:40:09,Tennis Nuts,https://www.tennisnuts.com/shop/tennis/shoes-socks/head-mens-sprint-pro-4-0-carpet-tennis-shoes-blueberry-teal-1770939.html,HEAD,4c53cf32ca7a
Mens Express Light 3 Tennis Shoes - Carbon/Blanc/Baltic,£79.99,£100.00,Tennis Shoes,2026-10-07 16:40:09,Tennis Nuts,https://www.tennisnuts.com/shop/tennis/shoes-socks/k-swiss-mens-express-light-3-tennis-shoes-carbon-blanc-baltic-1767528.html,K-Swiss,eb49da9359d0
Mens Express Light 3 Carpet Tennis Shoes - Carbon/Blanc/Baltic,£79.99,£100.00,Tennis Shoes,2026-10-07 16:40:09,Tennis Nuts,https://www.tennisnuts.com/shop/tennis/shoes-socks/k-swiss-mens-express-light-3-carpet-tennis-shoes-carbon-blanc-baltic-1769778.html,K-Swiss,78e2888f3252
Mens Court FF 3 Night Energy Tennis Shoes - Graphite Grey/Pure Silver,£116.49,£170.00,Tennis Shoes,2026-10-07 16:40:09,Tennis Nuts,https://www.tennisnuts.com/shop/tennis/shoes-socks/asics-mens-court-ff-3-night-energy-tennis-shoes-graphite-grey-pure-silver-1767303.html,ASICS,02f0da8559ca
Mens SFX Evo Carpet Tennis Shoes - Blue/White,£67.99,£85.00,Tennis Shoes,2026-10-07 16:40:09,Tennis Nuts,https://www.tennisnuts.com/babolat-mens-sfx-evo-carpet-tennis-shoes-blue-white-1686956.html,Babolat,265f0765ddf8
Mens GEL-Resolution X Night Energy Tennis Shoes - Graphite Grey/Pure Silver,£114.99,£140.00,Tennis Shoes,2026-10-07 16:40:09,Tennis Nuts,https://www.tennisnuts.com/shop/tennis/shoes-socks/asics-mens-gel-resolution-x-night-energy-tennis-shoes-graphite-grey-pure-silver-1767301.html,ASICS,606d3eb01e1f
Mens Barricade 14 Grass Tennis Shoes - Cloud White/Iron Grey,£104.99,£140.00,Tennis Shoes,2026-10-07 16:40:09,Tennis Nuts,https://www.tennisnuts.com/shop/tennis/shoes-socks/adidas-mens-barricade-14-grass-tennis-shoes-cloud-white-iron-grey-1763932.html,Adidas,e5b07fe78d8a
Mens Solution Speed FF 4 Tennis Shoes - White/Midnight,£114.99,£140.00,Tennis Shoes,2026-10-07 16:40:09,Tennis Nuts,https://www.tennisnuts.com/shop/tennis/shoes-socks/asics-mens-solution-speed-ff-4-tennis-shoes-white-midnight-1765233.html,ASICS,e924deeb2b9b
Mens Gamecourt 3 Tennis Shoes - Cloud White/Lucid Ray Blue/Core Black,£51.94,£65.00,Tennis Shoes,2026-10-07 16:40:09,Tennis Nuts,https://www.tennisnuts.com/shop/tennis/shoes-socks/adidas-mens-gamecourt-3-tennis-shoes-cloud-white-lucid-ray-blue-core-black-1765610.html,Adidas,a04071f04ad6
Mens Barricade 14 Tennis Shoes - Dark Grey/Aurora Ink/Cloud White,£111.94,£140.00,Tennis Shoes,2026-10-07 16:40:09,Tennis Nuts,https://www.tennisnuts.com/shop/tennis/shoes-socks/adidas-mens-barricade-14-tennis-shoes-dark-grey-aurora-ink-cloud-white-1766793.html,Adidas,62b24aeddaaa
Womens GEL-Resolution X Tennis Shoes - Soft Oat/Dark Aubergine,£114.99,£140.00,Tennis Shoes,2026-10-07 16:40:09,Tennis Nuts,https://www.tennisnuts.com/shop/tennis/shoes-socks/asics-womens-gel-resolution-x-tennis-shoes-soft-oat-dark-aubergine-1766902.html,ASICS,56a87c63b97c
Womens Sprint Team 4.0 Carpet Tennis Shoes - Light Blue/Dark Blue,£76.49,£90.00,Tennis Shoes,2026-10-07 16:40:09,Tennis Nuts,https://www.tennisnuts.com/shop/tennis/shoes-socks/head-womens-sprint-team-4-0-carpet-tennis-shoes-light-blue-dark-blue-1770938.html,HEAD,df573d60ed7c
Mens Jet Mach 4 All Court Tennis Shoes - Dark Blue/White,£109.99,£140.00,Tennis Shoes,2026-10-07 16:40:09,Tennis Nuts,https://www.tennisnuts.com/shop/tennis/shoes-socks/babolat-mens-jet-mach-4-all-court-tennis-shoes-dark-blue-white-1767584.html,Babolat,6dfbfe08f392
Womens Court Express 2 Carpet Tennis Shoes - Glacier Grey/White/Baltic,£59.49,£70.00,Tennis Shoes,2026-10-07 16:40:09,Tennis Nuts,https://www.tennisnuts.com/shop/tennis/shoes-socks/k-swiss-womens-court-express-2-carpet-tennis-shoes-glacier-grey-white-baltic-1769787.html,K-Swiss,1af0ca6ae9ae
Mens Defiant Speed 2 Tennis Shoes - Dark Blue/Zero Metallic/Cloud White,£79.99,£100.00,Tennis Shoes,2026-10-07 16:40:09,Tennis Nuts,https://www.tennisnuts.com/shop/tennis/shoes-socks/adidas-mens-defiant-speed-2-tennis-shoes-dark-blue-zero-metallic-cloud-white-1762461.html,Adidas,dbcde3d62bdb
Mens Receiver V Tennis Shoes - White/Navy,£79.99,£100.00,Tennis Shoes,2026-10-07 16:40:09,Tennis Nuts,https://www.tennisnuts.com/shop/tennis/shoes-socks/k-swiss-mens-receiver-v-tennis-shoes-white-navy-1554345.html,K-Swiss,18a5dc184c57
Mens Jet Tere 2 Wimbledon All Court Tennis Shoes - White/Blue Navy,£87.99,£110.00,Tennis Shoes,2026-10-07 16:40:09,Tennis Nuts,https://www.tennisnuts.com/shop/tennis/shoes-socks/babolat-mens-jet-tere-2-wimbledon-all-court-tennis-shoes-white-blue-navy-1764894.html,Babolat,9d11d4e0334c
Kids Barricade Tennis Shoes - Core Black/Cloud White/Core Black,£50.99,£60.00,Tennis Shoes,2026-10-07 16:40:09,Tennis Nuts,https://www.tennisnuts.com/shop/tennis/shoes-socks/adidas-kids-barricade-tennis-shoes-core-black-cloud-white-core-black-1769430.html,Adidas,706d372a195a
Womens Receiver Omni Tennis Shoes - White,£79.99,£100.00,Tennis Shoes,2026-10-07 16:40:09,Tennis Nuts,https://www.tennisnuts.com/shop/tennis/shoes-socks/k-swiss-womens-receiver-omni-tennis-shoes-white-1555044.html,K-Swiss,7f59012ca86c
Womens SFX Evo All Court Wimbledon Tennis Shoes - White/Grey,£75.99,£95.00,Tennis Shoes,2026-10-07 16:40:09,Tennis Nuts,https://www.tennisnuts.com/shop/tennis/shoes-socks/babolat-womens-sfx-evo-all-court-wimbledon-tennis-shoes-white-grey-1764897.html,Babolat,7d8788509359
Womens GEL-Challenger 15 Tennis Shoes - White/Taro Purple,£84.99,£105.00,Tennis Shoes,2026-10-07 16:40:09,Tennis Nuts,https://www.tennisnuts.com/shop/tennis/shoes-socks/asics-womens-gel-challenger-15-tennis-shoes-white-taro-purple-1765252.html,ASICS,99f0106009fd
Womens Avaflash Tennis Shoes - White,£63.99,£80.00,Tennis Shoes,2026-10-07 16:40:09,Tennis Nuts,https://www.tennisnuts.com/shop/tennis/shoes-socks/adidas-womens-avaflash-tennis-shoes-white-1750075.html,Adidas,dda1ed93e40d
Mens Gamecourt 2 Tennis Shoes - Dark Blue/Cloud White/Cyber Metallic,£47.99,£60.00,Tennis Shoes,2026-10-07 16:40:09,Tennis Nuts,https://www.tennisnuts.com/shop/tennis/shoes-socks/adidas-mens-gamecourt-2-tennis-shoes-dark-blue-cloud-white-cyber-metallic-1762780.html,Adidas,623d260f9827
Mens Court Express 2 Tennis Shoes - Carbon/White/Baltic,£54.99,£70.00,Tennis Shoes,2026-10-07 16:40:09,Tennis Nuts,https://www.tennisnuts.com/shop/tennis/shoes-socks/k-swiss-mens-court-express-2-tennis-shoes-carbon-white-baltic-1767519.html,K-Swiss,9a06b8af005b
Kids Gel-Resolution X Tennis Shoes - White/Midnight,£64.99,£80.00,Tennis Shoes,2026-10-07 16:40:09,Tennis Nuts,https://www.tennisnuts.com/shop/tennis/shoes-socks/asics-kids-gel-resolution-x-tennis-shoes-white-midnight-1765271.html,ASICS,4f6ddbbcceca
Ubersonic Kids Tennis Shoes - Pure Ruby/Cloud White/Dark Blue,£31.94,£40.00,Tennis Shoes,2026-10-07 16:40:09,Tennis Nuts,https://www.tennisnuts.com/shop/tennis/shoes-socks/adidas-ubersonic-kids-tennis-shoes-pure-ruby-cloud-white-dark-blue-1765238.html,Adidas,271cc9721ca3
Mens Defiant Speed 2 Tennis Shoes - Dash Grey/Aurora Ink/Tech Grey Metallic,£79.99,£100.00,Tennis Shoes,2026-10-07 16:40:09,Tennis Nuts,https://www.tennisnuts.com/shop/tennis/shoes-socks/adidas-mens-defiant-speed-2-tennis-shoes-dash-grey-aurora-ink-tech-grey-metallic-1765609.html,Adidas,7708ee235c15
Womens Court Express 2 Tennis Shoes - Glacier Grey/White/Baltic,£54.99,£70.00,Tennis Shoes,2026-10-07 16:40:09,Tennis Nuts,https://www.tennisnuts.com/shop/tennis/shoes-socks/k-swiss-womens-court-express-2-tennis-shoes-glacier-grey-white-baltic-1767538.html,K-Swiss,1721e06431ad
Girls Propulse 3 Junior All Court Tennis Shoes - Dark Purple/Silver,£44.99,£53.00,Tennis Shoes,2026-10-07 16:40:09,Tennis Nuts,https://www.tennisnuts.com/shop/tennis/shoes-socks/babolat-girls-propulse-3-junior-all-court-tennis-shoes-dark-purple-silver-1767609.html,Babolat,a7d3f9eec684
Boys Jet Mach 3 Junior All Court Tennis Shoes - Black/Sunset,£46.39,£58.00,Tennis Shoes,2026-10-07 16:40:09,Tennis Nuts,https://www.tennisnuts.com/babolat-boys-jet-mach-3-junior-all-court-tennis-shoes-black-sunset-1767613.html,Babolat,2c98b9933d5f
Womens Express Light 3 Carpet Tennis Shoes - Blanc/Ultimate Grey/Rose Gold,£84.99,£100.00,Tennis Shoes,2026-10-07 16:40:09,Tennis Nuts,https://www.tennisnuts.com/shop/tennis/shoes-socks/k-swiss-womens-express-light-3-carpet-tennis-shoes-blanc-ultimate-grey-rose-gold-1769789.html,K-Swiss,4aba18d85c9f
Mens Gamecourt 3 Wide Tennis Shoes - Dark Blue/Cloud White/Core Black,£51.99,£65.00,Tennis Shoes,2026-10-07 16:40:09,Tennis Nuts,https://www.tennisnuts.com/shop/tennis/shoes-socks/adidas-mens-gamecourt-3-wide-tennis-shoes-dark-blue-cloud-white-core-black-1767382.html,Adidas,45bf3b19e114
Mens SFX 4 Clay Tennis Shoes - Black/Blue,£87.99,£110.00,Tennis Shoes,2026-10-07 16:40:09,Tennis Nuts,https://www.tennisnuts.com/shop/tennis/shoes-socks/babolat-mens-sfx-4-clay-tennis-shoes-black-blue-1767594.html,Babolat,2489947cdb94
Mens Propulse Storm Clay Tennis Shoes - Black/Blue,£87.99,£110.00,Tennis Shoes,2026-10-07 16:40:09,Tennis Nuts,https://www.tennisnuts.com/shop/tennis/shoes-socks/babolat-mens-propulse-storm-clay-tennis-shoes-black-blue-1767579.html,Babolat,52e07dbd7c78
Womens Propulse Storm All Court Tennis Shoes - White/Silver,£87.94,£110.00,Tennis Shoes,2026-10-07 16:40:09,Tennis Nuts,https://www.tennisnuts.com/shop/tennis/shoes-socks/babolat-womens-propulse-storm-all-court-tennis-shoes-white-silver-1767598.html,Babolat,6a04a9b24832
Mens SFX 4 All Court Tennis Shoes - Black/Blue,£87.99,£110.00,Tennis Shoes,2026-10-07 16:40:09,Tennis Nuts,https://www.tennisnuts.com/shop/tennis/shoes-socks/babolat-mens-sfx-4-all-court-tennis-shoes-black-blue-1767580.html,Babolat,b31eeb48373d
Mens Defiant Speed 2 Tennis Shoes - Cloud White/Dark Blue/Core Black,£79.00,£100.00,Tennis Shoes,2026-10-07 16:40:09,Tennis Nuts,https://www.tennisnuts.com/shop/tennis/shoes-socks/adidas-mens-defiant-speed-2-tennis-shoes-cloud-white-dark-blue-core-black-1762840.html,Adidas,4a1f9ef01cbe
Mens Propulse Storm All Court (Wide) Tennis Shoes - White/Dark Blue,£87.99,£110.00,Tennis Shoes,2026-10-07 16:40:09,Tennis Nuts,https://www.tennisnuts.com/shop/tennis/shoes-socks/babolat-mens-propulse-storm-all-court-wide-tennis-shoes-white-dark-blue-1767591.html,Babolat,e69392e3e7f1
Womens SFX Evo Carpet Shoes - Blue/White,£67.99,£85.00,Tennis Shoes,2026-10-07 16:40:09,Tennis Nuts,https://www.tennisnuts.com/shop/tennis/shoes-socks/babolat-womens-sfx-evo-carpet-shoes-blue-white-1687164.html,Babolat,2a0a208f6a4a
Womens Gamecourt 2 Tennis Shoes - Cloud White/Crystal Sky/Chalk White,£47.99,£60.00,Tennis Shoes,2026-10-07 16:40:09,Tennis Nuts,https://www.tennisnuts.com/shop/tennis/shoes-socks/adidas-womens-gamecourt-2-tennis-shoes-cloud-white-crystal-sky-chalk-white-1762852.html,Adidas,f6daa3917f4c
Kids Gel-Game GS Tennis Shoes - Foggy Teal/White,£54.99,£65.00,Tennis Shoes,2026-10-07 16:40:09,Tennis Nuts,https://www.tennisnuts.com/shop/tennis/shoes-socks/asics-kids-gel-game-gs-tennis-shoes-foggy-teal-white-1766162.html,ASICS,13d0f9af0fe7
Womens Gamecourt 3 Tennis Shoes - Cloud White/Zero Metallic,£51.99,£65.00,Tennis Shoes,2026-10-07 16:40:09,Tennis Nuts,https://www.tennisnuts.com/shop/tennis/shoes-socks/adidas-womens-gamecourt-3-tennis-shoes-cloud-white-zero-metallic-1766792.html,Adidas,84b618b542a0
Ubersonic Kids Tennis Shoes - Distilled Pink,£31.94,£40.00,Tennis Shoes,2026-10-07 16:40:09,Tennis Nuts,https://www.tennisnuts.com/shop/tennis/shoes-socks/adidas-ubersonic-kids-tennis-shoes-distilled-pink-1766133.html,Adidas,bc8f68f4b564
Mens Barricade 14 Tennis Shoes - Core Black/Core Black/Maroon,£114.99,£140.00,Tennis Shoes,2026-10-07 16:40:09,Tennis Nuts,https://www.tennisnuts.com/shop/tennis/shoes-socks/adidas-mens-barricade-14-tennis-shoes-core-black-core-black-maroon-1770281.html,Adidas,90f8cf2b53c3
Womens Barricade Grass Tennis Shoes - White/Green,£79.99,£130.00,Tennis Shoes,2026-10-07 16:40:09,Tennis Nuts,https://www.tennisnuts.com/shop/tennis/shoes-socks/adidas-womens-barricade-grass-tennis-shoes-white-green-1661820.html,Adidas,31fcaa54cad6
Womens Jet Tere 2 All Court Wimbledon Tennis Shoes - White/Blue Navy,£89.99,£110.00,Tennis Shoes,2026-10-07 16:40:09,Tennis Nuts,https://www.tennisnuts.com/shop/tennis/shoes-socks/babolat-womens-jet-tere-2-all-court-wimbledon-tennis-shoes-white-blue-navy-1764896.html,Babolat,dd725254e4f2
Kids Barricade Tennis Shoes - Cloud White/Cyber Metallic/Dark Blue,£48.00,£60.00,Tennis Shoes,2026-10-07 16:40:09,Tennis Nuts,https://www.tennisnuts.com/shop/tennis/shoes-socks/adidas-kids-barricade-tennis-shoes-cloud-white-cyber-metallic-dark-blue-1762845.html,Adidas,2fd337d3deea
Womens SFX 4 Tennis All Court Shoes - White/Dark Purple,£87.99,£110.00,Tennis Shoes,2026-10-07 16:40:09,Tennis Nuts,https://www.tennisnuts.com/shop/tennis/shoes-socks/babolat-womens-sfx-4-tennis-all-court-shoes-white-dark-purple-1767599.html,Babolat,42a23dc79256
Womens Jet Tere 2 Grass/Sand Court Tennis Shoes - Queen Jio Grey,£49.99,£100.00,Tennis Shoes,2026-10-07 16:40:09,Tennis Nuts,https://www.tennisnuts.com/shop/tennis/shoes-socks/babolat-womens-jet-tere-2-grass-sand-court-tennis-shoes-queen-jio-grey-1653649.html,Babolat,f537209ed9c6
Mens Barricade 14 Tennis Shoes - Core Black/Zero Metallic/Lucid Red,£104.99,£140.00,Tennis Shoes,2026-10-07 16:40:09,Tennis Nuts,https://www.tennisnuts.com/shop/tennis/shoes-socks/adidas-mens-barricade-14-tennis-shoes-core-black-zero-metallic-lucid-red-1750990.html,Adidas,e3ce856732ff
Kids Gel-Game GS Tennis Shoes - Grey Blue/Ironclad,£49.49,£65.00,Tennis Shoes,2026-10-07 16:40:09,Tennis Nuts,https://www.tennisnuts.com/shop/tennis/shoes-socks/asics-kids-gel-game-gs-tennis-shoes-grey-blue-ironclad-1755100.html,ASICS,7a2e934dbcb0
Mens Game FF Tennis Shoes - White/Foggy Teal,£67.99,£80.00,Tennis Shoes,2026-10-07 16:40:09,Tennis Nuts,https://www.tennisnuts.com/shop/tennis/shoes-socks/asics-mens-game-ff-tennis-shoes-white-foggy-teal-1765235.html,ASICS,00b4009c8760
Mens SFX Evo All Court Tennis Shoes - Black/Blue,£67.99,£85.00,Tennis Shoes,2026-10-07 16:40:09,Tennis Nuts,https://www.tennisnuts.com/shop/tennis/shoes-socks/babolat-mens-sfx-evo-all-court-tennis-shoes-black-blue-1767581.html,Babolat,dada0dc1a4a9
Womens Avaflash Tennis Shoes - Crystal Sky / Crystal Sky / Cloud White,£63.99,£80.00,Tennis Shoes,2026-10-07 16:40:09,Tennis Nuts,https://www.tennisnuts.com/shop/tennis/shoes-socks/adidas-womens-avaflash-tennis-shoes-crystal-sky-crystal-sky-cloud-white-1762842.html,Adidas,30be2ca52413
Mens Jet Mach 4 Tennis Shoes - Cream/Dark Blue,£107.99,£140.00,Tennis Shoes,2026-10-07 16:40:09,Tennis Nuts,https://www.tennisnuts.com/shop/tennis/shoes-socks/babolat-mens-jet-mach-4-tennis-shoes-cream-dark-blue-1764965.html,Babolat,31c05e89c07f
Mens Jet Mach 4 Wimbledon Grass Court Tennis Shoes - White/Black,£99.99,£140.00,Tennis Shoes,2026-10-07 16:40:09,Tennis Nuts,https://www.tennisnuts.com/shop/tennis/shoes-socks/babolat-mens-jet-mach-4-wimbledon-grass-court-tennis-shoes-white-black-1764662.html,Babolat,afe1b223874d
Mens Barricade 14 Wide Tennis Shoes - Cloud White/Core Black/Lucid Red,£104.99,£140.00,Tennis Shoes,2026-10-07 16:40:09,Tennis Nuts,https://www.tennisnuts.com/shop/tennis/shoes-socks/adidas-mens-barricade-14-wide-tennis-shoes-cloud-white-core-black-lucid-red-1757975.html,Adidas,cd974e7c0d55
Girls Propulse 3 Junior All Court Tennis Shoes - Fandango Pink,£34.99,£53.00,Tennis Shoes,2026-10-07 16:40:09,Tennis Nuts,https://www.tennisnuts.com/shop/tennis/shoes-socks/babolat-girls-propulse-3-junior-all-court-tennis-shoes-fandango-pink-1727066.html,Babolat,b7f3fc3b24e7
Mens SFX Evo Clay Tennis Shoes - Black/Blue,£67.94,£85.00,Tennis Shoes,2026-10-07 16:40:09,Tennis Nuts,https://www.tennisnuts.com/shop/tennis/shoes-socks/babolat-mens-sfx-evo-clay-tennis-shoes-black-blue-1767593.html,Babolat,bbc08178f71e
Mens Jet Mach 4 Tennis Shoes - Black/Aero,£94.99,£140.00,Tennis Shoes,2026-10-07 16:40:09,Tennis Nuts,https://www.tennisnuts.com/shop/tennis/shoes-socks/babolat-mens-jet-mach-4-tennis-shoes-black-aero-1759060.html,Babolat,db443a6779c2
Mens Sprint Pro 4.0 Grass Court Tennis Shoes - White/ Grey,£79.99,£110.00,Tennis Shoes,2026-10-07 16:40:09,Tennis Nuts,https://www.tennisnuts.com/shop/tennis/shoes-socks/head-mens-sprint-pro-4-0-grass-court-tennis-shoes-white-grey-1705890.html,HEAD,56f7454ad6fe
Kids Sprint Court 4.0 Tennis Shoes - Red/Dark Red,£39.99,£50.00,Tennis Shoes,2026-10-07 16:40:09,Tennis Nuts,https://www.tennisnuts.com/shop/tennis/shoes-socks/head-kids-sprint-court-4-0-tennis-shoes-red-dark-red-1760497.html,HEAD,f1c9a686f741
Womens Power Cushion Sonicage Tennis Shoes - White/Grey,£69.99,£110.00,Tennis Shoes,2026-10-07 16:40:09,Tennis Nuts,https://www.tennisnuts.com/shop/tennis/shoes-socks/yonex-womens-power-cushion-sonicage-tennis-shoes-white-grey-1687876.html,Yonex,4b9cd63bc734
Mens GEL-Resolution X Tennis Shoes - White/Aurora Green,£97.49,£140.00,Tennis Shoes,2026-10-07 16:40:09,Tennis Nuts,https://www.tennisnuts.com/shop/tennis/shoes-socks/asics-mens-gel-resolution-x-tennis-shoes-white-aurora-green-1756952.html,ASICS,735b934ed3a0
Ubersonic Kids Tennis Shoes - Cloud White/Core Black/Aurora Plum,£27.49,£40.00,Tennis Shoes,2026-10-07 16:40:09,Tennis Nuts,https://www.tennisnuts.com/shop/tennis/shoes-socks/adidas-ubersonic-kids-tennis-shoes-cloud-white-core-black-aurora-plum-1706815.html,Adidas,5f3456f32185
Womens Jet Tere 2 All Court Tennis Shoes - Dark Purple/Silver,£79.94,£100.00,Tennis Shoes,2026-10-07 16:40:09,Tennis Nuts,https://www.tennisnuts.com/shop/tennis/shoes-socks/babolat-womens-jet-tere-2-all-court-tennis-shoes-dark-purple-silver-1767602.html,Babolat,e21c42db2699
Womens Solution Speed FF 4 Tennis Shoes - White/Dusty Mauve,£109.99,£140.00,Tennis Shoes,2026-10-07 16:40:09,Tennis Nuts,https://www.tennisnuts.com/shop/tennis/shoes-socks/asics-womens-solution-speed-ff-4-tennis-shoes-white-dusty-mauve-1765244.html,ASICS,bdce93d6f152
Mens Jet Mach 4 All Court (Wide) Tennis Shoes - Dark Blue/White,£109.99,£140.00,Tennis Shoes,2026-10-07 16:40:09,Tennis Nuts,https://www.tennisnuts.com/shop/tennis/shoes-socks/babolat-mens-jet-mach-4-all-court-wide-tennis-shoes-dark-blue-white-1767588.html,Babolat,a4210e6d4672
Womens Express Light 3 Tennis Shoes - Blanc De Blanc/Baltic/Glacier Grey,£79.99,£100.00,Tennis Shoes,2026-10-07 16:40:09,Tennis Nuts,https://www.tennisnuts.com/shop/tennis/shoes-socks/k-swiss-womens-express-light-3-tennis-shoes-blanc-de-blanc-baltic-glacier-grey-1767552.html,K-Swiss,a51b7580d75d
Mens Defiant Speed 2 Tennis Shoes - Black/Pink,£59.99,£100.00,Tennis Shoes,2026-10-07 16:40:09,Tennis Nuts,https://www.tennisnuts.com/shop/tennis/shoes-socks/adidas-mens-defiant-speed-2-tennis-shoes-black-pink-1727640.html,Adidas,236db3821990
Mens Jet Mach 4 All Court Tennis Shoes - Spectra Limited Edition,£109.99,£140.00,Tennis Shoes,2026-10-07 16:40:09,Tennis Nuts,https://www.tennisnuts.com/shop/tennis/shoes-socks/babolat-mens-jet-mach-4-all-court-tennis-shoes-spectra-limited-edition-1767800.html,Babolat,608ad1b86b63
Mens SFX Evo Clay Tennis Shoes - Illusion Blue/Black,£63.74,£85.00,Tennis Shoes,2026-10-07 16:40:09,Tennis Nuts,https://www.tennisnuts.com/shop/tennis/shoes-socks/babolat-mens-sfx-evo-clay-tennis-shoes-illusion-blue-black-1755346.html,Babolat,a63265f58502
Womens SFX Evo Tennis All Court Shoes - Gold Pink,£67.94,£85.00,Tennis Shoes,2026-10-07 16:40:09,Tennis Nuts,https://www.tennisnuts.com/shop/tennis/shoes-socks/babolat-womens-sfx-evo-tennis-all-court-shoes-gold-pink-1767600.html,Babolat,d4f1bee46e00
Womens Receiver V Tennis Shoes - White/Silver,£79.99,£100.00,Tennis Shoes,2026-10-07 16:40:09,Tennis Nuts,https://www.tennisnuts.com/shop/tennis/shoes-socks/k-swiss-womens-receiver-v-tennis-shoes-white-silver-1554349.html,K-Swiss,ba39a314f403
Womens SFX 4 Tennis All Court Shoes - Blue,£69.99,£110.00,Tennis Shoes,2026-10-07 16:40:09,Tennis Nuts,https://www.tennisnuts.com/shop/tennis/shoes-socks/babolat-womens-sfx-4-tennis-all-court-shoes-blue-1755337.html,Babolat,028c98dd3d81
Womens Gamecourt 2 Tennis Shoes - Cloud White/Blush Pink/Cloud White,£47.99,£60.00,Tennis Shoes,2026-10-07 16:40:09,Tennis Nuts,https://www.tennisnuts.com/shop/tennis/shoes-socks/adidas-womens-gamecourt-2-tennis-shoes-cloud-white-blush-pink-cloud-white-1757997.html,Adidas,513d6089cf57
Womens Hypercourt Express 3 Tennis Shoes - Blanc De Blanc/Rose Gold,£99.99,£125.00,Tennis Shoes,2026-10-07 16:40:09,Tennis Nuts,https://www.tennisnuts.com/shop/tennis/shoes-socks/k-swiss-womens-hypercourt-express-3-tennis-shoes-blanc-de-blanc-rose-gold-1767550.html,K-Swiss,9afc5019b778
Mens Jet Tere 2 Sand Grass Court Tennis Shoes - Blue,£69.99,£100.00,Tennis Shoes,2026-10-07 16:40:09,Tennis Nuts,https://www.tennisnuts.com/shop/tennis/shoes-socks/babolat-mens-jet-tere-2-sand-grass-court-tennis-shoes-blue-1667772.html,Babolat,2733bbd4260f
Womens Ultrashot Light Tennis Shoes - White/Purple Haze/Neon Lavender,£49.99,£85.00,Tennis Shoes,2026-10-07 16:40:09,Tennis Nuts,https://www.tennisnuts.com/shop/tennis/shoes-socks/k-swiss-womens-ultrashot-light-tennis-shoes-white-purple-haze-neon-lavender-1758032.html,K-Swiss,a0b7044c3c43
Kids Barricade Tennis Shoes - Cloud White/Core Black/Lucid Red,£47.99,£60.00,Tennis Shoes,2026-10-07 16:40:09,Tennis Nuts,https://www.tennisnuts.com/shop/tennis/shoes-socks/adidas-kids-barricade-tennis-shoes-cloud-white-core-black-lucid-red-1749650.html,Adidas,1f5fe949e5e7
Mens Propulse Fury 3 All Court Tennis Shoes - Black/Illusion Blue,£99.99,£130.00,Tennis Shoes,2026-10-07 16:40:09,Tennis Nuts,https://www.tennisnuts.com/shop/tennis/shoes-socks/babolat-mens-propulse-fury-3-all-court-tennis-shoes-black-illusion-blue-1755339.html,Babolat,997e06896752
Mens Gamecourt 2 Tennis Shoes - Cloud White/Core Black/Silver Metallic,£47.99,£60.00,Tennis Shoes,2026-10-07 16:40:09,Tennis Nuts,https://www.tennisnuts.com/shop/tennis/shoes-socks/adidas-mens-gamecourt-2-tennis-shoes-cloud-white-core-black-silver-metallic-1750076.html,Adidas,32f0099a07e9
Mens GEL-Challenger 15 Tennis Shoes - White/Gunmetal,£89.24,£105.00,Tennis Shoes,2026-10-07 16:40:09,Tennis Nuts,https://www.tennisnuts.com/shop/tennis/shoes-socks/asics-mens-gel-challenger-15-tennis-shoes-white-gunmetal-1755658.html,ASICS,3eb5d843a3aa
Womens Gamecourt 2 Tennis Shoes - Cloud White/Silver Metallic/Cloud White,£47.99,£60.00,Tennis Shoes,2026-10-07 16:40:09,Tennis Nuts,https://www.tennisnuts.com/shop/tennis/shoes-socks/adidas-womens-gamecourt-2-tennis-shoes-cloud-white-silver-metallic-cloud-white-1750077.html,Adidas,243684b4f4d0
Kids Gel-Game GS Tennis Shoes - White/Idependence Blue,£54.99,£65.00,Tennis Shoes,2026-10-07 16:40:09,Tennis Nuts,https://www.tennisnuts.com/shop/tennis/shoes-socks/asics-kids-gel-game-gs-tennis-shoes-white-idependence-blue-1766160.html,ASICS,936084ee120d
Mens Courtflash Speed 2 Clay Tennis Shoes - Lucid Red / Zero Metalic / Cloud White,£39.99,£70.00,Tennis Shoes,2026-10-07 16:40:09,Tennis Nuts,https://www.tennisnuts.com/shop/tennis/shoes-socks/adidas-mens-courtflash-speed-2-clay-tennis-shoes-lucid-red-zero-metalic-cloud-1685553.html,Adidas,c4ea8328e13f
Womens Jet Tere 2 All Court Tennis Shoes - Blue Tint,£79.99,£100.00,Tennis Shoes,2026-10-07 16:40:09,Tennis Nuts,https://www.tennisnuts.com/shop/tennis/shoes-socks/babolat-womens-jet-tere-2-all-court-tennis-shoes-blue-tint-1763168.html,Babolat,109fdf8819a1
Girls Propulse 3 Junior All Court Tennis Shoes - Blue,£42.39,£53.00,Tennis Shoes,2026-10-07 16:40:09,Tennis Nuts,https://www.tennisnuts.com/shop/tennis/shoes-socks/babolat-girls-propulse-3-junior-all-court-tennis-shoes-blue-1755347.html,Babolat,81d1012ff739
Mens Game Court 2 Omni Court Tennis Shoes - Cloud White/Core Black/Grey Two,£47.99,£60.00,Tennis Shoes,2026-10-07 16:40:09,Tennis Nuts,https://www.tennisnuts.com/shop/tennis/shoes-socks/adidas-mens-game-court-2-omni-court-tennis-shoes-cloud-white-core-black-grey-two-1757995.html,Adidas,bb7c321c0b02
Mens SFX Evo All Court Wimbledon Tennis Shoes - White/Black,£75.99,£95.00,Tennis Shoes,2026-10-07 16:40:09,Tennis Nuts,https://www.tennisnuts.com/shop/tennis/shoes-socks/babolat-mens-sfx-evo-all-court-wimbledon-tennis-shoes-white-black-1764895.html,Babolat,28b9fb9eaa96
Mens Game Court 2 Tennis Shoes - Cloud White/Lucid Red/Core Black,£47.99,£60.00,Tennis Shoes,2026-10-07 16:40:09,Tennis Nuts,https://www.tennisnuts.com/shop/tennis/shoes-socks/adidas-mens-game-court-2-tennis-shoes-cloud-white-lucid-red-core-black-1682818.html,Adidas,7f5af2629d89
Womens Hypercourt Express 3 Tennis Shoes - White/Purple Haze/Lunar Rock,£79.99,£125.00,Tennis Shoes,2026-10-07 16:40:09,Tennis Nuts,https://www.tennisnuts.com/shop/tennis/shoes-socks/k-swiss-womens-hypercourt-express-3-tennis-shoes-white-purple-haze-lunar-rock-1758031.html,K-Swiss,7b8a23a9685c
Womens SFX 4 Tennis All Court Shoes - White/Silver,£69.94,£110.00,Tennis Shoes,2026-10-07 16:40:09,Tennis Nuts,https://www.tennisnuts.com/shop/tennis/shoes-socks/babolat-womens-sfx-4-tennis-all-court-shoes-white-silver-1687161.html,Babolat,75afe5d642f1
Womens Sprint Team 4.0 Tennis Shoes - Chalk White/Light Grey,£71.99,£90.00,Tennis Shoes,2026-10-07 16:40:09,Tennis Nuts,https://www.tennisnuts.com/shop/tennis/shoes-socks/head-womens-sprint-team-4-0-tennis-shoes-chalk-white-light-grey-1760422.html,HEAD,2c2279856340
Kids Gel-Game GS Tennis Shoes - Cream/Bright Rose,£39.99,£65.00,Tennis Shoes,2026-10-07 16:40:09,Tennis Nuts,https://www.tennisnuts.com/shop/tennis/shoes-socks/asics-kids-gel-game-gs-tennis-shoes-cream-bright-rose-1706970.html,ASICS,2d8029ee6e43
Boys Propulse 3 Junior All Court Tennis Shoes - Blue/Black,£42.39,£53.00,Tennis Shoes,2026-10-07 16:40:09,Tennis Nuts,https://www.tennisnuts.com/shop/tennis/shoes-socks/babolat-boys-propulse-3-junior-all-court-tennis-shoes-blue-black-1755340.html,Babolat,e9cda027682d
Mens Lumio 4 Tennis Shoes - Black/Lime Green,£39.99,£60.00,Tennis Shoes,2026-10-07 16:40:09,Tennis Nuts,https://www.tennisnuts.com/shop/tennis/shoes-socks/yonex-mens-lumio-4-tennis-shoes-black-lime-green-1652008.html,Yonex,4b0aa9985c4e
Womens CourtJam Control 3 Tennis Shoes - Cloud White / Silver Metallic / Lucid Pink,£63.94,£80.00,Tennis Shoes,2026-10-07 16:40:09,Tennis Nuts,https://www.tennisnuts.com/shop/tennis/shoes-socks/adidas-womens-courtjam-control-3-tennis-shoes-cloud-white-silver-metallic-lucid-1707024.html,Adidas,d14488324cdf
Mens Endure Pro BOA All Court Tennis Shoes - Dark Blue/Navy,£119.99,£185.00,Tennis Shoes,2026-10-07 16:40:09,Tennis Nuts,https://www.tennisnuts.com/shop/tennis/shoes-socks/head-mens-endure-pro-boa-all-court-tennis-shoes-dark-blue-navy-1760210.html,HEAD,59687b1fd0df
Kids Sprint Pro 4.0 Tennis Shoes - Red/Dark Red,£48.49,£65.00,Tennis Shoes,2026-10-07 16:40:09,Tennis Nuts,https://www.tennisnuts.com/shop/tennis/shoes-socks/head-kids-sprint-pro-4-0-tennis-shoes-red-dark-red-1760496.html,HEAD,b57286cdc0dc
Mens SFX Evo All Court Tennis Shoes - Illusion Blue/Black,£67.99,£85.00,Tennis Shoes,2026-10-07 16:40:09,Tennis Nuts,https://www.tennisnuts.com/shop/tennis/shoes-socks/babolat-mens-sfx-evo-all-court-tennis-shoes-illusion-blue-black-1755344.html,Babolat,ffd9a642a5c2
Mens Endure Pro All Court Tennis Shoes - Dark Blue/Navy,£119.99,£185.00,Tennis Shoes,2026-10-07 16:40:09,Tennis Nuts,https://www.tennisnuts.com/shop/tennis/shoes-socks/head-mens-endure-pro-all-court-tennis-shoes-dark-blue-navy-1760222.html,HEAD,b648b7d8f39f
Mens Ubersonic 5 Tennis Shoes - Lucid Pink/Silver Metalic/Core Black,£69.99,£130.00,Tennis Shoes,2026-10-07 16:40:09,Tennis Nuts,https://www.tennisnuts.com/shop/tennis/shoes-socks/adidas-mens-ubersonic-5-tennis-shoes-lucid-pink-silver-metalic-core-black-1745786.html,Adidas,ad171990bd1e
Kids Sprint Court 4.0 Tennis Shoes - White/Black,£39.99,£50.00,Tennis Shoes,2026-10-07 16:40:09,Tennis Nuts,https://www.tennisnuts.com/shop/tennis/shoes-socks/head-kids-sprint-court-4-0-tennis-shoes-white-black-1760498.html,HEAD,be0b3b7220b0
Mens Solution Speed FF 4 Tennis Shoes - Illuminate Mint/Night Sky,£109.99,£140.00,Tennis Shoes,2026-10-07 16:40:09,Tennis Nuts,https://www.tennisnuts.com/shop/tennis/shoes-socks/asics-mens-solution-speed-ff-4-tennis-shoes-illuminate-mint-night-sky-1765279.html,ASICS,e0fba18757a2
Mens Receiver V Omni Tennis Shoes - White/Navy,£79.99,£100.00,Tennis Shoes,2026-10-07 16:40:09,Tennis Nuts,https://www.tennisnuts.com/shop/tennis/shoes-socks/k-swiss-mens-receiver-v-omni-tennis-shoes-white-navy-1554348.html,K-Swiss,348747f22150
Kids Propulse Junior All Court Wimbledon Tennis Shoes - White/Red,£36.99,£53.00,Tennis Shoes,2026-10-07 16:40:09,Tennis Nuts,https://www.tennisnuts.com/babolat-kids-propulse-junior-all-court-wimbledon-tennis-shoes-white-red-1773131.html,Babolat,6fbf4abd64dd
Mens SFX 4 All Court Tennis Shoes - White/Blue,£69.94,£110.00,Tennis Shoes,2026-10-07 16:40:09,Tennis Nuts,https://www.tennisnuts.com/shop/tennis/shoes-socks/babolat-mens-sfx-4-all-court-tennis-shoes-white-blue-1686913.html,Babolat,251d8cda056f
Womens Defiant Speed 2 Tennis Shoes - White/Orange,£79.99,£100.00,Tennis Shoes,2026-10-07 16:40:09,Tennis Nuts,https://www.tennisnuts.com/shop/tennis/shoes-socks/adidas-womens-defiant-speed-2-tennis-shoes-white-orange-1754083.html,Adidas,fd3721c7d0c5
Mens Revolt Court Tennis Shoes - White/ Pine Green,£39.99,£70.00,Tennis Shoes,2026-10-07 16:40:09,Tennis Nuts,https://www.tennisnuts.com/shop/tennis/shoes-socks/head-mens-revolt-court-tennis-shoes-white-pine-green-1694518.html,HEAD,fdb7c744589c
Kids Court Express 2 Tennis Shoes - White/Stargazer,£47.99,£60.00,Tennis Shoes,2026-10-07 16:40:09,Tennis Nuts,https://www.tennisnuts.com/shop/tennis/shoes-socks/k-swiss-kids-court-express-2-tennis-shoes-white-stargazer-1731465.html,K-Swiss,5faa2999d5f3
Womens GEL-Challenger 15 Tennis Shoes - White/Pure Silver,£79.99,£105.00,Tennis Shoes,2026-10-07 16:40:09,Tennis Nuts,https://www.tennisnuts.com/shop/tennis/shoes-socks/asics-womens-gel-challenger-15-tennis-shoes-white-pure-silver-1755089.html,ASICS,33da990ce53a
Womens Barricade 13 Tennis Shoes - Cloud White / Ash Pearl / Lucid Pink,£69.99,£130.00,Tennis Shoes,2026-10-07 16:40:09,Tennis Nuts,https://www.tennisnuts.com/shop/tennis/shoes-socks/adidas-womens-barricade-13-tennis-shoes-cloud-white-ash-pearl-lucid-pink-1706804.html,Adidas,6c58966bd485
Womens Gamecourt 2 Tennis Shoes - Core White/Lucid Pink,£47.99,£60.00,Tennis Shoes,2026-10-07 16:40:09,Tennis Nuts,https://www.tennisnuts.com/shop/tennis/shoes-socks/adidas-womens-gamecourt-2-tennis-shoes-core-white-lucid-pink-1707055.html,Adidas,ec5b51b716e3
Ubersonic Kids Tennis Shoes - Dark Blue/Ftwr White/Core Black,£29.99,£40.00,Tennis Shoes,2026-10-07 16:40:09,Tennis Nuts,https://www.tennisnuts.com/shop/tennis/shoes-socks/adidas-ubersonic-kids-tennis-shoes-dark-blue-ftwr-white-core-black-1762786.html,Adidas,ce8f10140ea2
Mens Hypercourt Supreme 2 Tennis Shoes - White/Dazzling Blue/Baltic Sea,£89.99,£150.00,Tennis Shoes,2026-10-07 16:40:09,Tennis Nuts,https://www.tennisnuts.com/shop/tennis/shoes-socks/k-swiss-mens-hypercourt-supreme-2-tennis-shoes-white-dazzling-blue-baltic-sea-1758027.html,K-Swiss,c4c5c534ed4e
Mens SFX 4 All Court Tennis Shoes - Black/Illusion Blue,£87.99,£110.00,Tennis Shoes,2026-10-07 16:40:09,Tennis Nuts,https://www.tennisnuts.com/shop/tennis/shoes-socks/babolat-mens-sfx-4-all-court-tennis-shoes-black-illusion-blue-1755333.html,Babolat,8af229c78f12
Womens Barricade 14 Tennis Shoes - Cloud White/Cyber Metallic/Dark Blue,£94.99,£140.00,Tennis Shoes,2026-10-07 16:40:09,Tennis Nuts,https://www.tennisnuts.com/shop/tennis/shoes-socks/adidas-womens-barricade-14-tennis-shoes-cloud-white-cyber-metallic-dark-blue-1762836.html,Adidas,b990bdb991f2
Womens AvaFlash Tennis Shoes - Cloud White / Silver Metallic / Flash Aqua,£62.49,£80.00,Tennis Shoes,2026-10-07 16:40:09,Tennis Nuts,https://www.tennisnuts.com/shop/tennis/shoes-socks/adidas-womens-avaflash-tennis-shoes-cloud-white-silver-metallic-flash-aqua-1727629.html,Adidas,389c5848ba1b
Boys Propulse 3 Junior All Court Tennis Shoes - Black/Aero,£42.39,£53.00,Tennis Shoes,2026-10-07 16:40:09,Tennis Nuts,https://www.tennisnuts.com/shop/tennis/shoes-socks/babolat-boys-propulse-3-junior-all-court-tennis-shoes-black-aero-1757136.html,Babolat,2419beb5ea77
Kids Court Express Tennis Shoes - White/Stargazer/Neon Blaze,£47.49,£60.00,Tennis Shoes,2026-10-07 16:40:09,Tennis Nuts,https://www.tennisnuts.com/shop/tennis/shoes-socks/k-swiss-kids-court-express-tennis-shoes-white-stargazer-neon-blaze-1725311.html,K-Swiss,8e2bec99cf6e
Mens Eclipsion 5 Tennis Shoes - Ruby Red,£79.99,£130.00,Tennis Shoes,2026-10-07 16:40:09,Tennis Nuts,https://www.tennisnuts.com/shop/tennis/shoes-socks/yonex-mens-eclipsion-5-tennis-shoes-ruby-red-1757160.html,Yonex,949a2e28acb6
Mens SFX 4 Clay Tennis Shoes - Black/Illusion Blue,£87.99,£110.00,Tennis Shoes,2026-10-07 16:40:09,Tennis Nuts,https://www.tennisnuts.com/shop/tennis/shoes-socks/babolat-mens-sfx-4-clay-tennis-shoes-black-illusion-blue-1764595.html,Babolat,7dd9bfed896d
Kids Gel-Resolution X Tennis Shoes - Soft Oat/Dark Aubergine,£64.99,£80.00,Tennis Shoes,2026-10-07 16:40:09,Tennis Nuts,https://www.tennisnuts.com/shop/tennis/shoes-socks/asics-kids-gel-resolution-x-tennis-shoes-soft-oat-dark-aubergine-1767777.html,ASICS,b81e6aed8fe8
Mens Ultrashot Light Tennis Shoes- White / Dazzling Blue / Baltic Sea,£49.99,£85.00,Tennis Shoes,2026-10-07 16:40:09,Tennis Nuts,https://www.tennisnuts.com/shop/tennis/shoes-socks/k-swiss-mens-ultrashot-light-tennis-shoes-white-dazzling-blue-baltic-sea-1758025.html,K-Swiss,edf44980d1a1
Mens Propulse Blast All Court Wimbledon Tennis Shoes - White/Green,£69.99,£100.00,Tennis Shoes,2026-10-07 16:40:09,Tennis Nuts,https://www.tennisnuts.com/babolat-mens-propulse-blast-all-court-wimbledon-tennis-shoes-white-green-1673398.html,Babolat,c34925d2550a
Womens GEL-Resolution X Tennis Shoes - White/Pure Silver,£118.99,£140.00,Tennis Shoes,2026-10-07 16:40:09,Tennis Nuts,https://www.tennisnuts.com/shop/tennis/shoes-socks/asics-womens-gel-resolution-x-tennis-shoes-white-pure-silver-1745777.html,ASICS,58757215c497
Mens Express Light 3 Tennis Shoes - White/Dazzling Blue/Black,£79.99,£100.00,Tennis Shoes,2026-10-07 16:40:09,Tennis Nuts,https://www.tennisnuts.com/shop/tennis/shoes-socks/k-swiss-mens-express-light-3-tennis-shoes-white-dazzling-blue-black-1758026.html,K-Swiss,3b9d17b0c9f0
Mens Mirage 600 III Tennis Shoes - Blue,£39.99,£65.00,Tennis Shoes,2026-10-07 16:40:09,Tennis Nuts,https://www.tennisnuts.com/shop/tennis/shoes-socks/lotto-mens-mirage-600-iii-tennis-shoes-blue-1663188.html,Lotto,9bec1ae35be2
Mens Revolt Pro 5.0 All Court Tennis Shoes - White/Navy,£89.99,£135.00,Tennis Shoes,2026-10-07 16:40:09,Tennis Nuts,https://www.tennisnuts.com/shop/tennis/shoes-socks/head-mens-revolt-pro-5-0-all-court-tennis-shoes-white-navy-1760225.html,HEAD,4b37fb5487d1
Kids Propulse Tennis Shoes -White/Lavender,£34.99,£58.00,Tennis Shoes,2026-10-07 16:40:09,Tennis Nuts,https://www.tennisnuts.com/shop/tennis/shoes-socks/babolat-kids-propulse-tennis-shoes-white-lavender-1631462.html,Babolat,6ffe73bc9077
Mens Express Light 3 Carpet Tennis Shoes - Blanc/Navel Academy,£69.99,£100.00,Tennis Shoes,2026-10-07 16:40:09,Tennis Nuts,https://www.tennisnuts.com/shop/tennis/shoes-socks/k-swiss-mens-express-light-3-carpet-tennis-shoes-blanc-navel-academy-1748106.html,K-Swiss,98680ae8d492
Mens Revolt Evo 5.0 All Court Tennis Shoes - White/Black,£69.99,£110.00,Tennis Shoes,2026-10-07 16:40:09,Tennis Nuts,https://www.tennisnuts.com/shop/tennis/shoes-socks/head-mens-revolt-evo-5-0-all-court-tennis-shoes-white-black-1760226.html,HEAD,e912acdad2ce
Ubersonic Kids Tennis Shoes - Off White/Silver Metallic/Powder Plum,£29.99,£40.00,Tennis Shoes,2026-10-07 16:40:09,Tennis Nuts,https://www.tennisnuts.com/shop/tennis/shoes-socks/adidas-ubersonic-kids-tennis-shoes-off-white-silver-metallic-powder-plum-1706819.html,Adidas,599d3eb550be
Mens Revolt Court 5.0 Tennis Shoes - Black / White,£48.99,£70.00,Tennis Shoes,2026-10-07 16:40:09,Tennis Nuts,https://www.tennisnuts.com/shop/tennis/shoes-socks/head-mens-revolt-court-5-0-tennis-shoes-black-white-1760409.html,HEAD,7b9c9edbaa76
Kids Sprint Strap 4.0 Tennis Shoes - White/Black,£37.99,£45.00,Tennis Shoes,2026-10-07 16:40:09,Tennis Nuts,https://www.tennisnuts.com/shop/tennis/shoes-socks/head-kids-sprint-strap-4-0-tennis-shoes-white-black-1760503.html,HEAD,455b73dcc79f
Kids Gel-Resolution X Tennis Shoes - Bright Rose/Cream,£59.99,£80.00,Tennis Shoes,2026-10-07 16:40:09,Tennis Nuts,https://www.tennisnuts.com/shop/tennis/shoes-socks/asics-kids-gel-resolution-x-tennis-shoes-bright-rose-cream-1706968.html,ASICS,1acba163b6cd
Womens Court FF 3 Tennis Shoes - Morganite/White,£89.99,£170.00,Tennis Shoes,2026-10-07 16:40:09,Tennis Nuts,https://www.tennisnuts.com/shop/tennis/shoes-socks/asics-womens-court-ff-3-tennis-shoes-morganite-white-1757129.html,ASICS,e713eec2c10a
Kids Gel-Game GS Tennis Shoes - Black/White,£51.99,£65.00,Tennis Shoes,2026-10-07 16:40:09,Tennis Nuts,https://www.tennisnuts.com/shop/tennis/shoes-socks/asics-kids-gel-game-gs-tennis-shoes-black-white-1706969.html,ASICS,71e653685202
Mens Solution Swift FF2 Tennis Shoes - White/Digital Sakura,£69.99,£105.00,Tennis Shoes,2026-10-07 16:40:09,Tennis Nuts,https://www.tennisnuts.com/shop/tennis/shoes-socks/asics-mens-solution-swift-ff2-tennis-shoes-white-digital-sakura-1755614.html,ASICS,8325148605c4
Mens Monterosso Casual Tennis Shoes - White/Blue,£34.99,£65.00,Tennis Shoes,2026-10-07 16:40:09,Tennis Nuts,https://www.tennisnuts.com/shop/tennis/shoes-socks/fila-mens-monterosso-casual-tennis-shoes-white-blue-1564435.html,Fila,e9f6b83873c4
Mens Courtflash Speed Tennis Shoes - Core Black/Cloud White,£39.99,£70.00,Tennis Shoes,2026-10-07 16:40:09,Tennis Nuts,https://www.tennisnuts.com/shop/tennis/shoes-socks/adidas-mens-courtflash-speed-tennis-shoes-core-black-cloud-white-1659338.html,Adidas,4526df7c4c19
Womens Revolt Court 5.0 Tennis Shoes - White/Denim,£54.99,£70.00,Tennis Shoes,2026-10-07 16:40:09,Tennis Nuts,https://www.tennisnuts.com/shop/tennis/shoes-socks/head-womens-revolt-court-5-0-tennis-shoes-white-denim-1760423.html,HEAD,7aef2563153e
Kids Barricade Tennis Shoes - Cloud White / Core Black / Off White,£29.99,£50.00,Tennis Shoes,2026-10-07 16:40:09,Tennis Nuts,https://www.tennisnuts.com/shop/tennis/shoes-socks/adidas-kids-barricade-tennis-shoes-cloud-white-core-black-off-white-1672685.html,Adidas,8d5f0ce9324c
Mens Adizero Cybersonic 2 Tennis Shoes - Lucid Red / Zero Metalic / Aurora Ruby,£79.99,£160.00,Tennis Shoes,2026-10-07 16:40:09,Tennis Nuts,https://www.tennisnuts.com/shop/tennis/shoes-socks/adidas-mens-adizero-cybersonic-2-tennis-shoes-lucid-red-zero-metalic-aurora-ruby-1685533.html,Adidas,a68c58a12f87
Girls Propulse 3 Junior All Court Tennis Shoes - White/Red,£29.99,£53.00,Tennis Shoes,2026-10-07 16:40:09,Tennis Nuts,https://www.tennisnuts.com/shop/tennis/shoes-socks/babolat-girls-propulse-3-junior-all-court-tennis-shoes-white-red-1687168.html,Babolat,eadda3bb9530
Womens Hypercourt Express 2 Tennis Shoes - White/Neon Pastel Pink/Black,£69.99,£125.00,Tennis Shoes,2026-10-07 16:40:09,Tennis Nuts,https://www.tennisnuts.com/shop/tennis/shoes-socks/k-swiss-womens-hypercourt-express-2-tennis-shoes-white-neon-pastel-pink-black-1725313.html,K-Swiss,1e4c8216459b
Womens Court Express 2 Carpet Tennis Shoes - White/Neon Mint/Black,£48.99,£70.00,Tennis Shoes,2026-10-07 16:40:09,Tennis Nuts,https://www.tennisnuts.com/shop/tennis/shoes-socks/k-swiss-womens-court-express-2-carpet-tennis-shoes-white-neon-mint-black-1731544.html,K-Swiss,1882aa845eba
Kids Court Express Omni Tennis Shoes - Navy Blue/Red,£29.99,£60.00,Tennis Shoes,2026-10-07 16:40:09,Tennis Nuts,https://www.tennisnuts.com/shop/tennis/shoes-socks/k-swiss-kids-court-express-omni-tennis-shoes-navy-blue-red-1630535.html,K-Swiss,873d5db082e3
Kids Pulsion Velcro Tennis Shoes - Oatmeal,£27.99,£40.00,Tennis Shoes,2026-10-07 16:40:09,Tennis Nuts,https://www.tennisnuts.com/shop/tennis/shoes-socks/babolat-kids-pulsion-velcro-tennis-shoes-oatmeal-1653643.html,Babolat,79a4d67eed36
Womens Barricade 13 Tennis Shoes - Cloud White / Champagne Met / Lucid Red,£69.99,£130.00,Tennis Shoes,2026-10-07 16:40:09,Tennis Nuts,https://www.tennisnuts.com/shop/tennis/shoes-socks/adidas-womens-barricade-13-tennis-shoes-cloud-white-champagne-met-lucid-red-1685545.html,Adidas,aee9b1598994
Mens Jet Tere 2 All Court Tennis Shoes - Black/White,£69.99,£100.00,Tennis Shoes,2026-10-07 16:40:09,Tennis Nuts,https://www.tennisnuts.com/shop/tennis/shoes-socks/babolat-mens-jet-tere-2-all-court-tennis-shoes-black-white-1687170.html,Babolat,6722496f85bd
Womens Jet Tere 2 All Court Tennis Shoes - Terra Cotta,£49.99,£100.00,Tennis Shoes,2026-10-07 16:40:09,Tennis Nuts,https://www.tennisnuts.com/shop/tennis/shoes-socks/babolat-womens-jet-tere-2-all-court-tennis-shoes-terra-cotta-1726969.html,Babolat,e9fe723dbae8
Womens GEL-Challenger 15 Tennis Shoes - Morganite/ Piedmont Grey,£59.99,£105.00,Tennis Shoes,2026-10-07 16:40:09,Tennis Nuts,https://www.tennisnuts.com/shop/tennis/shoes-socks/asics-womens-gel-challenger-15-tennis-shoes-morganite-piedmont-grey-1756276.html,ASICS,cac0bae11052
Womens SFX 4 Tennis All Court Shoes - Peach/Blue,£69.99,£110.00,Tennis Shoes,2026-10-07 16:40:09,Tennis Nuts,https://www.tennisnuts.com/shop/tennis/shoes-socks/babolat-womens-sfx-4-tennis-all-court-shoes-peach-blue-1763167.html,Babolat,d115423a2cd4
Womens Defiant Speed 2 Tennis Shoes - White/Pink,£59.99,£100.00,Tennis Shoes,2026-10-07 16:40:09,Tennis Nuts,https://www.tennisnuts.com/shop/tennis/shoes-socks/adidas-womens-defiant-speed-2-tennis-shoes-white-pink-1706812.html,Adidas,fcd6419925d9
Womens Solution Swift FF 2 Tennis Shoes - Bright Rose / Dark Cobalt,£49.99,£105.00,Tennis Shoes,2026-10-07 16:40:09,Tennis Nuts,https://www.tennisnuts.com/shop/tennis/shoes-socks/asics-womens-solution-swift-ff-2-tennis-shoes-bright-rose-dark-cobalt-1707071.html,ASICS,aea64d8219f0
Kids Gel-Dedicate 8 Tennis Shoes - Black/Tuna Blue,£43.99,£55.00,Tennis Shoes,2026-10-07 16:40:09,Tennis Nuts,https://www.tennisnuts.com/shop/tennis/shoes-socks/asics-kids-gel-dedicate-8-tennis-shoes-black-tuna-blue-1655209.html,ASICS,2f4c7d165cb2
Mens Courtjam Control 3 Tennis Shoes - Cloud White/Core Black/Lucid Red,£44.99,£80.00,Tennis Shoes,2026-10-07 16:40:09,Tennis Nuts,https://www.tennisnuts.com/shop/tennis/shoes-socks/adidas-mens-courtjam-control-3-tennis-shoes-cloud-white-core-black-lucid-red-1682806.html,Adidas,af5466f498a7
Mens GEL-Resolution X Tennis Shoes - White,£114.99,£140.00,Tennis Shoes,2026-10-07 16:40:09,Tennis Nuts,https://www.tennisnuts.com/shop/tennis/shoes-socks/asics-mens-gel-resolution-x-tennis-shoes-white-1685554.html,ASICS,d6c0fd739516
Mens Solution Swift FF2 Tennis Shoes - White/Orange,£79.99,£105.00,Tennis Shoes,2026-10-07 16:40:09,Tennis Nuts,https://www.tennisnuts.com/shop/tennis/shoes-socks/asics-mens-solution-swift-ff2-tennis-shoes-white-orange-1693304.html,ASICS,b32f5fa3eea9
Womens GEL-Challenger 15 Tennis Shoes - Cream/Bright Rose,£59.99,£105.00,Tennis Shoes,2026-10-07 16:40:09,Tennis Nuts,https://www.tennisnuts.com/shop/tennis/shoes-socks/asics-womens-gel-challenger-15-tennis-shoes-cream-bright-rose-1707212.html,ASICS,9c8c9e24788d
Mens Court FF 3 Tennis Shoes - White/Digital Sakura,£117.99,£170.00,Tennis Shoes,2026-10-07 16:40:09,Tennis Nuts,https://www.tennisnuts.com/shop/tennis/shoes-socks/asics-mens-court-ff-3-tennis-shoes-white-digital-sakura-1756986.html,ASICS,2b3115e7282f
Kids Sprint Strap 4.0 Tennis Shoes - Blueberry/Teal,£37.99,£45.00,Tennis Shoes,2026-10-07 16:40:09,Tennis Nuts,https://www.tennisnuts.com/shop/tennis/shoes-socks/head-kids-sprint-strap-4-0-tennis-shoes-blueberry-teal-1760499.html,HEAD,f31042789591
Mens Courtjam Control 3 Tennis Shoes - Cloud White/Core Black,£59.99,£80.00,Tennis Shoes,2026-10-07 16:40:09,Tennis Nuts,https://www.tennisnuts.com/shop/tennis/shoes-socks/adidas-mens-courtjam-control-3-tennis-shoes-cloud-white-core-black-1655419.html,Adidas,9efa23fe710d
Mens Hypercourt Express 2 Tennis Shoes - White/infinity/Scarlet,£79.99,£125.00,Tennis Shoes,2026-10-07 16:40:09,Tennis Nuts,https://www.tennisnuts.com/shop/tennis/shoes-socks/k-swiss-mens-hypercourt-express-2-tennis-shoes-white-infinity-scarlet-1694456.html,K-Swiss,d6c58b7bcf4f
Mens GEL-Challenger 15 Tennis Shoes - White/Linchen Rock,£83.99,£105.00,Tennis Shoes,2026-10-07 16:40:09,Tennis Nuts,https://www.tennisnuts.com/shop/tennis/shoes-socks/asics-mens-gel-challenger-15-tennis-shoes-white-linchen-rock-1722611.html,ASICS,eb8db73585b7
Mens Barricade 13 Leather Tennis Shoes - White/Green,£79.99,£130.00,Tennis Shoes,2026-10-07 16:40:09,Tennis Nuts,https://www.tennisnuts.com/shop/tennis/shoes-socks/adidas-mens-barricade-13-leather-tennis-shoes-white-green-1727625.html,Adidas,721652d96a70
Womens Barricade 13 Tennis Shoes - Cloud White / Core Black/ Grey,£69.99,£130.00,Tennis Shoes,2026-10-07 16:40:09,Tennis Nuts,https://www.tennisnuts.com/shop/tennis/shoes-socks/adidas-womens-barricade-13-tennis-shoes-cloud-white-core-black-grey-1749382.html,Adidas,2182566def0c
Womens Solution Speed FF4 Tennis Shoes - White/Morganite,£79.99,£140.00,Tennis Shoes,2026-10-07 16:40:09,Tennis Nuts,https://www.tennisnuts.com/shop/tennis/shoes-socks/asics-womens-solution-speed-ff4-tennis-shoes-white-morganite-1756991.html,ASICS,b0dbd3e83c47
Boys Propulse 3 Junior All Court Tennis Shoes - Black/Blue,£42.39,£53.00,Tennis Shoes,2026-10-07 16:40:09,Tennis Nuts,https://www.tennisnuts.com/shop/tennis/shoes-socks/babolat-boys-propulse-3-junior-all-court-tennis-shoes-black-blue-1724545.html,Babolat,e69ba93462c6
Mens Ubersonic 5 Tennis Shoes - Core Black/Zero Metallic/Grey Two,£79.99,£130.00,Tennis Shoes,2026-10-07 16:40:09,Tennis Nuts,https://www.tennisnuts.com/shop/tennis/shoes-socks/adidas-mens-ubersonic-5-tennis-shoes-core-black-zero-metallic-grey-two-1749638.html,Adidas,106309c7b770
Mens Defiant Speed 2 Tennis Shoes - Cloud White/Core Black/Lucid Orange,£69.99,£100.00,Tennis Shoes,2026-10-07 16:40:09,Tennis Nuts,https://www.tennisnuts.com/shop/tennis/shoes-socks/adidas-mens-defiant-speed-2-tennis-shoes-cloud-white-core-black-lucid-orange-1754785.html,Adidas,66a9ade5fba1
Womens SFX Evo Tennis All Court Shoes - White/Forever Blue,£63.74,£85.00,Tennis Shoes,2026-10-07 16:40:09,Tennis Nuts,https://www.tennisnuts.com/shop/tennis/shoes-socks/babolat-womens-sfx-evo-tennis-all-court-shoes-white-forever-blue-1755338.html,Babolat,5db00b597d3a
Mens Court Express 2 Tennis Shoes - White/Dazzling Blue,£54.99,£70.00,Tennis Shoes,2026-10-07 16:40:09,Tennis Nuts,https://www.tennisnuts.com/shop/tennis/shoes-socks/k-swiss-mens-court-express-2-tennis-shoes-white-dazzling-blue-1758013.html,K-Swiss,60ac24222974
Womens Revolt Pro 5.0 Tennis Shoes - Light Blue/Dark Blue,£79.99,£135.00,Tennis Shoes,2026-10-07 16:40:09,Tennis Nuts,https://www.tennisnuts.com/shop/tennis/shoes-socks/head-womens-revolt-pro-5-0-tennis-shoes-light-blue-dark-blue-1760413.html,HEAD,e570325d5bac
Kids Court Express Omni - Black/Orange,£24.99,£45.00,Tennis Shoes,2026-10-07 16:40:09,Tennis Nuts,https://www.tennisnuts.com/shop/tennis/shoes-socks/k-swiss-kids-court-express-omni-black-orange-1558591.html,K-Swiss,0bf3312eeb30
Womens Express Light 3 Tennis Shoes - Blue,£59.99,£100.00,Tennis Shoes,2026-10-07 16:40:09,Tennis Nuts,https://www.tennisnuts.com/shop/tennis/shoes-socks/k-swiss-womens-express-light-3-tennis-shoes-blue-1671263.html,K-Swiss,3858087d8aa5
Womens Revolt Court Tennis Shoes - White/Grey,£39.99,£70.00,Tennis Shoes,2026-10-07 16:40:09,Tennis Nuts,https://www.tennisnuts.com/shop/tennis/shoes-socks/head-womens-revolt-court-tennis-shoes-white-grey-1694526.html,HEAD,2f9d5811e8d6
Mens Court Express 2 Tennis Shoes - Black / White/ Soft Neon Green,£49.99,£75.00,Tennis Shoes,2026-10-07 16:40:09,Tennis Nuts,https://www.tennisnuts.com/shop/tennis/shoes-socks/k-swiss-mens-court-express-2-tennis-shoes-black-white-soft-neon-green-1725306.html,K-Swiss,2a9d4a1e3258
Mens Hypercourt Pinnacle Tennis Shoes- White / Dazzling Blue / Baltic Sea,£99.99,£165.00,Tennis Shoes,2026-10-07 16:40:09,Tennis Nuts,https://www.tennisnuts.com/shop/tennis/shoes-socks/k-swiss-mens-hypercourt-pinnacle-tennis-shoes-white-dazzling-blue-baltic-sea-1758021.html,K-Swiss,c4ffdffd131e
Womens CourtJam Control 3 Tennis Shoes - Cloud White/Crystal White/Silver Metallic,£59.99,£80.00,Tennis Shoes,2026-10-07 16:40:09,Tennis Nuts,https://www.tennisnuts.com/shop/tennis/shoes-socks/adidas-womens-courtjam-control-3-tennis-shoes-cloud-white-crystal-white-silver-1762843.html,Adidas,b782cd278705
Womens GEL-Dedicate 8 Tennis Shoes - Pearl Pink/Sun Coral,£54.99,£65.00,Tennis Shoes,2026-10-07 16:40:09,Tennis Nuts,https://www.tennisnuts.com/shop/tennis/shoes-socks/asics-womens-gel-dedicate-8-tennis-shoes-pearl-pink-sun-coral-1651449.html,ASICS,0dc59cfe371b
Kids Gamespec Tennis Shoes - White,£24.99,£33.00,Tennis Shoes,2026-10-07 16:40:09,Tennis Nuts,https://www.tennisnuts.com/shop/tennis/shoes-socks/adidas-kids-gamespec-tennis-shoes-white-1682856.html,Adidas,db8784ce3078
Mens Revolt Pro 4.5 All Court Tennis Shoes - Dark Blue/ Red,£67.49,£135.00,Tennis Shoes,2026-10-07 16:40:09,Tennis Nuts,https://www.tennisnuts.com/shop/tennis/shoes-socks/head-mens-revolt-pro-4-5-all-court-tennis-shoes-dark-blue-red-1694538.html,HEAD,e92cdcd930af
Mens Jet Mach 3 Wimbledon Grass Court Tennis Shoes 2025 - White,£79.99,£135.00,Tennis Shoes,2026-10-07 16:40:09,Tennis Nuts,https://www.tennisnuts.com/shop/tennis/shoes-socks/babolat-mens-jet-mach-3-wimbledon-grass-court-tennis-shoes-2025-white-1666066.html,Babolat,076f4098fd4f
Womens Barricade 14 Tennis Shoes - Frozen Purple/Cloud White/Aurora Ink,£111.99,£140.00,Tennis Shoes,2026-10-07 16:40:09,Tennis Nuts,https://www.tennisnuts.com/shop/tennis/shoes-socks/adidas-womens-barricade-14-tennis-shoes-frozen-purple-cloud-white-aurora-ink-1767133.html,Adidas,74fad6e0ab9c
Mens Courtjam Control 3 Tennis Shoes - Dark Blue/Cloud White/Dark Blue,£64.99,£80.00,Tennis Shoes,2026-10-07 16:40:09,Tennis Nuts,https://www.tennisnuts.com/shop/tennis/shoes-socks/adidas-mens-courtjam-control-3-tennis-shoes-dark-blue-cloud-white-dark-blue-1769220.html,Adidas,98aed182aa71
Mens Jet Mach 4 Clay Court Tennis Shoes - Black/Aero,£109.99,£140.00,Tennis Shoes,2026-10-07 16:40:09,Tennis Nuts,https://www.tennisnuts.com/shop/tennis/shoes-socks/babolat-mens-jet-mach-4-clay-court-tennis-shoes-black-aero-1766459.html,Babolat,09103f81fdcb
Kids Courtflash Tennis Shoes - Dark Blue/Cloud White/Bright Blue,£29.99,£38.00,Tennis Shoes,2026-10-07 16:40:09,Tennis Nuts,https://www.tennisnuts.com/shop/tennis/shoes-socks/adidas-kids-courtflash-tennis-shoes-dark-blue-cloud-white-bright-blue-1766127.html,Adidas,086ff0a1112b
Womens Eclipsion 5 Tennis Shoes - Ruby Red,£69.99,£130.00,Tennis Shoes,2026-10-07 16:40:09,Tennis Nuts,https://www.tennisnuts.com/shop/tennis/shoes-socks/yonex-womens-eclipsion-5-tennis-shoes-ruby-red-1757162.html,Yonex,5c11f0554205
Womens Defier RS Tennis Shoes - White/Pink,£93.74,£125.00,Tennis Shoes,2026-10-07 16:40:09,Tennis Nuts,https://www.tennisnuts.com/shop/tennis/shoes-socks/k-swiss-womens-defier-rs-tennis-shoes-white-pink-1541415.html,K-Swiss,f1072e3e7f48
Womens Revolt Pro 4.5 Tennis Shoes - White/Aqua,£79.99,£135.00,Tennis Shoes,2026-10-07 16:40:09,Tennis Nuts,https://www.tennisnuts.com/shop/tennis/shoes-socks/head-womens-revolt-pro-4-5-tennis-shoes-white-aqua-1661862.html,HEAD,68b3853e9bf9
Womens SFX 4 Tennis All Court Shoes - Terra Cotta,£59.99,£110.00,Tennis Shoes,2026-10-07 16:40:09,Tennis Nuts,https://www.tennisnuts.com/shop/tennis/shoes-socks/babolat-womens-sfx-4-tennis-all-court-shoes-terra-cotta-1727060.html,Babolat,2fe7aac15c6f
Womens Barricade 14 Tennis Shoes - Flash Aqua/SIlver Metallic/Blush Pink,£79.99,£140.00,Tennis Shoes,2026-10-07 16:40:09,Tennis Nuts,https://www.tennisnuts.com/shop/tennis/shoes-socks/adidas-womens-barricade-14-tennis-shoes-flash-aqua-silver-metallic-blush-pink-1757993.html,Adidas,dce0ef05dcb3
Mens GEL-Dedicate 9 Clay Tennis Shoes - Midnight/Oatmeal,£51.99,£65.00,Tennis Shoes,2026-10-07 16:40:09,Tennis Nuts,https://www.tennisnuts.com/shop/tennis/shoes-socks/asics-mens-gel-dedicate-9-clay-tennis-shoes-midnight-oatmeal-1771197.html,ASICS,50adc107490c
Womens Court Express 2 Tennis Shoes - White/Purple Haze/Neon Lavender,£52.49,£70.00,Tennis Shoes,2026-10-07 16:40:09,Tennis Nuts,https://www.tennisnuts.com/shop/tennis/shoes-socks/k-swiss-womens-court-express-2-tennis-shoes-white-purple-haze-neon-lavender-1758029.html,K-Swiss,7f39728836d7
Mens GEL-Challenger 15 Tennis Shoes - White/Digital Sakura,£59.99,£105.00,Tennis Shoes,2026-10-07 16:40:09,Tennis Nuts,https://www.tennisnuts.com/shop/tennis/shoes-socks/asics-mens-gel-challenger-15-tennis-shoes-white-digital-sakura-1755506.html,ASICS,deaff4f490f7
Womens GEL-Dedicate 8 Tennis Shoes - Pink/White,£51.99,£65.00,Tennis Shoes,2026-10-07 16:40:09,Tennis Nuts,https://www.tennisnuts.com/shop/tennis/shoes-socks/asics-womens-gel-dedicate-8-tennis-shoes-pink-white-1755610.html,ASICS,d0a35e69ec46
Kids Gel-Resolution X Tennis Shoes - Sky/Grey Blue,£54.99,£80.00,Tennis Shoes,2026-10-07 16:40:09,Tennis Nuts,https://www.tennisnuts.com/shop/tennis/shoes-socks/asics-kids-gel-resolution-x-tennis-shoes-sky-grey-blue-1761089.html,ASICS,3bf89645c147
Mens Defiant Speed 2 Tennis Shoes - Core Black/Core Black/Lucid Orange,£69.99,£100.00,Tennis Shoes,2026-10-07 16:40:09,Tennis Nuts,https://www.tennisnuts.com/shop/tennis/shoes-socks/adidas-mens-defiant-speed-2-tennis-shoes-core-black-core-black-lucid-orange-1755079.html,Adidas,478db7351fae
Womens Express Light 3 Tennis Shoes - White/Purple Haze/Neon Lavender,£59.99,£100.00,Tennis Shoes,2026-10-07 16:40:09,Tennis Nuts,https://www.tennisnuts.com/shop/tennis/shoes-socks/k-swiss-womens-express-light-3-tennis-shoes-white-purple-haze-neon-lavender-1758033.html,K-Swiss,a426b47a5313
Kids Gel-Resolution X Tennis Shoes - Grey Blue/Pistachio,£49.99,£80.00,Tennis Shoes,2026-10-07 16:40:09,Tennis Nuts,https://www.tennisnuts.com/shop/tennis/shoes-socks/asics-kids-gel-resolution-x-tennis-shoes-grey-blue-pistachio-1755616.html,ASICS,4c572280a089
Mens Hypercourt Express 3 Tennis Shoes - Dazzling Blue/Black/White,£79.99,£125.00,Tennis Shoes,2026-10-07 16:40:09,Tennis Nuts,https://www.tennisnuts.com/shop/tennis/shoes-socks/k-swiss-mens-hypercourt-express-3-tennis-shoes-dazzling-blue-black-white-1758023.html,K-Swiss,1929c504caf1
